District_ID,Date,Year,Month,Avg_rainfall
9,2021-11-13 00:00:00,2021,11,8.908350305
9,2021-11-14 00:00:00,2021,11,10.19368448
9,2021-11-22 00:00:00,2021,11,8.801283487
9,2021-12-02 00:00:00,2021,12,0.0
9,2021-12-04 00:00:00,2021,12,0.0
9,2021-12-08 00:00:00,2021,12,0.082333551
9,2021-12-11 00:00:00,2021,12,0.384491365
9,2021-12-18 00:00:00,2021,12,0.0
9,2021-12-19 00:00:00,2021,12,0.0
9,2021-12-21 00:00:00,2021,12,0.0
9,2021-12-24 00:00:00,2021,12,0.0
9,2021-12-26 00:00:00,2021,12,0.0
8,2021-01-03 00:00:00,2021,1,0.075996454
8,2021-01-04 00:00:00,2021,1,0.0
8,2021-01-05 00:00:00,2021,1,2.701022795
8,2021-01-10 00:00:00,2021,1,0.24040186
8,2021-01-18 00:00:00,2021,1,0.0
8,2021-01-22 00:00:00,2021,1,0.0
8,2021-01-23 00:00:00,2021,1,0.0
8,2021-01-25 00:00:00,2021,1,0.0
8,2021-02-11 00:00:00,2021,2,0.0
8,2021-02-15 00:00:00,2021,2,0.0
8,2021-02-24 00:00:00,2021,2,0.0
8,2021-03-05 00:00:00,2021,3,0.0
8,2021-03-06 00:00:00,2021,3,0.0
8,2021-03-08 00:00:00,2021,3,0.0
8,2021-03-14 00:00:00,2021,3,0.0
8,2021-03-27 00:00:00,2021,3,0.0
8,2021-04-02 00:00:00,2021,4,0.0
8,2021-04-07 00:00:00,2021,4,0.0
8,2021-04-08 00:00:00,2021,4,0.0
8,2021-04-10 00:00:00,2021,4,0.0
8,2021-04-25 00:00:00,2021,4,4.22e-05
8,2021-04-26 00:00:00,2021,4,0.0
8,2021-04-27 00:00:00,2021,4,0.0
8,2021-05-14 00:00:00,2021,5,0.0
8,2021-06-13 00:00:00,2021,6,0.077766379
8,2021-06-20 00:00:00,2021,6,0.477237752
8,2021-07-04 00:00:00,2021,7,4.07244373
8,2021-07-05 00:00:00,2021,7,1.318436956
8,2021-07-07 00:00:00,2021,7,0.52208224
8,2021-07-11 00:00:00,2021,7,3.635286222
8,2021-07-15 00:00:00,2021,7,22.75673405
8,2021-07-17 00:00:00,2021,7,19.31291211
8,2021-07-18 00:00:00,2021,7,1.754195104
8,2021-07-21 00:00:00,2021,7,6.881530177
8,2021-07-22 00:00:00,2021,7,5.879813806
8,2021-08-01 00:00:00,2021,8,0.244827937
8,2021-08-06 00:00:00,2021,8,1.594134397
8,2021-08-10 00:00:00,2021,8,11.95835495
8,2021-08-11 00:00:00,2021,8,5.328114432
8,2021-08-12 00:00:00,2021,8,0.06693117
8,2021-08-19 00:00:00,2021,8,1.024266451
8,2021-08-20 00:00:00,2021,8,0.092501683
8,2021-08-24 00:00:00,2021,8,0.23911167
8,2021-09-01 00:00:00,2021,9,1.26003458
8,2021-09-03 00:00:00,2021,9,18.79170189
8,2021-09-06 00:00:00,2021,9,2.948369315
8,2021-09-08 00:00:00,2021,9,0.0
8,2021-09-09 00:00:00,2021,9,0.0
8,2021-09-10 00:00:00,2021,9,0.0
8,2021-09-12 00:00:00,2021,9,1.538345062
8,2021-09-14 00:00:00,2021,9,0.041769224
8,2021-09-23 00:00:00,2021,9,0.498056643
8,2021-09-28 00:00:00,2021,9,0.0
8,2021-10-03 00:00:00,2021,10,2.889336587
8,2021-10-09 00:00:00,2021,10,2.433366512
8,2021-10-11 00:00:00,2021,10,10.18750184
8,2021-10-19 00:00:00,2021,10,0.0
8,2021-10-26 00:00:00,2021,10,0.0
8,2021-10-28 00:00:00,2021,10,0.0
8,2021-10-29 00:00:00,2021,10,7.561364588
8,2021-11-09 00:00:00,2021,11,1.339385049
8,2021-11-10 00:00:00,2021,11,6.243728095
8,2021-11-11 00:00:00,2021,11,56.44459367
8,2021-11-17 00:00:00,2021,11,13.50640445
8,2021-11-28 00:00:00,2021,11,55.16741911
8,2021-12-03 00:00:00,2021,12,0.0
8,2021-12-08 00:00:00,2021,12,0.087810312
8,2021-12-10 00:00:00,2021,12,16.29053304
8,2021-12-11 00:00:00,2021,12,3.520084941
8,2021-12-13 00:00:00,2021,12,2.937495901
8,2021-12-17 00:00:00,2021,12,0.0
8,2021-12-19 00:00:00,2021,12,0.0
8,2021-12-25 00:00:00,2021,12,0.0
8,2021-12-27 00:00:00,2021,12,0.0
8,2021-12-29 00:00:00,2021,12,1.500996205
8,2021-01-21 00:00:00,2021,1,0.0
8,2021-04-01 00:00:00,2021,4,0.0
8,2021-04-06 00:00:00,2021,4,0.0
10,2021-01-04 00:00:00,2021,1,0.0
10,2021-01-05 00:00:00,2021,1,0.0
10,2021-01-09 00:00:00,2021,1,0.0
10,2021-01-17 00:00:00,2021,1,0.0
10,2021-01-20 00:00:00,2021,1,0.0
10,2021-01-29 00:00:00,2021,1,0.0
10,2021-02-05 00:00:00,2021,2,0.0
10,2021-02-07 00:00:00,2021,2,0.0
10,2021-02-12 00:00:00,2021,2,0.0
10,2021-02-20 00:00:00,2021,2,0.0
10,2021-02-22 00:00:00,2021,2,0.0
10,2021-02-23 00:00:00,2021,2,0.0
10,2021-03-03 00:00:00,2021,3,0.0
10,2021-03-05 00:00:00,2021,3,0.0
10,2021-03-07 00:00:00,2021,3,0.0
10,2021-03-10 00:00:00,2021,3,0.0
10,2021-03-13 00:00:00,2021,3,0.0
10,2021-03-15 00:00:00,2021,3,0.0
10,2021-03-16 00:00:00,2021,3,0.0
10,2021-03-21 00:00:00,2021,3,0.0
10,2021-03-25 00:00:00,2021,3,0.0
10,2021-04-01 00:00:00,2021,4,0.0
10,2021-04-02 00:00:00,2021,4,0.0
10,2021-04-10 00:00:00,2021,4,1.769537094
10,2021-04-12 00:00:00,2021,4,0.0
10,2021-04-17 00:00:00,2021,4,0.289128557
10,2021-04-24 00:00:00,2021,4,2.358087747
10,2021-04-25 00:00:00,2021,4,0.0
10,2021-04-27 00:00:00,2021,4,0.0
10,2021-04-28 00:00:00,2021,4,0.495662478
10,2021-05-04 00:00:00,2021,5,2.804321306
10,2021-05-07 00:00:00,2021,5,0.0
10,2021-05-11 00:00:00,2021,5,1.294648582
10,2021-05-14 00:00:00,2021,5,6.102225163
10,2021-05-20 00:00:00,2021,5,0.0
10,2021-05-27 00:00:00,2021,5,0.0
10,2021-06-02 00:00:00,2021,6,0.0
10,2021-06-03 00:00:00,2021,6,20.45679409
10,2021-06-21 00:00:00,2021,6,0.0
10,2021-07-05 00:00:00,2021,7,7.756145261
10,2021-07-15 00:00:00,2021,7,15.83276246
10,2021-07-16 00:00:00,2021,7,2.384371735
10,2021-07-17 00:00:00,2021,7,0.074214137
10,2021-07-19 00:00:00,2021,7,1.207431069
10,2021-07-21 00:00:00,2021,7,23.26099016
10,2021-07-23 00:00:00,2021,7,0.72914866
10,2021-07-14 00:00:00,2021,7,29.47142507
10,2021-07-26 00:00:00,2021,7,0.069197644
10,2021-07-31 00:00:00,2021,7,0.05614392
10,2021-08-01 00:00:00,2021,8,0.029218386
10,2021-08-06 00:00:00,2021,8,0.437338784
10,2021-08-14 00:00:00,2021,8,1.514684533
10,2021-08-19 00:00:00,2021,8,1.891319355
10,2021-08-26 00:00:00,2021,8,13.47933987
10,2021-08-30 00:00:00,2021,8,17.50033925
10,2021-08-31 00:00:00,2021,8,12.93780273
10,2021-09-02 00:00:00,2021,9,0.24981024
10,2021-09-04 00:00:00,2021,9,0.919733927
10,2021-09-16 00:00:00,2021,9,0.683585836
10,2021-09-23 00:00:00,2021,9,0.75915504
10,2021-10-02 00:00:00,2021,10,0.311461325
10,2021-10-06 00:00:00,2021,10,1.591948009
10,2021-10-13 00:00:00,2021,10,0.048590475
10,2021-10-14 00:00:00,2021,10,0.0
10,2021-10-18 00:00:00,2021,10,0.053531827
10,2021-10-19 00:00:00,2021,10,6.925643776
10,2021-10-30 00:00:00,2021,10,10.69430096
10,2021-11-05 00:00:00,2021,11,0.051531767
10,2021-11-08 00:00:00,2021,11,0.0
10,2021-11-15 00:00:00,2021,11,1.945240076
10,2021-11-17 00:00:00,2021,11,0.479616974
10,2021-11-23 00:00:00,2021,11,5.895483953
10,2021-11-24 00:00:00,2021,11,0.249872179
10,2021-11-29 00:00:00,2021,11,0.0
10,2021-12-07 00:00:00,2021,12,0.006491386
10,2021-12-11 00:00:00,2021,12,0.0
10,2021-12-13 00:00:00,2021,12,0.0
10,2021-12-21 00:00:00,2021,12,0.0
11,2021-01-09 00:00:00,2021,1,0.0
11,2021-01-16 00:00:00,2021,1,0.0
11,2021-01-18 00:00:00,2021,1,0.0
11,2021-01-19 00:00:00,2021,1,0.0
11,2021-01-20 00:00:00,2021,1,0.0
11,2021-01-22 00:00:00,2021,1,0.0
11,2021-01-28 00:00:00,2021,1,0.0
11,2021-01-30 00:00:00,2021,1,0.0
11,2021-01-31 00:00:00,2021,1,0.074872709
11,2021-02-03 00:00:00,2021,2,0.0
11,2021-02-04 00:00:00,2021,2,0.0
11,2021-02-13 00:00:00,2021,2,0.0
11,2021-02-18 00:00:00,2021,2,0.0
11,2021-02-20 00:00:00,2021,2,0.0
11,2021-03-16 00:00:00,2021,3,0.0
11,2021-03-20 00:00:00,2021,3,0.0
11,2021-03-21 00:00:00,2021,3,0.517466815
11,2021-03-23 00:00:00,2021,3,0.004413488
11,2021-04-13 00:00:00,2021,4,4.098639809
11,2021-04-21 00:00:00,2021,4,0.716364664
11,2021-05-11 00:00:00,2021,5,1.401040376
11,2021-05-15 00:00:00,2021,5,8.886558369
11,2021-05-18 00:00:00,2021,5,0.115682118
11,2021-05-30 00:00:00,2021,5,4.550515294
11,2021-06-05 00:00:00,2021,6,1.240111209
11,2021-06-09 00:00:00,2021,6,3.818540237
11,2021-06-11 00:00:00,2021,6,1.428647282
11,2021-06-22 00:00:00,2021,6,0.0
11,2021-06-29 00:00:00,2021,6,0.002212429
11,2021-07-02 00:00:00,2021,7,0.398562581
11,2021-07-14 00:00:00,2021,7,7.34740931
11,2021-08-02 00:00:00,2021,8,0.068164576
11,2021-08-04 00:00:00,2021,8,0.235997401
11,2021-08-05 00:00:00,2021,8,0.224182261
11,2021-08-06 00:00:00,2021,8,1.051872825
11,2021-08-15 00:00:00,2021,8,21.76584153
11,2021-08-16 00:00:00,2021,8,22.38410949
11,2021-08-22 00:00:00,2021,8,4.710434454
11,2021-08-31 00:00:00,2021,8,11.91990079
11,2021-09-01 00:00:00,2021,9,10.22109424
11,2021-09-05 00:00:00,2021,9,10.39146051
11,2021-09-08 00:00:00,2021,9,17.8605685
11,2021-09-11 00:00:00,2021,9,12.88936137
11,2021-09-24 00:00:00,2021,9,6.929004395
11,2021-09-27 00:00:00,2021,9,130.1252858
11,2021-10-04 00:00:00,2021,10,0.113901351
11,2021-10-13 00:00:00,2021,10,0.601504447
11,2021-10-25 00:00:00,2021,10,0.002246535
11,2021-10-26 00:00:00,2021,10,0.0
11,2021-11-01 00:00:00,2021,11,0.30403312
11,2021-11-06 00:00:00,2021,11,0.005910304
11,2021-11-10 00:00:00,2021,11,0.027389817
11,2021-11-14 00:00:00,2021,11,8.423053271
11,2021-11-26 00:00:00,2021,11,0.119867438
11,2021-11-27 00:00:00,2021,11,0.0
11,2021-11-30 00:00:00,2021,11,0.0
11,2021-12-02 00:00:00,2021,12,0.0
11,2021-12-06 00:00:00,2021,12,0.560430377
11,2021-12-07 00:00:00,2021,12,0.013348844
11,2021-12-08 00:00:00,2021,12,0.0
11,2021-12-13 00:00:00,2021,12,0.013348844
11,2021-12-19 00:00:00,2021,12,0.0
11,2021-12-27 00:00:00,2021,12,0.0
11,2021-12-30 00:00:00,2021,12,0.848479956
11,2021-04-10 00:00:00,2021,4,1.371084509
11,2021-05-26 00:00:00,2021,5,0.002091858
12,2021-01-04 00:00:00,2021,1,0.0
12,2021-01-12 00:00:00,2021,1,0.0
12,2021-01-15 00:00:00,2021,1,0.0
12,2021-01-17 00:00:00,2021,1,0.0
12,2021-01-21 00:00:00,2021,1,0.0
12,2021-01-22 00:00:00,2021,1,0.0
12,2021-01-24 00:00:00,2021,1,0.0
12,2021-01-25 00:00:00,2021,1,0.0
12,2021-02-02 00:00:00,2021,2,0.0
12,2021-02-16 00:00:00,2021,2,0.0
12,2021-02-17 00:00:00,2021,2,0.0
12,2021-02-25 00:00:00,2021,2,0.0
12,2021-03-02 00:00:00,2021,3,0.0
12,2021-03-05 00:00:00,2021,3,0.0
12,2021-03-08 00:00:00,2021,3,0.0
12,2021-03-09 00:00:00,2021,3,0.0
12,2021-03-10 00:00:00,2021,3,0.0
12,2021-03-16 00:00:00,2021,3,0.0
12,2021-03-28 00:00:00,2021,3,0.202839063
12,2021-03-30 00:00:00,2021,3,0.0
12,2021-04-15 00:00:00,2021,4,7.601880473
12,2021-04-23 00:00:00,2021,4,0.041768104
12,2021-04-27 00:00:00,2021,4,0.0
12,2021-05-01 00:00:00,2021,5,1.049904745
12,2021-05-03 00:00:00,2021,5,1.291612261
12,2021-05-07 00:00:00,2021,5,0.0
12,2021-05-10 00:00:00,2021,5,0.573631128
12,2021-05-18 00:00:00,2021,5,0.0
12,2021-05-21 00:00:00,2021,5,0.0
12,2021-05-22 00:00:00,2021,5,10.30322357
12,2021-05-27 00:00:00,2021,5,0.0
12,2021-06-04 00:00:00,2021,6,6.731727692
12,2021-06-05 00:00:00,2021,6,0.0
12,2021-06-09 00:00:00,2021,6,4.662368838
12,2021-06-20 00:00:00,2021,6,0.0
12,2021-06-22 00:00:00,2021,6,0.120812651
12,2021-06-27 00:00:00,2021,6,0.972562674
12,2021-07-01 00:00:00,2021,7,6.595516116
12,2021-07-04 00:00:00,2021,7,3.47036515
12,2021-07-07 00:00:00,2021,7,11.23392743
12,2021-07-08 00:00:00,2021,7,13.95956009
12,2021-07-18 00:00:00,2021,7,0.093592357
12,2021-07-19 00:00:00,2021,7,0.429565559
12,2021-07-20 00:00:00,2021,7,3.92126616
12,2021-07-30 00:00:00,2021,7,3.231864001
12,2021-08-12 00:00:00,2021,8,9.071815555
12,2021-08-13 00:00:00,2021,8,26.54679083
12,2021-08-20 00:00:00,2021,8,2.295828954
12,2021-09-03 00:00:00,2021,9,1.297351164
12,2021-09-04 00:00:00,2021,9,6.719747521
12,2021-09-10 00:00:00,2021,9,12.54320351
12,2021-09-11 00:00:00,2021,9,21.43482937
12,2021-09-12 00:00:00,2021,9,1.819175835
4,2021-11-14 00:00:00,2021,11,15.03821617
4,2021-11-29 00:00:00,2021,11,9.105995092
4,2021-12-01 00:00:00,2021,12,0.0
4,2021-12-02 00:00:00,2021,12,0.0
4,2021-12-04 00:00:00,2021,12,0.0
4,2021-12-07 00:00:00,2021,12,0.004913238
4,2021-12-10 00:00:00,2021,12,0.806659198
4,2021-12-12 00:00:00,2021,12,0.0
4,2021-12-13 00:00:00,2021,12,0.0
4,2021-12-22 00:00:00,2021,12,0.0
4,2021-12-24 00:00:00,2021,12,0.0
4,2021-12-28 00:00:00,2021,12,0.0
4,2021-12-30 00:00:00,2021,12,0.26038093
6,2021-01-04 00:00:00,2021,1,0.0
6,2021-01-08 00:00:00,2021,1,0.0
6,2021-01-14 00:00:00,2021,1,0.0
6,2021-01-15 00:00:00,2021,1,0.0
6,2021-01-17 00:00:00,2021,1,0.0
6,2021-01-21 00:00:00,2021,1,0.0
6,2021-01-22 00:00:00,2021,1,0.0
6,2021-01-30 00:00:00,2021,1,0.0
6,2021-02-01 00:00:00,2021,2,0.0
6,2021-02-02 00:00:00,2021,2,0.0
6,2021-02-06 00:00:00,2021,2,0.0
6,2021-02-09 00:00:00,2021,2,0.0
6,2021-02-12 00:00:00,2021,2,0.0
6,2021-02-17 00:00:00,2021,2,0.0
6,2021-03-02 00:00:00,2021,3,0.0
6,2021-03-03 00:00:00,2021,3,0.0
6,2021-03-08 00:00:00,2021,3,0.0
6,2021-03-12 00:00:00,2021,3,0.0
6,2021-03-15 00:00:00,2021,3,0.0
6,2021-03-17 00:00:00,2021,3,0.0
6,2021-03-18 00:00:00,2021,3,0.0
6,2021-03-28 00:00:00,2021,3,0.013518516
6,2021-03-31 00:00:00,2021,3,0.0
6,2021-04-03 00:00:00,2021,4,0.0
6,2021-04-07 00:00:00,2021,4,0.0
6,2021-04-10 00:00:00,2021,4,0.0
6,2021-04-15 00:00:00,2021,4,13.95653456
6,2021-04-23 00:00:00,2021,4,0.12975661
6,2021-04-29 00:00:00,2021,4,0.0
6,2021-05-03 00:00:00,2021,5,0.000547256
6,2021-05-13 00:00:00,2021,5,0.0
6,2021-05-16 00:00:00,2021,5,2.189040387
6,2021-05-22 00:00:00,2021,5,22.42334713
6,2021-05-23 00:00:00,2021,5,6.785235317
6,2021-06-01 00:00:00,2021,6,0.0
6,2021-06-02 00:00:00,2021,6,0.0
6,2021-06-04 00:00:00,2021,6,7.887389698
6,2021-06-05 00:00:00,2021,6,0.760756745
6,2021-06-10 00:00:00,2021,6,1.679373812
6,2021-06-11 00:00:00,2021,6,9.653052511
6,2021-06-13 00:00:00,2021,6,11.77772153
6,2021-06-17 00:00:00,2021,6,0.010360836
6,2021-06-22 00:00:00,2021,6,0.258327276
6,2021-06-26 00:00:00,2021,6,0.954326613
6,2021-06-30 00:00:00,2021,6,7.797888557
6,2021-07-05 00:00:00,2021,7,5.396011354
6,2021-07-07 00:00:00,2021,7,0.123994401
6,2021-07-13 00:00:00,2021,7,17.01696771
6,2021-07-22 00:00:00,2021,7,59.51046044
6,2021-07-26 00:00:00,2021,7,13.11569541
6,2021-07-27 00:00:00,2021,7,0.363149025
6,2021-08-09 00:00:00,2021,8,12.96848888
6,2021-08-10 00:00:00,2021,8,0.840259117
6,2021-08-13 00:00:00,2021,8,13.13973986
6,2021-08-18 00:00:00,2021,8,3.624461032
6,2021-08-23 00:00:00,2021,8,0.021551079
6,2021-08-26 00:00:00,2021,8,17.05137337
6,2021-09-05 00:00:00,2021,9,9.776294356
6,2021-09-09 00:00:00,2021,9,1.371296352
6,2021-09-17 00:00:00,2021,9,0.0
6,2021-09-21 00:00:00,2021,9,11.79275217
6,2021-09-22 00:00:00,2021,9,4.304602634
6,2021-10-02 00:00:00,2021,10,4.182435287
6,2021-10-07 00:00:00,2021,10,7.878209606
6,2021-10-21 00:00:00,2021,10,0.0
6,2021-10-27 00:00:00,2021,10,0.0
6,2021-11-01 00:00:00,2021,11,4.253120606
6,2021-11-11 00:00:00,2021,11,3.407117784
6,2021-11-13 00:00:00,2021,11,13.43812674
6,2021-11-14 00:00:00,2021,11,5.775814102
6,2021-11-24 00:00:00,2021,11,5.578099229
6,2021-12-03 00:00:00,2021,12,0.0
6,2021-12-12 00:00:00,2021,12,0.0
6,2021-12-13 00:00:00,2021,12,0.0
6,2021-12-14 00:00:00,2021,12,0.0
6,2021-12-21 00:00:00,2021,12,0.0
6,2021-12-26 00:00:00,2021,12,0.0
6,2021-12-28 00:00:00,2021,12,0.0
7,2021-01-03 00:00:00,2021,1,0.0
7,2021-01-05 00:00:00,2021,1,0.0
7,2021-01-06 00:00:00,2021,1,0.092656195
7,2021-01-16 00:00:00,2021,1,0.0
7,2021-01-19 00:00:00,2021,1,0.0
7,2021-01-22 00:00:00,2021,1,0.0
7,2021-01-24 00:00:00,2021,1,0.0
7,2021-02-12 00:00:00,2021,2,0.0
7,2021-02-13 00:00:00,2021,2,0.0
7,2021-02-16 00:00:00,2021,2,0.0
7,2021-02-21 00:00:00,2021,2,1.432339182
7,2021-02-24 00:00:00,2021,2,0.0
7,2021-03-01 00:00:00,2021,3,0.0
7,2021-03-03 00:00:00,2021,3,0.0
7,2021-03-07 00:00:00,2021,3,0.0
7,2021-03-12 00:00:00,2021,3,0.0
7,2021-03-23 00:00:00,2021,3,0.0
7,2021-03-24 00:00:00,2021,3,0.0
7,2021-03-31 00:00:00,2021,3,0.0
7,2021-04-02 00:00:00,2021,4,0.0
7,2021-04-04 00:00:00,2021,4,0.0
7,2021-04-05 00:00:00,2021,4,0.01407931
7,2021-04-08 00:00:00,2021,4,0.0
7,2021-04-09 00:00:00,2021,4,0.0
7,2021-04-23 00:00:00,2021,4,0.712291723
7,2021-04-26 00:00:00,2021,4,0.0
7,2021-05-02 00:00:00,2021,5,0.056576653
7,2021-05-03 00:00:00,2021,5,0.0
7,2021-05-04 00:00:00,2021,5,6.15e-05
7,2021-05-07 00:00:00,2021,5,0.0
7,2021-05-11 00:00:00,2021,5,0.131289204
7,2021-05-13 00:00:00,2021,5,0.213228608
7,2021-05-17 00:00:00,2021,5,0.639316766
7,2021-05-18 00:00:00,2021,5,3.759792895
7,2021-05-20 00:00:00,2021,5,11.30282244
7,2021-05-31 00:00:00,2021,5,0.081870955
7,2021-06-03 00:00:00,2021,6,26.10204087
7,2021-06-05 00:00:00,2021,6,5.652178038
7,2021-06-10 00:00:00,2021,6,1.442574381
7,2021-06-16 00:00:00,2021,6,0.00281235
7,2021-06-17 00:00:00,2021,6,0.710942971
7,2021-06-21 00:00:00,2021,6,0.0
7,2021-06-23 00:00:00,2021,6,0.052107547
7,2021-07-03 00:00:00,2021,7,1.289058065
7,2021-07-06 00:00:00,2021,7,6.214346303
7,2021-07-11 00:00:00,2021,7,0.077670901
7,2021-07-16 00:00:00,2021,7,6.891231784
7,2021-07-17 00:00:00,2021,7,5.31207695
7,2021-07-23 00:00:00,2021,7,8.004678064
7,2021-08-03 00:00:00,2021,8,1.815380758
7,2021-08-09 00:00:00,2021,8,0.1135604
7,2021-08-11 00:00:00,2021,8,0.010008013
7,2021-08-15 00:00:00,2021,8,0.167813679
7,2021-08-17 00:00:00,2021,8,0.987647448
7,2021-08-20 00:00:00,2021,8,0.430705326
7,2021-08-24 00:00:00,2021,8,8.871720029
7,2021-08-29 00:00:00,2021,8,3.973909701
7,2021-09-01 00:00:00,2021,9,11.31372781
7,2021-09-05 00:00:00,2021,9,4.267969715
7,2021-09-06 00:00:00,2021,9,6.99937115
7,2021-09-09 00:00:00,2021,9,0.000311881
7,2021-09-12 00:00:00,2021,9,0.844999303
7,2021-09-16 00:00:00,2021,9,0.0
7,2021-09-19 00:00:00,2021,9,0.024868258
7,2021-09-20 00:00:00,2021,9,0.001527847
7,2021-10-28 00:00:00,2021,10,0.0
7,2021-11-03 00:00:00,2021,11,5.709952896
7,2021-11-04 00:00:00,2021,11,7.454651284
7,2021-11-06 00:00:00,2021,11,0.077207755
7,2021-11-10 00:00:00,2021,11,0.0
7,2021-11-13 00:00:00,2021,11,8.018354694
7,2021-11-19 00:00:00,2021,11,27.54435859
7,2021-11-23 00:00:00,2021,11,1.374836433
7,2021-12-01 00:00:00,2021,12,0.179280489
7,2021-12-22 00:00:00,2021,12,0.0
7,2021-12-23 00:00:00,2021,12,0.0
9,2021-01-05 00:00:00,2021,1,0.0
9,2021-01-09 00:00:00,2021,1,0.140447132
9,2021-01-12 00:00:00,2021,1,0.0
9,2021-01-17 00:00:00,2021,1,0.0
9,2021-01-20 00:00:00,2021,1,0.0
9,2021-01-22 00:00:00,2021,1,0.0
9,2021-02-23 00:00:00,2021,2,0.0
9,2021-02-26 00:00:00,2021,2,0.0
9,2021-02-27 00:00:00,2021,2,0.0
9,2021-03-09 00:00:00,2021,3,0.0
9,2021-03-11 00:00:00,2021,3,0.0
9,2021-03-19 00:00:00,2021,3,0.0
9,2021-03-24 00:00:00,2021,3,0.0
9,2021-03-27 00:00:00,2021,3,0.0
9,2021-04-07 00:00:00,2021,4,0.0
9,2021-04-13 00:00:00,2021,4,0.0
9,2021-04-17 00:00:00,2021,4,0.52297814
9,2021-04-20 00:00:00,2021,4,0.821725673
9,2021-04-23 00:00:00,2021,4,0.95154425
9,2021-04-30 00:00:00,2021,4,0.134828471
9,2021-05-01 00:00:00,2021,5,0.0
9,2021-05-04 00:00:00,2021,5,0.261514142
9,2021-05-14 00:00:00,2021,5,0.282177462
9,2021-05-16 00:00:00,2021,5,2.865066846
9,2021-05-20 00:00:00,2021,5,3.255896358
9,2021-05-21 00:00:00,2021,5,13.56654015
9,2021-05-26 00:00:00,2021,5,0.003862117
9,2021-05-28 00:00:00,2021,5,0.0
9,2021-06-01 00:00:00,2021,6,0.120669343
9,2021-06-05 00:00:00,2021,6,4.25557969
9,2021-06-07 00:00:00,2021,6,0.127322529
9,2021-06-08 00:00:00,2021,6,1.137664357
9,2021-06-09 00:00:00,2021,6,0.0
9,2021-06-10 00:00:00,2021,6,1.145621699
9,2021-06-12 00:00:00,2021,6,0.157348367
9,2021-06-17 00:00:00,2021,6,1.346482344
9,2021-06-27 00:00:00,2021,6,9.412394961
9,2021-07-03 00:00:00,2021,7,3.35841792
9,2021-07-06 00:00:00,2021,7,10.70592097
9,2021-07-12 00:00:00,2021,7,0.367168283
9,2021-07-21 00:00:00,2021,7,3.534791263
9,2021-07-22 00:00:00,2021,7,16.18947845
9,2021-08-02 00:00:00,2021,8,0.0
9,2021-08-05 00:00:00,2021,8,0.646238914
9,2021-08-14 00:00:00,2021,8,5.28891803
9,2021-08-16 00:00:00,2021,8,7.472694583
9,2021-08-19 00:00:00,2021,8,0.679071871
9,2021-08-20 00:00:00,2021,8,0.360474115
9,2021-08-28 00:00:00,2021,8,10.19014461
9,2021-09-01 00:00:00,2021,9,4.790417627
9,2021-09-04 00:00:00,2021,9,3.597189424
9,2021-09-10 00:00:00,2021,9,0.184314535
9,2021-09-11 00:00:00,2021,9,0.48570688
9,2021-09-18 00:00:00,2021,9,0.138112589
9,2021-09-20 00:00:00,2021,9,6.937785764
9,2021-09-29 00:00:00,2021,9,2.950771877
9,2021-10-01 00:00:00,2021,10,4.016157947
9,2021-10-06 00:00:00,2021,10,8.111826433
9,2021-10-07 00:00:00,2021,10,11.58294756
9,2021-10-22 00:00:00,2021,10,0.001789836
9,2021-10-26 00:00:00,2021,10,0.159226722
9,2021-11-05 00:00:00,2021,11,5.056812974
9,2021-11-06 00:00:00,2021,11,0.569930475
9,2021-11-11 00:00:00,2021,11,4.177484528
13,2021-10-28 00:00:00,2021,10,0.045886727
13,2021-10-30 00:00:00,2021,10,8.898831683
13,2021-11-01 00:00:00,2021,11,7.689890832
13,2021-11-04 00:00:00,2021,11,3.207591073
13,2021-11-05 00:00:00,2021,11,0.745017512
13,2021-11-22 00:00:00,2021,11,4.897589054
13,2021-11-24 00:00:00,2021,11,7.648723396
13,2021-11-27 00:00:00,2021,11,0.0
13,2021-12-03 00:00:00,2021,12,0.0
13,2021-12-04 00:00:00,2021,12,0.0
13,2021-12-05 00:00:00,2021,12,0.0
13,2021-12-07 00:00:00,2021,12,0.0
13,2021-12-09 00:00:00,2021,12,0.066345877
13,2021-12-15 00:00:00,2021,12,0.0
13,2021-12-22 00:00:00,2021,12,0.0
13,2021-12-28 00:00:00,2021,12,0.0
13,2021-12-29 00:00:00,2021,12,0.0
5,2021-01-07 00:00:00,2021,1,33.05239946
5,2021-01-08 00:00:00,2021,1,3.391358018
5,2021-01-06 00:00:00,2021,1,6.572680931
5,2021-01-10 00:00:00,2021,1,0.007432074
5,2021-01-14 00:00:00,2021,1,0.0
5,2021-01-22 00:00:00,2021,1,0.0
5,2021-01-24 00:00:00,2021,1,0.0
5,2021-02-06 00:00:00,2021,2,0.0
5,2021-02-15 00:00:00,2021,2,0.0
5,2021-02-19 00:00:00,2021,2,0.0561038
5,2021-03-08 00:00:00,2021,3,0.0
5,2021-03-18 00:00:00,2021,3,0.0
5,2021-03-25 00:00:00,2021,3,0.0
5,2021-03-27 00:00:00,2021,3,0.0
5,2021-03-29 00:00:00,2021,3,0.0
5,2021-04-06 00:00:00,2021,4,0.0
5,2021-04-10 00:00:00,2021,4,0.0
5,2021-04-17 00:00:00,2021,4,0.354854343
5,2021-04-19 00:00:00,2021,4,0.0
5,2021-04-22 00:00:00,2021,4,2.386923091
5,2021-04-30 00:00:00,2021,4,0.003049546
5,2021-05-14 00:00:00,2021,5,0.005406558
5,2021-05-18 00:00:00,2021,5,1.464013194
5,2021-05-31 00:00:00,2021,5,0.003716037
5,2021-06-10 00:00:00,2021,6,1.492617722
5,2021-06-15 00:00:00,2021,6,0.001829687
5,2021-06-23 00:00:00,2021,6,4.372629346
5,2021-06-28 00:00:00,2021,6,0.115608141
5,2021-07-01 00:00:00,2021,7,0.001909798
5,2021-07-09 00:00:00,2021,7,12.37010144
5,2021-07-12 00:00:00,2021,7,3.865417321
5,2021-07-13 00:00:00,2021,7,0.0
5,2021-07-15 00:00:00,2021,7,36.24213428
5,2021-07-16 00:00:00,2021,7,7.426262939
5,2021-07-17 00:00:00,2021,7,15.01991464
5,2021-07-22 00:00:00,2021,7,6.235041024
5,2021-07-23 00:00:00,2021,7,4.986908238
5,2021-07-26 00:00:00,2021,7,0.367604328
5,2021-07-27 00:00:00,2021,7,0.0
5,2021-08-10 00:00:00,2021,8,27.23982627
5,2021-08-19 00:00:00,2021,8,0.026016027
5,2021-08-20 00:00:00,2021,8,0.044620329
5,2021-09-12 00:00:00,2021,9,0.169286481
5,2021-09-16 00:00:00,2021,9,0.0
5,2021-09-18 00:00:00,2021,9,0.11711999
5,2021-09-26 00:00:00,2021,9,17.61922054
5,2021-09-27 00:00:00,2021,9,0.0
5,2021-09-28 00:00:00,2021,9,0.0
5,2021-10-03 00:00:00,2021,10,2.508934178
5,2021-10-13 00:00:00,2021,10,1.445512878
5,2021-10-16 00:00:00,2021,10,0.844426259
5,2021-10-26 00:00:00,2021,10,0.0
5,2021-11-01 00:00:00,2021,11,27.29303425
5,2021-11-03 00:00:00,2021,11,22.90363822
5,2021-11-10 00:00:00,2021,11,0.430865045
5,2021-11-18 00:00:00,2021,11,46.05525749
5,2021-11-22 00:00:00,2021,11,2.317210784
5,2021-12-02 00:00:00,2021,12,0.0
5,2021-12-12 00:00:00,2021,12,4.453956263
5,2021-12-15 00:00:00,2021,12,0.538791351
5,2021-12-14 00:00:00,2021,12,9.132979578
5,2021-12-19 00:00:00,2021,12,0.0
12,2021-09-16 00:00:00,2021,9,3.48869067
12,2021-10-13 00:00:00,2021,10,1.199982913
12,2021-10-17 00:00:00,2021,10,24.71471764
12,2021-10-20 00:00:00,2021,10,4.899661615
12,2021-10-21 00:00:00,2021,10,0.446882242
12,2021-10-24 00:00:00,2021,10,0.0
12,2021-10-27 00:00:00,2021,10,0.0
12,2021-11-02 00:00:00,2021,11,2.404102466
12,2021-11-11 00:00:00,2021,11,0.130674485
12,2021-11-18 00:00:00,2021,11,0.0
12,2021-11-21 00:00:00,2021,11,1.010706627
12,2021-11-22 00:00:00,2021,11,0.038307344
12,2021-11-25 00:00:00,2021,11,0.0
12,2021-12-03 00:00:00,2021,12,0.0
12,2021-12-04 00:00:00,2021,12,8.365497155
12,2021-12-07 00:00:00,2021,12,0.017826653
12,2021-12-08 00:00:00,2021,12,0.0
12,2021-12-10 00:00:00,2021,12,0.973553436
12,2021-12-14 00:00:00,2021,12,0.0
12,2021-12-25 00:00:00,2021,12,0.0
12,2021-12-28 00:00:00,2021,12,0.0
13,2021-01-04 00:00:00,2021,1,0.0
13,2021-01-07 00:00:00,2021,1,0.0
13,2021-01-08 00:00:00,2021,1,0.0
13,2021-01-13 00:00:00,2021,1,0.0
13,2021-02-05 00:00:00,2021,2,0.0
13,2021-02-11 00:00:00,2021,2,0.0
13,2021-02-12 00:00:00,2021,2,0.0
13,2021-02-24 00:00:00,2021,2,0.0
13,2021-02-26 00:00:00,2021,2,0.0
13,2021-02-28 00:00:00,2021,2,0.0
13,2021-03-03 00:00:00,2021,3,0.0
13,2021-03-08 00:00:00,2021,3,0.0
13,2021-03-09 00:00:00,2021,3,0.0
13,2021-03-13 00:00:00,2021,3,0.0
13,2021-03-16 00:00:00,2021,3,0.0
13,2021-03-19 00:00:00,2021,3,0.0
13,2021-03-23 00:00:00,2021,3,0.0
13,2021-03-28 00:00:00,2021,3,0.08314341
13,2021-03-30 00:00:00,2021,3,0.0
13,2021-04-04 00:00:00,2021,4,0.838962704
13,2021-04-05 00:00:00,2021,4,0.028187919
13,2021-04-08 00:00:00,2021,4,0.0
13,2021-04-15 00:00:00,2021,4,15.44445061
13,2021-04-20 00:00:00,2021,4,0.0
13,2021-04-26 00:00:00,2021,4,0.0
13,2021-04-27 00:00:00,2021,4,0.0
13,2021-05-11 00:00:00,2021,5,1.487828674
13,2021-05-12 00:00:00,2021,5,20.36389738
13,2021-05-21 00:00:00,2021,5,1.212692469
13,2021-05-27 00:00:00,2021,5,0.0
13,2021-05-29 00:00:00,2021,5,0.0
13,2021-05-31 00:00:00,2021,5,0.0
13,2021-06-03 00:00:00,2021,6,4.084791823
13,2021-06-06 00:00:00,2021,6,0.298556213
13,2021-06-07 00:00:00,2021,6,0.149298825
13,2021-06-15 00:00:00,2021,6,0.908706953
13,2021-06-16 00:00:00,2021,6,1.305885627
13,2021-06-17 00:00:00,2021,6,0.510163308
13,2021-06-22 00:00:00,2021,6,0.143353388
13,2021-06-23 00:00:00,2021,6,5.962013897
13,2021-07-01 00:00:00,2021,7,26.9492639
13,2021-07-03 00:00:00,2021,7,7.611822407
13,2021-07-23 00:00:00,2021,7,25.14040919
13,2021-07-26 00:00:00,2021,7,21.59959949
13,2021-07-29 00:00:00,2021,7,0.715031098
13,2021-07-30 00:00:00,2021,7,0.118396398
13,2021-07-31 00:00:00,2021,7,0.998548843
13,2021-08-01 00:00:00,2021,8,0.21364042
13,2021-08-10 00:00:00,2021,8,1.714823754
13,2021-08-14 00:00:00,2021,8,15.67688504
13,2021-08-16 00:00:00,2021,8,24.63058993
13,2021-08-20 00:00:00,2021,8,7.005202878
13,2021-08-22 00:00:00,2021,8,14.3620532
13,2021-08-27 00:00:00,2021,8,4.315552241
13,2021-09-23 00:00:00,2021,9,5.971729403
13,2021-09-29 00:00:00,2021,9,9.247962137
13,2021-10-01 00:00:00,2021,10,10.87373563
13,2021-10-17 00:00:00,2021,10,1.370331067
1,2021-12-18 00:00:00,2021,12,0.0
1,2021-01-24 00:00:00,2021,1,0.0
1,2021-01-28 00:00:00,2021,1,0.0
1,2021-01-31 00:00:00,2021,1,0.0
1,2021-02-02 00:00:00,2021,2,0.0
1,2021-02-05 00:00:00,2021,2,0.0
1,2021-02-11 00:00:00,2021,2,0.0
1,2021-02-15 00:00:00,2021,2,0.0
1,2021-02-17 00:00:00,2021,2,0.0
1,2021-02-20 00:00:00,2021,2,5.015461089
1,2021-03-08 00:00:00,2021,3,0.0
1,2021-03-09 00:00:00,2021,3,0.0
1,2021-03-12 00:00:00,2021,3,0.0
1,2021-03-22 00:00:00,2021,3,0.0
1,2021-03-23 00:00:00,2021,3,0.0
2,2021-01-12 00:00:00,2021,1,0.0
2,2021-01-13 00:00:00,2021,1,0.0
2,2021-01-20 00:00:00,2021,1,0.0
2,2021-01-22 00:00:00,2021,1,0.0
2,2021-01-23 00:00:00,2021,1,0.0
2,2021-01-25 00:00:00,2021,1,0.0
2,2021-01-31 00:00:00,2021,1,0.0
2,2021-02-11 00:00:00,2021,2,0.0
2,2021-02-15 00:00:00,2021,2,0.0
2,2021-02-17 00:00:00,2021,2,0.0
2,2021-02-24 00:00:00,2021,2,0.0
2,2021-02-26 00:00:00,2021,2,0.0
2,2021-03-08 00:00:00,2021,3,0.0
2,2021-03-09 00:00:00,2021,3,0.0
2,2021-03-11 00:00:00,2021,3,0.0
2,2021-03-16 00:00:00,2021,3,0.0
2,2021-03-18 00:00:00,2021,3,0.0
2,2021-03-20 00:00:00,2021,3,0.0
2,2021-03-26 00:00:00,2021,3,0.0
2,2021-03-29 00:00:00,2021,3,0.0
2,2021-03-31 00:00:00,2021,3,0.0
2,2021-04-01 00:00:00,2021,4,0.0
2,2021-04-03 00:00:00,2021,4,0.0
2,2021-04-12 00:00:00,2021,4,0.0
2,2021-04-14 00:00:00,2021,4,0.12842338
2,2021-04-25 00:00:00,2021,4,1.229325215
2,2021-04-27 00:00:00,2021,4,0.0
2,2021-04-29 00:00:00,2021,4,0.004489119
2,2021-04-30 00:00:00,2021,4,0.336251814
2,2021-05-01 00:00:00,2021,5,0.386789426
2,2021-05-02 00:00:00,2021,5,0.0
2,2021-05-08 00:00:00,2021,5,0.924228593
2,2021-05-15 00:00:00,2021,5,0.004237212
2,2021-05-24 00:00:00,2021,5,0.001045516
2,2021-05-28 00:00:00,2021,5,0.0
2,2021-05-29 00:00:00,2021,5,0.034149646
2,2021-06-05 00:00:00,2021,6,13.290297
2,2021-06-09 00:00:00,2021,6,0.813150627
2,2021-06-13 00:00:00,2021,6,0.249991286
2,2021-06-15 00:00:00,2021,6,0.337686519
2,2021-06-21 00:00:00,2021,6,0.0
2,2021-06-24 00:00:00,2021,6,22.33195401
2,2021-06-27 00:00:00,2021,6,1.247918049
2,2021-06-30 00:00:00,2021,6,0.0
2,2021-07-06 00:00:00,2021,7,1.352752233
2,2021-07-09 00:00:00,2021,7,38.38201276
2,2021-07-13 00:00:00,2021,7,0.0
2,2021-07-17 00:00:00,2021,7,21.86730108
2,2021-07-21 00:00:00,2021,7,2.797827601
2,2021-07-27 00:00:00,2021,7,0.947807803
2,2021-07-29 00:00:00,2021,7,0.002880583
2,2021-07-31 00:00:00,2021,7,0.0
2,2021-08-03 00:00:00,2021,8,0.309554977
2,2021-08-16 00:00:00,2021,8,0.038088488
2,2021-08-20 00:00:00,2021,8,2.290462188
2,2021-08-21 00:00:00,2021,8,0.503874983
2,2021-08-26 00:00:00,2021,8,6.403973008
2,2021-09-10 00:00:00,2021,9,0.004975021
2,2021-09-15 00:00:00,2021,9,0.0
2,2021-09-21 00:00:00,2021,9,11.6073391
2,2021-09-23 00:00:00,2021,9,4.359066266
2,2021-09-28 00:00:00,2021,9,0.000172934
2,2021-10-01 00:00:00,2021,10,1.231265015
2,2021-10-04 00:00:00,2021,10,3.498072949
2,2021-10-10 00:00:00,2021,10,3.755757998
2,2021-10-23 00:00:00,2021,10,8.711341277
2,2021-10-25 00:00:00,2021,10,9.399518294
2,2021-10-30 00:00:00,2021,10,17.59598888
2,2021-11-08 00:00:00,2021,11,32.59181149
2,2021-11-21 00:00:00,2021,11,22.13260551
2,2021-11-23 00:00:00,2021,11,2.4485904
2,2021-12-01 00:00:00,2021,12,10.99579594
2,2021-12-03 00:00:00,2021,12,0.0
2,2021-12-10 00:00:00,2021,12,5.86235632
2,2021-12-15 00:00:00,2021,12,0.213764917
2,2021-12-18 00:00:00,2021,12,0.0
3,2021-01-01 00:00:00,2021,1,0.0
3,2021-01-03 00:00:00,2021,1,0.0
3,2021-01-05 00:00:00,2021,1,0.0
3,2021-01-07 00:00:00,2021,1,0.0
3,2021-01-14 00:00:00,2021,1,0.0
3,2021-01-17 00:00:00,2021,1,0.0
3,2021-01-20 00:00:00,2021,1,0.0
3,2021-01-27 00:00:00,2021,1,0.0
3,2021-01-29 00:00:00,2021,1,0.372807888
3,2021-02-03 00:00:00,2021,2,0.0
3,2021-02-05 00:00:00,2021,2,0.0
3,2021-02-08 00:00:00,2021,2,0.0
3,2021-02-09 00:00:00,2021,2,0.0
3,2021-02-16 00:00:00,2021,2,0.0
3,2021-02-27 00:00:00,2021,2,0.0
3,2021-03-04 00:00:00,2021,3,0.0
3,2021-03-07 00:00:00,2021,3,0.0
3,2021-03-13 00:00:00,2021,3,0.0
3,2021-03-15 00:00:00,2021,3,0.0
3,2021-03-18 00:00:00,2021,3,0.0
3,2021-03-25 00:00:00,2021,3,0.0
3,2021-03-26 00:00:00,2021,3,0.677664344
3,2021-03-27 00:00:00,2021,3,0.0
3,2021-04-03 00:00:00,2021,4,0.0
3,2021-04-05 00:00:00,2021,4,0.168182232
3,2021-04-10 00:00:00,2021,4,0.0
3,2021-04-14 00:00:00,2021,4,1.273890588
3,2021-04-15 00:00:00,2021,4,8.441255018
3,2021-04-19 00:00:00,2021,4,5.410370295
3,2021-05-06 00:00:00,2021,5,4.742317871
3,2021-05-07 00:00:00,2021,5,0.000383227
3,2021-05-08 00:00:00,2021,5,0.895528843
3,2021-05-09 00:00:00,2021,5,2.115718373
3,2021-05-14 00:00:00,2021,5,1.229488616
3,2021-05-17 00:00:00,2021,5,8.735351299
3,2021-05-18 00:00:00,2021,5,2.170856397
3,2021-06-02 00:00:00,2021,6,0.208754909
3,2021-06-06 00:00:00,2021,6,0.574417695
3,2021-06-10 00:00:00,2021,6,3.421882522
3,2021-06-21 00:00:00,2021,6,0.008248904
3,2021-06-27 00:00:00,2021,6,20.63069656
3,2021-07-02 00:00:00,2021,7,12.10889931
3,2021-07-08 00:00:00,2021,7,33.33528348
3,2021-07-12 00:00:00,2021,7,29.7539792
3,2021-07-13 00:00:00,2021,7,23.80345847
3,2021-07-15 00:00:00,2021,7,8.24642553
3,2021-07-17 00:00:00,2021,7,1.742888511
3,2021-08-02 00:00:00,2021,8,0.307630135
3,2021-08-04 00:00:00,2021,8,0.056940571
3,2021-08-16 00:00:00,2021,8,24.60500992
3,2021-08-21 00:00:00,2021,8,7.297529205
3,2021-08-27 00:00:00,2021,8,0.417975401
3,2021-08-29 00:00:00,2021,8,4.004447446
3,2021-09-01 00:00:00,2021,9,4.979020481
3,2021-09-10 00:00:00,2021,9,0.583542569
3,2021-09-15 00:00:00,2021,9,1.970991019
3,2021-09-20 00:00:00,2021,9,5.156356748
3,2021-09-25 00:00:00,2021,9,0.883718513
3,2021-09-28 00:00:00,2021,9,28.46496159
3,2021-10-07 00:00:00,2021,10,2.09137606
3,2021-10-09 00:00:00,2021,10,1.054277191
3,2021-10-10 00:00:00,2021,10,8.897086533
3,2021-10-18 00:00:00,2021,10,0.828764837
3,2021-10-24 00:00:00,2021,10,10.96998414
3,2021-11-03 00:00:00,2021,11,3.785470928
3,2021-11-04 00:00:00,2021,11,5.992335844
3,2021-11-08 00:00:00,2021,11,0.0
3,2021-11-14 00:00:00,2021,11,9.672118377
3,2021-11-19 00:00:00,2021,11,4.422177082
3,2021-11-25 00:00:00,2021,11,1.779890673
3,2021-11-29 00:00:00,2021,11,0.003458391
3,2021-12-09 00:00:00,2021,12,0.069224074
3,2021-12-13 00:00:00,2021,12,0.14047152
3,2021-12-17 00:00:00,2021,12,0.0
3,2021-12-18 00:00:00,2021,12,0.0
3,2021-12-22 00:00:00,2021,12,0.0
4,2021-01-11 00:00:00,2021,1,0.0
4,2021-01-18 00:00:00,2021,1,0.0
4,2021-01-20 00:00:00,2021,1,0.0
4,2021-01-26 00:00:00,2021,1,0.0
4,2021-01-27 00:00:00,2021,1,0.0
4,2021-01-28 00:00:00,2021,1,0.0
4,2021-02-05 00:00:00,2021,2,0.0
4,2021-02-28 00:00:00,2021,2,0.0
4,2021-03-03 00:00:00,2021,3,0.0
4,2021-03-21 00:00:00,2021,3,0.0
4,2021-03-23 00:00:00,2021,3,0.0
4,2021-03-30 00:00:00,2021,3,0.0
4,2021-04-04 00:00:00,2021,4,0.0
4,2021-04-09 00:00:00,2021,4,0.0
4,2021-04-11 00:00:00,2021,4,0.0
4,2021-04-16 00:00:00,2021,4,0.0
4,2021-04-18 00:00:00,2021,4,0.0
4,2021-04-20 00:00:00,2021,4,0.0
4,2021-04-23 00:00:00,2021,4,1.04580356
4,2021-04-26 00:00:00,2021,4,0.0
4,2021-04-30 00:00:00,2021,4,0.675786168
4,2021-05-02 00:00:00,2021,5,0.0
4,2021-05-04 00:00:00,2021,5,0.167249527
4,2021-05-08 00:00:00,2021,5,0.0
4,2021-05-17 00:00:00,2021,5,4.605319275
4,2021-05-19 00:00:00,2021,5,0.01561247
4,2021-05-24 00:00:00,2021,5,3.018657335
4,2021-05-25 00:00:00,2021,5,0.0
4,2021-06-06 00:00:00,2021,6,0.406734289
4,2021-06-10 00:00:00,2021,6,0.540489212
4,2021-06-15 00:00:00,2021,6,0.0
4,2021-06-17 00:00:00,2021,6,0.171295907
4,2021-06-18 00:00:00,2021,6,0.368945622
4,2021-07-02 00:00:00,2021,7,9.787614487
4,2021-07-04 00:00:00,2021,7,1.396573566
4,2021-07-05 00:00:00,2021,7,3.029813193
4,2021-07-07 00:00:00,2021,7,1.531152783
4,2021-07-10 00:00:00,2021,7,11.72052035
4,2021-07-11 00:00:00,2021,7,1.229483569
4,2021-07-16 00:00:00,2021,7,23.40953385
4,2021-07-21 00:00:00,2021,7,2.087506182
4,2021-08-02 00:00:00,2021,8,0.0
4,2021-08-16 00:00:00,2021,8,35.68968391
4,2021-08-24 00:00:00,2021,8,0.10248285
4,2021-09-01 00:00:00,2021,9,5.956610789
4,2021-09-14 00:00:00,2021,9,0.422387996
4,2021-09-27 00:00:00,2021,9,19.25355953
4,2021-09-30 00:00:00,2021,9,0.125019167
4,2021-10-04 00:00:00,2021,10,0.767626727
4,2021-10-05 00:00:00,2021,10,8.603968951
4,2021-10-14 00:00:00,2021,10,1.240104667
4,2021-10-15 00:00:00,2021,10,0.296966821
4,2021-10-17 00:00:00,2021,10,4.380639754
4,2021-10-31 00:00:00,2021,10,4.332751047
4,2021-11-04 00:00:00,2021,11,4.668949946
4,2021-11-06 00:00:00,2021,11,0.012405797
1,2021-03-16 00:00:00,2021,3,0.0
1,2021-03-18 00:00:00,2021,3,0.0
1,2021-03-25 00:00:00,2021,3,0.0
1,2021-04-03 00:00:00,2021,4,0.0
1,2021-06-07 00:00:00,2021,6,0.278927834
1,2021-06-28 00:00:00,2021,6,0.612683303
1,2021-07-19 00:00:00,2021,7,7.896571524
1,2021-08-02 00:00:00,2021,8,0.044632451
1,2021-08-25 00:00:00,2021,8,10.3827672
1,2021-09-27 00:00:00,2021,9,0.010609143
1,2021-10-04 00:00:00,2021,10,0.316199437
1,2021-11-19 00:00:00,2021,11,94.43499949
1,2021-11-25 00:00:00,2021,11,2.962127727
1,2021-12-08 00:00:00,2021,12,0.0
1,2021-03-29 00:00:00,2021,3,0.0
1,2021-01-01 00:00:00,2021,1,0.0
1,2021-04-01 00:00:00,2021,4,0.0
1,2021-04-08 00:00:00,2021,4,0.0
1,2021-04-11 00:00:00,2021,4,0.0
1,2021-06-29 00:00:00,2021,6,0.362562894
1,2021-04-17 00:00:00,2021,4,0.018646221
1,2021-04-18 00:00:00,2021,4,0.0
1,2021-04-19 00:00:00,2021,4,0.0
1,2021-04-26 00:00:00,2021,4,0.0
1,2021-05-08 00:00:00,2021,5,0.154979747
1,2021-05-10 00:00:00,2021,5,0.0
1,2021-07-01 00:00:00,2021,7,0.030874274
1,2021-07-04 00:00:00,2021,7,8.160531555
1,2021-07-18 00:00:00,2021,7,23.42244247
1,2021-07-25 00:00:00,2021,7,0.181715577
1,2021-08-07 00:00:00,2021,8,0.454684054
1,2021-08-19 00:00:00,2021,8,0.069754721
1,2021-08-29 00:00:00,2021,8,3.976180059
1,2021-09-03 00:00:00,2021,9,14.72372908
1,2021-09-10 00:00:00,2021,9,0.0
1,2021-09-20 00:00:00,2021,9,0.071935916
1,2021-05-20 00:00:00,2021,5,11.90707768
1,2021-05-21 00:00:00,2021,5,11.37416796
1,2021-05-25 00:00:00,2021,5,0.664649641
1,2021-06-09 00:00:00,2021,6,0.0
1,2021-06-16 00:00:00,2021,6,0.019536733
1,2021-06-18 00:00:00,2021,6,0.143949209
1,2021-10-06 00:00:00,2021,10,5.583203565
1,2021-10-10 00:00:00,2021,10,12.94312097
1,2021-10-16 00:00:00,2021,10,0.018418958
1,2021-10-20 00:00:00,2021,10,0.000233961
1,2021-10-21 00:00:00,2021,10,12.83606636
1,2021-10-25 00:00:00,2021,10,3.463169694
1,2021-09-24 00:00:00,2021,9,2.075319049
1,2021-09-30 00:00:00,2021,9,6.96593616
1,2021-10-01 00:00:00,2021,10,0.81712666
1,2021-12-28 00:00:00,2021,12,0.0
1,2021-10-28 00:00:00,2021,10,0.0
1,2021-11-03 00:00:00,2021,11,4.95773421
1,2021-11-11 00:00:00,2021,11,1.224841336
1,2021-01-09 00:00:00,2021,1,0.039357022
1,2021-11-13 00:00:00,2021,11,15.73681296
1,2021-11-14 00:00:00,2021,11,9.124304528
1,2021-01-10 00:00:00,2021,1,0.000122936
1,2021-11-15 00:00:00,2021,11,7.771801323
1,2021-01-11 00:00:00,2021,1,0.0
1,2021-11-20 00:00:00,2021,11,15.82158843
1,2021-11-29 00:00:00,2021,11,4.340966812
1,2021-12-01 00:00:00,2021,12,1.543836486
1,2021-12-04 00:00:00,2021,12,0.016132784
1,2021-12-10 00:00:00,2021,12,4.145985689
1,2021-01-19 00:00:00,2021,1,0.0
1,2021-12-20 00:00:00,2021,12,0.0
1,2021-12-21 00:00:00,2021,12,0.0
1,2021-12-26 00:00:00,2021,12,0.0
1,2021-02-06 00:00:00,2021,2,0.0
1,2021-02-13 00:00:00,2021,2,0.0
1,2021-02-28 00:00:00,2021,2,0.0
1,2021-03-03 00:00:00,2021,3,0.0
1,2021-03-11 00:00:00,2021,3,0.0
2,2021-01-09 00:00:00,2021,1,1.902303633
2,2021-01-10 00:00:00,2021,1,0.206188399
2,2021-01-26 00:00:00,2021,1,0.0
2,2021-01-30 00:00:00,2021,1,0.0
2,2021-02-03 00:00:00,2021,2,0.346211182
2,2021-02-05 00:00:00,2021,2,0.0
2,2021-02-07 00:00:00,2021,2,0.0
2,2021-02-08 00:00:00,2021,2,0.0
2,2021-02-12 00:00:00,2021,2,0.0
2,2021-02-16 00:00:00,2021,2,0.0
2,2021-02-23 00:00:00,2021,2,0.0
2,2021-03-04 00:00:00,2021,3,0.0
2,2021-03-05 00:00:00,2021,3,0.0
2,2021-03-07 00:00:00,2021,3,0.0
2,2021-03-10 00:00:00,2021,3,0.0
2,2021-03-14 00:00:00,2021,3,0.0
2,2021-03-17 00:00:00,2021,3,0.0
2,2021-03-21 00:00:00,2021,3,0.0
2,2021-03-25 00:00:00,2021,3,0.0
2,2021-04-11 00:00:00,2021,4,0.0
2,2021-04-15 00:00:00,2021,4,24.43905326
2,2021-04-17 00:00:00,2021,4,0.0
2,2021-04-21 00:00:00,2021,4,0.029169077
2,2021-04-22 00:00:00,2021,4,0.011136317
2,2021-05-09 00:00:00,2021,5,0.391475752
2,2021-05-10 00:00:00,2021,5,0.0
2,2021-05-18 00:00:00,2021,5,0.014281087
2,2021-06-03 00:00:00,2021,6,7.815022131
2,2021-06-04 00:00:00,2021,6,3.38421308
2,2021-06-06 00:00:00,2021,6,28.04360533
2,2021-06-11 00:00:00,2021,6,0.032846311
2,2021-06-26 00:00:00,2021,6,0.156469618
2,2021-06-28 00:00:00,2021,6,1.351314573
2,2021-07-04 00:00:00,2021,7,4.054354881
2,2021-07-07 00:00:00,2021,7,1.557437344
2,2021-07-19 00:00:00,2021,7,10.41119155
2,2021-07-24 00:00:00,2021,7,0.0
2,2021-07-25 00:00:00,2021,7,0.078911937
2,2021-08-02 00:00:00,2021,8,0.22362054
2,2021-08-07 00:00:00,2021,8,0.536799961
2,2021-08-10 00:00:00,2021,8,32.44410849
2,2021-08-11 00:00:00,2021,8,1.411508489
2,2021-08-13 00:00:00,2021,8,0.319239348
2,2021-08-18 00:00:00,2021,8,1.963469337
2,2021-08-25 00:00:00,2021,8,13.12235803
2,2021-08-29 00:00:00,2021,8,12.854203
2,2021-09-01 00:00:00,2021,9,1.731665455
2,2021-09-14 00:00:00,2021,9,0.011097178
2,2021-09-17 00:00:00,2021,9,0.053394052
2,2021-09-19 00:00:00,2021,9,3.577168602
2,2021-10-13 00:00:00,2021,10,8.222488516
2,2021-10-14 00:00:00,2021,10,11.60788145
2,2021-10-15 00:00:00,2021,10,1.518644769
2,2021-10-16 00:00:00,2021,10,9.734307603
2,2021-10-19 00:00:00,2021,10,0.009390874
2,2021-10-29 00:00:00,2021,10,0.591332715
2,2021-11-02 00:00:00,2021,11,9.060543437
2,2021-11-09 00:00:00,2021,11,3.424489079
2,2021-11-19 00:00:00,2021,11,105.3626329
2,2021-11-24 00:00:00,2021,11,0.001496373
2,2021-11-25 00:00:00,2021,11,1.238965088
2,2021-11-28 00:00:00,2021,11,14.08511183
2,2021-12-02 00:00:00,2021,12,0.017686032
2,2021-12-21 00:00:00,2021,12,0.0
2,2021-12-26 00:00:00,2021,12,0.0
2,2021-12-27 00:00:00,2021,12,0.0
2,2021-12-31 00:00:00,2021,12,21.10017017
3,2021-01-04 00:00:00,2021,1,0.0
3,2021-01-18 00:00:00,2021,1,0.0
3,2021-01-19 00:00:00,2021,1,0.0
3,2021-01-25 00:00:00,2021,1,0.0
3,2021-01-31 00:00:00,2021,1,0.488976381
3,2021-02-06 00:00:00,2021,2,0.0
3,2021-02-10 00:00:00,2021,2,0.0
3,2021-02-11 00:00:00,2021,2,0.0
3,2021-02-12 00:00:00,2021,2,0.0
3,2021-02-13 00:00:00,2021,2,0.0
3,2021-02-18 00:00:00,2021,2,0.0
3,2021-02-20 00:00:00,2021,2,0.0
3,2021-02-21 00:00:00,2021,2,0.005673867
3,2021-02-22 00:00:00,2021,2,0.0
3,2021-02-25 00:00:00,2021,2,0.0
3,2021-03-02 00:00:00,2021,3,0.0
3,2021-03-03 00:00:00,2021,3,0.0
1,2021-01-30 00:00:00,2021,1,0.0
1,2021-02-07 00:00:00,2021,2,0.0
1,2021-02-22 00:00:00,2021,2,4.26471047
1,2021-03-04 00:00:00,2021,3,0.0
1,2021-03-19 00:00:00,2021,3,0.0
1,2021-04-07 00:00:00,2021,4,0.0
1,2021-04-24 00:00:00,2021,4,5.612940624
1,2021-05-01 00:00:00,2021,5,0.1425757
1,2021-06-14 00:00:00,2021,6,0.624548415
1,2021-06-23 00:00:00,2021,6,0.000285582
1,2021-06-25 00:00:00,2021,6,0.018816824
1,2021-07-09 00:00:00,2021,7,1.826038826
1,2021-07-11 00:00:00,2021,7,0.014404427
1,2021-07-13 00:00:00,2021,7,0.017458056
1,2021-07-20 00:00:00,2021,7,3.790854156
1,2021-08-01 00:00:00,2021,8,0.644660029
1,2021-08-04 00:00:00,2021,8,0.869597699
1,2021-08-08 00:00:00,2021,8,1.005784086
1,2021-09-17 00:00:00,2021,9,0.0
1,2021-10-27 00:00:00,2021,10,0.0
1,2021-11-01 00:00:00,2021,11,4.340789777
1,2021-11-04 00:00:00,2021,11,9.659583488
1,2021-11-10 00:00:00,2021,11,0.0
1,2021-12-19 00:00:00,2021,12,0.0
1,2021-03-30 00:00:00,2021,3,0.0
1,2021-04-06 00:00:00,2021,4,0.0
1,2021-04-22 00:00:00,2021,4,5.948348536
1,2021-04-27 00:00:00,2021,4,0.0
1,2021-04-28 00:00:00,2021,4,0.0
1,2021-04-29 00:00:00,2021,4,1.347722693
1,2021-05-09 00:00:00,2021,5,0.0
1,2021-05-13 00:00:00,2021,5,3.793389064
1,2021-07-05 00:00:00,2021,7,25.01004012
1,2021-07-10 00:00:00,2021,7,7.476735824
1,2021-07-28 00:00:00,2021,7,0.009588781
1,2021-08-03 00:00:00,2021,8,1.427249694
1,2021-08-09 00:00:00,2021,8,1.1343472
1,2021-08-16 00:00:00,2021,8,1.51979504
1,2021-08-20 00:00:00,2021,8,2.1754394
1,2021-08-27 00:00:00,2021,8,2.705954056
1,2021-09-06 00:00:00,2021,9,3.9385881
1,2021-09-12 00:00:00,2021,9,1.436514163
1,2021-09-15 00:00:00,2021,9,0.0
1,2021-05-31 00:00:00,2021,5,0.0
1,2021-06-06 00:00:00,2021,6,27.82827969
1,2021-06-08 00:00:00,2021,6,0.0
1,2021-06-12 00:00:00,2021,6,0.0
1,2021-06-20 00:00:00,2021,6,0.795773153
1,2021-10-07 00:00:00,2021,10,17.76116785
1,2021-10-11 00:00:00,2021,10,3.638768665
1,2021-10-13 00:00:00,2021,10,3.513746068
1,2021-10-17 00:00:00,2021,10,0.022127957
1,2021-10-19 00:00:00,2021,10,0.735321146
1,2021-10-22 00:00:00,2021,10,8.81991866
1,2021-09-21 00:00:00,2021,9,1.187140875
1,2021-11-12 00:00:00,2021,11,28.60923903
1,2021-11-23 00:00:00,2021,11,0.716230613
1,2021-11-24 00:00:00,2021,11,0.520961996
1,2021-01-16 00:00:00,2021,1,0.0
1,2021-11-28 00:00:00,2021,11,1.02779261
1,2021-11-30 00:00:00,2021,11,5.168756739
1,2021-12-12 00:00:00,2021,12,1.150087998
1,2021-12-17 00:00:00,2021,12,0.0
7,2021-03-29 00:00:00,2021,3,0.0
7,2021-04-01 00:00:00,2021,4,0.0
7,2021-04-03 00:00:00,2021,4,0.0
7,2021-04-13 00:00:00,2021,4,0.0
7,2021-04-17 00:00:00,2021,4,0.210473229
7,2021-04-20 00:00:00,2021,4,0.649677128
7,2021-04-22 00:00:00,2021,4,2.786204717
7,2021-04-25 00:00:00,2021,4,0.0
7,2021-04-29 00:00:00,2021,4,2.391618349
7,2021-05-01 00:00:00,2021,5,0.350974449
7,2021-05-05 00:00:00,2021,5,0.131892576
7,2021-05-06 00:00:00,2021,5,0.365462679
7,2021-05-09 00:00:00,2021,5,0.0
7,2021-05-15 00:00:00,2021,5,0.005258727
7,2021-05-21 00:00:00,2021,5,13.86523657
7,2021-05-25 00:00:00,2021,5,0.0
7,2021-05-26 00:00:00,2021,5,1.417831634
7,2021-05-27 00:00:00,2021,5,8.197993236
7,2021-05-30 00:00:00,2021,5,0.021816112
7,2021-06-01 00:00:00,2021,6,1.729019049
7,2021-06-04 00:00:00,2021,6,6.540551541
7,2021-06-12 00:00:00,2021,6,0.021391858
7,2021-06-28 00:00:00,2021,6,8.02228215
7,2021-06-30 00:00:00,2021,6,0.036771274
7,2021-07-02 00:00:00,2021,7,0.012666719
7,2021-07-09 00:00:00,2021,7,4.771478294
7,2021-07-12 00:00:00,2021,7,0.154679988
7,2021-07-15 00:00:00,2021,7,24.22517259
7,2021-07-18 00:00:00,2021,7,4.022385689
7,2021-07-20 00:00:00,2021,7,0.999560609
7,2021-07-14 00:00:00,2021,7,6.029779531
7,2021-07-22 00:00:00,2021,7,19.29364421
7,2021-08-07 00:00:00,2021,8,0.408957699
7,2021-08-12 00:00:00,2021,8,0.098929199
7,2021-08-14 00:00:00,2021,8,0.39720777
7,2021-08-28 00:00:00,2021,8,9.350330257
7,2021-08-31 00:00:00,2021,8,2.30982646
7,2021-09-25 00:00:00,2021,9,1.265490754
7,2021-09-28 00:00:00,2021,9,0.478128755
7,2021-10-01 00:00:00,2021,10,0.11025851
7,2021-10-07 00:00:00,2021,10,7.014661127
7,2021-10-13 00:00:00,2021,10,2.414998288
7,2021-10-15 00:00:00,2021,10,0.307849999
7,2021-10-16 00:00:00,2021,10,0.0
7,2021-10-18 00:00:00,2021,10,0.187115173
7,2021-10-19 00:00:00,2021,10,0.0
7,2021-10-21 00:00:00,2021,10,3.154984936
7,2021-10-24 00:00:00,2021,10,8.48265362
7,2021-10-26 00:00:00,2021,10,0.0
7,2021-10-29 00:00:00,2021,10,0.294633886
7,2021-10-31 00:00:00,2021,10,6.241169036
7,2021-11-12 00:00:00,2021,11,6.664565453
7,2021-11-14 00:00:00,2021,11,10.55144621
7,2021-11-17 00:00:00,2021,11,9.380983795
7,2021-11-22 00:00:00,2021,11,4.302654128
7,2021-11-28 00:00:00,2021,11,0.415547483
7,2021-12-02 00:00:00,2021,12,0.0
7,2021-12-10 00:00:00,2021,12,0.943310036
7,2021-12-11 00:00:00,2021,12,0.0
7,2021-12-20 00:00:00,2021,12,0.0
7,2021-12-29 00:00:00,2021,12,0.0
9,2021-01-01 00:00:00,2021,1,0.0
9,2021-01-10 00:00:00,2021,1,0.0
9,2021-01-24 00:00:00,2021,1,0.0
9,2021-02-03 00:00:00,2021,2,0.0
9,2021-02-08 00:00:00,2021,2,0.0
9,2021-02-11 00:00:00,2021,2,0.0
9,2021-02-13 00:00:00,2021,2,0.0
9,2021-02-15 00:00:00,2021,2,0.0
9,2021-02-20 00:00:00,2021,2,9.539081196
9,2021-02-22 00:00:00,2021,2,1.521348185
9,2021-03-04 00:00:00,2021,3,0.0
9,2021-03-12 00:00:00,2021,3,0.0
9,2021-03-13 00:00:00,2021,3,0.0
9,2021-03-15 00:00:00,2021,3,0.0
9,2021-03-17 00:00:00,2021,3,0.0
9,2021-03-21 00:00:00,2021,3,0.0
9,2021-04-11 00:00:00,2021,4,0.0
9,2021-04-12 00:00:00,2021,4,0.0
9,2021-04-16 00:00:00,2021,4,0.069141193
9,2021-05-11 00:00:00,2021,5,0.0
9,2021-05-22 00:00:00,2021,5,18.76265053
9,2021-05-24 00:00:00,2021,5,8.860269536
9,2021-05-27 00:00:00,2021,5,0.089067529
9,2021-05-29 00:00:00,2021,5,0.0
9,2021-06-02 00:00:00,2021,6,1.486712053
9,2021-06-06 00:00:00,2021,6,6.644037053
9,2021-06-14 00:00:00,2021,6,0.135431714
9,2021-06-23 00:00:00,2021,6,0.472248634
9,2021-06-24 00:00:00,2021,6,3.821179981
9,2021-06-28 00:00:00,2021,6,1.953130984
9,2021-07-04 00:00:00,2021,7,1.877505993
9,2021-07-09 00:00:00,2021,7,5.093544405
9,2021-07-17 00:00:00,2021,7,11.86205066
9,2021-07-31 00:00:00,2021,7,0.405621675
9,2021-08-10 00:00:00,2021,8,4.558963361
9,2021-08-25 00:00:00,2021,8,1.30972804
9,2021-08-29 00:00:00,2021,8,4.756323611
9,2021-09-06 00:00:00,2021,9,5.239276482
9,2021-09-07 00:00:00,2021,9,6.307342987
9,2021-09-09 00:00:00,2021,9,0.035038437
9,2021-09-13 00:00:00,2021,9,0.149194991
9,2021-09-16 00:00:00,2021,9,0.121600305
9,2021-09-23 00:00:00,2021,9,0.341331887
9,2021-09-24 00:00:00,2021,9,1.099096351
9,2021-09-28 00:00:00,2021,9,2.47056415
9,2021-10-09 00:00:00,2021,10,3.83786553
9,2021-10-18 00:00:00,2021,10,3.738341124
9,2021-10-25 00:00:00,2021,10,4.511212094
9,2021-10-27 00:00:00,2021,10,0.055992642
9,2021-10-28 00:00:00,2021,10,0.0
9,2021-10-29 00:00:00,2021,10,5.57582889
9,2021-11-01 00:00:00,2021,11,9.781050013
9,2021-11-02 00:00:00,2021,11,26.59294083
9,2021-11-07 00:00:00,2021,11,2.33147713
9,2021-11-09 00:00:00,2021,11,0.0
10,2021-10-23 00:00:00,2021,10,0.011126488
10,2021-10-24 00:00:00,2021,10,0.0
10,2021-10-25 00:00:00,2021,10,0.0
10,2021-10-27 00:00:00,2021,10,0.0
10,2021-10-29 00:00:00,2021,10,0.0
10,2021-11-04 00:00:00,2021,11,5.365345858
10,2021-11-10 00:00:00,2021,11,0.0
10,2021-11-16 00:00:00,2021,11,5.043307949
10,2021-11-18 00:00:00,2021,11,0.0
10,2021-11-19 00:00:00,2021,11,0.0
10,2021-11-20 00:00:00,2021,11,3.80327588
10,2021-11-22 00:00:00,2021,11,0.006491386
10,2021-11-25 00:00:00,2021,11,0.0
10,2021-11-26 00:00:00,2021,11,0.0
10,2021-11-27 00:00:00,2021,11,0.0
10,2021-12-01 00:00:00,2021,12,0.0
10,2021-12-06 00:00:00,2021,12,1.018826218
10,2021-12-16 00:00:00,2021,12,0.0
10,2021-12-27 00:00:00,2021,12,0.0
10,2021-12-28 00:00:00,2021,12,0.0
10,2021-12-31 00:00:00,2021,12,0.0
11,2021-01-26 00:00:00,2021,1,0.0
11,2021-02-06 00:00:00,2021,2,0.0
11,2021-02-11 00:00:00,2021,2,0.0
11,2021-02-24 00:00:00,2021,2,0.0
11,2021-02-25 00:00:00,2021,2,0.0
11,2021-03-01 00:00:00,2021,3,0.0
11,2021-03-04 00:00:00,2021,3,0.0
11,2021-03-12 00:00:00,2021,3,0.0
11,2021-03-22 00:00:00,2021,3,0.0
11,2021-04-01 00:00:00,2021,4,0.0
11,2021-03-31 00:00:00,2021,3,0.0
11,2021-04-03 00:00:00,2021,4,0.0
11,2021-04-08 00:00:00,2021,4,0.896324673
11,2021-04-12 00:00:00,2021,4,0.063331922
11,2021-04-29 00:00:00,2021,4,1.183638577
11,2021-05-04 00:00:00,2021,5,1.867363991
11,2021-05-06 00:00:00,2021,5,12.86683517
11,2021-05-08 00:00:00,2021,5,2.575356105
11,2021-05-16 00:00:00,2021,5,1.994343324
11,2021-06-01 00:00:00,2021,6,4.280216602
11,2021-06-06 00:00:00,2021,6,0.248621207
11,2021-06-07 00:00:00,2021,6,0.000466121
11,2021-06-18 00:00:00,2021,6,4.395495382
11,2021-06-20 00:00:00,2021,6,0.002610336
11,2021-06-24 00:00:00,2021,6,23.48678592
11,2021-06-27 00:00:00,2021,6,6.736568812
11,2021-06-30 00:00:00,2021,6,0.0
11,2021-07-06 00:00:00,2021,7,1.007054082
11,2021-07-08 00:00:00,2021,7,13.21497958
11,2021-07-15 00:00:00,2021,7,4.049111613
11,2021-07-21 00:00:00,2021,7,10.86021985
11,2021-07-28 00:00:00,2021,7,0.505261145
11,2021-07-29 00:00:00,2021,7,4.256930247
11,2021-07-30 00:00:00,2021,7,3.076019363
11,2021-08-07 00:00:00,2021,8,0.837096056
11,2021-08-23 00:00:00,2021,8,4.089821295
11,2021-08-25 00:00:00,2021,8,0.0
11,2021-08-27 00:00:00,2021,8,3.847009812
11,2021-08-28 00:00:00,2021,8,10.55043529
11,2021-09-06 00:00:00,2021,9,42.142678
11,2021-09-09 00:00:00,2021,9,0.859602075
11,2021-09-10 00:00:00,2021,9,2.342799807
11,2021-09-12 00:00:00,2021,9,4.313194978
11,2021-09-13 00:00:00,2021,9,14.47699661
11,2021-09-14 00:00:00,2021,9,4.005604667
11,2021-09-16 00:00:00,2021,9,0.01042473
11,2021-09-21 00:00:00,2021,9,5.540185669
11,2021-09-25 00:00:00,2021,9,0.134632641
11,2021-09-28 00:00:00,2021,9,30.70347829
11,2021-10-03 00:00:00,2021,10,3.02e-05
11,2021-10-10 00:00:00,2021,10,1.525323533
11,2021-10-14 00:00:00,2021,10,0.886379446
11,2021-10-18 00:00:00,2021,10,2.56099382
11,2021-10-19 00:00:00,2021,10,0.328304732
11,2021-10-30 00:00:00,2021,10,6.329301946
11,2021-11-11 00:00:00,2021,11,0.008715055
11,2021-11-13 00:00:00,2021,11,25.11650652
11,2021-11-17 00:00:00,2021,11,5.546327913
11,2021-11-19 00:00:00,2021,11,0.457184451
11,2021-11-21 00:00:00,2021,11,1.404833889
11,2021-11-22 00:00:00,2021,11,0.573467909
11,2021-11-29 00:00:00,2021,11,0.027389817
11,2021-12-23 00:00:00,2021,12,0.0
11,2021-04-18 00:00:00,2021,4,0.0
12,2021-01-02 00:00:00,2021,1,0.0
12,2021-01-08 00:00:00,2021,1,0.0
12,2021-01-18 00:00:00,2021,1,0.0
12,2021-01-19 00:00:00,2021,1,0.0
12,2021-01-27 00:00:00,2021,1,0.0
12,2021-01-28 00:00:00,2021,1,0.0
12,2021-02-03 00:00:00,2021,2,0.0
12,2021-02-05 00:00:00,2021,2,0.0
12,2021-02-07 00:00:00,2021,2,0.0
12,2021-02-10 00:00:00,2021,2,0.0
12,2021-02-27 00:00:00,2021,2,0.0
12,2021-03-01 00:00:00,2021,3,0.0
12,2021-03-07 00:00:00,2021,3,0.0
12,2021-03-13 00:00:00,2021,3,0.0
12,2021-03-18 00:00:00,2021,3,0.0
12,2021-03-20 00:00:00,2021,3,0.0
12,2021-03-23 00:00:00,2021,3,0.0
12,2021-03-24 00:00:00,2021,3,0.0
12,2021-03-31 00:00:00,2021,3,0.0
12,2021-04-10 00:00:00,2021,4,1.040728668
12,2021-04-11 00:00:00,2021,4,2.517364523
12,2021-04-19 00:00:00,2021,4,2.633680254
12,2021-04-21 00:00:00,2021,4,0.170402566
12,2021-04-25 00:00:00,2021,4,0.002243498
12,2021-04-26 00:00:00,2021,4,0.0
12,2021-05-04 00:00:00,2021,5,1.529237078
12,2021-05-05 00:00:00,2021,5,4.908775171
12,2021-05-11 00:00:00,2021,5,0.0
12,2021-05-20 00:00:00,2021,5,0.0
12,2021-05-31 00:00:00,2021,5,0.033362923
12,2021-06-02 00:00:00,2021,6,0.016680138
12,2021-06-03 00:00:00,2021,6,24.27578398
4,2021-08-01 00:00:00,2021,8,0.072464144
4,2021-08-08 00:00:00,2021,8,0.833529649
4,2021-08-09 00:00:00,2021,8,5.890239669
4,2021-08-18 00:00:00,2021,8,1.911740759
4,2021-08-23 00:00:00,2021,8,2.160636877
4,2021-08-25 00:00:00,2021,8,0.203049417
4,2021-08-28 00:00:00,2021,8,3.858870154
4,2021-08-29 00:00:00,2021,8,7.50774225
4,2021-09-02 00:00:00,2021,9,17.6797581
4,2021-09-05 00:00:00,2021,9,6.041362041
4,2021-09-11 00:00:00,2021,9,0.301354089
4,2021-09-12 00:00:00,2021,9,0.120369942
4,2021-09-21 00:00:00,2021,9,14.50052464
4,2021-09-24 00:00:00,2021,9,0.854124373
4,2021-10-07 00:00:00,2021,10,9.737945214
4,2021-10-09 00:00:00,2021,10,0.627284913
4,2021-10-11 00:00:00,2021,10,0.157954012
4,2021-10-21 00:00:00,2021,10,0.000417933
4,2021-10-24 00:00:00,2021,10,1.141481929
4,2021-10-25 00:00:00,2021,10,0.399905434
4,2021-11-11 00:00:00,2021,11,2.186361873
4,2021-11-13 00:00:00,2021,11,2.163328529
4,2021-11-15 00:00:00,2021,11,5.000621792
4,2021-11-19 00:00:00,2021,11,15.23756837
4,2021-11-20 00:00:00,2021,11,20.51928216
4,2021-11-30 00:00:00,2021,11,0.048526638
4,2021-12-03 00:00:00,2021,12,0.0
4,2021-12-08 00:00:00,2021,12,0.0
4,2021-12-19 00:00:00,2021,12,0.0
4,2021-12-21 00:00:00,2021,12,0.0
4,2021-12-25 00:00:00,2021,12,0.0
4,2021-12-27 00:00:00,2021,12,0.0
6,2021-01-01 00:00:00,2021,1,0.0
6,2021-01-02 00:00:00,2021,1,0.0
6,2021-01-05 00:00:00,2021,1,0.0
6,2021-01-12 00:00:00,2021,1,0.0
6,2021-01-18 00:00:00,2021,1,0.0
6,2021-01-19 00:00:00,2021,1,0.0
6,2021-01-20 00:00:00,2021,1,0.0
6,2021-01-25 00:00:00,2021,1,0.0
6,2021-02-03 00:00:00,2021,2,0.0
6,2021-02-07 00:00:00,2021,2,0.0
6,2021-02-10 00:00:00,2021,2,0.0
6,2021-02-16 00:00:00,2021,2,0.0
6,2021-02-24 00:00:00,2021,2,0.0
6,2021-02-25 00:00:00,2021,2,0.0
6,2021-02-26 00:00:00,2021,2,0.0
6,2021-02-27 00:00:00,2021,2,0.0
6,2021-04-01 00:00:00,2021,4,0.0
6,2021-04-04 00:00:00,2021,4,0.0
6,2021-04-12 00:00:00,2021,4,0.0
6,2021-04-17 00:00:00,2021,4,0.0
6,2021-04-24 00:00:00,2021,4,2.978312441
6,2021-05-01 00:00:00,2021,5,0.057503629
6,2021-05-02 00:00:00,2021,5,0.0
6,2021-05-07 00:00:00,2021,5,0.615082082
6,2021-05-11 00:00:00,2021,5,0.0
6,2021-05-12 00:00:00,2021,5,9.945223869
6,2021-05-15 00:00:00,2021,5,0.312297835
6,2021-05-24 00:00:00,2021,5,0.141280855
6,2021-05-29 00:00:00,2021,5,0.351871265
6,2021-06-08 00:00:00,2021,6,0.662068876
6,2021-06-12 00:00:00,2021,6,3.588578147
6,2021-06-14 00:00:00,2021,6,14.54574587
6,2021-06-18 00:00:00,2021,6,2.086236397
6,2021-06-25 00:00:00,2021,6,1.187340529
6,2021-06-27 00:00:00,2021,6,4.879943529
6,2021-06-28 00:00:00,2021,6,16.19233743
6,2021-07-06 00:00:00,2021,7,0.0
6,2021-07-15 00:00:00,2021,7,15.44136364
6,2021-07-16 00:00:00,2021,7,9.921546634
6,2021-07-20 00:00:00,2021,7,2.495762745
6,2021-07-14 00:00:00,2021,7,18.35613024
6,2021-07-23 00:00:00,2021,7,54.62496598
6,2021-07-28 00:00:00,2021,7,0.0
6,2021-08-06 00:00:00,2021,8,0.163492799
6,2021-08-08 00:00:00,2021,8,1.377290694
6,2021-08-15 00:00:00,2021,8,15.50975175
6,2021-08-21 00:00:00,2021,8,3.078978873
6,2021-08-29 00:00:00,2021,8,4.613063849
6,2021-09-01 00:00:00,2021,9,9.094237278
6,2021-09-02 00:00:00,2021,9,5.338447091
6,2021-09-04 00:00:00,2021,9,6.615759313
6,2021-09-15 00:00:00,2021,9,7.291850596
6,2021-09-18 00:00:00,2021,9,0.254193493
6,2021-09-19 00:00:00,2021,9,4.539125692
6,2021-09-25 00:00:00,2021,9,9.407435665
6,2021-09-26 00:00:00,2021,9,9.783214217
6,2021-09-29 00:00:00,2021,9,11.15086636
6,2021-10-09 00:00:00,2021,10,0.569688091
6,2021-10-10 00:00:00,2021,10,0.159783176
6,2021-10-12 00:00:00,2021,10,0.073295352
6,2021-10-18 00:00:00,2021,10,4.355563699
6,2021-10-24 00:00:00,2021,10,1.367625638
6,2021-10-26 00:00:00,2021,10,0.1948102
6,2021-10-29 00:00:00,2021,10,0.897066129
6,2021-10-31 00:00:00,2021,10,4.822996981
6,2021-11-08 00:00:00,2021,11,0.0
6,2021-11-12 00:00:00,2021,11,18.2752913
6,2021-11-15 00:00:00,2021,11,4.202792697
6,2021-11-22 00:00:00,2021,11,6.023753831
6,2021-12-02 00:00:00,2021,12,0.0
6,2021-12-06 00:00:00,2021,12,0.0
6,2021-12-09 00:00:00,2021,12,0.0
6,2021-12-29 00:00:00,2021,12,0.0
6,2021-12-31 00:00:00,2021,12,0.655667592
7,2021-01-09 00:00:00,2021,1,0.001406175
7,2021-02-06 00:00:00,2021,2,0.0
7,2021-02-19 00:00:00,2021,2,0.020683838
7,2021-02-27 00:00:00,2021,2,0.0
7,2021-03-02 00:00:00,2021,3,0.0
7,2021-03-05 00:00:00,2021,3,0.0
7,2021-03-08 00:00:00,2021,3,0.0
7,2021-03-17 00:00:00,2021,3,0.0
7,2021-03-19 00:00:00,2021,3,0.0
9,2021-11-17 00:00:00,2021,11,20.50266414
9,2021-11-20 00:00:00,2021,11,24.70561561
9,2021-11-25 00:00:00,2021,11,1.323552831
9,2021-12-03 00:00:00,2021,12,0.0
9,2021-12-06 00:00:00,2021,12,0.0
9,2021-12-16 00:00:00,2021,12,0.0
9,2021-12-23 00:00:00,2021,12,0.0
8,2021-01-01 00:00:00,2021,1,0.0
8,2021-01-14 00:00:00,2021,1,0.0
8,2021-01-19 00:00:00,2021,1,0.0
8,2021-01-30 00:00:00,2021,1,0.0
8,2021-02-04 00:00:00,2021,2,0.0
8,2021-02-09 00:00:00,2021,2,0.0
8,2021-02-08 00:00:00,2021,2,0.0
8,2021-02-12 00:00:00,2021,2,0.0
8,2021-02-13 00:00:00,2021,2,0.0
8,2021-03-10 00:00:00,2021,3,0.0
8,2021-03-11 00:00:00,2021,3,0.0
8,2021-03-15 00:00:00,2021,3,0.0
8,2021-03-16 00:00:00,2021,3,0.0
8,2021-03-17 00:00:00,2021,3,0.0
8,2021-03-20 00:00:00,2021,3,0.0
8,2021-03-22 00:00:00,2021,3,0.0
8,2021-03-24 00:00:00,2021,3,0.0
8,2021-03-30 00:00:00,2021,3,0.0
8,2021-04-13 00:00:00,2021,4,0.0
8,2021-04-16 00:00:00,2021,4,0.0
8,2021-04-28 00:00:00,2021,4,0.0
8,2021-05-04 00:00:00,2021,5,0.0
8,2021-05-08 00:00:00,2021,5,0.085366145
8,2021-05-16 00:00:00,2021,5,0.0
8,2021-05-20 00:00:00,2021,5,2.884174271
8,2021-05-30 00:00:00,2021,5,0.0
8,2021-06-02 00:00:00,2021,6,1.890360338
8,2021-06-03 00:00:00,2021,6,0.382526208
8,2021-06-08 00:00:00,2021,6,0.097374553
8,2021-06-11 00:00:00,2021,6,0.0
8,2021-06-19 00:00:00,2021,6,0.0
8,2021-06-26 00:00:00,2021,6,1.07962059
8,2021-06-27 00:00:00,2021,6,0.138208153
8,2021-06-28 00:00:00,2021,6,0.163873616
8,2021-07-14 00:00:00,2021,7,2.005421037
8,2021-07-19 00:00:00,2021,7,5.771055814
8,2021-07-20 00:00:00,2021,7,2.601238866
8,2021-07-25 00:00:00,2021,7,0.0
8,2021-07-26 00:00:00,2021,7,2.298754362
8,2021-07-30 00:00:00,2021,7,0.0
8,2021-08-05 00:00:00,2021,8,0.0
8,2021-08-09 00:00:00,2021,8,2.574125177
8,2021-08-15 00:00:00,2021,8,0.054007066
8,2021-08-31 00:00:00,2021,8,0.427203278
8,2021-09-07 00:00:00,2021,9,0.186102028
8,2021-09-17 00:00:00,2021,9,0.0
8,2021-09-24 00:00:00,2021,9,2.912328735
8,2021-09-26 00:00:00,2021,9,19.34330956
8,2021-10-01 00:00:00,2021,10,0.964067914
8,2021-10-07 00:00:00,2021,10,3.486345254
8,2021-10-08 00:00:00,2021,10,0.231701459
8,2021-10-15 00:00:00,2021,10,0.0
8,2021-10-17 00:00:00,2021,10,0.932134824
8,2021-10-21 00:00:00,2021,10,0.912155373
8,2021-10-23 00:00:00,2021,10,0.19388422
8,2021-10-24 00:00:00,2021,10,4.365478157
8,2021-10-31 00:00:00,2021,10,7.59816187
8,2021-11-02 00:00:00,2021,11,40.1361312
8,2021-11-05 00:00:00,2021,11,4.825457977
8,2021-11-06 00:00:00,2021,11,5.968581881
8,2021-11-15 00:00:00,2021,11,19.36501751
8,2021-11-20 00:00:00,2021,11,18.56054109
8,2021-11-29 00:00:00,2021,11,103.8123949
8,2021-12-01 00:00:00,2021,12,5.780548693
8,2021-12-16 00:00:00,2021,12,0.0
8,2021-12-22 00:00:00,2021,12,0.0
8,2021-12-24 00:00:00,2021,12,0.0
8,2021-12-30 00:00:00,2021,12,0.206733217
8,2021-12-28 00:00:00,2021,12,0.0
8,2021-02-23 00:00:00,2021,2,0.0
8,2021-05-24 00:00:00,2021,5,0.371634918
8,2021-06-29 00:00:00,2021,6,0.018710203
8,2021-11-24 00:00:00,2021,11,0.086913929
10,2021-01-11 00:00:00,2021,1,0.0
10,2021-01-15 00:00:00,2021,1,0.0
10,2021-01-19 00:00:00,2021,1,0.0
10,2021-01-22 00:00:00,2021,1,0.0
10,2021-01-24 00:00:00,2021,1,0.0
10,2021-01-27 00:00:00,2021,1,0.0
10,2021-01-31 00:00:00,2021,1,0.807999102
10,2021-02-19 00:00:00,2021,2,0.0
10,2021-02-25 00:00:00,2021,2,0.0
10,2021-03-17 00:00:00,2021,3,0.0
10,2021-03-18 00:00:00,2021,3,0.0
10,2021-03-19 00:00:00,2021,3,0.0
10,2021-03-22 00:00:00,2021,3,0.0
10,2021-03-23 00:00:00,2021,3,0.0
10,2021-03-28 00:00:00,2021,3,0.0
10,2021-03-29 00:00:00,2021,3,0.0
10,2021-03-31 00:00:00,2021,3,0.0
10,2021-04-11 00:00:00,2021,4,0.154042565
10,2021-04-13 00:00:00,2021,4,0.235610191
10,2021-05-03 00:00:00,2021,5,0.20373569
10,2021-05-12 00:00:00,2021,5,4.833644104
10,2021-05-22 00:00:00,2021,5,2.275760451
10,2021-05-23 00:00:00,2021,5,16.87600592
10,2021-05-25 00:00:00,2021,5,0.035585967
10,2021-05-28 00:00:00,2021,5,0.0
10,2021-05-29 00:00:00,2021,5,0.130779432
10,2021-06-11 00:00:00,2021,6,0.699047641
10,2021-06-12 00:00:00,2021,6,3.407404566
10,2021-06-13 00:00:00,2021,6,0.567797216
10,2021-06-14 00:00:00,2021,6,0.291993691
10,2021-06-25 00:00:00,2021,6,10.00086383
10,2021-06-29 00:00:00,2021,6,0.0
10,2021-07-04 00:00:00,2021,7,0.373835767
10,2021-07-06 00:00:00,2021,7,11.63270088
10,2021-07-08 00:00:00,2021,7,13.85286616
10,2021-07-09 00:00:00,2021,7,0.206417675
10,2021-07-12 00:00:00,2021,7,6.224112258
10,2021-07-28 00:00:00,2021,7,0.330991439
10,2021-08-03 00:00:00,2021,8,0.563030521
10,2021-08-05 00:00:00,2021,8,0.016419003
10,2021-08-08 00:00:00,2021,8,1.563438856
10,2021-08-10 00:00:00,2021,8,0.377189736
10,2021-08-12 00:00:00,2021,8,4.181567118
10,2021-08-16 00:00:00,2021,8,14.01877205
10,2021-08-17 00:00:00,2021,8,12.48636819
10,2021-08-24 00:00:00,2021,8,0.774935573
10,2021-09-03 00:00:00,2021,9,5.04516963
10,2021-09-06 00:00:00,2021,9,39.42280373
10,2021-09-21 00:00:00,2021,9,4.381791897
10,2021-09-25 00:00:00,2021,9,0.863485947
10,2021-10-03 00:00:00,2021,10,0.464132816
10,2021-10-05 00:00:00,2021,10,5.802169
13,2021-10-23 00:00:00,2021,10,0.0
13,2021-10-21 00:00:00,2021,10,0.0
13,2021-10-27 00:00:00,2021,10,0.0
13,2021-11-06 00:00:00,2021,11,2.079041014
13,2021-11-09 00:00:00,2021,11,0.0
13,2021-11-13 00:00:00,2021,11,34.14622249
13,2021-11-16 00:00:00,2021,11,6.652786045
13,2021-11-17 00:00:00,2021,11,0.161169416
13,2021-11-21 00:00:00,2021,11,1.103029378
13,2021-11-23 00:00:00,2021,11,5.195323566
13,2021-11-28 00:00:00,2021,11,0.0
13,2021-12-11 00:00:00,2021,12,0.129773676
13,2021-12-12 00:00:00,2021,12,0.0
13,2021-12-20 00:00:00,2021,12,0.0
13,2021-12-27 00:00:00,2021,12,0.0
13,2021-12-30 00:00:00,2021,12,0.0
5,2021-01-01 00:00:00,2021,1,0.0
5,2021-01-04 00:00:00,2021,1,0.0
5,2021-01-18 00:00:00,2021,1,0.0
5,2021-01-21 00:00:00,2021,1,0.0
5,2021-01-23 00:00:00,2021,1,0.0
5,2021-01-25 00:00:00,2021,1,0.0
5,2021-01-28 00:00:00,2021,1,0.0
5,2021-01-27 00:00:00,2021,1,0.0
5,2021-01-30 00:00:00,2021,1,0.0
5,2021-01-31 00:00:00,2021,1,0.0
5,2021-02-05 00:00:00,2021,2,0.0
5,2021-02-11 00:00:00,2021,2,0.0
5,2021-02-16 00:00:00,2021,2,0.0
5,2021-02-21 00:00:00,2021,2,1.955602906
5,2021-02-24 00:00:00,2021,2,0.0
5,2021-03-07 00:00:00,2021,3,0.0
5,2021-03-15 00:00:00,2021,3,0.0
5,2021-03-17 00:00:00,2021,3,0.0
5,2021-03-21 00:00:00,2021,3,0.0
5,2021-03-22 00:00:00,2021,3,0.0
5,2021-03-23 00:00:00,2021,3,0.0
5,2021-04-04 00:00:00,2021,4,0.0
5,2021-04-08 00:00:00,2021,4,0.0
5,2021-04-09 00:00:00,2021,4,0.0
5,2021-04-16 00:00:00,2021,4,0.001612234
5,2021-04-20 00:00:00,2021,4,0.087590179
5,2021-04-26 00:00:00,2021,4,0.0
5,2021-05-08 00:00:00,2021,5,0.061060132
5,2021-05-12 00:00:00,2021,5,10.75468855
5,2021-05-20 00:00:00,2021,5,7.655805232
5,2021-05-21 00:00:00,2021,5,17.20597677
5,2021-05-26 00:00:00,2021,5,0.478706544
5,2021-05-29 00:00:00,2021,5,0.0
5,2021-05-30 00:00:00,2021,5,0.0
5,2021-06-03 00:00:00,2021,6,15.67968966
5,2021-06-20 00:00:00,2021,6,1.662177956
5,2021-06-21 00:00:00,2021,6,0.0
5,2021-06-30 00:00:00,2021,6,0.0
5,2021-07-04 00:00:00,2021,7,10.49802261
5,2021-07-05 00:00:00,2021,7,28.74598624
5,2021-07-07 00:00:00,2021,7,0.823095627
5,2021-07-18 00:00:00,2021,7,7.843513177
5,2021-07-25 00:00:00,2021,7,0.0
5,2021-07-29 00:00:00,2021,7,0.0
5,2021-08-11 00:00:00,2021,8,1.331385752
5,2021-08-16 00:00:00,2021,8,0.766668056
5,2021-08-21 00:00:00,2021,8,0.0
5,2021-08-22 00:00:00,2021,8,3.09270335
5,2021-08-31 00:00:00,2021,8,1.318734469
5,2021-09-01 00:00:00,2021,9,0.792604954
5,2021-09-09 00:00:00,2021,9,0.0
5,2021-09-24 00:00:00,2021,9,4.355935542
5,2021-10-05 00:00:00,2021,10,0.00067582
5,2021-10-15 00:00:00,2021,10,0.208374951
5,2021-10-19 00:00:00,2021,10,0.0
5,2021-10-23 00:00:00,2021,10,5.071912385
5,2021-10-27 00:00:00,2021,10,0.124281469
5,2021-10-29 00:00:00,2021,10,3.233448272
5,2021-11-08 00:00:00,2021,11,7.127534458
5,2021-11-09 00:00:00,2021,11,0.0
5,2021-11-14 00:00:00,2021,11,7.446144197
5,2021-11-20 00:00:00,2021,11,11.00614605
5,2021-11-24 00:00:00,2021,11,1.238431159
5,2021-11-27 00:00:00,2021,11,0.091763089
5,2021-11-28 00:00:00,2021,11,16.40986636
5,2021-12-05 00:00:00,2021,12,0.0
5,2021-12-06 00:00:00,2021,12,0.0
5,2021-12-16 00:00:00,2021,12,0.0
5,2021-12-17 00:00:00,2021,12,0.0
5,2021-12-18 00:00:00,2021,12,0.0
5,2021-12-22 00:00:00,2021,12,0.0
5,2021-12-24 00:00:00,2021,12,0.0
5,2021-12-25 00:00:00,2021,12,0.0
5,2021-12-28 00:00:00,2021,12,0.0
12,2021-06-08 00:00:00,2021,6,2.102226681
12,2021-06-14 00:00:00,2021,6,2.368683376
12,2021-06-19 00:00:00,2021,6,2.293591
12,2021-07-02 00:00:00,2021,7,1.916571321
12,2021-07-11 00:00:00,2021,7,10.17053145
12,2021-07-15 00:00:00,2021,7,4.17521993
12,2021-07-17 00:00:00,2021,7,0.851858948
12,2021-07-21 00:00:00,2021,7,31.46712064
12,2021-07-22 00:00:00,2021,7,4.393850006
12,2021-07-26 00:00:00,2021,7,0.006024248
12,2021-07-28 00:00:00,2021,7,1.491359716
12,2021-07-31 00:00:00,2021,7,0.242939697
12,2021-08-07 00:00:00,2021,8,3.491581896
12,2021-08-15 00:00:00,2021,8,14.99623447
12,2021-08-21 00:00:00,2021,8,0.890732967
12,2021-08-22 00:00:00,2021,8,0.442353513
12,2021-08-23 00:00:00,2021,8,2.52045186
12,2021-08-24 00:00:00,2021,8,2.071756276
12,2021-08-30 00:00:00,2021,8,16.1135768
12,2021-09-01 00:00:00,2021,9,17.15483824
12,2021-09-02 00:00:00,2021,9,3.035084587
12,2021-09-17 00:00:00,2021,9,1.263729309
12,2021-09-26 00:00:00,2021,9,8.60390959
12,2021-10-03 00:00:00,2021,10,0.013894001
12,2021-10-05 00:00:00,2021,10,4.145091636
12,2021-10-07 00:00:00,2021,10,2.201912949
12,2021-10-11 00:00:00,2021,10,0.0
12,2021-10-15 00:00:00,2021,10,10.820006
12,2021-10-23 00:00:00,2021,10,1.714136557
12,2021-11-01 00:00:00,2021,11,0.265473546
12,2021-11-09 00:00:00,2021,11,0.0
12,2021-11-20 00:00:00,2021,11,2.074511453
12,2021-11-23 00:00:00,2021,11,16.94878287
12,2021-12-02 00:00:00,2021,12,0.0
12,2021-12-17 00:00:00,2021,12,0.0
13,2021-01-11 00:00:00,2021,1,0.0
13,2021-01-19 00:00:00,2021,1,0.0
13,2021-01-20 00:00:00,2021,1,0.0
13,2021-01-23 00:00:00,2021,1,0.0
13,2021-01-26 00:00:00,2021,1,0.0
13,2021-01-29 00:00:00,2021,1,0.0
13,2021-02-03 00:00:00,2021,2,0.0
13,2021-02-09 00:00:00,2021,2,0.0
13,2021-02-15 00:00:00,2021,2,0.0
13,2021-02-17 00:00:00,2021,2,0.0
13,2021-02-18 00:00:00,2021,2,0.0
13,2021-02-25 00:00:00,2021,2,0.0
13,2021-02-27 00:00:00,2021,2,0.0
13,2021-03-06 00:00:00,2021,3,0.0
13,2021-03-14 00:00:00,2021,3,0.0
13,2021-03-15 00:00:00,2021,3,0.0
13,2021-03-18 00:00:00,2021,3,0.0
13,2021-03-24 00:00:00,2021,3,0.0
13,2021-03-26 00:00:00,2021,3,0.180923947
13,2021-03-27 00:00:00,2021,3,0.0
13,2021-04-09 00:00:00,2021,4,0.217797074
13,2021-04-11 00:00:00,2021,4,0.004088018
13,2021-04-14 00:00:00,2021,4,0.292694598
13,2021-04-19 00:00:00,2021,4,0.17016195
13,2021-04-30 00:00:00,2021,4,2.560285992
13,2021-05-03 00:00:00,2021,5,1.040682096
13,2021-05-14 00:00:00,2021,5,1.513781664
13,2021-05-17 00:00:00,2021,5,10.46936688
13,2021-05-22 00:00:00,2021,5,31.77350785
13,2021-05-25 00:00:00,2021,5,0.0
13,2021-05-28 00:00:00,2021,5,0.0
13,2021-06-05 00:00:00,2021,6,0.757781612
13,2021-06-10 00:00:00,2021,6,4.917560406
13,2021-06-13 00:00:00,2021,6,4.339529027
13,2021-06-28 00:00:00,2021,6,6.755317157
13,2021-06-29 00:00:00,2021,6,0.133019873
13,2021-06-30 00:00:00,2021,6,2.23885607
13,2021-07-04 00:00:00,2021,7,2.96844308
13,2021-07-11 00:00:00,2021,7,19.62498202
13,2021-07-16 00:00:00,2021,7,14.08643053
13,2021-07-19 00:00:00,2021,7,5.004722206
13,2021-07-21 00:00:00,2021,7,17.32661897
13,2021-07-28 00:00:00,2021,7,0.616397824
13,2021-08-05 00:00:00,2021,8,1.088485384
13,2021-08-12 00:00:00,2021,8,1.077218778
13,2021-08-17 00:00:00,2021,8,4.108126426
13,2021-08-19 00:00:00,2021,8,5.81318217
13,2021-08-24 00:00:00,2021,8,0.620287612
13,2021-09-04 00:00:00,2021,9,7.126258258
13,2021-09-06 00:00:00,2021,9,16.37972782
13,2021-09-12 00:00:00,2021,9,2.043030357
13,2021-09-14 00:00:00,2021,9,0.256204146
13,2021-09-15 00:00:00,2021,9,5.462669831
13,2021-09-19 00:00:00,2021,9,3.529215429
13,2021-09-21 00:00:00,2021,9,5.002411097
13,2021-09-22 00:00:00,2021,9,0.04028602
13,2021-09-28 00:00:00,2021,9,22.35548173
13,2021-10-02 00:00:00,2021,10,0.735892471
13,2021-10-06 00:00:00,2021,10,0.815278532
13,2021-10-10 00:00:00,2021,10,0.543077557
13,2021-10-12 00:00:00,2021,10,0.349175795
3,2021-03-17 00:00:00,2021,3,0.0
3,2021-03-29 00:00:00,2021,3,0.0
3,2021-04-08 00:00:00,2021,4,0.0
3,2021-04-09 00:00:00,2021,4,0.845354567
3,2021-04-12 00:00:00,2021,4,0.0
3,2021-04-20 00:00:00,2021,4,0.499888274
3,2021-04-22 00:00:00,2021,4,1.925812724
3,2021-04-25 00:00:00,2021,4,0.0
3,2021-04-26 00:00:00,2021,4,0.0
3,2021-04-29 00:00:00,2021,4,0.20533984
3,2021-05-15 00:00:00,2021,5,1.286904604
3,2021-05-16 00:00:00,2021,5,3.064915843
3,2021-05-28 00:00:00,2021,5,0.0
3,2021-06-01 00:00:00,2021,6,5.183700613
3,2021-06-04 00:00:00,2021,6,7.161318933
3,2021-06-07 00:00:00,2021,6,0.587909736
3,2021-06-11 00:00:00,2021,6,5.150431598
3,2021-06-14 00:00:00,2021,6,4.585285659
3,2021-06-18 00:00:00,2021,6,7.648765704
3,2021-06-22 00:00:00,2021,6,0.018981689
3,2021-06-24 00:00:00,2021,6,17.26947305
3,2021-07-01 00:00:00,2021,7,13.31719454
3,2021-07-03 00:00:00,2021,7,11.88324429
3,2021-07-10 00:00:00,2021,7,4.37149609
3,2021-07-18 00:00:00,2021,7,0.247959249
3,2021-07-20 00:00:00,2021,7,8.59500839
3,2021-07-27 00:00:00,2021,7,0.968716253
3,2021-07-30 00:00:00,2021,7,0.40100249
3,2021-07-31 00:00:00,2021,7,1.501356608
3,2021-08-12 00:00:00,2021,8,2.882010859
3,2021-08-17 00:00:00,2021,8,7.758257065
3,2021-08-25 00:00:00,2021,8,0.453587195
3,2021-08-26 00:00:00,2021,8,8.29230131
3,2021-09-04 00:00:00,2021,9,3.007634812
3,2021-09-11 00:00:00,2021,9,13.41087343
3,2021-09-16 00:00:00,2021,9,0.0
3,2021-09-29 00:00:00,2021,9,6.259675962
3,2021-10-01 00:00:00,2021,10,4.322989809
3,2021-10-04 00:00:00,2021,10,1.017356224
3,2021-10-05 00:00:00,2021,10,0.736910451
3,2021-11-09 00:00:00,2021,11,0.0
3,2021-11-16 00:00:00,2021,11,5.04586037
3,2021-11-18 00:00:00,2021,11,0.413394761
3,2021-11-30 00:00:00,2021,11,0.0
3,2021-12-05 00:00:00,2021,12,0.00144435
3,2021-12-12 00:00:00,2021,12,0.0
3,2021-12-14 00:00:00,2021,12,0.0
3,2021-12-15 00:00:00,2021,12,0.0
3,2021-12-20 00:00:00,2021,12,0.0
3,2021-12-21 00:00:00,2021,12,0.0
3,2021-12-29 00:00:00,2021,12,0.0
3,2021-12-31 00:00:00,2021,12,0.0
4,2021-01-05 00:00:00,2021,1,0.0
4,2021-01-10 00:00:00,2021,1,0.0
4,2021-01-15 00:00:00,2021,1,0.0
4,2021-01-21 00:00:00,2021,1,0.0
4,2021-01-29 00:00:00,2021,1,0.0
4,2021-02-09 00:00:00,2021,2,0.0
4,2021-02-14 00:00:00,2021,2,0.0
4,2021-02-16 00:00:00,2021,2,0.0
4,2021-02-20 00:00:00,2021,2,2.402015329
4,2021-02-22 00:00:00,2021,2,0.411693948
4,2021-02-23 00:00:00,2021,2,0.0
4,2021-02-27 00:00:00,2021,2,0.0
4,2021-03-02 00:00:00,2021,3,0.0
4,2021-03-06 00:00:00,2021,3,0.0
4,2021-03-08 00:00:00,2021,3,0.0
4,2021-03-09 00:00:00,2021,3,0.0
4,2021-03-14 00:00:00,2021,3,0.0
4,2021-03-26 00:00:00,2021,3,0.0
4,2021-03-28 00:00:00,2021,3,0.0
4,2021-04-05 00:00:00,2021,4,0.0
4,2021-04-12 00:00:00,2021,4,0.0
4,2021-04-15 00:00:00,2021,4,6.61739559
4,2021-04-25 00:00:00,2021,4,0.756391328
4,2021-04-27 00:00:00,2021,4,0.0
4,2021-04-29 00:00:00,2021,4,0.0
4,2021-05-06 00:00:00,2021,5,0.050689895
4,2021-05-10 00:00:00,2021,5,0.0
4,2021-05-13 00:00:00,2021,5,0.0
4,2021-05-14 00:00:00,2021,5,1.516365137
4,2021-05-30 00:00:00,2021,5,0.009272998
4,2021-06-08 00:00:00,2021,6,1.460686379
4,2021-06-09 00:00:00,2021,6,0.0
4,2021-06-11 00:00:00,2021,6,6.405624924
4,2021-06-19 00:00:00,2021,6,0.116794959
4,2021-06-21 00:00:00,2021,6,0.100477011
4,2021-07-01 00:00:00,2021,7,10.03880118
4,2021-07-09 00:00:00,2021,7,0.099512089
4,2021-07-18 00:00:00,2021,7,22.13141124
4,2021-07-22 00:00:00,2021,7,35.33874677
4,2021-07-14 00:00:00,2021,7,11.77774585
4,2021-07-23 00:00:00,2021,7,34.15523841
4,2021-07-25 00:00:00,2021,7,0.06149281
4,2021-07-27 00:00:00,2021,7,0.039978256
4,2021-07-28 00:00:00,2021,7,0.012122841
1,2021-08-28 00:00:00,2021,8,3.032109038
1,2021-09-02 00:00:00,2021,9,3.267341426
1,2021-09-05 00:00:00,2021,9,1.35523173
1,2021-09-08 00:00:00,2021,9,0.139061973
1,2021-09-09 00:00:00,2021,9,0.018019154
1,2021-09-18 00:00:00,2021,9,0.0
1,2021-10-14 00:00:00,2021,10,1.329713306
1,2021-11-09 00:00:00,2021,11,0.0148528
1,2021-12-02 00:00:00,2021,12,0.0
1,2021-12-11 00:00:00,2021,12,0.017682952
1,2021-12-23 00:00:00,2021,12,0.0
1,2021-01-03 00:00:00,2021,1,0.0
1,2021-04-10 00:00:00,2021,4,0.0
1,2021-06-27 00:00:00,2021,6,6.28673995
1,2021-04-14 00:00:00,2021,4,0.0
1,2021-04-15 00:00:00,2021,4,12.20357363
1,2021-05-06 00:00:00,2021,5,2.437666169
1,2021-05-15 00:00:00,2021,5,0.843096626
1,2021-07-06 00:00:00,2021,7,0.966841733
1,2021-07-14 00:00:00,2021,7,0.949454506
1,2021-07-15 00:00:00,2021,7,21.03061605
1,2021-07-22 00:00:00,2021,7,4.650785602
1,2021-07-30 00:00:00,2021,7,0.19319991
1,2021-07-31 00:00:00,2021,7,1.04226437
1,2021-08-05 00:00:00,2021,8,0.210142382
1,2021-08-06 00:00:00,2021,8,3.099723503
1,2021-08-12 00:00:00,2021,8,0.093502708
1,2021-08-22 00:00:00,2021,8,5.87506465
1,2021-08-24 00:00:00,2021,8,17.14963143
1,2021-05-26 00:00:00,2021,5,4.569640635
1,2021-05-27 00:00:00,2021,5,4.198193517
1,2021-06-11 00:00:00,2021,6,0.0
1,2021-06-15 00:00:00,2021,6,0.000909205
1,2021-06-19 00:00:00,2021,6,0.071698809
1,2021-10-15 00:00:00,2021,10,1.822996877
1,2021-09-23 00:00:00,2021,9,0.112592161
1,2021-09-25 00:00:00,2021,9,1.530873761
1,2021-09-28 00:00:00,2021,9,0.010421831
1,2021-09-29 00:00:00,2021,9,2.728256942
1,2021-10-02 00:00:00,2021,10,2.137531379
1,2021-11-05 00:00:00,2021,11,0.691498793
1,2021-11-21 00:00:00,2021,11,25.15352533
1,2021-12-06 00:00:00,2021,12,0.0
1,2021-12-15 00:00:00,2021,12,0.0148528
1,2021-01-18 00:00:00,2021,1,0.0
1,2021-12-22 00:00:00,2021,12,0.0
1,2021-12-25 00:00:00,2021,12,0.0
1,2021-01-23 00:00:00,2021,1,0.0
1,2021-01-26 00:00:00,2021,1,0.0
1,2021-02-08 00:00:00,2021,2,0.0
1,2021-02-10 00:00:00,2021,2,0.0
1,2021-02-16 00:00:00,2021,2,0.0
1,2021-02-19 00:00:00,2021,2,0.500383314
1,2021-02-21 00:00:00,2021,2,3.329570394
1,2021-02-25 00:00:00,2021,2,0.0
1,2021-03-01 00:00:00,2021,3,0.0
1,2021-03-10 00:00:00,2021,3,0.0
1,2021-03-14 00:00:00,2021,3,0.0
1,2021-03-17 00:00:00,2021,3,0.0
1,2021-03-28 00:00:00,2021,3,0.0
2,2021-01-02 00:00:00,2021,1,0.0
2,2021-01-05 00:00:00,2021,1,2.99914707
2,2021-01-07 00:00:00,2021,1,19.38007934
2,2021-01-11 00:00:00,2021,1,0.0
2,2021-01-21 00:00:00,2021,1,0.0
2,2021-01-24 00:00:00,2021,1,0.0
2,2021-01-27 00:00:00,2021,1,0.0
2,2021-02-04 00:00:00,2021,2,0.005414916
2,2021-02-06 00:00:00,2021,2,0.0
2,2021-02-09 00:00:00,2021,2,0.0
2,2021-02-13 00:00:00,2021,2,0.0
2,2021-02-20 00:00:00,2021,2,8.000610683
2,2021-02-27 00:00:00,2021,2,0.0
2,2021-02-28 00:00:00,2021,2,0.0
2,2021-03-02 00:00:00,2021,3,0.0
2,2021-03-06 00:00:00,2021,3,0.0
2,2021-03-12 00:00:00,2021,3,0.0
2,2021-03-19 00:00:00,2021,3,0.0
2,2021-03-22 00:00:00,2021,3,0.0
2,2021-03-23 00:00:00,2021,3,0.0
2,2021-04-09 00:00:00,2021,4,0.0
2,2021-04-13 00:00:00,2021,4,2.209043506
2,2021-04-19 00:00:00,2021,4,0.0
2,2021-05-14 00:00:00,2021,5,0.448779014
2,2021-05-16 00:00:00,2021,5,0.0
2,2021-05-17 00:00:00,2021,5,0.001037607
2,2021-05-19 00:00:00,2021,5,0.152638395
11,2021-01-23 00:00:00,2021,1,0.0
11,2021-01-24 00:00:00,2021,1,0.0
11,2021-01-27 00:00:00,2021,1,0.0
11,2021-01-29 00:00:00,2021,1,0.627793374
11,2021-02-01 00:00:00,2021,2,0.0
11,2021-02-05 00:00:00,2021,2,0.0
11,2021-02-08 00:00:00,2021,2,0.0
11,2021-02-09 00:00:00,2021,2,0.0
11,2021-02-10 00:00:00,2021,2,0.0
11,2021-02-14 00:00:00,2021,2,0.0
11,2021-02-16 00:00:00,2021,2,0.0
11,2021-02-19 00:00:00,2021,2,0.100392825
11,2021-02-23 00:00:00,2021,2,0.0
11,2021-02-27 00:00:00,2021,2,0.0
11,2021-03-03 00:00:00,2021,3,0.0
11,2021-03-05 00:00:00,2021,3,0.0
11,2021-03-07 00:00:00,2021,3,0.0
11,2021-03-15 00:00:00,2021,3,0.0
11,2021-03-24 00:00:00,2021,3,0.006591811
11,2021-03-26 00:00:00,2021,3,0.129795306
11,2021-04-04 00:00:00,2021,4,6.374261568
11,2021-04-06 00:00:00,2021,4,0.636345151
11,2021-04-07 00:00:00,2021,4,0.0
11,2021-04-09 00:00:00,2021,4,1.78176
11,2021-04-15 00:00:00,2021,4,3.015423148
11,2021-04-20 00:00:00,2021,4,4.002109306
11,2021-04-25 00:00:00,2021,4,0.0
11,2021-05-01 00:00:00,2021,5,0.242713803
11,2021-05-07 00:00:00,2021,5,0.050635745
11,2021-05-10 00:00:00,2021,5,6.509604202
11,2021-05-12 00:00:00,2021,5,24.5315822
11,2021-05-13 00:00:00,2021,5,0.000397908
11,2021-05-27 00:00:00,2021,5,0.000227376
11,2021-06-02 00:00:00,2021,6,0.004436226
11,2021-06-16 00:00:00,2021,6,0.078941569
11,2021-06-21 00:00:00,2021,6,0.0
11,2021-06-23 00:00:00,2021,6,1.365051386
11,2021-06-26 00:00:00,2021,6,0.396924496
11,2021-07-12 00:00:00,2021,7,14.69087072
11,2021-07-22 00:00:00,2021,7,2.96855948
11,2021-07-23 00:00:00,2021,7,0.310424512
11,2021-07-24 00:00:00,2021,7,3.597733155
11,2021-07-26 00:00:00,2021,7,1.933153232
11,2021-07-27 00:00:00,2021,7,0.1254431
11,2021-08-03 00:00:00,2021,8,2.990304404
11,2021-08-08 00:00:00,2021,8,8.013149792
11,2021-08-11 00:00:00,2021,8,3.97402406
11,2021-08-18 00:00:00,2021,8,1.603725977
11,2021-08-26 00:00:00,2021,8,13.89260937
11,2021-09-07 00:00:00,2021,9,46.18342247
11,2021-09-15 00:00:00,2021,9,3.550269312
11,2021-09-17 00:00:00,2021,9,0.998520562
11,2021-09-29 00:00:00,2021,9,9.050813847
11,2021-10-12 00:00:00,2021,10,0.116446462
11,2021-10-27 00:00:00,2021,10,0.0
11,2021-10-31 00:00:00,2021,10,9.452328286
11,2021-11-02 00:00:00,2021,11,7.239390299
11,2021-11-03 00:00:00,2021,11,2.742085342
11,2021-11-04 00:00:00,2021,11,7.357706442
11,2021-11-05 00:00:00,2021,11,3.482399308
11,2021-11-15 00:00:00,2021,11,4.060931076
11,2021-11-25 00:00:00,2021,11,0.133897042
11,2021-12-04 00:00:00,2021,12,1.022292304
11,2021-12-05 00:00:00,2021,12,1.003541281
11,2021-12-09 00:00:00,2021,12,0.049448989
11,2021-12-11 00:00:00,2021,12,1.29824743
11,2021-12-16 00:00:00,2021,12,0.0
11,2021-12-21 00:00:00,2021,12,0.0
11,2021-12-26 00:00:00,2021,12,0.0
11,2021-01-04 00:00:00,2021,1,0.0
11,2021-04-19 00:00:00,2021,4,3.379574106
11,2021-12-17 00:00:00,2021,12,0.052303886
12,2021-01-13 00:00:00,2021,1,0.0
12,2021-01-23 00:00:00,2021,1,0.0
12,2021-01-26 00:00:00,2021,1,0.0
12,2021-01-30 00:00:00,2021,1,2.008076435
12,2021-01-31 00:00:00,2021,1,0.835111927
12,2021-02-06 00:00:00,2021,2,0.0
12,2021-02-11 00:00:00,2021,2,0.0
12,2021-02-14 00:00:00,2021,2,0.0
12,2021-02-18 00:00:00,2021,2,0.0
12,2021-02-28 00:00:00,2021,2,0.0
12,2021-03-03 00:00:00,2021,3,0.0
12,2021-03-15 00:00:00,2021,3,0.0
12,2021-03-19 00:00:00,2021,3,0.0
12,2021-03-21 00:00:00,2021,3,0.0
12,2021-03-22 00:00:00,2021,3,0.0
12,2021-03-27 00:00:00,2021,3,0.0
12,2021-03-29 00:00:00,2021,3,0.0
12,2021-04-02 00:00:00,2021,4,0.0
12,2021-04-03 00:00:00,2021,4,0.0
12,2021-04-04 00:00:00,2021,4,4.38472309
12,2021-04-05 00:00:00,2021,4,0.0
12,2021-04-09 00:00:00,2021,4,0.05765204
12,2021-04-12 00:00:00,2021,4,0.0
12,2021-04-24 00:00:00,2021,4,12.14512303
12,2021-04-29 00:00:00,2021,4,0.0
12,2021-04-30 00:00:00,2021,4,1.712521565
12,2021-05-02 00:00:00,2021,5,0.11150658
12,2021-05-12 00:00:00,2021,5,14.12581009
12,2021-05-14 00:00:00,2021,5,1.853946658
12,2021-05-16 00:00:00,2021,5,0.714407434
12,2021-06-11 00:00:00,2021,6,0.393965557
12,2021-06-13 00:00:00,2021,6,2.619435313
12,2021-06-26 00:00:00,2021,6,0.813859586
12,2021-06-28 00:00:00,2021,6,5.174056612
12,2021-06-29 00:00:00,2021,6,0.0
12,2021-07-06 00:00:00,2021,7,1.130887212
12,2021-07-09 00:00:00,2021,7,0.257374456
12,2021-07-14 00:00:00,2021,7,16.47401068
12,2021-07-25 00:00:00,2021,7,0.169373555
12,2021-08-02 00:00:00,2021,8,1.306038249
12,2021-08-03 00:00:00,2021,8,3.771093784
12,2021-08-06 00:00:00,2021,8,0.621287278
12,2021-08-11 00:00:00,2021,8,11.05550625
12,2021-08-17 00:00:00,2021,8,6.704927077
12,2021-08-18 00:00:00,2021,8,2.476865277
12,2021-08-26 00:00:00,2021,8,16.23778257
12,2021-08-27 00:00:00,2021,8,6.39758686
12,2021-09-08 00:00:00,2021,9,5.054680612
8,2021-02-27 00:00:00,2021,2,0.0
8,2021-03-26 00:00:00,2021,3,0.0
8,2021-03-28 00:00:00,2021,3,0.0
8,2021-03-31 00:00:00,2021,3,0.0
8,2021-04-04 00:00:00,2021,4,0.0
8,2021-04-23 00:00:00,2021,4,0.035905133
8,2021-04-30 00:00:00,2021,4,0.0
8,2021-05-06 00:00:00,2021,5,0.0
8,2021-05-07 00:00:00,2021,5,0.0
8,2021-05-13 00:00:00,2021,5,0.0
8,2021-05-25 00:00:00,2021,5,0.0
8,2021-05-26 00:00:00,2021,5,0.0
8,2021-05-29 00:00:00,2021,5,0.0
8,2021-06-07 00:00:00,2021,6,0.104253936
8,2021-06-10 00:00:00,2021,6,0.278658771
8,2021-07-06 00:00:00,2021,7,1.976856303
8,2021-07-08 00:00:00,2021,7,5.607003859
8,2021-07-09 00:00:00,2021,7,12.29275261
8,2021-07-10 00:00:00,2021,7,6.918831974
8,2021-07-16 00:00:00,2021,7,5.35795637
8,2021-07-29 00:00:00,2021,7,0.0
8,2021-08-02 00:00:00,2021,8,0.0
8,2021-08-03 00:00:00,2021,8,0.028532115
8,2021-08-07 00:00:00,2021,8,1.489488433
8,2021-08-13 00:00:00,2021,8,1.748697871
8,2021-08-21 00:00:00,2021,8,0.200235812
8,2021-08-29 00:00:00,2021,8,3.651005581
8,2021-09-02 00:00:00,2021,9,3.475289829
8,2021-09-13 00:00:00,2021,9,0.193701567
8,2021-09-18 00:00:00,2021,9,0.004772802
8,2021-09-19 00:00:00,2021,9,0.846283653
8,2021-09-20 00:00:00,2021,9,0.218306924
8,2021-09-21 00:00:00,2021,9,13.77752251
8,2021-10-06 00:00:00,2021,10,47.46905962
8,2021-10-20 00:00:00,2021,10,0.3393523
8,2021-10-22 00:00:00,2021,10,0.067371845
8,2021-11-07 00:00:00,2021,11,69.044426
8,2021-11-08 00:00:00,2021,11,25.9650389
8,2021-11-12 00:00:00,2021,11,69.54099494
8,2021-11-14 00:00:00,2021,11,6.339715854
8,2021-11-22 00:00:00,2021,11,8.959404859
8,2021-12-02 00:00:00,2021,12,0.018569855
8,2021-12-04 00:00:00,2021,12,0.0
8,2021-12-06 00:00:00,2021,12,0.0
8,2021-12-21 00:00:00,2021,12,0.0
8,2021-12-23 00:00:00,2021,12,0.0
8,2021-01-06 00:00:00,2021,1,26.05201153
8,2021-01-29 00:00:00,2021,1,0.145453266
8,2021-02-03 00:00:00,2021,2,0.713168793
8,2021-02-19 00:00:00,2021,2,0.001784845
8,2021-03-13 00:00:00,2021,3,0.0
8,2021-03-21 00:00:00,2021,3,0.0
8,2021-06-30 00:00:00,2021,6,0.002273436
8,2021-07-03 00:00:00,2021,7,16.43481901
8,2021-08-17 00:00:00,2021,8,2.533448395
8,2021-08-25 00:00:00,2021,8,0.84605179
8,2021-08-26 00:00:00,2021,8,1.171165431
8,2021-08-28 00:00:00,2021,8,13.5559415
8,2021-11-03 00:00:00,2021,11,14.6452287
8,2021-11-27 00:00:00,2021,11,4.333083099
10,2021-01-07 00:00:00,2021,1,0.0
10,2021-01-10 00:00:00,2021,1,0.0
10,2021-01-12 00:00:00,2021,1,0.0
10,2021-01-13 00:00:00,2021,1,0.0
10,2021-01-16 00:00:00,2021,1,0.0
10,2021-01-18 00:00:00,2021,1,0.0
10,2021-01-21 00:00:00,2021,1,0.0
10,2021-02-08 00:00:00,2021,2,0.0
10,2021-02-09 00:00:00,2021,2,0.0
10,2021-02-11 00:00:00,2021,2,0.0
10,2021-02-14 00:00:00,2021,2,0.0
10,2021-02-27 00:00:00,2021,2,0.0
10,2021-03-09 00:00:00,2021,3,0.0
10,2021-03-12 00:00:00,2021,3,0.00486854
10,2021-03-27 00:00:00,2021,3,0.0
10,2021-03-30 00:00:00,2021,3,0.0
10,2021-04-03 00:00:00,2021,4,0.0
10,2021-04-05 00:00:00,2021,4,0.493579533
10,2021-04-08 00:00:00,2021,4,0.0
10,2021-04-09 00:00:00,2021,4,0.0
10,2021-04-19 00:00:00,2021,4,0.650796058
10,2021-04-26 00:00:00,2021,4,0.0
10,2021-04-29 00:00:00,2021,4,0.0
10,2021-05-01 00:00:00,2021,5,0.4154535
10,2021-05-16 00:00:00,2021,5,0.060774836
10,2021-05-17 00:00:00,2021,5,0.012387372
10,2021-05-18 00:00:00,2021,5,0.0
10,2021-05-19 00:00:00,2021,5,0.0
10,2021-05-30 00:00:00,2021,5,1.034198343
10,2021-06-05 00:00:00,2021,6,0.0
10,2021-06-06 00:00:00,2021,6,0.0
10,2021-06-10 00:00:00,2021,6,9.533601847
10,2021-06-15 00:00:00,2021,6,0.001794088
10,2021-06-16 00:00:00,2021,6,0.0
10,2021-06-18 00:00:00,2021,6,0.112981804
10,2021-06-23 00:00:00,2021,6,0.263360848
10,2021-06-26 00:00:00,2021,6,0.633989202
10,2021-07-10 00:00:00,2021,7,7.161319397
10,2021-07-18 00:00:00,2021,7,4.29e-05
10,2021-07-27 00:00:00,2021,7,1.670870658
10,2021-08-02 00:00:00,2021,8,0.711372793
10,2021-08-04 00:00:00,2021,8,0.235242847
10,2021-08-11 00:00:00,2021,8,2.006183366
10,2021-08-13 00:00:00,2021,8,4.043404035
10,2021-08-21 00:00:00,2021,8,5.297217085
10,2021-08-22 00:00:00,2021,8,1.31777733
10,2021-08-27 00:00:00,2021,8,0.672801085
10,2021-09-07 00:00:00,2021,9,38.86280569
10,2021-09-13 00:00:00,2021,9,12.19369096
10,2021-09-17 00:00:00,2021,9,0.401923276
10,2021-09-18 00:00:00,2021,9,4.65575894
10,2021-09-20 00:00:00,2021,9,18.32011298
10,2021-09-26 00:00:00,2021,9,6.087029875
10,2021-09-30 00:00:00,2021,9,2.507605851
10,2021-10-07 00:00:00,2021,10,0.480119625
10,2021-10-08 00:00:00,2021,10,0.175267429
10,2021-10-09 00:00:00,2021,10,3.669189602
10,2021-10-12 00:00:00,2021,10,0.032957986
10,2021-10-22 00:00:00,2021,10,6.262307727
10,2021-10-28 00:00:00,2021,10,0.0
10,2021-11-06 00:00:00,2021,11,0.0
10,2021-11-07 00:00:00,2021,11,0.0
10,2021-11-12 00:00:00,2021,11,18.01231351
10,2021-11-21 00:00:00,2021,11,0.246537739
10,2021-11-30 00:00:00,2021,11,0.0
10,2021-12-05 00:00:00,2021,12,16.66328199
10,2021-12-09 00:00:00,2021,12,6.574811765
10,2021-12-14 00:00:00,2021,12,0.0
11,2021-01-02 00:00:00,2021,1,0.0
11,2021-01-03 00:00:00,2021,1,0.0
11,2021-01-05 00:00:00,2021,1,0.0
11,2021-01-08 00:00:00,2021,1,0.0
11,2021-01-06 00:00:00,2021,1,0.0
11,2021-01-11 00:00:00,2021,1,0.0
11,2021-01-17 00:00:00,2021,1,0.0
7,2021-07-08 00:00:00,2021,7,21.04731814
7,2021-07-19 00:00:00,2021,7,5.842518248
7,2021-07-21 00:00:00,2021,7,4.567322009
7,2021-07-27 00:00:00,2021,7,0.0
7,2021-07-30 00:00:00,2021,7,0.092600302
7,2021-08-01 00:00:00,2021,8,0.066559207
7,2021-08-04 00:00:00,2021,8,0.946961709
7,2021-08-06 00:00:00,2021,8,1.456791709
7,2021-08-08 00:00:00,2021,8,1.875971456
7,2021-08-10 00:00:00,2021,8,0.756242742
7,2021-08-19 00:00:00,2021,8,0.374725482
7,2021-08-30 00:00:00,2021,8,9.454691271
7,2021-09-11 00:00:00,2021,9,0.095412728
7,2021-09-14 00:00:00,2021,9,1.709632214
7,2021-09-17 00:00:00,2021,9,0.0
7,2021-09-22 00:00:00,2021,9,1.976292202
7,2021-09-23 00:00:00,2021,9,0.646662708
7,2021-09-26 00:00:00,2021,9,2.312713949
7,2021-09-29 00:00:00,2021,9,0.206248733
7,2021-09-30 00:00:00,2021,9,1.618460085
7,2021-10-05 00:00:00,2021,10,0.717967026
7,2021-10-20 00:00:00,2021,10,0.021103687
7,2021-10-25 00:00:00,2021,10,2.101653213
7,2021-11-02 00:00:00,2021,11,2.82324121
7,2021-11-09 00:00:00,2021,11,0.0
7,2021-11-16 00:00:00,2021,11,6.306098101
7,2021-11-24 00:00:00,2021,11,0.880931667
7,2021-11-25 00:00:00,2021,11,1.102088592
7,2021-11-30 00:00:00,2021,11,21.30228968
7,2021-12-03 00:00:00,2021,12,0.0
7,2021-12-04 00:00:00,2021,12,0.0
7,2021-12-06 00:00:00,2021,12,0.0
7,2021-12-08 00:00:00,2021,12,0.0
7,2021-12-09 00:00:00,2021,12,0.070531636
7,2021-12-15 00:00:00,2021,12,0.0
7,2021-12-16 00:00:00,2021,12,0.0
7,2021-12-17 00:00:00,2021,12,0.0
7,2021-12-18 00:00:00,2021,12,0.0
7,2021-12-21 00:00:00,2021,12,0.0
7,2021-12-24 00:00:00,2021,12,0.0
7,2021-12-25 00:00:00,2021,12,0.0
7,2021-12-26 00:00:00,2021,12,0.0
7,2021-12-31 00:00:00,2021,12,0.0
9,2021-01-03 00:00:00,2021,1,0.0
9,2021-01-04 00:00:00,2021,1,0.0
9,2021-01-06 00:00:00,2021,1,1.173999317
9,2021-01-07 00:00:00,2021,1,3.767245856
9,2021-01-13 00:00:00,2021,1,0.0
9,2021-01-14 00:00:00,2021,1,0.0
9,2021-01-21 00:00:00,2021,1,0.0
9,2021-01-25 00:00:00,2021,1,0.0
9,2021-01-28 00:00:00,2021,1,0.0
9,2021-02-01 00:00:00,2021,2,0.0
9,2021-02-05 00:00:00,2021,2,0.0
9,2021-02-06 00:00:00,2021,2,0.0
9,2021-02-10 00:00:00,2021,2,0.0
9,2021-02-16 00:00:00,2021,2,0.0
9,2021-02-18 00:00:00,2021,2,0.0
9,2021-02-21 00:00:00,2021,2,5.34633587
9,2021-02-24 00:00:00,2021,2,0.0
9,2021-02-25 00:00:00,2021,2,0.0
9,2021-03-03 00:00:00,2021,3,0.0
9,2021-03-07 00:00:00,2021,3,0.0
9,2021-03-08 00:00:00,2021,3,0.0
9,2021-03-10 00:00:00,2021,3,0.0
9,2021-03-14 00:00:00,2021,3,0.0
9,2021-03-20 00:00:00,2021,3,0.0
9,2021-04-08 00:00:00,2021,4,0.0
9,2021-04-14 00:00:00,2021,4,0.0
9,2021-04-15 00:00:00,2021,4,4.183078896
9,2021-04-19 00:00:00,2021,4,0.0
9,2021-04-26 00:00:00,2021,4,0.0
9,2021-04-28 00:00:00,2021,4,0.0
9,2021-05-02 00:00:00,2021,5,0.0
9,2021-05-05 00:00:00,2021,5,0.0
9,2021-05-06 00:00:00,2021,5,0.079592957
9,2021-05-07 00:00:00,2021,5,0.0
9,2021-05-18 00:00:00,2021,5,0.82789222
9,2021-05-19 00:00:00,2021,5,0.126341928
9,2021-05-23 00:00:00,2021,5,0.110604393
9,2021-05-31 00:00:00,2021,5,0.064830195
9,2021-06-11 00:00:00,2021,6,0.444029894
9,2021-06-25 00:00:00,2021,6,2.851597592
9,2021-06-29 00:00:00,2021,6,0.28659148
9,2021-07-08 00:00:00,2021,7,12.88108527
9,2021-07-11 00:00:00,2021,7,1.456888445
9,2021-07-27 00:00:00,2021,7,0.021571256
9,2021-07-28 00:00:00,2021,7,0.021571256
9,2021-07-29 00:00:00,2021,7,0.0
9,2021-08-03 00:00:00,2021,8,0.0
9,2021-08-04 00:00:00,2021,8,0.706158227
9,2021-08-07 00:00:00,2021,8,0.0
9,2021-08-11 00:00:00,2021,8,3.012238681
9,2021-08-26 00:00:00,2021,8,11.8394888
9,2021-08-27 00:00:00,2021,8,5.11661552
9,2021-08-31 00:00:00,2021,8,2.804763797
9,2021-09-03 00:00:00,2021,9,10.85960243
9,2021-09-15 00:00:00,2021,9,1.006838198
9,2021-09-19 00:00:00,2021,9,2.308618057
9,2021-09-22 00:00:00,2021,9,0.891418745
9,2021-10-11 00:00:00,2021,10,2.315069641
9,2021-10-13 00:00:00,2021,10,1.602409927
9,2021-10-15 00:00:00,2021,10,0.085667716
9,2021-10-17 00:00:00,2021,10,4.531342128
9,2021-10-19 00:00:00,2021,10,0.0
9,2021-10-23 00:00:00,2021,10,0.409989291
9,2021-10-21 00:00:00,2021,10,3.810447129
9,2021-10-30 00:00:00,2021,10,22.07531246
9,2021-11-03 00:00:00,2021,11,4.823241649
9,2021-11-08 00:00:00,2021,11,1.296076657
9,2021-11-12 00:00:00,2021,11,19.47259949
9,2021-11-15 00:00:00,2021,11,16.87558813
9,2021-11-18 00:00:00,2021,11,10.32169793
9,2021-11-23 00:00:00,2021,11,1.497112983
9,2021-11-24 00:00:00,2021,11,1.670008514
9,2021-11-26 00:00:00,2021,11,0.0
9,2021-11-30 00:00:00,2021,11,21.97609118
9,2021-12-12 00:00:00,2021,12,2.300432793
9,2021-12-20 00:00:00,2021,12,0.0
9,2021-12-22 00:00:00,2021,12,0.0
9,2021-12-27 00:00:00,2021,12,0.0
9,2021-12-31 00:00:00,2021,12,0.081128186
8,2021-01-02 00:00:00,2021,1,0.0
8,2021-01-08 00:00:00,2021,1,4.895845957
8,2021-01-15 00:00:00,2021,1,0.0
8,2021-01-17 00:00:00,2021,1,0.0
8,2021-01-20 00:00:00,2021,1,0.0
8,2021-01-26 00:00:00,2021,1,0.0
8,2021-01-27 00:00:00,2021,1,0.0
8,2021-02-01 00:00:00,2021,2,0.0
8,2021-02-10 00:00:00,2021,2,0.0
8,2021-02-16 00:00:00,2021,2,0.0
13,2021-10-18 00:00:00,2021,10,3.440730163
13,2021-10-22 00:00:00,2021,10,1.072576826
13,2021-10-24 00:00:00,2021,10,7.2280095
13,2021-10-25 00:00:00,2021,10,0.0
13,2021-11-02 00:00:00,2021,11,12.7611849
13,2021-11-03 00:00:00,2021,11,4.004765153
13,2021-11-14 00:00:00,2021,11,1.878581611
13,2021-11-18 00:00:00,2021,11,0.339761787
13,2021-11-29 00:00:00,2021,11,2.026741277
13,2021-12-01 00:00:00,2021,12,0.0
13,2021-12-10 00:00:00,2021,12,0.153355516
13,2021-12-14 00:00:00,2021,12,0.0
13,2021-12-19 00:00:00,2021,12,0.0
13,2021-12-24 00:00:00,2021,12,0.0
5,2021-01-02 00:00:00,2021,1,0.0
5,2021-01-20 00:00:00,2021,1,0.0
5,2021-02-01 00:00:00,2021,2,0.0
5,2021-02-09 00:00:00,2021,2,0.0
5,2021-02-08 00:00:00,2021,2,0.0
5,2021-02-27 00:00:00,2021,2,0.0
5,2021-03-02 00:00:00,2021,3,0.0
5,2021-03-06 00:00:00,2021,3,0.0
5,2021-03-11 00:00:00,2021,3,0.0
5,2021-03-12 00:00:00,2021,3,0.0
5,2021-03-24 00:00:00,2021,3,0.0
5,2021-03-28 00:00:00,2021,3,0.0
5,2021-04-07 00:00:00,2021,4,0.0
5,2021-04-21 00:00:00,2021,4,0.022083107
5,2021-04-25 00:00:00,2021,4,0.14570496
5,2021-04-28 00:00:00,2021,4,0.0
5,2021-04-29 00:00:00,2021,4,2.347323987
5,2021-05-01 00:00:00,2021,5,0.00438397
5,2021-05-03 00:00:00,2021,5,0.078773653
5,2021-05-05 00:00:00,2021,5,0.0
5,2021-05-15 00:00:00,2021,5,0.0
5,2021-05-17 00:00:00,2021,5,0.023816949
5,2021-05-28 00:00:00,2021,5,0.0
5,2021-06-02 00:00:00,2021,6,1.19865377
5,2021-06-05 00:00:00,2021,6,30.4693184
5,2021-06-14 00:00:00,2021,6,0.004315513
5,2021-06-16 00:00:00,2021,6,0.354854343
5,2021-06-24 00:00:00,2021,6,0.488564923
5,2021-07-02 00:00:00,2021,7,3.571686759
5,2021-07-14 00:00:00,2021,7,1.220112457
5,2021-07-20 00:00:00,2021,7,2.315436898
5,2021-07-31 00:00:00,2021,7,0.257649396
5,2021-08-02 00:00:00,2021,8,0.045690763
5,2021-08-03 00:00:00,2021,8,0.003049769
5,2021-08-05 00:00:00,2021,8,0.006603566
5,2021-08-14 00:00:00,2021,8,0.213503801
5,2021-08-15 00:00:00,2021,8,0.002314654
5,2021-08-17 00:00:00,2021,8,6.494462871
5,2021-08-18 00:00:00,2021,8,0.03965637
5,2021-08-27 00:00:00,2021,8,1.834293922
5,2021-08-28 00:00:00,2021,8,16.36055558
5,2021-09-03 00:00:00,2021,9,11.94707853
5,2021-09-04 00:00:00,2021,9,6.51605963
5,2021-09-05 00:00:00,2021,9,3.436061147
5,2021-09-08 00:00:00,2021,9,0.024145391
5,2021-09-14 00:00:00,2021,9,0.070331022
5,2021-09-21 00:00:00,2021,9,1.524428726
5,2021-10-01 00:00:00,2021,10,0.275376715
5,2021-10-02 00:00:00,2021,10,1.963310259
5,2021-10-04 00:00:00,2021,10,0.024881826
5,2021-10-06 00:00:00,2021,10,22.00273727
5,2021-10-07 00:00:00,2021,10,6.278821837
5,2021-10-17 00:00:00,2021,10,1.69149393
5,2021-10-21 00:00:00,2021,10,3.16303056
5,2021-10-22 00:00:00,2021,10,1.647520353
5,2021-10-24 00:00:00,2021,10,13.49682202
5,2021-10-30 00:00:00,2021,10,35.58422129
5,2021-11-05 00:00:00,2021,11,2.043705225
5,2021-11-07 00:00:00,2021,11,20.13504417
5,2021-11-17 00:00:00,2021,11,4.474295714
5,2021-11-21 00:00:00,2021,11,10.32408296
5,2021-11-26 00:00:00,2021,11,0.220106001
5,2021-11-30 00:00:00,2021,11,26.72926072
5,2021-12-09 00:00:00,2021,12,5.657650524
5,2021-12-10 00:00:00,2021,12,10.43943178
5,2021-12-13 00:00:00,2021,12,0.658894829
5,2021-12-20 00:00:00,2021,12,0.0
5,2021-12-27 00:00:00,2021,12,0.0
6,2021-02-19 00:00:00,2021,2,0.0
6,2021-02-20 00:00:00,2021,2,1.261371336
6,2021-03-01 00:00:00,2021,3,0.0
6,2021-03-04 00:00:00,2021,3,0.0
6,2021-03-09 00:00:00,2021,3,0.0
6,2021-03-21 00:00:00,2021,3,0.0
6,2021-03-23 00:00:00,2021,3,0.0
6,2021-04-11 00:00:00,2021,4,0.0
6,2021-04-16 00:00:00,2021,4,0.000294057
6,2021-04-18 00:00:00,2021,4,0.0
6,2021-04-19 00:00:00,2021,4,0.0
6,2021-04-20 00:00:00,2021,4,0.0
6,2021-04-25 00:00:00,2021,4,0.867353792
6,2021-04-28 00:00:00,2021,4,1.204663349
6,2021-05-20 00:00:00,2021,5,1.426429397
6,2021-06-19 00:00:00,2021,6,0.95441469
6,2021-06-21 00:00:00,2021,6,0.0
6,2021-06-29 00:00:00,2021,6,0.185528473
6,2021-07-02 00:00:00,2021,7,24.51825879
6,2021-07-17 00:00:00,2021,7,1.264898033
6,2021-07-31 00:00:00,2021,7,0.856794431
6,2021-08-04 00:00:00,2021,8,0.008231605
6,2021-08-05 00:00:00,2021,8,0.167858935
6,2021-08-07 00:00:00,2021,8,0.193267239
6,2021-08-12 00:00:00,2021,8,0.193733298
6,2021-08-16 00:00:00,2021,8,18.86983243
6,2021-08-17 00:00:00,2021,8,6.381155618
6,2021-08-22 00:00:00,2021,8,17.31369617
6,2021-08-27 00:00:00,2021,8,7.994370317
6,2021-09-03 00:00:00,2021,9,20.51363658
6,2021-09-13 00:00:00,2021,9,1.428608379
6,2021-09-20 00:00:00,2021,9,7.933896581
6,2021-09-24 00:00:00,2021,9,2.666322858
6,2021-10-03 00:00:00,2021,10,0.476882548
6,2021-10-06 00:00:00,2021,10,4.529043979
6,2021-10-15 00:00:00,2021,10,0.988833153
6,2021-10-17 00:00:00,2021,10,0.701297336
6,2021-10-23 00:00:00,2021,10,0.066898509
6,2021-10-25 00:00:00,2021,10,0.044183325
6,2021-10-28 00:00:00,2021,10,0.0
6,2021-10-30 00:00:00,2021,10,12.76628008
6,2021-11-02 00:00:00,2021,11,17.76737724
6,2021-11-03 00:00:00,2021,11,2.057882527
6,2021-11-05 00:00:00,2021,11,0.293779547
6,2021-11-09 00:00:00,2021,11,0.0
6,2021-11-10 00:00:00,2021,11,0.0
6,2021-11-16 00:00:00,2021,11,9.441709931
6,2021-11-17 00:00:00,2021,11,2.563488369
6,2021-11-30 00:00:00,2021,11,0.0
6,2021-12-05 00:00:00,2021,12,0.0
6,2021-12-11 00:00:00,2021,12,0.052806109
6,2021-12-17 00:00:00,2021,12,0.0
6,2021-12-18 00:00:00,2021,12,0.0
6,2021-12-27 00:00:00,2021,12,0.0
6,2021-12-30 00:00:00,2021,12,0.0
7,2021-01-04 00:00:00,2021,1,0.0
7,2021-01-10 00:00:00,2021,1,0.029731811
7,2021-01-15 00:00:00,2021,1,0.0
7,2021-01-21 00:00:00,2021,1,0.0
7,2021-01-25 00:00:00,2021,1,0.0
7,2021-01-31 00:00:00,2021,1,0.0
7,2021-02-01 00:00:00,2021,2,0.0
7,2021-02-03 00:00:00,2021,2,0.0
7,2021-02-05 00:00:00,2021,2,0.0
7,2021-02-09 00:00:00,2021,2,0.0
7,2021-02-10 00:00:00,2021,2,0.0
7,2021-02-15 00:00:00,2021,2,0.0
7,2021-02-18 00:00:00,2021,2,0.0
7,2021-03-09 00:00:00,2021,3,0.0
7,2021-03-10 00:00:00,2021,3,0.0
7,2021-03-18 00:00:00,2021,3,0.0
7,2021-03-22 00:00:00,2021,3,0.0
7,2021-04-14 00:00:00,2021,4,0.005193934
7,2021-04-15 00:00:00,2021,4,8.601272592
7,2021-04-19 00:00:00,2021,4,0.000246172
7,2021-04-21 00:00:00,2021,4,8.787386692
7,2021-04-24 00:00:00,2021,4,5.049820763
7,2021-04-27 00:00:00,2021,4,0.0
7,2021-05-08 00:00:00,2021,5,0.0
7,2021-05-16 00:00:00,2021,5,2.562452261
7,2021-05-19 00:00:00,2021,5,0.930763805
7,2021-05-24 00:00:00,2021,5,3.693754464
7,2021-05-28 00:00:00,2021,5,0.000246172
7,2021-06-25 00:00:00,2021,6,1.574734989
7,2021-06-26 00:00:00,2021,6,1.369591527
3,2021-10-03 00:00:00,2021,10,0.37703193
3,2021-10-06 00:00:00,2021,10,0.512623677
3,2021-10-16 00:00:00,2021,10,15.61330958
3,2021-10-17 00:00:00,2021,10,17.71066917
3,2021-10-20 00:00:00,2021,10,0.717524265
3,2021-10-28 00:00:00,2021,10,0.186467339
3,2021-10-29 00:00:00,2021,10,0.57995281
3,2021-10-31 00:00:00,2021,10,6.911937824
3,2021-11-11 00:00:00,2021,11,1.083902792
3,2021-11-12 00:00:00,2021,11,6.715279191
3,2021-11-20 00:00:00,2021,11,16.11375642
3,2021-11-23 00:00:00,2021,11,8.475582397
3,2021-12-06 00:00:00,2021,12,0.150602711
3,2021-12-07 00:00:00,2021,12,0.0
3,2021-12-10 00:00:00,2021,12,0.535650505
3,2021-12-25 00:00:00,2021,12,0.0
3,2021-12-27 00:00:00,2021,12,0.0
4,2021-01-06 00:00:00,2021,1,0.000208967
4,2021-01-07 00:00:00,2021,1,0.000208967
4,2021-01-14 00:00:00,2021,1,0.0
4,2021-01-17 00:00:00,2021,1,0.0
4,2021-01-22 00:00:00,2021,1,0.0
4,2021-02-02 00:00:00,2021,2,0.0
4,2021-02-06 00:00:00,2021,2,0.0
4,2021-02-08 00:00:00,2021,2,0.0
4,2021-02-10 00:00:00,2021,2,0.0
4,2021-02-17 00:00:00,2021,2,0.0
4,2021-02-18 00:00:00,2021,2,0.0
4,2021-02-25 00:00:00,2021,2,0.0
4,2021-03-11 00:00:00,2021,3,0.0
4,2021-03-10 00:00:00,2021,3,0.0
4,2021-03-13 00:00:00,2021,3,0.0
4,2021-03-20 00:00:00,2021,3,0.0
4,2021-03-24 00:00:00,2021,3,0.0
4,2021-04-03 00:00:00,2021,4,0.0
4,2021-04-17 00:00:00,2021,4,0.0
4,2021-04-19 00:00:00,2021,4,0.0
4,2021-05-23 00:00:00,2021,5,1.620679433
4,2021-05-26 00:00:00,2021,5,0.0
4,2021-05-31 00:00:00,2021,5,0.000618214
4,2021-06-05 00:00:00,2021,6,7.453178259
4,2021-06-14 00:00:00,2021,6,4.106275515
4,2021-06-22 00:00:00,2021,6,0.142844036
4,2021-06-23 00:00:00,2021,6,1.895097364
4,2021-06-24 00:00:00,2021,6,6.668930283
4,2021-06-27 00:00:00,2021,6,22.94513621
4,2021-07-19 00:00:00,2021,7,4.115840382
4,2021-07-31 00:00:00,2021,7,0.878666184
4,2021-08-04 00:00:00,2021,8,0.0
4,2021-08-12 00:00:00,2021,8,1.840604286
4,2021-08-19 00:00:00,2021,8,2.388706755
4,2021-08-20 00:00:00,2021,8,0.365594271
4,2021-09-07 00:00:00,2021,9,10.16107214
4,2021-09-23 00:00:00,2021,9,2.046070405
4,2021-09-25 00:00:00,2021,9,13.42099316
4,2021-09-28 00:00:00,2021,9,21.12278812
4,2021-09-29 00:00:00,2021,9,3.017383533
4,2021-10-01 00:00:00,2021,10,6.242489515
4,2021-10-06 00:00:00,2021,10,4.435699341
4,2021-10-10 00:00:00,2021,10,0.050307663
4,2021-10-16 00:00:00,2021,10,4.44432357
4,2021-10-18 00:00:00,2021,10,1.436238052
4,2021-10-19 00:00:00,2021,10,0.0
4,2021-10-20 00:00:00,2021,10,0.31815949
4,2021-10-29 00:00:00,2021,10,1.462665657
4,2021-11-01 00:00:00,2021,11,1.911958016
4,2021-11-12 00:00:00,2021,11,10.15981754
4,2021-11-16 00:00:00,2021,11,11.72594159
4,2021-11-17 00:00:00,2021,11,8.945275162
4,2021-11-21 00:00:00,2021,11,19.59504314
4,2021-11-26 00:00:00,2021,11,0.0
4,2021-11-27 00:00:00,2021,11,0.0
4,2021-12-15 00:00:00,2021,12,0.0
4,2021-12-26 00:00:00,2021,12,0.0
4,2021-12-29 00:00:00,2021,12,0.0
6,2021-01-07 00:00:00,2021,1,0.0
6,2021-01-09 00:00:00,2021,1,0.0
6,2021-01-10 00:00:00,2021,1,0.0
6,2021-01-24 00:00:00,2021,1,0.0
6,2021-02-13 00:00:00,2021,2,0.0
6,2021-02-14 00:00:00,2021,2,0.0
12,2021-09-18 00:00:00,2021,9,6.544998134
12,2021-09-19 00:00:00,2021,9,3.528034429
12,2021-09-20 00:00:00,2021,9,16.6871679
12,2021-09-22 00:00:00,2021,9,1.760748219
12,2021-09-24 00:00:00,2021,9,3.509586839
12,2021-09-28 00:00:00,2021,9,29.46106467
12,2021-09-29 00:00:00,2021,9,6.758925484
12,2021-10-08 00:00:00,2021,10,0.482540976
12,2021-10-14 00:00:00,2021,10,0.0
12,2021-10-25 00:00:00,2021,10,0.0
12,2021-10-28 00:00:00,2021,10,0.0
12,2021-11-03 00:00:00,2021,11,6.224287112
12,2021-11-07 00:00:00,2021,11,0.0
12,2021-11-08 00:00:00,2021,11,0.0
12,2021-11-10 00:00:00,2021,11,0.0
12,2021-11-14 00:00:00,2021,11,7.101436317
12,2021-11-24 00:00:00,2021,11,1.589906313
12,2021-11-27 00:00:00,2021,11,0.0
12,2021-12-09 00:00:00,2021,12,1.900474631
12,2021-12-19 00:00:00,2021,12,0.0
12,2021-12-22 00:00:00,2021,12,0.0
12,2021-12-27 00:00:00,2021,12,0.0
13,2021-01-01 00:00:00,2021,1,0.0
13,2021-01-12 00:00:00,2021,1,0.0
13,2021-01-15 00:00:00,2021,1,0.0
13,2021-01-16 00:00:00,2021,1,0.0
13,2021-01-21 00:00:00,2021,1,0.0
13,2021-01-22 00:00:00,2021,1,0.0
13,2021-01-28 00:00:00,2021,1,0.0
13,2021-01-31 00:00:00,2021,1,0.003618271
13,2021-02-14 00:00:00,2021,2,0.0
13,2021-02-16 00:00:00,2021,2,0.0
13,2021-02-21 00:00:00,2021,2,0.054678954
13,2021-02-23 00:00:00,2021,2,0.0
13,2021-03-04 00:00:00,2021,3,0.0
13,2021-03-12 00:00:00,2021,3,0.0
13,2021-03-21 00:00:00,2021,3,0.022287623
13,2021-03-29 00:00:00,2021,3,0.0
13,2021-03-31 00:00:00,2021,3,0.0
13,2021-04-02 00:00:00,2021,4,0.0
13,2021-04-07 00:00:00,2021,4,0.0
13,2021-04-10 00:00:00,2021,4,0.0
13,2021-04-18 00:00:00,2021,4,0.0
13,2021-04-22 00:00:00,2021,4,1.080737235
13,2021-05-13 00:00:00,2021,5,0.0
13,2021-05-19 00:00:00,2021,5,0.06672581
13,2021-05-23 00:00:00,2021,5,3.623545278
13,2021-05-30 00:00:00,2021,5,0.599025874
13,2021-06-02 00:00:00,2021,6,0.051137556
13,2021-06-08 00:00:00,2021,6,1.393192588
13,2021-06-14 00:00:00,2021,6,2.098109465
13,2021-06-20 00:00:00,2021,6,0.223179119
13,2021-06-24 00:00:00,2021,6,2.969527989
13,2021-07-06 00:00:00,2021,7,0.996705605
13,2021-07-07 00:00:00,2021,7,0.101015347
13,2021-07-08 00:00:00,2021,7,25.23636164
13,2021-07-17 00:00:00,2021,7,3.454804613
13,2021-07-18 00:00:00,2021,7,0.378511484
13,2021-07-24 00:00:00,2021,7,14.50374837
13,2021-07-27 00:00:00,2021,7,0.60621477
13,2021-08-03 00:00:00,2021,8,0.057406164
13,2021-08-11 00:00:00,2021,8,11.98515893
13,2021-08-15 00:00:00,2021,8,15.45572679
13,2021-08-23 00:00:00,2021,8,0.89659553
13,2021-08-29 00:00:00,2021,8,1.120835205
13,2021-09-02 00:00:00,2021,9,11.73181526
13,2021-09-03 00:00:00,2021,9,14.16741914
13,2021-09-10 00:00:00,2021,9,0.141139874
13,2021-09-24 00:00:00,2021,9,4.909954167
13,2021-09-26 00:00:00,2021,9,4.876543185
13,2021-09-30 00:00:00,2021,9,1.493505427
13,2021-10-11 00:00:00,2021,10,0.579269422
13,2021-10-14 00:00:00,2021,10,3.724518407
13,2021-10-15 00:00:00,2021,10,0.063369799
2,2021-05-23 00:00:00,2021,5,0.003477475
2,2021-05-27 00:00:00,2021,5,0.002305653
2,2021-06-02 00:00:00,2021,6,3.965379798
2,2021-06-08 00:00:00,2021,6,1.544533605
2,2021-06-10 00:00:00,2021,6,0.0
2,2021-06-14 00:00:00,2021,6,0.250900283
2,2021-06-18 00:00:00,2021,6,0.005076101
2,2021-07-02 00:00:00,2021,7,10.42487621
2,2021-07-12 00:00:00,2021,7,0.758723728
2,2021-07-15 00:00:00,2021,7,24.73433065
2,2021-07-20 00:00:00,2021,7,10.41407012
2,2021-07-22 00:00:00,2021,7,1.346993708
2,2021-07-26 00:00:00,2021,7,13.56313421
2,2021-08-06 00:00:00,2021,8,0.843011745
2,2021-08-08 00:00:00,2021,8,2.503996245
2,2021-08-14 00:00:00,2021,8,0.024652822
2,2021-08-15 00:00:00,2021,8,0.047875171
2,2021-08-19 00:00:00,2021,8,3.260638387
2,2021-08-22 00:00:00,2021,8,4.597339766
2,2021-08-31 00:00:00,2021,8,0.68738296
2,2021-09-04 00:00:00,2021,9,19.55063762
2,2021-09-05 00:00:00,2021,9,2.70743525
2,2021-09-08 00:00:00,2021,9,0.94135425
2,2021-09-11 00:00:00,2021,9,0.016422728
2,2021-09-16 00:00:00,2021,9,1.717954529
2,2021-09-22 00:00:00,2021,9,16.22977
2,2021-09-25 00:00:00,2021,9,1.479416721
2,2021-10-02 00:00:00,2021,10,0.892569925
2,2021-10-03 00:00:00,2021,10,3.826725317
2,2021-10-06 00:00:00,2021,10,41.95757911
2,2021-10-12 00:00:00,2021,10,3.510426321
2,2021-10-20 00:00:00,2021,10,1.6e-07
2,2021-10-22 00:00:00,2021,10,0.46251557
2,2021-10-24 00:00:00,2021,10,2.042482743
2,2021-10-31 00:00:00,2021,10,5.110741287
2,2021-11-10 00:00:00,2021,11,2.786694271
2,2021-11-14 00:00:00,2021,11,1.121460578
2,2021-11-20 00:00:00,2021,11,14.77600371
2,2021-11-26 00:00:00,2021,11,1.903585891
2,2021-11-29 00:00:00,2021,11,39.02289087
2,2021-12-06 00:00:00,2021,12,0.301461425
2,2021-12-09 00:00:00,2021,12,1.079121178
2,2021-12-12 00:00:00,2021,12,3.990865694
2,2021-12-13 00:00:00,2021,12,5.326709466
2,2021-12-16 00:00:00,2021,12,0.0
2,2021-12-17 00:00:00,2021,12,0.0
2,2021-12-24 00:00:00,2021,12,0.0
2,2021-12-28 00:00:00,2021,12,0.0
2,2021-12-30 00:00:00,2021,12,0.08466929
3,2021-01-13 00:00:00,2021,1,0.0
3,2021-01-23 00:00:00,2021,1,0.0
3,2021-01-26 00:00:00,2021,1,0.0
3,2021-02-02 00:00:00,2021,2,0.0
3,2021-02-19 00:00:00,2021,2,0.082691432
3,2021-03-05 00:00:00,2021,3,0.0
3,2021-03-08 00:00:00,2021,3,0.0
3,2021-03-12 00:00:00,2021,3,0.0
3,2021-03-10 00:00:00,2021,3,0.0
3,2021-03-14 00:00:00,2021,3,0.004471661
3,2021-03-20 00:00:00,2021,3,0.0
3,2021-03-22 00:00:00,2021,3,0.0
3,2021-03-24 00:00:00,2021,3,0.0
3,2021-04-07 00:00:00,2021,4,0.0
3,2021-04-13 00:00:00,2021,4,1.657123658
3,2021-04-18 00:00:00,2021,4,0.0
3,2021-04-28 00:00:00,2021,4,1.866439741
3,2021-04-30 00:00:00,2021,4,3.185016986
3,2021-05-01 00:00:00,2021,5,0.0
3,2021-05-05 00:00:00,2021,5,3.965936429
3,2021-05-10 00:00:00,2021,5,0.234090249
3,2021-05-13 00:00:00,2021,5,0.0
3,2021-05-20 00:00:00,2021,5,0.055107567
3,2021-05-23 00:00:00,2021,5,6.997300379
3,2021-06-09 00:00:00,2021,6,2.329482563
3,2021-06-13 00:00:00,2021,6,1.995937124
3,2021-06-17 00:00:00,2021,6,3.717488268
3,2021-06-20 00:00:00,2021,6,0.008248904
3,2021-06-23 00:00:00,2021,6,6.052479438
3,2021-06-25 00:00:00,2021,6,11.02277832
3,2021-06-29 00:00:00,2021,6,0.556803409
3,2021-07-04 00:00:00,2021,7,3.200797907
3,2021-07-06 00:00:00,2021,7,0.533374129
3,2021-07-07 00:00:00,2021,7,4.712670382
3,2021-07-11 00:00:00,2021,7,14.88547012
3,2021-07-16 00:00:00,2021,7,5.718665375
3,2021-07-22 00:00:00,2021,7,25.26677147
3,2021-07-23 00:00:00,2021,7,8.330915316
3,2021-07-14 00:00:00,2021,7,12.89017137
3,2021-07-24 00:00:00,2021,7,10.98211465
3,2021-07-25 00:00:00,2021,7,2.201994563
3,2021-07-29 00:00:00,2021,7,1.779667568
3,2021-08-03 00:00:00,2021,8,0.912550279
3,2021-08-05 00:00:00,2021,8,1.107868304
3,2021-08-06 00:00:00,2021,8,1.45503574
3,2021-08-18 00:00:00,2021,8,7.001783179
3,2021-08-31 00:00:00,2021,8,11.46520847
3,2021-09-05 00:00:00,2021,9,9.957209905
3,2021-09-06 00:00:00,2021,9,22.10491461
3,2021-09-09 00:00:00,2021,9,3.778964237
3,2021-09-12 00:00:00,2021,9,5.977702199
3,2021-09-18 00:00:00,2021,9,2.689897492
3,2021-09-19 00:00:00,2021,9,7.130155843
3,2021-09-22 00:00:00,2021,9,0.198919207
3,2021-09-23 00:00:00,2021,9,10.8608477
3,2021-09-27 00:00:00,2021,9,77.85421128
3,2021-10-02 00:00:00,2021,10,0.79235295
1,2021-03-31 00:00:00,2021,3,0.0
1,2021-04-09 00:00:00,2021,4,0.0
1,2021-04-23 00:00:00,2021,4,5.527511058
1,2021-05-18 00:00:00,2021,5,1.978634405
1,2021-05-30 00:00:00,2021,5,0.034667132
1,2021-07-24 00:00:00,2021,7,0.048979222
1,2021-07-29 00:00:00,2021,7,0.0
1,2021-08-10 00:00:00,2021,8,6.890051641
6,2021-02-18 00:00:00,2021,2,0.0
6,2021-02-21 00:00:00,2021,2,1.554401857
6,2021-02-22 00:00:00,2021,2,0.0
6,2021-03-05 00:00:00,2021,3,0.0
6,2021-03-06 00:00:00,2021,3,0.0
6,2021-03-07 00:00:00,2021,3,0.0
6,2021-03-10 00:00:00,2021,3,0.0
6,2021-03-14 00:00:00,2021,3,0.0
6,2021-03-16 00:00:00,2021,3,0.0
6,2021-03-20 00:00:00,2021,3,0.0
6,2021-03-24 00:00:00,2021,3,0.0
6,2021-03-25 00:00:00,2021,3,0.0
6,2021-03-27 00:00:00,2021,3,0.0
6,2021-03-30 00:00:00,2021,3,0.0
6,2021-04-05 00:00:00,2021,4,0.0
6,2021-04-09 00:00:00,2021,4,0.0
6,2021-04-14 00:00:00,2021,4,0.026220801
6,2021-04-30 00:00:00,2021,4,0.062519617
6,2021-05-05 00:00:00,2021,5,0.829722489
6,2021-05-06 00:00:00,2021,5,0.085234252
6,2021-05-08 00:00:00,2021,5,0.050812104
6,2021-05-10 00:00:00,2021,5,0.0
6,2021-05-19 00:00:00,2021,5,0.062792434
6,2021-05-27 00:00:00,2021,5,0.0
6,2021-05-31 00:00:00,2021,5,0.0
6,2021-06-03 00:00:00,2021,6,18.1272699
6,2021-06-06 00:00:00,2021,6,0.172156615
6,2021-06-07 00:00:00,2021,6,1.679401364
6,2021-06-15 00:00:00,2021,6,0.053100166
6,2021-06-20 00:00:00,2021,6,1.450100428
6,2021-06-24 00:00:00,2021,6,3.986715532
6,2021-07-01 00:00:00,2021,7,37.31433299
6,2021-07-03 00:00:00,2021,7,4.107380723
6,2021-07-10 00:00:00,2021,7,14.92697476
6,2021-07-11 00:00:00,2021,7,8.779896966
6,2021-07-12 00:00:00,2021,7,10.14015825
6,2021-07-19 00:00:00,2021,7,6.57173116
6,2021-07-24 00:00:00,2021,7,11.24793188
6,2021-07-25 00:00:00,2021,7,0.031473998
6,2021-07-29 00:00:00,2021,7,0.491480756
6,2021-08-01 00:00:00,2021,8,0.0
6,2021-08-03 00:00:00,2021,8,0.0
6,2021-08-11 00:00:00,2021,8,12.26075501
6,2021-08-14 00:00:00,2021,8,18.33597965
6,2021-08-20 00:00:00,2021,8,0.391881801
6,2021-08-24 00:00:00,2021,8,0.011080315
6,2021-08-28 00:00:00,2021,8,4.208327373
6,2021-08-30 00:00:00,2021,8,5.563899934
6,2021-08-31 00:00:00,2021,8,6.718291074
6,2021-09-07 00:00:00,2021,9,22.63787225
6,2021-09-08 00:00:00,2021,9,1.064514795
6,2021-09-30 00:00:00,2021,9,0.459709431
6,2021-10-01 00:00:00,2021,10,13.15099256
6,2021-10-04 00:00:00,2021,10,0.782208888
6,2021-10-05 00:00:00,2021,10,4.806173417
6,2021-10-13 00:00:00,2021,10,3.260150561
6,2021-10-16 00:00:00,2021,10,10.1928921
6,2021-10-20 00:00:00,2021,10,0.0
6,2021-10-22 00:00:00,2021,10,0.275599305
6,2021-11-04 00:00:00,2021,11,3.981667158
6,2021-11-18 00:00:00,2021,11,0.208508004
6,2021-11-20 00:00:00,2021,11,10.15451217
6,2021-11-23 00:00:00,2021,11,1.199740063
6,2021-11-27 00:00:00,2021,11,0.0
6,2021-11-28 00:00:00,2021,11,0.0
6,2021-12-04 00:00:00,2021,12,0.0
6,2021-12-10 00:00:00,2021,12,0.035448443
6,2021-12-19 00:00:00,2021,12,0.0
6,2021-12-22 00:00:00,2021,12,0.0
7,2021-01-01 00:00:00,2021,1,0.0
7,2021-01-02 00:00:00,2021,1,0.0
7,2021-01-07 00:00:00,2021,1,10.48387927
7,2021-01-08 00:00:00,2021,1,1.717465788
7,2021-01-14 00:00:00,2021,1,0.0
7,2021-01-18 00:00:00,2021,1,0.0
7,2021-01-23 00:00:00,2021,1,0.0
7,2021-01-28 00:00:00,2021,1,0.0
7,2021-01-29 00:00:00,2021,1,0.0
7,2021-01-30 00:00:00,2021,1,0.0
7,2021-02-02 00:00:00,2021,2,0.0
7,2021-02-07 00:00:00,2021,2,0.0
7,2021-02-17 00:00:00,2021,2,0.0
7,2021-02-23 00:00:00,2021,2,0.002998479
7,2021-02-25 00:00:00,2021,2,0.0
7,2021-02-26 00:00:00,2021,2,0.0
7,2021-02-28 00:00:00,2021,2,0.0
7,2021-03-11 00:00:00,2021,3,0.0
7,2021-03-16 00:00:00,2021,3,0.0
7,2021-03-21 00:00:00,2021,3,0.0
7,2021-03-25 00:00:00,2021,3,0.0
7,2021-03-27 00:00:00,2021,3,0.0
7,2021-03-30 00:00:00,2021,3,0.0
7,2021-04-06 00:00:00,2021,4,0.123740452
7,2021-04-18 00:00:00,2021,4,0.0
7,2021-05-10 00:00:00,2021,5,0.0
7,2021-05-14 00:00:00,2021,5,1.778125291
7,2021-05-23 00:00:00,2021,5,1.159515683
7,2021-05-29 00:00:00,2021,5,0.0
7,2021-06-06 00:00:00,2021,6,19.6833932
7,2021-06-07 00:00:00,2021,6,2.25e-05
7,2021-06-11 00:00:00,2021,6,0.019733656
7,2021-06-13 00:00:00,2021,6,1.425404353
7,2021-06-14 00:00:00,2021,6,0.336612898
7,2021-06-15 00:00:00,2021,6,0.102083157
7,2021-06-18 00:00:00,2021,6,0.282240258
7,2021-06-19 00:00:00,2021,6,0.003512135
7,2021-06-20 00:00:00,2021,6,0.080838882
7,2021-06-22 00:00:00,2021,6,0.0
7,2021-06-24 00:00:00,2021,6,0.029381672
7,2021-06-29 00:00:00,2021,6,0.615642837
7,2021-07-04 00:00:00,2021,7,8.532625541
7,2021-07-05 00:00:00,2021,7,13.85535093
7,2021-07-07 00:00:00,2021,7,1.508565219
7,2021-07-13 00:00:00,2021,7,0.332046564
7,2021-07-26 00:00:00,2021,7,0.00141557
7,2021-07-28 00:00:00,2021,7,0.0
7,2021-07-29 00:00:00,2021,7,0.0
7,2021-08-18 00:00:00,2021,8,0.425885481
7,2021-08-22 00:00:00,2021,8,3.195419138
7,2021-08-25 00:00:00,2021,8,1.525280415
7,2021-09-02 00:00:00,2021,9,0.631650993
7,2021-09-03 00:00:00,2021,9,7.967263082
7,2021-09-10 00:00:00,2021,9,0.0
7,2021-09-27 00:00:00,2021,9,0.031826071
7,2021-10-03 00:00:00,2021,10,0.159276062
7,2021-10-04 00:00:00,2021,10,0.161307216
8,2021-03-03 00:00:00,2021,3,0.0
8,2021-03-09 00:00:00,2021,3,0.0
8,2021-03-12 00:00:00,2021,3,0.0
8,2021-03-19 00:00:00,2021,3,0.0
8,2021-03-25 00:00:00,2021,3,0.0
8,2021-04-09 00:00:00,2021,4,0.0
8,2021-04-11 00:00:00,2021,4,0.0
8,2021-04-17 00:00:00,2021,4,0.039094369
8,2021-04-18 00:00:00,2021,4,0.0
8,2021-04-20 00:00:00,2021,4,0.056016817
8,2021-04-21 00:00:00,2021,4,0.0
8,2021-04-22 00:00:00,2021,4,0.22856961
8,2021-04-24 00:00:00,2021,4,3.607045661
8,2021-05-02 00:00:00,2021,5,0.0
8,2021-05-11 00:00:00,2021,5,0.0
8,2021-05-21 00:00:00,2021,5,3.933251052
8,2021-05-22 00:00:00,2021,5,5.184197851
8,2021-05-27 00:00:00,2021,5,0.0
8,2021-06-12 00:00:00,2021,6,0.181056504
8,2021-06-14 00:00:00,2021,6,0.0
8,2021-06-21 00:00:00,2021,6,0.0
8,2021-06-22 00:00:00,2021,6,0.149172386
8,2021-06-24 00:00:00,2021,6,3.891207308
8,2021-06-25 00:00:00,2021,6,0.012863432
8,2021-07-02 00:00:00,2021,7,0.689031844
8,2021-07-12 00:00:00,2021,7,0.172711561
8,2021-07-13 00:00:00,2021,7,0.0
8,2021-07-23 00:00:00,2021,7,3.254017965
8,2021-07-27 00:00:00,2021,7,0.00795467
8,2021-07-31 00:00:00,2021,7,0.0
8,2021-08-04 00:00:00,2021,8,0.389796855
8,2021-08-08 00:00:00,2021,8,0.0
8,2021-08-16 00:00:00,2021,8,0.07529391
8,2021-09-05 00:00:00,2021,9,0.677204863
8,2021-09-16 00:00:00,2021,9,1.602645813
8,2021-09-25 00:00:00,2021,9,0.270637742
8,2021-09-27 00:00:00,2021,9,0.322645553
8,2021-10-12 00:00:00,2021,10,0.011254812
8,2021-10-13 00:00:00,2021,10,4.983837721
8,2021-10-25 00:00:00,2021,10,4.687130945
8,2021-10-30 00:00:00,2021,10,17.21733314
8,2021-11-13 00:00:00,2021,11,29.82635005
8,2021-11-18 00:00:00,2021,11,45.22214723
8,2021-11-19 00:00:00,2021,11,58.19162242
8,2021-12-05 00:00:00,2021,12,0.0
8,2021-12-07 00:00:00,2021,12,0.0
8,2021-12-09 00:00:00,2021,12,9.001065802
8,2021-12-15 00:00:00,2021,12,0.046267899
8,2021-12-31 00:00:00,2021,12,3.291376
8,2021-01-11 00:00:00,2021,1,0.0
8,2021-04-15 00:00:00,2021,4,5.058391519
8,2021-08-27 00:00:00,2021,8,5.55881923
10,2021-01-03 00:00:00,2021,1,0.0
10,2021-01-14 00:00:00,2021,1,0.0
10,2021-01-25 00:00:00,2021,1,0.0
10,2021-01-26 00:00:00,2021,1,0.0
10,2021-01-28 00:00:00,2021,1,0.0
10,2021-01-30 00:00:00,2021,1,3.750040746
10,2021-02-01 00:00:00,2021,2,0.0
10,2021-02-10 00:00:00,2021,2,0.0
10,2021-02-13 00:00:00,2021,2,0.0
10,2021-02-15 00:00:00,2021,2,0.0
10,2021-02-16 00:00:00,2021,2,0.0
10,2021-02-17 00:00:00,2021,2,0.0
10,2021-02-26 00:00:00,2021,2,0.0
10,2021-03-01 00:00:00,2021,3,0.0
10,2021-03-04 00:00:00,2021,3,0.0
10,2021-03-06 00:00:00,2021,3,0.0
10,2021-03-08 00:00:00,2021,3,0.0
10,2021-03-14 00:00:00,2021,3,0.0
10,2021-03-24 00:00:00,2021,3,0.0
10,2021-03-26 00:00:00,2021,3,0.0
10,2021-04-04 00:00:00,2021,4,1.881099222
10,2021-04-06 00:00:00,2021,4,0.183265104
10,2021-04-07 00:00:00,2021,4,0.0
10,2021-04-14 00:00:00,2021,4,0.0287054
10,2021-04-15 00:00:00,2021,4,1.584641883
10,2021-04-20 00:00:00,2021,4,4.387779259
10,2021-04-21 00:00:00,2021,4,0.061668169
10,2021-04-23 00:00:00,2021,4,0.264555938
10,2021-05-02 00:00:00,2021,5,2.14e-05
10,2021-05-08 00:00:00,2021,5,2.393317518
10,2021-05-10 00:00:00,2021,5,0.149058543
10,2021-05-21 00:00:00,2021,5,0.0
10,2021-05-31 00:00:00,2021,5,0.001622847
10,2021-06-01 00:00:00,2021,6,7.601429908
10,2021-06-04 00:00:00,2021,6,1.509616791
10,2021-06-07 00:00:00,2021,6,0.0
10,2021-06-08 00:00:00,2021,6,0.000601849
10,2021-06-09 00:00:00,2021,6,0.14249777
10,2021-06-27 00:00:00,2021,6,0.008970438
10,2021-06-30 00:00:00,2021,6,0.032772056
10,2021-07-01 00:00:00,2021,7,10.0395482
10,2021-07-02 00:00:00,2021,7,0.213496413
10,2021-07-07 00:00:00,2021,7,0.339575993
10,2021-07-11 00:00:00,2021,7,8.742486693
10,2021-07-13 00:00:00,2021,7,16.55416212
10,2021-07-20 00:00:00,2021,7,2.559789112
10,2021-07-29 00:00:00,2021,7,3.493470995
10,2021-07-30 00:00:00,2021,7,1.295974227
10,2021-08-09 00:00:00,2021,8,0.057664789
10,2021-08-20 00:00:00,2021,8,10.05161857
10,2021-08-28 00:00:00,2021,8,25.96795515
10,2021-09-01 00:00:00,2021,9,3.929334603
10,2021-09-05 00:00:00,2021,9,0.853916025
10,2021-09-08 00:00:00,2021,9,3.804508257
10,2021-09-09 00:00:00,2021,9,0.702698666
10,2021-09-14 00:00:00,2021,9,2.577959626
10,2021-09-15 00:00:00,2021,9,1.048992965
10,2021-09-22 00:00:00,2021,9,0.43953622
10,2021-09-24 00:00:00,2021,9,1.579134909
10,2021-09-27 00:00:00,2021,9,63.90271098
10,2021-09-28 00:00:00,2021,9,23.0920083
10,2021-09-29 00:00:00,2021,9,8.796763533
10,2021-10-01 00:00:00,2021,10,0.296053587
10,2021-10-16 00:00:00,2021,10,49.76201637
10,2021-10-17 00:00:00,2021,10,24.58762443
10,2021-10-21 00:00:00,2021,10,0.088355163
10,2021-10-26 00:00:00,2021,10,0.0
10,2021-11-01 00:00:00,2021,11,0.145846636
10,2021-11-02 00:00:00,2021,11,24.49624447
10,2021-10-31 00:00:00,2021,10,0.119980784
10,2021-11-03 00:00:00,2021,11,7.071240724
10,2021-11-11 00:00:00,2021,11,0.096845591
10,2021-11-28 00:00:00,2021,11,0.001794088
10,2021-12-03 00:00:00,2021,12,0.0
10,2021-12-10 00:00:00,2021,12,0.248735048
10,2021-12-19 00:00:00,2021,12,0.0
10,2021-12-20 00:00:00,2021,12,0.0
10,2021-12-24 00:00:00,2021,12,0.0
10,2021-12-25 00:00:00,2021,12,0.0
11,2021-01-07 00:00:00,2021,1,0.0
11,2021-01-10 00:00:00,2021,1,0.0
11,2021-01-12 00:00:00,2021,1,0.0
11,2021-01-15 00:00:00,2021,1,0.0
11,2021-01-21 00:00:00,2021,1,0.0
2,2021-05-21 00:00:00,2021,5,11.12867158
2,2021-05-22 00:00:00,2021,5,11.29110251
2,2021-05-25 00:00:00,2021,5,0.0
2,2021-05-30 00:00:00,2021,5,1.217268113
2,2021-06-01 00:00:00,2021,6,7.057742625
2,2021-06-07 00:00:00,2021,6,0.053138366
2,2021-06-23 00:00:00,2021,6,4.818620275
2,2021-07-01 00:00:00,2021,7,8.497355772
2,2021-07-03 00:00:00,2021,7,27.9088605
2,2021-07-08 00:00:00,2021,7,2.315215169
2,2021-07-10 00:00:00,2021,7,11.23917538
2,2021-07-16 00:00:00,2021,7,1.582814393
2,2021-08-01 00:00:00,2021,8,2.938068489
2,2021-08-05 00:00:00,2021,8,0.0
2,2021-08-09 00:00:00,2021,8,0.794929965
2,2021-08-12 00:00:00,2021,8,0.356910109
2,2021-08-17 00:00:00,2021,8,9.069338037
2,2021-08-24 00:00:00,2021,8,1.062292861
2,2021-08-27 00:00:00,2021,8,13.27288116
2,2021-08-30 00:00:00,2021,8,0.221196256
2,2021-09-02 00:00:00,2021,9,21.87480119
2,2021-09-06 00:00:00,2021,9,10.05068279
2,2021-09-18 00:00:00,2021,9,5.824849259
2,2021-09-24 00:00:00,2021,9,7.074565032
2,2021-09-26 00:00:00,2021,9,19.24621608
2,2021-09-27 00:00:00,2021,9,0.0
2,2021-10-07 00:00:00,2021,10,3.934815066
2,2021-10-08 00:00:00,2021,10,26.36374348
2,2021-10-17 00:00:00,2021,10,2.553922059
2,2021-10-21 00:00:00,2021,10,12.20549169
2,2021-10-26 00:00:00,2021,10,0.0
2,2021-10-27 00:00:00,2021,10,0.140044162
2,2021-10-28 00:00:00,2021,10,0.0
2,2021-11-01 00:00:00,2021,11,10.64288065
2,2021-11-03 00:00:00,2021,11,9.010396771
2,2021-11-04 00:00:00,2021,11,3.209393852
2,2021-11-05 00:00:00,2021,11,1.613564433
2,2021-11-06 00:00:00,2021,11,8.924474251
2,2021-11-12 00:00:00,2021,11,70.19453608
2,2021-11-15 00:00:00,2021,11,5.38933645
2,2021-11-16 00:00:00,2021,11,3.741684514
2,2021-11-17 00:00:00,2021,11,3.903734555
2,2021-11-22 00:00:00,2021,11,0.296615111
2,2021-11-27 00:00:00,2021,11,16.84062321
2,2021-12-05 00:00:00,2021,12,0.0
2,2021-12-08 00:00:00,2021,12,0.052298864
2,2021-12-14 00:00:00,2021,12,9.969812783
2,2021-12-22 00:00:00,2021,12,0.0
2,2021-12-29 00:00:00,2021,12,0.886298458
3,2021-01-02 00:00:00,2021,1,0.0
3,2021-01-06 00:00:00,2021,1,0.0
3,2021-01-08 00:00:00,2021,1,0.0
3,2021-01-10 00:00:00,2021,1,0.0
3,2021-01-22 00:00:00,2021,1,0.0
3,2021-01-24 00:00:00,2021,1,0.0
3,2021-01-30 00:00:00,2021,1,0.0
3,2021-02-01 00:00:00,2021,2,1.902992326
3,2021-02-04 00:00:00,2021,2,0.0
3,2021-02-14 00:00:00,2021,2,0.0
3,2021-02-17 00:00:00,2021,2,0.0
3,2021-02-26 00:00:00,2021,2,0.0
3,2021-03-09 00:00:00,2021,3,0.0
3,2021-03-11 00:00:00,2021,3,0.0
3,2021-03-19 00:00:00,2021,3,0.0
3,2021-03-21 00:00:00,2021,3,0.08903542
3,2021-03-28 00:00:00,2021,3,0.453097495
3,2021-04-01 00:00:00,2021,4,0.0
3,2021-04-04 00:00:00,2021,4,2.930577946
3,2021-04-11 00:00:00,2021,4,0.104937285
3,2021-04-16 00:00:00,2021,4,0.118296332
3,2021-04-21 00:00:00,2021,4,0.236399971
3,2021-04-23 00:00:00,2021,4,2.264885441
3,2021-04-24 00:00:00,2021,4,5.028239086
3,2021-04-27 00:00:00,2021,4,0.390558472
3,2021-05-02 00:00:00,2021,5,0.028776609
3,2021-05-04 00:00:00,2021,5,1.368254601
3,2021-05-11 00:00:00,2021,5,1.544129635
3,2021-05-22 00:00:00,2021,5,23.55297936
3,2021-05-25 00:00:00,2021,5,0.025654445
3,2021-05-27 00:00:00,2021,5,0.0
3,2021-06-12 00:00:00,2021,6,1.801562152
3,2021-06-15 00:00:00,2021,6,4.916260497
3,2021-06-16 00:00:00,2021,6,1.64516072
3,2021-06-19 00:00:00,2021,6,0.364975346
3,2021-06-26 00:00:00,2021,6,0.018981689
3,2021-06-28 00:00:00,2021,6,5.975730532
3,2021-06-30 00:00:00,2021,6,1.094835301
3,2021-07-05 00:00:00,2021,7,8.211026028
3,2021-07-09 00:00:00,2021,7,0.792943689
3,2021-07-26 00:00:00,2021,7,6.716759915
3,2021-08-07 00:00:00,2021,8,2.915339311
3,2021-08-08 00:00:00,2021,8,9.482867747
3,2021-08-09 00:00:00,2021,8,3.934956935
3,2021-08-10 00:00:00,2021,8,4.494258322
3,2021-08-11 00:00:00,2021,8,4.759848361
3,2021-08-15 00:00:00,2021,8,27.59097701
3,2021-08-19 00:00:00,2021,8,7.66034179
3,2021-08-23 00:00:00,2021,8,2.97432505
3,2021-08-24 00:00:00,2021,8,2.281968383
3,2021-08-28 00:00:00,2021,8,5.384794654
3,2021-09-07 00:00:00,2021,9,76.28747698
3,2021-09-08 00:00:00,2021,9,6.16958819
3,2021-09-26 00:00:00,2021,9,5.836531845
3,2021-10-12 00:00:00,2021,10,0.038278731
3,2021-10-13 00:00:00,2021,10,1.609437036
3,2021-10-14 00:00:00,2021,10,4.731796523
3,2021-10-22 00:00:00,2021,10,0.087675532
3,2021-10-25 00:00:00,2021,10,0.0
3,2021-10-27 00:00:00,2021,10,0.0
3,2021-10-30 00:00:00,2021,10,4.127154247
3,2021-11-01 00:00:00,2021,11,0.178394771
3,2021-11-06 00:00:00,2021,11,0.841763277
3,2021-11-10 00:00:00,2021,11,0.0
3,2021-11-13 00:00:00,2021,11,20.62147393
3,2021-11-15 00:00:00,2021,11,4.105539435
3,2021-11-21 00:00:00,2021,11,1.369613884
3,2021-11-22 00:00:00,2021,11,0.416165669
3,2021-11-24 00:00:00,2021,11,3.485894259
3,2021-11-27 00:00:00,2021,11,0.0
3,2021-11-28 00:00:00,2021,11,0.0
3,2021-12-02 00:00:00,2021,12,0.0
3,2021-12-03 00:00:00,2021,12,0.0
3,2021-12-08 00:00:00,2021,12,0.0
3,2021-12-11 00:00:00,2021,12,0.167285186
3,2021-12-16 00:00:00,2021,12,0.0
3,2021-12-28 00:00:00,2021,12,0.0
3,2021-12-30 00:00:00,2021,12,0.124631425
4,2021-01-04 00:00:00,2021,1,0.0
4,2021-01-08 00:00:00,2021,1,0.0
11,2021-02-02 00:00:00,2021,2,0.0
11,2021-02-12 00:00:00,2021,2,0.0
11,2021-02-15 00:00:00,2021,2,0.0
11,2021-02-21 00:00:00,2021,2,0.079622378
11,2021-02-22 00:00:00,2021,2,0.0
11,2021-02-26 00:00:00,2021,2,0.0
11,2021-02-28 00:00:00,2021,2,0.0
11,2021-03-02 00:00:00,2021,3,0.0
11,2021-03-06 00:00:00,2021,3,0.0
11,2021-03-08 00:00:00,2021,3,0.0
11,2021-03-09 00:00:00,2021,3,0.0
11,2021-03-13 00:00:00,2021,3,0.0
11,2021-03-14 00:00:00,2021,3,0.48442714
11,2021-03-18 00:00:00,2021,3,0.531363677
11,2021-03-27 00:00:00,2021,3,0.444476687
11,2021-03-28 00:00:00,2021,3,2.807530366
11,2021-03-30 00:00:00,2021,3,0.0
11,2021-04-02 00:00:00,2021,4,0.0
11,2021-04-11 00:00:00,2021,4,0.192830959
11,2021-04-14 00:00:00,2021,4,2.561416746
11,2021-04-17 00:00:00,2021,4,1.133036429
11,2021-04-23 00:00:00,2021,4,0.313593714
11,2021-04-24 00:00:00,2021,4,5.668307499
11,2021-04-28 00:00:00,2021,4,3.327617842
11,2021-04-30 00:00:00,2021,4,0.99332295
11,2021-05-03 00:00:00,2021,5,1.85815675
11,2021-05-17 00:00:00,2021,5,4.286097122
11,2021-05-22 00:00:00,2021,5,8.48555016
11,2021-05-23 00:00:00,2021,5,13.47394204
11,2021-05-25 00:00:00,2021,5,0.001296042
11,2021-05-29 00:00:00,2021,5,0.27264997
11,2021-06-08 00:00:00,2021,6,1.336630744
11,2021-06-12 00:00:00,2021,6,1.959149811
11,2021-06-15 00:00:00,2021,6,3.270652278
11,2021-06-25 00:00:00,2021,6,5.837795634
11,2021-06-28 00:00:00,2021,6,4.394535818
11,2021-07-01 00:00:00,2021,7,1.662730142
11,2021-07-04 00:00:00,2021,7,5.11255774
11,2021-07-11 00:00:00,2021,7,13.01812091
11,2021-08-09 00:00:00,2021,8,6.202425158
11,2021-08-19 00:00:00,2021,8,10.07051584
11,2021-08-24 00:00:00,2021,8,0.825839688
11,2021-08-29 00:00:00,2021,8,7.012867429
11,2021-09-02 00:00:00,2021,9,6.198834706
11,2021-09-03 00:00:00,2021,9,1.251505149
11,2021-09-23 00:00:00,2021,9,8.352123546
11,2021-09-30 00:00:00,2021,9,7.85987161
11,2021-10-01 00:00:00,2021,10,0.079735368
11,2021-10-05 00:00:00,2021,10,3.696700356
11,2021-10-08 00:00:00,2021,10,0.634035588
11,2021-10-09 00:00:00,2021,10,0.278381021
11,2021-10-11 00:00:00,2021,10,2.25230713
11,2021-10-15 00:00:00,2021,10,3.835359294
11,2021-10-20 00:00:00,2021,10,3.449743251
11,2021-10-22 00:00:00,2021,10,1.39386424
11,2021-10-24 00:00:00,2021,10,0.0
11,2021-10-28 00:00:00,2021,10,0.0
11,2021-11-07 00:00:00,2021,11,0.0
11,2021-11-09 00:00:00,2021,11,0.0
11,2021-11-16 00:00:00,2021,11,13.84085022
11,2021-11-18 00:00:00,2021,11,0.066896926
11,2021-11-20 00:00:00,2021,11,7.845790175
11,2021-11-24 00:00:00,2021,11,1.665806675
11,2021-12-01 00:00:00,2021,12,0.027389817
11,2021-12-10 00:00:00,2021,12,0.582091896
11,2021-12-12 00:00:00,2021,12,0.013348844
11,2021-12-15 00:00:00,2021,12,0.013348844
11,2021-12-14 00:00:00,2021,12,0.0
11,2021-12-18 00:00:00,2021,12,0.0
11,2021-12-20 00:00:00,2021,12,0.0
11,2021-12-22 00:00:00,2021,12,0.0
11,2021-12-24 00:00:00,2021,12,0.0
11,2021-12-25 00:00:00,2021,12,0.0
11,2021-06-10 00:00:00,2021,6,3.028060403
12,2021-01-05 00:00:00,2021,1,0.0
12,2021-01-06 00:00:00,2021,1,0.0
12,2021-01-07 00:00:00,2021,1,0.0
12,2021-01-09 00:00:00,2021,1,0.0
12,2021-01-14 00:00:00,2021,1,0.0
12,2021-01-20 00:00:00,2021,1,0.0
12,2021-02-04 00:00:00,2021,2,0.0
12,2021-02-12 00:00:00,2021,2,0.0
12,2021-02-13 00:00:00,2021,2,0.0
12,2021-02-19 00:00:00,2021,2,0.031762785
12,2021-02-20 00:00:00,2021,2,0.0
12,2021-02-22 00:00:00,2021,2,0.0
12,2021-02-23 00:00:00,2021,2,0.0
12,2021-03-06 00:00:00,2021,3,0.0
12,2021-03-11 00:00:00,2021,3,0.0
12,2021-03-17 00:00:00,2021,3,0.0
12,2021-03-25 00:00:00,2021,3,0.0
12,2021-04-06 00:00:00,2021,4,0.361138301
12,2021-04-07 00:00:00,2021,4,0.0
12,2021-04-08 00:00:00,2021,4,0.0
12,2021-04-13 00:00:00,2021,4,1.121518288
12,2021-04-14 00:00:00,2021,4,0.174192419
12,2021-04-17 00:00:00,2021,4,0.0
12,2021-04-18 00:00:00,2021,4,0.0
12,2021-04-22 00:00:00,2021,4,0.058158475
12,2021-04-28 00:00:00,2021,4,4.311985788
12,2021-05-06 00:00:00,2021,5,13.08729244
12,2021-05-13 00:00:00,2021,5,0.0
12,2021-05-17 00:00:00,2021,5,0.892555207
12,2021-05-19 00:00:00,2021,5,0.0
12,2021-05-24 00:00:00,2021,5,0.0
12,2021-05-26 00:00:00,2021,5,0.001058032
12,2021-05-29 00:00:00,2021,5,1.609129057
12,2021-05-30 00:00:00,2021,5,6.295969121
12,2021-06-01 00:00:00,2021,6,21.35499941
12,2021-06-21 00:00:00,2021,6,0.0
12,2021-06-23 00:00:00,2021,6,2.391793592
12,2021-06-25 00:00:00,2021,6,7.642656959
12,2021-06-30 00:00:00,2021,6,1.046552206
12,2021-07-05 00:00:00,2021,7,15.7967052
12,2021-07-10 00:00:00,2021,7,8.821168082
12,2021-07-13 00:00:00,2021,7,12.32998684
12,2021-07-16 00:00:00,2021,7,2.127688245
12,2021-07-27 00:00:00,2021,7,1.652026024
12,2021-07-29 00:00:00,2021,7,8.343763438
12,2021-08-09 00:00:00,2021,8,2.469108705
12,2021-08-10 00:00:00,2021,8,5.473929904
12,2021-08-14 00:00:00,2021,8,5.086486476
12,2021-08-16 00:00:00,2021,8,32.89008109
12,2021-08-19 00:00:00,2021,8,8.62102056
12,2021-08-25 00:00:00,2021,8,1.96081486
12,2021-08-29 00:00:00,2021,8,4.698715616
12,2021-08-31 00:00:00,2021,8,19.38726968
12,2021-09-05 00:00:00,2021,9,5.637315712
12,2021-09-07 00:00:00,2021,9,38.2779854
12,2021-09-09 00:00:00,2021,9,0.132923909
7,2021-10-08 00:00:00,2021,10,2.30108292
7,2021-10-09 00:00:00,2021,10,31.1351175
7,2021-10-14 00:00:00,2021,10,0.066395571
7,2021-10-22 00:00:00,2021,10,4.566523925
7,2021-10-27 00:00:00,2021,10,0.0
7,2021-10-30 00:00:00,2021,10,11.13194846
7,2021-11-01 00:00:00,2021,11,2.496569759
7,2021-11-07 00:00:00,2021,11,0.0
7,2021-11-11 00:00:00,2021,11,0.354385764
7,2021-11-21 00:00:00,2021,11,15.55225651
7,2021-12-12 00:00:00,2021,12,0.004284419
7,2021-12-28 00:00:00,2021,12,0.0
7,2021-12-30 00:00:00,2021,12,0.0
9,2021-01-02 00:00:00,2021,1,0.0
9,2021-01-11 00:00:00,2021,1,0.0
9,2021-01-15 00:00:00,2021,1,0.0
9,2021-01-18 00:00:00,2021,1,0.0
9,2021-01-27 00:00:00,2021,1,0.0
9,2021-01-29 00:00:00,2021,1,0.0
9,2021-01-30 00:00:00,2021,1,0.0
9,2021-01-31 00:00:00,2021,1,0.0
9,2021-02-09 00:00:00,2021,2,0.0
9,2021-02-14 00:00:00,2021,2,0.0
9,2021-02-17 00:00:00,2021,2,0.0
9,2021-02-19 00:00:00,2021,2,0.013840629
9,2021-02-28 00:00:00,2021,2,0.0
9,2021-03-01 00:00:00,2021,3,0.0
9,2021-03-02 00:00:00,2021,3,0.0
9,2021-03-23 00:00:00,2021,3,0.0
9,2021-03-26 00:00:00,2021,3,0.0
9,2021-03-28 00:00:00,2021,3,0.0
9,2021-04-04 00:00:00,2021,4,0.0
9,2021-04-05 00:00:00,2021,4,0.078690332
9,2021-04-06 00:00:00,2021,4,0.0
9,2021-04-24 00:00:00,2021,4,5.464636104
9,2021-04-25 00:00:00,2021,4,0.005022596
9,2021-04-27 00:00:00,2021,4,0.0
9,2021-04-29 00:00:00,2021,4,1.738445464
9,2021-05-03 00:00:00,2021,5,0.109321342
9,2021-05-09 00:00:00,2021,5,0.0
9,2021-05-13 00:00:00,2021,5,0.000594172
9,2021-05-15 00:00:00,2021,5,0.703479751
9,2021-05-17 00:00:00,2021,5,2.433847137
9,2021-06-03 00:00:00,2021,6,9.709126538
9,2021-06-13 00:00:00,2021,6,1.570989935
9,2021-06-15 00:00:00,2021,6,0.0
9,2021-06-16 00:00:00,2021,6,0.016805868
9,2021-06-18 00:00:00,2021,6,0.596554185
9,2021-06-19 00:00:00,2021,6,0.0
9,2021-06-20 00:00:00,2021,6,0.197465561
9,2021-06-30 00:00:00,2021,6,1.058241624
9,2021-07-01 00:00:00,2021,7,0.824852705
9,2021-07-02 00:00:00,2021,7,3.621395647
9,2021-07-13 00:00:00,2021,7,0.736484648
9,2021-07-15 00:00:00,2021,7,15.09586379
9,2021-07-19 00:00:00,2021,7,1.353318813
9,2021-07-20 00:00:00,2021,7,2.09691545
9,2021-07-25 00:00:00,2021,7,0.103078424
9,2021-07-26 00:00:00,2021,7,1.46256427
9,2021-07-30 00:00:00,2021,7,0.0
9,2021-08-01 00:00:00,2021,8,0.005259282
9,2021-08-08 00:00:00,2021,8,0.145371122
9,2021-08-15 00:00:00,2021,8,0.353796162
9,2021-08-17 00:00:00,2021,8,0.909620825
9,2021-08-21 00:00:00,2021,8,3.439117643
9,2021-08-22 00:00:00,2021,8,3.131701882
9,2021-08-23 00:00:00,2021,8,2.081108728
9,2021-08-30 00:00:00,2021,8,11.67298093
9,2021-09-02 00:00:00,2021,9,0.988404875
9,2021-09-08 00:00:00,2021,9,0.074340882
9,2021-09-17 00:00:00,2021,9,0.0
9,2021-09-21 00:00:00,2021,9,4.470782728
9,2021-09-25 00:00:00,2021,9,12.26343304
9,2021-10-04 00:00:00,2021,10,0.324736326
9,2021-10-05 00:00:00,2021,10,0.580188722
9,2021-10-08 00:00:00,2021,10,0.272122725
9,2021-10-14 00:00:00,2021,10,3.767262179
9,2021-10-16 00:00:00,2021,10,0.115649009
9,2021-10-20 00:00:00,2021,10,2.152060828
9,2021-10-31 00:00:00,2021,10,6.78825416
9,2021-12-05 00:00:00,2021,12,0.0
9,2021-12-07 00:00:00,2021,12,0.0
9,2021-12-09 00:00:00,2021,12,0.515366852
9,2021-12-10 00:00:00,2021,12,5.45657519
9,2021-12-13 00:00:00,2021,12,1.227748984
9,2021-12-14 00:00:00,2021,12,1.869531182
9,2021-12-15 00:00:00,2021,12,0.000317513
9,2021-12-25 00:00:00,2021,12,0.0
9,2021-12-29 00:00:00,2021,12,0.0
8,2021-01-09 00:00:00,2021,1,6.24559485
8,2021-01-13 00:00:00,2021,1,0.0
8,2021-01-24 00:00:00,2021,1,0.0
8,2021-01-28 00:00:00,2021,1,0.0
8,2021-01-31 00:00:00,2021,1,0.0
8,2021-02-05 00:00:00,2021,2,0.0
8,2021-02-06 00:00:00,2021,2,0.0
8,2021-02-14 00:00:00,2021,2,0.0
8,2021-02-17 00:00:00,2021,2,0.0
8,2021-02-21 00:00:00,2021,2,6.765017524
8,2021-02-22 00:00:00,2021,2,0.875759327
8,2021-02-25 00:00:00,2021,2,0.0
1,2021-02-01 00:00:00,2021,2,0.0
1,2021-02-23 00:00:00,2021,2,0.012847261
1,2021-03-07 00:00:00,2021,3,0.0
1,2021-04-25 00:00:00,2021,4,0.140620334
1,2021-05-02 00:00:00,2021,5,0.006980743
1,2021-06-03 00:00:00,2021,6,22.86281399
1,2021-06-05 00:00:00,2021,6,20.13972149
1,2021-08-26 00:00:00,2021,8,1.727380745
1,2021-08-31 00:00:00,2021,8,0.657497438
1,2021-09-11 00:00:00,2021,9,0.005627142
1,2021-09-22 00:00:00,2021,9,4.283932603
1,2021-10-24 00:00:00,2021,10,16.93369209
1,2021-11-08 00:00:00,2021,11,0.417454752
1,2021-11-18 00:00:00,2021,11,10.63193147
1,2021-12-09 00:00:00,2021,12,0.002995113
1,2021-01-04 00:00:00,2021,1,0.0
1,2021-01-02 00:00:00,2021,1,0.0
1,2021-01-07 00:00:00,2021,1,11.42840835
1,2021-04-02 00:00:00,2021,4,0.0
1,2021-06-24 00:00:00,2021,6,0.172836046
1,2021-06-26 00:00:00,2021,6,0.015238814
1,2021-04-13 00:00:00,2021,4,0.0
1,2021-04-16 00:00:00,2021,4,0.015129117
1,2021-04-21 00:00:00,2021,4,1.359265201
1,2021-05-04 00:00:00,2021,5,0.0
1,2021-05-12 00:00:00,2021,5,9.286264591
1,2021-05-17 00:00:00,2021,5,0.007395252
1,2021-05-19 00:00:00,2021,5,1.250603723
1,2021-07-17 00:00:00,2021,7,1.526446315
1,2021-07-21 00:00:00,2021,7,2.262688217
1,2021-08-11 00:00:00,2021,8,0.18867079
1,2021-08-14 00:00:00,2021,8,0.805228763
1,2021-08-18 00:00:00,2021,8,0.924146403
1,2021-08-21 00:00:00,2021,8,0.0
1,2021-08-23 00:00:00,2021,8,4.542913143
1,2021-08-30 00:00:00,2021,8,2.097130101
1,2021-09-01 00:00:00,2021,9,0.511239418
1,2021-09-07 00:00:00,2021,9,0.810151561
1,2021-09-14 00:00:00,2021,9,0.308488514
1,2021-09-16 00:00:00,2021,9,0.062704916
1,2021-05-23 00:00:00,2021,5,0.875697835
1,2021-05-29 00:00:00,2021,5,0.0
1,2021-06-13 00:00:00,2021,6,0.059409676
1,2021-06-21 00:00:00,2021,6,0.0
1,2021-06-22 00:00:00,2021,6,0.041698664
1,2021-10-03 00:00:00,2021,10,0.340397669
1,2021-10-05 00:00:00,2021,10,0.643313279
1,2021-10-08 00:00:00,2021,10,23.27710378
1,2021-10-18 00:00:00,2021,10,0.808084331
1,2021-10-26 00:00:00,2021,10,0.0
1,2021-10-31 00:00:00,2021,10,2.098277517
1,2021-11-06 00:00:00,2021,11,2.272091592
1,2021-11-07 00:00:00,2021,11,0.223254897
1,2021-11-16 00:00:00,2021,11,8.150215893
1,2021-11-17 00:00:00,2021,11,12.65379113
1,2021-01-15 00:00:00,2021,1,0.0
1,2021-12-05 00:00:00,2021,12,0.603717032
1,2021-12-13 00:00:00,2021,12,0.035245192
1,2021-12-14 00:00:00,2021,12,0.607790659
1,2021-12-16 00:00:00,2021,12,0.0
1,2021-01-21 00:00:00,2021,1,0.0
1,2021-01-29 00:00:00,2021,1,0.0
1,2021-02-04 00:00:00,2021,2,0.0
1,2021-02-12 00:00:00,2021,2,0.0
1,2021-02-14 00:00:00,2021,2,0.0
1,2021-03-02 00:00:00,2021,3,0.0
1,2021-03-05 00:00:00,2021,3,0.0
1,2021-03-06 00:00:00,2021,3,0.0
1,2021-03-13 00:00:00,2021,3,0.0
1,2021-03-20 00:00:00,2021,3,0.0
1,2021-03-26 00:00:00,2021,3,0.0
2,2021-01-15 00:00:00,2021,1,1.6e-07
2,2021-01-16 00:00:00,2021,1,0.0
2,2021-01-18 00:00:00,2021,1,0.0
2,2021-01-19 00:00:00,2021,1,0.0
2,2021-01-28 00:00:00,2021,1,0.0
2,2021-01-29 00:00:00,2021,1,0.0
2,2021-02-02 00:00:00,2021,2,0.0
2,2021-02-10 00:00:00,2021,2,0.0
2,2021-02-14 00:00:00,2021,2,0.0
2,2021-02-19 00:00:00,2021,2,0.004420491
2,2021-02-22 00:00:00,2021,2,2.052724433
2,2021-02-25 00:00:00,2021,2,0.0
2,2021-03-13 00:00:00,2021,3,0.0
2,2021-03-27 00:00:00,2021,3,0.0
2,2021-03-30 00:00:00,2021,3,0.0
2,2021-04-04 00:00:00,2021,4,0.0
2,2021-04-07 00:00:00,2021,4,0.0
2,2021-04-08 00:00:00,2021,4,0.0
2,2021-04-10 00:00:00,2021,4,0.0
2,2021-04-16 00:00:00,2021,4,0.0
2,2021-04-18 00:00:00,2021,4,0.0
2,2021-04-20 00:00:00,2021,4,0.0
2,2021-05-04 00:00:00,2021,5,0.015820113
2,2021-05-06 00:00:00,2021,5,0.0
1,2021-01-27 00:00:00,2021,1,0.0
12,2021-09-13 00:00:00,2021,9,17.70161335
12,2021-09-15 00:00:00,2021,9,5.263433035
12,2021-09-27 00:00:00,2021,9,126.101515
12,2021-10-02 00:00:00,2021,10,0.591853823
12,2021-10-10 00:00:00,2021,10,4.594066849
12,2021-10-16 00:00:00,2021,10,21.81936243
12,2021-10-18 00:00:00,2021,10,0.146284754
12,2021-10-19 00:00:00,2021,10,1.271065775
12,2021-10-22 00:00:00,2021,10,4.119428831
12,2021-10-29 00:00:00,2021,10,0.0
12,2021-10-30 00:00:00,2021,10,27.13114302
12,2021-10-31 00:00:00,2021,10,3.906889953
12,2021-11-06 00:00:00,2021,11,0.092202255
12,2021-11-12 00:00:00,2021,11,17.30170576
12,2021-11-13 00:00:00,2021,11,41.10548073
12,2021-11-17 00:00:00,2021,11,1.872044714
12,2021-11-30 00:00:00,2021,11,0.0
12,2021-12-01 00:00:00,2021,12,0.0
12,2021-12-05 00:00:00,2021,12,4.217918933
12,2021-12-06 00:00:00,2021,12,0.013218748
12,2021-12-11 00:00:00,2021,12,0.0
12,2021-12-12 00:00:00,2021,12,0.382319325
12,2021-12-13 00:00:00,2021,12,0.0
12,2021-12-15 00:00:00,2021,12,0.0
12,2021-12-16 00:00:00,2021,12,0.0
12,2021-12-21 00:00:00,2021,12,0.0
12,2021-12-26 00:00:00,2021,12,0.0
12,2021-12-29 00:00:00,2021,12,0.0
12,2021-12-30 00:00:00,2021,12,1.230983228
12,2021-12-31 00:00:00,2021,12,0.0
13,2021-01-02 00:00:00,2021,1,0.0
13,2021-01-05 00:00:00,2021,1,0.0
13,2021-01-10 00:00:00,2021,1,0.0
13,2021-01-18 00:00:00,2021,1,0.0
13,2021-01-30 00:00:00,2021,1,0.0
13,2021-02-01 00:00:00,2021,2,0.013766773
13,2021-02-06 00:00:00,2021,2,0.0
13,2021-03-05 00:00:00,2021,3,0.0
13,2021-03-07 00:00:00,2021,3,0.0
13,2021-03-11 00:00:00,2021,3,0.0
13,2021-03-10 00:00:00,2021,3,0.0
13,2021-03-20 00:00:00,2021,3,0.0
13,2021-03-25 00:00:00,2021,3,0.0
13,2021-04-01 00:00:00,2021,4,0.0
13,2021-04-13 00:00:00,2021,4,2.599953094
13,2021-04-17 00:00:00,2021,4,1.806847264
13,2021-04-23 00:00:00,2021,4,2.408224824
13,2021-04-24 00:00:00,2021,4,2.796864545
13,2021-04-25 00:00:00,2021,4,0.061073961
13,2021-04-29 00:00:00,2021,4,0.706077873
13,2021-05-02 00:00:00,2021,5,0.0
13,2021-05-05 00:00:00,2021,5,0.306611116
13,2021-05-07 00:00:00,2021,5,0.162028729
13,2021-05-09 00:00:00,2021,5,0.46482589
13,2021-05-20 00:00:00,2021,5,0.154361017
13,2021-05-24 00:00:00,2021,5,0.190143239
13,2021-06-01 00:00:00,2021,6,2.680584837
13,2021-06-04 00:00:00,2021,6,7.914467695
13,2021-06-09 00:00:00,2021,6,0.0
13,2021-06-11 00:00:00,2021,6,11.94807293
13,2021-06-21 00:00:00,2021,6,0.011865942
13,2021-06-25 00:00:00,2021,6,0.767018008
13,2021-06-26 00:00:00,2021,6,0.144276946
13,2021-06-27 00:00:00,2021,6,8.211980307
13,2021-07-02 00:00:00,2021,7,24.14566784
13,2021-07-05 00:00:00,2021,7,6.999571607
13,2021-07-13 00:00:00,2021,7,38.75376023
13,2021-07-14 00:00:00,2021,7,12.12644672
13,2021-08-02 00:00:00,2021,8,0.941987973
13,2021-08-06 00:00:00,2021,8,1.357349245
13,2021-08-09 00:00:00,2021,8,5.844997759
13,2021-08-13 00:00:00,2021,8,3.249331841
13,2021-08-28 00:00:00,2021,8,0.882155684
13,2021-08-31 00:00:00,2021,8,15.08983192
13,2021-09-05 00:00:00,2021,9,25.74705023
13,2021-09-09 00:00:00,2021,9,3.906135193
13,2021-09-11 00:00:00,2021,9,5.194079336
13,2021-09-13 00:00:00,2021,9,2.288407227
13,2021-09-16 00:00:00,2021,9,0.0
13,2021-09-17 00:00:00,2021,9,0.0
13,2021-09-18 00:00:00,2021,9,5.421128412
13,2021-10-03 00:00:00,2021,10,3.636505008
13,2021-10-04 00:00:00,2021,10,1.028308307
13,2021-10-05 00:00:00,2021,10,0.819299253
13,2021-10-07 00:00:00,2021,10,5.178436783
13,2021-10-08 00:00:00,2021,10,1.879330637
4,2021-01-12 00:00:00,2021,1,0.0
4,2021-01-16 00:00:00,2021,1,0.0
4,2021-01-19 00:00:00,2021,1,0.0
4,2021-01-25 00:00:00,2021,1,0.0
4,2021-01-30 00:00:00,2021,1,0.0
4,2021-01-31 00:00:00,2021,1,0.0
4,2021-02-04 00:00:00,2021,2,0.0
4,2021-02-12 00:00:00,2021,2,0.0
4,2021-02-15 00:00:00,2021,2,0.0
4,2021-02-19 00:00:00,2021,2,0.0
4,2021-02-21 00:00:00,2021,2,0.639903204
4,2021-02-24 00:00:00,2021,2,0.0
4,2021-03-01 00:00:00,2021,3,0.0
4,2021-03-15 00:00:00,2021,3,0.0
4,2021-03-16 00:00:00,2021,3,0.0
4,2021-03-18 00:00:00,2021,3,0.0
4,2021-03-25 00:00:00,2021,3,0.0
4,2021-04-01 00:00:00,2021,4,0.0
4,2021-03-31 00:00:00,2021,3,0.0
4,2021-04-06 00:00:00,2021,4,0.0
4,2021-04-07 00:00:00,2021,4,0.0
4,2021-04-10 00:00:00,2021,4,0.0
4,2021-04-14 00:00:00,2021,4,0.0
4,2021-05-03 00:00:00,2021,5,0.06805618
4,2021-05-07 00:00:00,2021,5,0.514088182
4,2021-05-09 00:00:00,2021,5,0.0
4,2021-05-20 00:00:00,2021,5,4.267301209
4,2021-05-22 00:00:00,2021,5,18.68619638
4,2021-05-28 00:00:00,2021,5,0.0
4,2021-06-03 00:00:00,2021,6,9.849540115
4,2021-06-07 00:00:00,2021,6,2.6473622
4,2021-06-13 00:00:00,2021,6,12.53929943
4,2021-06-20 00:00:00,2021,6,0.859711595
4,2021-06-25 00:00:00,2021,6,1.926054277
4,2021-06-26 00:00:00,2021,6,0.747895785
4,2021-06-29 00:00:00,2021,6,1.574082437
4,2021-06-30 00:00:00,2021,6,0.778055192
4,2021-07-03 00:00:00,2021,7,3.952213351
4,2021-07-12 00:00:00,2021,7,3.075299627
4,2021-07-13 00:00:00,2021,7,2.246097576
4,2021-07-17 00:00:00,2021,7,14.9244379
4,2021-07-20 00:00:00,2021,7,0.421315454
4,2021-07-26 00:00:00,2021,7,2.339700638
4,2021-07-29 00:00:00,2021,7,0.000677779
4,2021-07-30 00:00:00,2021,7,0.0
4,2021-08-03 00:00:00,2021,8,0.0
4,2021-08-06 00:00:00,2021,8,0.12793594
4,2021-08-07 00:00:00,2021,8,0.012405797
4,2021-08-13 00:00:00,2021,8,28.33293295
4,2021-08-14 00:00:00,2021,8,7.318051168
4,2021-08-15 00:00:00,2021,8,7.456967514
4,2021-08-17 00:00:00,2021,8,5.247312219
4,2021-08-27 00:00:00,2021,8,4.232052945
4,2021-08-30 00:00:00,2021,8,38.45538042
4,2021-08-31 00:00:00,2021,8,6.592146763
4,2021-09-03 00:00:00,2021,9,12.98896022
4,2021-09-04 00:00:00,2021,9,5.290743597
4,2021-09-08 00:00:00,2021,9,0.012546157
4,2021-09-13 00:00:00,2021,9,1.033111498
4,2021-09-16 00:00:00,2021,9,0.026513916
4,2021-09-19 00:00:00,2021,9,7.135405042
4,2021-09-26 00:00:00,2021,9,25.42338989
4,2021-10-02 00:00:00,2021,10,0.800925284
4,2021-10-03 00:00:00,2021,10,0.081980479
4,2021-10-08 00:00:00,2021,10,1.495075925
4,2021-10-12 00:00:00,2021,10,0.0
4,2021-10-13 00:00:00,2021,10,0.841333347
4,2021-10-23 00:00:00,2021,10,0.196592325
4,2021-10-28 00:00:00,2021,10,0.0
4,2021-11-10 00:00:00,2021,11,0.0
4,2021-11-18 00:00:00,2021,11,1.834832662
4,2021-11-22 00:00:00,2021,11,12.99665276
4,2021-11-24 00:00:00,2021,11,2.539912539
4,2021-12-06 00:00:00,2021,12,0.0
4,2021-12-09 00:00:00,2021,12,0.0
4,2021-12-17 00:00:00,2021,12,0.0
4,2021-12-23 00:00:00,2021,12,0.0
6,2021-01-06 00:00:00,2021,1,0.0
6,2021-01-11 00:00:00,2021,1,0.0
6,2021-01-13 00:00:00,2021,1,0.0
6,2021-01-16 00:00:00,2021,1,0.0
6,2021-01-23 00:00:00,2021,1,0.0
6,2021-01-26 00:00:00,2021,1,0.0
6,2021-01-27 00:00:00,2021,1,0.0
6,2021-01-31 00:00:00,2021,1,0.0
6,2021-02-05 00:00:00,2021,2,0.0
13,2021-10-20 00:00:00,2021,10,0.0
13,2021-10-26 00:00:00,2021,10,0.036575011
13,2021-10-29 00:00:00,2021,10,2.4194778
13,2021-11-10 00:00:00,2021,11,0.0
13,2021-11-11 00:00:00,2021,11,4.127952759
13,2021-11-15 00:00:00,2021,11,2.143548988
13,2021-11-20 00:00:00,2021,11,25.37320583
13,2021-12-17 00:00:00,2021,12,0.0
13,2021-12-18 00:00:00,2021,12,0.0
13,2021-12-21 00:00:00,2021,12,0.0
13,2021-12-23 00:00:00,2021,12,0.0
13,2021-12-25 00:00:00,2021,12,0.0
13,2021-12-26 00:00:00,2021,12,0.0
13,2021-12-31 00:00:00,2021,12,0.001748298
5,2021-01-03 00:00:00,2021,1,0.0
5,2021-01-17 00:00:00,2021,1,0.0
5,2021-02-03 00:00:00,2021,2,0.0
5,2021-02-10 00:00:00,2021,2,0.0
5,2021-02-14 00:00:00,2021,2,0.0
5,2021-02-18 00:00:00,2021,2,0.0
5,2021-02-20 00:00:00,2021,2,8.665288521
5,2021-02-28 00:00:00,2021,2,0.0
5,2021-03-01 00:00:00,2021,3,0.0
5,2021-03-03 00:00:00,2021,3,0.0
5,2021-03-04 00:00:00,2021,3,0.0
5,2021-03-05 00:00:00,2021,3,0.0
5,2021-03-16 00:00:00,2021,3,0.0
5,2021-03-19 00:00:00,2021,3,0.0
5,2021-03-20 00:00:00,2021,3,0.0
5,2021-03-26 00:00:00,2021,3,0.0
5,2021-03-31 00:00:00,2021,3,0.0
5,2021-04-11 00:00:00,2021,4,0.0
5,2021-04-13 00:00:00,2021,4,0.00647065
5,2021-04-24 00:00:00,2021,4,2.342503336
5,2021-05-02 00:00:00,2021,5,0.0
5,2021-05-04 00:00:00,2021,5,0.0
5,2021-05-09 00:00:00,2021,5,0.0
5,2021-05-11 00:00:00,2021,5,0.0
5,2021-05-16 00:00:00,2021,5,0.0
5,2021-05-24 00:00:00,2021,5,1.157719175
5,2021-05-25 00:00:00,2021,5,0.0
5,2021-06-01 00:00:00,2021,6,0.449147793
5,2021-06-06 00:00:00,2021,6,28.35338637
5,2021-06-07 00:00:00,2021,6,0.963307014
5,2021-06-08 00:00:00,2021,6,0.0
5,2021-06-11 00:00:00,2021,6,0.0
5,2021-06-18 00:00:00,2021,6,0.417715346
5,2021-06-22 00:00:00,2021,6,0.012650786
5,2021-06-25 00:00:00,2021,6,0.01793787
5,2021-06-26 00:00:00,2021,6,0.666940929
5,2021-06-27 00:00:00,2021,6,0.56371458
5,2021-06-29 00:00:00,2021,6,1.119915942
5,2021-07-06 00:00:00,2021,7,1.27969523
5,2021-07-10 00:00:00,2021,7,4.40567089
5,2021-07-28 00:00:00,2021,7,0.04291654
5,2021-07-30 00:00:00,2021,7,0.000208331
5,2021-08-01 00:00:00,2021,8,0.001985038
5,2021-08-04 00:00:00,2021,8,0.1884776
5,2021-08-06 00:00:00,2021,8,1.895975627
5,2021-08-07 00:00:00,2021,8,1.075912725
5,2021-08-08 00:00:00,2021,8,0.072373745
5,2021-08-09 00:00:00,2021,8,0.401327656
5,2021-08-12 00:00:00,2021,8,0.063169362
5,2021-08-23 00:00:00,2021,8,1.583495916
5,2021-08-25 00:00:00,2021,8,7.795373106
5,2021-08-26 00:00:00,2021,8,1.78520986
5,2021-08-30 00:00:00,2021,8,0.722910415
5,2021-09-02 00:00:00,2021,9,14.01259486
5,2021-09-07 00:00:00,2021,9,0.188878922
5,2021-09-10 00:00:00,2021,9,0.0
5,2021-09-11 00:00:00,2021,9,0.0
5,2021-09-13 00:00:00,2021,9,0.00366408
5,2021-09-15 00:00:00,2021,9,0.0
5,2021-09-23 00:00:00,2021,9,0.275025096
5,2021-09-25 00:00:00,2021,9,0.374426371
5,2021-09-29 00:00:00,2021,9,2.329368099
5,2021-09-30 00:00:00,2021,9,12.5422329
5,2021-10-08 00:00:00,2021,10,11.18875416
5,2021-10-11 00:00:00,2021,10,1.263412406
5,2021-10-12 00:00:00,2021,10,1.565365782
5,2021-10-14 00:00:00,2021,10,0.990972153
5,2021-10-18 00:00:00,2021,10,2.54137214
5,2021-10-25 00:00:00,2021,10,8.057612072
5,2021-10-31 00:00:00,2021,10,7.108492164
5,2021-11-04 00:00:00,2021,11,8.809413023
5,2021-11-11 00:00:00,2021,11,13.83948938
5,2021-11-13 00:00:00,2021,11,24.41525572
5,2021-11-15 00:00:00,2021,11,7.814676603
5,2021-11-23 00:00:00,2021,11,1.706282586
5,2021-11-25 00:00:00,2021,11,6.750006134
5,2021-12-01 00:00:00,2021,12,8.466071258
5,2021-12-03 00:00:00,2021,12,0.0
5,2021-12-04 00:00:00,2021,12,0.0
5,2021-12-23 00:00:00,2021,12,0.0
5,2021-12-26 00:00:00,2021,12,0.0
5,2021-12-29 00:00:00,2021,12,0.0
5,2021-12-30 00:00:00,2021,12,0.0
3,2021-07-19 00:00:00,2021,7,4.622962827
3,2021-07-21 00:00:00,2021,7,20.16195023
3,2021-07-28 00:00:00,2021,7,1.450462787
3,2021-08-01 00:00:00,2021,8,1.266796928
3,2021-08-13 00:00:00,2021,8,5.769854507
3,2021-08-14 00:00:00,2021,8,28.15773019
3,2021-08-20 00:00:00,2021,8,24.54423433
3,2021-08-22 00:00:00,2021,8,11.48949684
3,2021-08-30 00:00:00,2021,8,2.191902554
3,2021-09-02 00:00:00,2021,9,3.837143473
3,2021-09-03 00:00:00,2021,9,4.707179239
3,2021-09-13 00:00:00,2021,9,5.572651436
3,2021-09-14 00:00:00,2021,9,2.162737429
3,2021-09-17 00:00:00,2021,9,0.674182333
3,2021-09-21 00:00:00,2021,9,2.463745198
3,2021-09-24 00:00:00,2021,9,1.663730641
3,2021-09-30 00:00:00,2021,9,3.094123882
3,2021-10-08 00:00:00,2021,10,1.343161081
3,2021-10-11 00:00:00,2021,10,4.535376051
3,2021-10-15 00:00:00,2021,10,1.09068279
3,2021-10-19 00:00:00,2021,10,2.992356144
3,2021-10-23 00:00:00,2021,10,3.839409926
3,2021-10-21 00:00:00,2021,10,0.0
3,2021-10-26 00:00:00,2021,10,0.094207047
3,2021-11-02 00:00:00,2021,11,15.37125892
3,2021-11-05 00:00:00,2021,11,1.717491591
3,2021-11-07 00:00:00,2021,11,0.0
3,2021-11-17 00:00:00,2021,11,1.241697422
3,2021-11-26 00:00:00,2021,11,0.0
3,2021-12-01 00:00:00,2021,12,0.0
3,2021-12-04 00:00:00,2021,12,0.225080739
3,2021-12-19 00:00:00,2021,12,0.0
3,2021-12-23 00:00:00,2021,12,0.0
3,2021-12-24 00:00:00,2021,12,0.0
3,2021-12-26 00:00:00,2021,12,0.0
4,2021-01-01 00:00:00,2021,1,0.0
4,2021-01-02 00:00:00,2021,1,0.0
4,2021-01-03 00:00:00,2021,1,0.0
4,2021-01-09 00:00:00,2021,1,0.0
4,2021-01-13 00:00:00,2021,1,0.0
4,2021-01-23 00:00:00,2021,1,0.0
4,2021-01-24 00:00:00,2021,1,0.0
4,2021-02-01 00:00:00,2021,2,0.0
4,2021-02-03 00:00:00,2021,2,0.0
4,2021-02-07 00:00:00,2021,2,0.0
4,2021-02-11 00:00:00,2021,2,0.0
4,2021-02-13 00:00:00,2021,2,0.0
4,2021-02-26 00:00:00,2021,2,0.0
4,2021-03-05 00:00:00,2021,3,0.0
4,2021-03-04 00:00:00,2021,3,0.0
4,2021-03-07 00:00:00,2021,3,0.0
4,2021-03-12 00:00:00,2021,3,0.0
4,2021-03-17 00:00:00,2021,3,0.0
4,2021-03-19 00:00:00,2021,3,0.0
4,2021-03-22 00:00:00,2021,3,0.0
4,2021-03-27 00:00:00,2021,3,0.0
4,2021-03-29 00:00:00,2021,3,0.0
4,2021-04-02 00:00:00,2021,4,0.0
4,2021-04-08 00:00:00,2021,4,0.0
4,2021-04-13 00:00:00,2021,4,0.009433975
4,2021-04-21 00:00:00,2021,4,0.0
4,2021-04-22 00:00:00,2021,4,0.484057224
4,2021-04-24 00:00:00,2021,4,4.286215555
4,2021-04-28 00:00:00,2021,4,0.246743154
4,2021-05-01 00:00:00,2021,5,0.055876487
4,2021-05-05 00:00:00,2021,5,0.100533756
4,2021-05-11 00:00:00,2021,5,0.0
4,2021-05-12 00:00:00,2021,5,14.77357462
4,2021-05-15 00:00:00,2021,5,0.421024946
4,2021-05-16 00:00:00,2021,5,2.8393474
4,2021-05-18 00:00:00,2021,5,1.419024621
4,2021-05-21 00:00:00,2021,5,4.558507449
4,2021-05-27 00:00:00,2021,5,0.0
4,2021-05-29 00:00:00,2021,5,0.623638258
4,2021-06-01 00:00:00,2021,6,0.384033684
4,2021-06-02 00:00:00,2021,6,0.049927542
4,2021-06-04 00:00:00,2021,6,3.677279204
4,2021-06-12 00:00:00,2021,6,1.078684291
4,2021-06-16 00:00:00,2021,6,0.0
4,2021-06-28 00:00:00,2021,6,12.51181014
4,2021-07-06 00:00:00,2021,7,0.543553101
4,2021-07-08 00:00:00,2021,7,12.48564783
4,2021-07-15 00:00:00,2021,7,5.545154432
4,2021-07-24 00:00:00,2021,7,8.351262177
4,2021-08-05 00:00:00,2021,8,0.295389206
4,2021-08-10 00:00:00,2021,8,4.961726067
4,2021-08-11 00:00:00,2021,8,13.53415396
4,2021-08-21 00:00:00,2021,8,7.804894764
4,2021-08-22 00:00:00,2021,8,24.73889063
4,2021-08-26 00:00:00,2021,8,37.33220845
4,2021-09-06 00:00:00,2021,9,2.490637622
4,2021-09-09 00:00:00,2021,9,0.126303285
4,2021-09-10 00:00:00,2021,9,0.117754264
4,2021-09-15 00:00:00,2021,9,3.380997229
4,2021-09-17 00:00:00,2021,9,0.0
4,2021-09-18 00:00:00,2021,9,0.851981165
4,2021-09-20 00:00:00,2021,9,13.58920433
4,2021-09-22 00:00:00,2021,9,5.378328895
4,2021-10-22 00:00:00,2021,10,0.293029596
4,2021-10-26 00:00:00,2021,10,0.074041135
4,2021-10-27 00:00:00,2021,10,0.0
4,2021-10-30 00:00:00,2021,10,21.25629045
4,2021-11-02 00:00:00,2021,11,7.890993231
4,2021-11-03 00:00:00,2021,11,2.522623453
4,2021-11-05 00:00:00,2021,11,3.631236728
4,2021-11-07 00:00:00,2021,11,1.445153219
4,2021-11-08 00:00:00,2021,11,0.0
4,2021-11-09 00:00:00,2021,11,0.0
4,2021-11-23 00:00:00,2021,11,0.221508263
4,2021-11-25 00:00:00,2021,11,0.702759151
4,2021-11-28 00:00:00,2021,11,0.0
4,2021-12-05 00:00:00,2021,12,0.0
4,2021-12-11 00:00:00,2021,12,0.000618214
4,2021-12-14 00:00:00,2021,12,0.017234514
4,2021-12-16 00:00:00,2021,12,0.0
4,2021-12-18 00:00:00,2021,12,0.0
4,2021-12-20 00:00:00,2021,12,0.0
4,2021-12-31 00:00:00,2021,12,0.198716809
6,2021-01-03 00:00:00,2021,1,0.0
6,2021-01-28 00:00:00,2021,1,0.0
6,2021-01-29 00:00:00,2021,1,0.0
6,2021-02-04 00:00:00,2021,2,0.0
6,2021-02-08 00:00:00,2021,2,0.0
6,2021-02-11 00:00:00,2021,2,0.0
6,2021-02-15 00:00:00,2021,2,0.0
6,2021-02-23 00:00:00,2021,2,0.0
6,2021-02-28 00:00:00,2021,2,0.0
6,2021-03-11 00:00:00,2021,3,0.0
6,2021-03-13 00:00:00,2021,3,0.0
6,2021-03-19 00:00:00,2021,3,0.0
6,2021-03-22 00:00:00,2021,3,0.0
6,2021-03-26 00:00:00,2021,3,0.0
6,2021-03-29 00:00:00,2021,3,0.0
6,2021-04-02 00:00:00,2021,4,0.0
6,2021-04-06 00:00:00,2021,4,0.012006676
6,2021-04-08 00:00:00,2021,4,0.0
6,2021-04-13 00:00:00,2021,4,1.350950189
6,2021-04-21 00:00:00,2021,4,0.0
6,2021-04-22 00:00:00,2021,4,0.220842329
6,2021-04-26 00:00:00,2021,4,0.0
6,2021-04-27 00:00:00,2021,4,0.0
6,2021-05-04 00:00:00,2021,5,0.0
6,2021-05-09 00:00:00,2021,5,0.040696467
6,2021-05-14 00:00:00,2021,5,1.364262119
6,2021-05-17 00:00:00,2021,5,8.082696367
6,2021-05-18 00:00:00,2021,5,2.934096704
6,2021-05-21 00:00:00,2021,5,1.203122836
6,2021-05-25 00:00:00,2021,5,0.0
6,2021-05-26 00:00:00,2021,5,0.0
6,2021-05-28 00:00:00,2021,5,0.008448415
6,2021-05-30 00:00:00,2021,5,0.627170441
6,2021-06-09 00:00:00,2021,6,0.0
6,2021-06-16 00:00:00,2021,6,0.494645584
6,2021-06-23 00:00:00,2021,6,2.992933711
6,2021-07-04 00:00:00,2021,7,0.271451721
6,2021-07-08 00:00:00,2021,7,10.72705727
6,2021-07-09 00:00:00,2021,7,3.96e-05
6,2021-07-18 00:00:00,2021,7,13.46564375
6,2021-07-21 00:00:00,2021,7,4.05995934
6,2021-07-30 00:00:00,2021,7,0.044097403
6,2021-08-02 00:00:00,2021,8,0.0
6,2021-08-19 00:00:00,2021,8,6.995794416
6,2021-08-25 00:00:00,2021,8,0.0
6,2021-09-06 00:00:00,2021,9,2.302931182
6,2021-09-10 00:00:00,2021,9,0.0
6,2021-09-11 00:00:00,2021,9,0.142491051
6,2021-09-12 00:00:00,2021,9,0.021399898
6,2021-09-14 00:00:00,2021,9,0.272003857
6,2021-09-16 00:00:00,2021,9,0.0
6,2021-09-23 00:00:00,2021,9,2.16955185
6,2021-09-27 00:00:00,2021,9,55.52045834
6,2021-09-28 00:00:00,2021,9,28.78007429
6,2021-10-08 00:00:00,2021,10,0.090918051
6,2021-10-11 00:00:00,2021,10,0.756441546
6,2021-10-14 00:00:00,2021,10,0.389872899
6,2021-10-19 00:00:00,2021,10,0.001828651
6,2021-11-06 00:00:00,2021,11,0.236702223
6,2021-11-07 00:00:00,2021,11,1.077771296
6,2021-11-19 00:00:00,2021,11,10.98355317
6,2021-11-21 00:00:00,2021,11,2.663394417
6,2021-11-25 00:00:00,2021,11,0.105108206
6,2021-11-26 00:00:00,2021,11,0.0
6,2021-11-29 00:00:00,2021,11,11.18688675
6,2021-12-01 00:00:00,2021,12,0.0
6,2021-12-07 00:00:00,2021,12,0.018357147
6,2021-12-08 00:00:00,2021,12,0.0
6,2021-12-15 00:00:00,2021,12,0.0
6,2021-12-16 00:00:00,2021,12,0.0
6,2021-12-20 00:00:00,2021,12,0.0
6,2021-12-23 00:00:00,2021,12,0.0
6,2021-12-24 00:00:00,2021,12,0.0
6,2021-12-25 00:00:00,2021,12,0.0
7,2021-01-11 00:00:00,2021,1,0.0
7,2021-01-12 00:00:00,2021,1,0.0
7,2021-01-13 00:00:00,2021,1,0.0
7,2021-01-17 00:00:00,2021,1,0.0
7,2021-01-20 00:00:00,2021,1,0.0
7,2021-01-26 00:00:00,2021,1,0.0
7,2021-01-27 00:00:00,2021,1,0.0
7,2021-02-04 00:00:00,2021,2,0.0
7,2021-02-08 00:00:00,2021,2,0.0
7,2021-02-11 00:00:00,2021,2,0.0
7,2021-02-14 00:00:00,2021,2,0.0
7,2021-02-20 00:00:00,2021,2,2.103500347
7,2021-02-22 00:00:00,2021,2,3.823935084
7,2021-03-04 00:00:00,2021,3,0.0
7,2021-03-06 00:00:00,2021,3,0.0
7,2021-03-13 00:00:00,2021,3,0.0
7,2021-03-14 00:00:00,2021,3,0.0
7,2021-03-15 00:00:00,2021,3,0.0
7,2021-03-20 00:00:00,2021,3,0.0
1,2021-01-05 00:00:00,2021,1,0.0
1,2021-01-13 00:00:00,2021,1,0.0
1,2021-01-17 00:00:00,2021,1,0.0
1,2021-02-03 00:00:00,2021,2,0.0
1,2021-02-24 00:00:00,2021,2,0.0
1,2021-02-27 00:00:00,2021,2,0.0
1,2021-03-24 00:00:00,2021,3,0.0
1,2021-04-05 00:00:00,2021,4,0.0
1,2021-05-16 00:00:00,2021,5,0.846673332
1,2021-05-22 00:00:00,2021,5,17.374701
1,2021-06-01 00:00:00,2021,6,2.35901156
1,2021-06-02 00:00:00,2021,6,2.076120112
1,2021-06-10 00:00:00,2021,6,0.512477157
1,2021-07-03 00:00:00,2021,7,2.79996324
1,2021-07-08 00:00:00,2021,7,11.80115097
1,2021-07-16 00:00:00,2021,7,0.682512156
1,2021-07-26 00:00:00,2021,7,0.735809286
1,2021-07-27 00:00:00,2021,7,0.0
1,2021-09-04 00:00:00,2021,9,12.38023645
1,2021-09-13 00:00:00,2021,9,0.080217284
1,2021-09-19 00:00:00,2021,9,0.0
1,2021-09-26 00:00:00,2021,9,2.708483193
1,2021-10-09 00:00:00,2021,10,22.79709324
1,2021-10-30 00:00:00,2021,10,10.06224263
1,2021-12-29 00:00:00,2021,12,0.0
1,2021-12-31 00:00:00,2021,12,0.009588781
1,2021-01-06 00:00:00,2021,1,0.046819462
1,2021-04-04 00:00:00,2021,4,0.0
1,2021-01-08 00:00:00,2021,1,4.668250034
1,2021-04-12 00:00:00,2021,4,0.0
1,2021-04-20 00:00:00,2021,4,1.321562694
1,2021-04-30 00:00:00,2021,4,1.089756854
1,2021-05-03 00:00:00,2021,5,0.003029642
1,2021-05-05 00:00:00,2021,5,0.351203901
1,2021-05-07 00:00:00,2021,5,0.011524167
1,2021-05-11 00:00:00,2021,5,0.029995441
1,2021-05-14 00:00:00,2021,5,4.103992291
1,2021-06-30 00:00:00,2021,6,0.514471901
1,2021-07-02 00:00:00,2021,7,1.038675403
1,2021-07-07 00:00:00,2021,7,10.02163344
1,2021-07-12 00:00:00,2021,7,1.622975602
1,2021-07-23 00:00:00,2021,7,3.632138711
1,2021-08-13 00:00:00,2021,8,0.7265232
1,2021-08-15 00:00:00,2021,8,0.077575788
1,2021-08-17 00:00:00,2021,8,6.666568309
1,2021-05-24 00:00:00,2021,5,0.57880588
1,2021-05-28 00:00:00,2021,5,0.0
1,2021-06-04 00:00:00,2021,6,28.65366289
1,2021-06-17 00:00:00,2021,6,1.216063904
1,2021-10-12 00:00:00,2021,10,5.628141834
1,2021-10-23 00:00:00,2021,10,3.637337831
1,2021-12-27 00:00:00,2021,12,0.0
1,2021-12-30 00:00:00,2021,12,0.0
1,2021-10-29 00:00:00,2021,10,3.51e-05
1,2021-11-02 00:00:00,2021,11,1.713908333
1,2021-01-12 00:00:00,2021,1,0.0
1,2021-11-22 00:00:00,2021,11,1.264829422
1,2021-01-14 00:00:00,2021,1,0.0
1,2021-11-26 00:00:00,2021,11,0.0
1,2021-11-27 00:00:00,2021,11,0.004243657
1,2021-12-03 00:00:00,2021,12,0.0
1,2021-12-07 00:00:00,2021,12,0.0
1,2021-01-20 00:00:00,2021,1,0.0
1,2021-12-24 00:00:00,2021,12,0.0
1,2021-01-22 00:00:00,2021,1,0.0
1,2021-01-25 00:00:00,2021,1,0.0
1,2021-02-09 00:00:00,2021,2,0.0
1,2021-02-18 00:00:00,2021,2,0.0
1,2021-02-26 00:00:00,2021,2,0.0
1,2021-03-15 00:00:00,2021,3,0.0
1,2021-03-21 00:00:00,2021,3,0.0
1,2021-03-27 00:00:00,2021,3,0.0
2,2021-01-01 00:00:00,2021,1,0.0
2,2021-01-03 00:00:00,2021,1,0.180763593
2,2021-01-04 00:00:00,2021,1,0.252211141
2,2021-01-06 00:00:00,2021,1,18.71326828
2,2021-01-08 00:00:00,2021,1,1.348321877
2,2021-01-14 00:00:00,2021,1,0.0
2,2021-01-17 00:00:00,2021,1,0.0
2,2021-02-01 00:00:00,2021,2,0.0
2,2021-02-18 00:00:00,2021,2,0.0
2,2021-02-21 00:00:00,2021,2,2.105958209
2,2021-03-01 00:00:00,2021,3,0.0
2,2021-03-03 00:00:00,2021,3,0.0
2,2021-03-15 00:00:00,2021,3,0.0
2,2021-03-24 00:00:00,2021,3,0.0
2,2021-03-28 00:00:00,2021,3,0.0
2,2021-04-02 00:00:00,2021,4,0.0
2,2021-04-05 00:00:00,2021,4,0.661747039
2,2021-04-06 00:00:00,2021,4,0.249637136
2,2021-04-23 00:00:00,2021,4,0.747356322
2,2021-04-24 00:00:00,2021,4,2.222184037
2,2021-04-26 00:00:00,2021,4,0.0
2,2021-04-28 00:00:00,2021,4,0.0
2,2021-05-03 00:00:00,2021,5,0.066669107
2,2021-05-05 00:00:00,2021,5,0.0
2,2021-05-07 00:00:00,2021,5,0.0
2,2021-05-11 00:00:00,2021,5,0.0
2,2021-05-12 00:00:00,2021,5,8.214062181
2,2021-05-13 00:00:00,2021,5,0.219156146
2,2021-05-20 00:00:00,2021,5,15.44305019
2,2021-05-26 00:00:00,2021,5,0.28173339
2,2021-05-31 00:00:00,2021,5,4.213874734
2,2021-06-12 00:00:00,2021,6,0.0
2,2021-06-16 00:00:00,2021,6,0.049816493
2,2021-06-17 00:00:00,2021,6,0.593248733
2,2021-06-19 00:00:00,2021,6,0.0
2,2021-06-20 00:00:00,2021,6,0.412202819
2,2021-06-22 00:00:00,2021,6,0.665808012
2,2021-06-25 00:00:00,2021,6,0.070126697
2,2021-06-29 00:00:00,2021,6,0.019548913
2,2021-07-05 00:00:00,2021,7,6.828595936
2,2021-07-11 00:00:00,2021,7,5.729793922
2,2021-07-18 00:00:00,2021,7,13.41185125
2,2021-07-14 00:00:00,2021,7,1.203370761
2,2021-07-23 00:00:00,2021,7,0.600504011
2,2021-07-28 00:00:00,2021,7,0.566951224
2,2021-07-30 00:00:00,2021,7,0.005263351
2,2021-08-04 00:00:00,2021,8,0.126937703
2,2021-08-23 00:00:00,2021,8,12.71200199
2,2021-08-28 00:00:00,2021,8,19.02911967
2,2021-09-03 00:00:00,2021,9,21.32689297
2,2021-09-07 00:00:00,2021,9,2.146075265
2,2021-09-09 00:00:00,2021,9,0.000173095
2,2021-09-12 00:00:00,2021,9,1.821811841
2,2021-09-13 00:00:00,2021,9,0.238752477
2,2021-09-20 00:00:00,2021,9,11.14435025
2,2021-09-29 00:00:00,2021,9,2.821534029
2,2021-09-30 00:00:00,2021,9,11.76033401
2,2021-10-05 00:00:00,2021,10,1.731389405
2,2021-10-09 00:00:00,2021,10,5.851333728
2,2021-10-11 00:00:00,2021,10,1.375215528
2,2021-10-18 00:00:00,2021,10,3.448558794
2,2021-11-07 00:00:00,2021,11,34.76131623
2,2021-11-11 00:00:00,2021,11,45.61285456
2,2021-11-13 00:00:00,2021,11,5.833981579
2,2021-11-18 00:00:00,2021,11,34.48118273
2,2021-11-30 00:00:00,2021,11,11.17137903
2,2021-12-04 00:00:00,2021,12,0.0
2,2021-12-07 00:00:00,2021,12,0.505225359
2,2021-12-11 00:00:00,2021,12,1.327400848
2,2021-12-19 00:00:00,2021,12,0.0
2,2021-12-20 00:00:00,2021,12,0.0
2,2021-12-23 00:00:00,2021,12,0.0
2,2021-12-25 00:00:00,2021,12,0.0
3,2021-01-09 00:00:00,2021,1,0.0
3,2021-01-11 00:00:00,2021,1,0.0
3,2021-01-12 00:00:00,2021,1,0.0
3,2021-01-15 00:00:00,2021,1,0.0
3,2021-01-16 00:00:00,2021,1,0.0
3,2021-01-21 00:00:00,2021,1,0.0
3,2021-01-28 00:00:00,2021,1,0.0
3,2021-02-07 00:00:00,2021,2,0.0
3,2021-02-15 00:00:00,2021,2,0.0
3,2021-02-23 00:00:00,2021,2,0.0
3,2021-02-24 00:00:00,2021,2,0.0
3,2021-02-28 00:00:00,2021,2,0.0
3,2021-03-01 00:00:00,2021,3,0.0
3,2021-03-06 00:00:00,2021,3,0.0
3,2021-03-16 00:00:00,2021,3,0.0
3,2021-03-23 00:00:00,2021,3,0.0
3,2021-03-30 00:00:00,2021,3,0.0
3,2021-03-31 00:00:00,2021,3,0.0
3,2021-04-02 00:00:00,2021,4,0.0
3,2021-04-06 00:00:00,2021,4,0.319222779
3,2021-04-17 00:00:00,2021,4,0.87220009
3,2021-05-03 00:00:00,2021,5,1.349034225
3,2021-05-12 00:00:00,2021,5,21.63483905
3,2021-05-19 00:00:00,2021,5,0.51987353
3,2021-05-21 00:00:00,2021,5,0.729598512
3,2021-05-24 00:00:00,2021,5,1.456747939
3,2021-05-26 00:00:00,2021,5,0.0
3,2021-05-29 00:00:00,2021,5,0.181023367
3,2021-05-30 00:00:00,2021,5,1.572337028
3,2021-05-31 00:00:00,2021,5,0.0
3,2021-06-03 00:00:00,2021,6,8.620022827
3,2021-06-05 00:00:00,2021,6,0.370093412
3,2021-06-08 00:00:00,2021,6,1.392294279
9,2021-11-16 00:00:00,2021,11,18.38820929
9,2021-11-19 00:00:00,2021,11,31.12410468
9,2021-11-21 00:00:00,2021,11,23.49003494
9,2021-11-27 00:00:00,2021,11,0.0
9,2021-11-28 00:00:00,2021,11,4.808825776
9,2021-11-29 00:00:00,2021,11,22.40486537
9,2021-12-01 00:00:00,2021,12,0.139459503
9,2021-12-17 00:00:00,2021,12,0.0
9,2021-12-28 00:00:00,2021,12,0.0
9,2021-12-30 00:00:00,2021,12,0.003291518
8,2021-01-07 00:00:00,2021,1,24.6747438
8,2021-01-12 00:00:00,2021,1,0.0
8,2021-01-16 00:00:00,2021,1,0.0
8,2021-02-02 00:00:00,2021,2,0.0
8,2021-02-07 00:00:00,2021,2,0.0
8,2021-02-18 00:00:00,2021,2,0.0
8,2021-02-20 00:00:00,2021,2,7.846579167
8,2021-02-26 00:00:00,2021,2,0.0
8,2021-02-28 00:00:00,2021,2,0.0
8,2021-03-01 00:00:00,2021,3,0.0
8,2021-03-02 00:00:00,2021,3,0.0
8,2021-03-04 00:00:00,2021,3,0.0
8,2021-03-07 00:00:00,2021,3,0.0
8,2021-03-18 00:00:00,2021,3,0.0
8,2021-03-23 00:00:00,2021,3,0.0
8,2021-04-03 00:00:00,2021,4,0.0
8,2021-04-05 00:00:00,2021,4,0.0
8,2021-04-12 00:00:00,2021,4,0.0
8,2021-04-14 00:00:00,2021,4,0.0
8,2021-04-19 00:00:00,2021,4,0.0
8,2021-04-29 00:00:00,2021,4,0.164052377
8,2021-05-01 00:00:00,2021,5,0.0
8,2021-05-03 00:00:00,2021,5,0.0
8,2021-05-05 00:00:00,2021,5,0.0
8,2021-05-09 00:00:00,2021,5,0.0
8,2021-05-10 00:00:00,2021,5,0.0
8,2021-05-12 00:00:00,2021,5,1.500693021
8,2021-05-15 00:00:00,2021,5,0.0
8,2021-05-17 00:00:00,2021,5,0.051599112
8,2021-05-18 00:00:00,2021,5,0.540783413
8,2021-05-19 00:00:00,2021,5,0.032927988
8,2021-05-23 00:00:00,2021,5,0.0
8,2021-05-28 00:00:00,2021,5,0.0
8,2021-05-31 00:00:00,2021,5,0.242078928
8,2021-06-01 00:00:00,2021,6,0.056457516
8,2021-06-04 00:00:00,2021,6,1.221640283
8,2021-06-05 00:00:00,2021,6,4.13436203
8,2021-06-06 00:00:00,2021,6,3.489564724
8,2021-06-09 00:00:00,2021,6,0.0
8,2021-06-15 00:00:00,2021,6,0.0
8,2021-06-16 00:00:00,2021,6,0.050245253
8,2021-06-17 00:00:00,2021,6,1.827254357
8,2021-06-18 00:00:00,2021,6,0.000105563
8,2021-06-23 00:00:00,2021,6,4.059728343
8,2021-07-01 00:00:00,2021,7,0.0
8,2021-07-24 00:00:00,2021,7,0.0
8,2021-07-28 00:00:00,2021,7,0.429572187
8,2021-08-14 00:00:00,2021,8,1.357161773
8,2021-08-18 00:00:00,2021,8,3.328114408
8,2021-08-22 00:00:00,2021,8,5.985765135
8,2021-08-23 00:00:00,2021,8,0.911551028
8,2021-08-30 00:00:00,2021,8,1.287856499
8,2021-09-04 00:00:00,2021,9,0.347525829
8,2021-09-11 00:00:00,2021,9,0.0
8,2021-09-15 00:00:00,2021,9,0.0
8,2021-09-22 00:00:00,2021,9,16.56800901
8,2021-09-29 00:00:00,2021,9,4.376129584
8,2021-09-30 00:00:00,2021,9,0.690409923
8,2021-10-02 00:00:00,2021,10,0.904779938
8,2021-10-04 00:00:00,2021,10,0.080107384
8,2021-10-05 00:00:00,2021,10,1.121484573
8,2021-10-10 00:00:00,2021,10,0.908786262
8,2021-10-14 00:00:00,2021,10,1.704772642
8,2021-10-16 00:00:00,2021,10,0.770262631
8,2021-10-18 00:00:00,2021,10,7.362075911
8,2021-10-27 00:00:00,2021,10,0.375765052
8,2021-11-01 00:00:00,2021,11,28.64217844
8,2021-11-04 00:00:00,2021,11,12.31709671
8,2021-11-16 00:00:00,2021,11,23.13662035
8,2021-11-21 00:00:00,2021,11,6.152531902
8,2021-11-23 00:00:00,2021,11,3.213818522
8,2021-11-25 00:00:00,2021,11,3.045427909
8,2021-11-26 00:00:00,2021,11,0.598908839
8,2021-11-30 00:00:00,2021,11,37.60041133
8,2021-12-18 00:00:00,2021,12,0.0
8,2021-12-20 00:00:00,2021,12,0.0
8,2021-12-26 00:00:00,2021,12,0.0
8,2021-03-29 00:00:00,2021,3,0.0
8,2021-12-12 00:00:00,2021,12,17.74371613
8,2021-12-14 00:00:00,2021,12,15.86475066
10,2021-01-01 00:00:00,2021,1,0.0
10,2021-01-02 00:00:00,2021,1,0.0
10,2021-01-06 00:00:00,2021,1,0.0
10,2021-01-08 00:00:00,2021,1,0.0
10,2021-01-23 00:00:00,2021,1,0.0
10,2021-02-03 00:00:00,2021,2,0.0
10,2021-02-04 00:00:00,2021,2,0.0
10,2021-02-02 00:00:00,2021,2,0.0
10,2021-02-06 00:00:00,2021,2,0.0
10,2021-02-18 00:00:00,2021,2,0.0
10,2021-02-21 00:00:00,2021,2,0.010640411
10,2021-02-24 00:00:00,2021,2,0.0
10,2021-02-28 00:00:00,2021,2,0.0
10,2021-03-02 00:00:00,2021,3,0.0
10,2021-03-11 00:00:00,2021,3,0.0
10,2021-03-20 00:00:00,2021,3,0.0
10,2021-04-16 00:00:00,2021,4,0.0
10,2021-04-18 00:00:00,2021,4,0.0
10,2021-04-22 00:00:00,2021,4,0.0
10,2021-04-30 00:00:00,2021,4,0.333793818
10,2021-05-05 00:00:00,2021,5,14.71325419
10,2021-05-06 00:00:00,2021,5,4.431189132
10,2021-05-09 00:00:00,2021,5,0.253725116
10,2021-05-13 00:00:00,2021,5,0.0
10,2021-05-15 00:00:00,2021,5,0.185164524
10,2021-05-24 00:00:00,2021,5,0.0
10,2021-05-26 00:00:00,2021,5,0.055467734
10,2021-06-17 00:00:00,2021,6,4.065215777
10,2021-06-19 00:00:00,2021,6,0.651614162
10,2021-06-20 00:00:00,2021,6,0.000452194
10,2021-06-22 00:00:00,2021,6,0.044031167
10,2021-06-24 00:00:00,2021,6,3.691294071
10,2021-06-28 00:00:00,2021,6,4.20710002
10,2021-07-03 00:00:00,2021,7,2.863481128
10,2021-07-22 00:00:00,2021,7,10.740824
10,2021-07-24 00:00:00,2021,7,0.398517386
10,2021-07-25 00:00:00,2021,7,0.136623512
10,2021-08-07 00:00:00,2021,8,6.491200424
10,2021-08-15 00:00:00,2021,8,9.089169941
10,2021-08-18 00:00:00,2021,8,2.039273346
10,2021-08-23 00:00:00,2021,8,0.001816932
10,2021-08-25 00:00:00,2021,8,0.241678674
10,2021-08-29 00:00:00,2021,8,2.07244877
10,2021-09-10 00:00:00,2021,9,14.85996601
10,2021-09-11 00:00:00,2021,9,16.36279685
10,2021-09-12 00:00:00,2021,9,2.625860623
10,2021-09-19 00:00:00,2021,9,0.077207517
10,2021-10-04 00:00:00,2021,10,0.032799413
10,2021-10-10 00:00:00,2021,10,0.661355848
10,2021-10-11 00:00:00,2021,10,0.0
10,2021-10-15 00:00:00,2021,10,22.71129277
10,2021-10-20 00:00:00,2021,10,6.47876989
10,2021-11-09 00:00:00,2021,11,0.0
10,2021-11-13 00:00:00,2021,11,48.24341439
10,2021-11-14 00:00:00,2021,11,18.67987343
10,2021-12-02 00:00:00,2021,12,0.0
10,2021-12-04 00:00:00,2021,12,26.62278548
10,2021-12-08 00:00:00,2021,12,0.0
10,2021-12-12 00:00:00,2021,12,0.012558613
10,2021-12-15 00:00:00,2021,12,0.0
10,2021-12-17 00:00:00,2021,12,0.0
10,2021-12-18 00:00:00,2021,12,0.0
10,2021-12-22 00:00:00,2021,12,0.0
10,2021-12-23 00:00:00,2021,12,0.0
10,2021-12-26 00:00:00,2021,12,0.0
10,2021-12-29 00:00:00,2021,12,0.0
10,2021-12-30 00:00:00,2021,12,0.214624313
11,2021-01-01 00:00:00,2021,1,0.0
11,2021-01-13 00:00:00,2021,1,0.0
11,2021-01-25 00:00:00,2021,1,0.0
11,2021-02-07 00:00:00,2021,2,0.0
11,2021-02-17 00:00:00,2021,2,0.0
11,2021-03-10 00:00:00,2021,3,0.0
11,2021-03-11 00:00:00,2021,3,0.0
11,2021-03-17 00:00:00,2021,3,0.0
11,2021-03-19 00:00:00,2021,3,0.0
11,2021-03-25 00:00:00,2021,3,0.0
11,2021-03-29 00:00:00,2021,3,0.0
11,2021-04-05 00:00:00,2021,4,0.0
11,2021-04-16 00:00:00,2021,4,0.116446462
11,2021-04-22 00:00:00,2021,4,1.319482806
11,2021-04-26 00:00:00,2021,4,0.0
11,2021-04-27 00:00:00,2021,4,6.005883269
11,2021-05-02 00:00:00,2021,5,1.176682007
11,2021-05-05 00:00:00,2021,5,3.999460545
11,2021-05-09 00:00:00,2021,5,6.296030938
11,2021-05-14 00:00:00,2021,5,0.000215572
11,2021-05-19 00:00:00,2021,5,0.073391821
11,2021-05-20 00:00:00,2021,5,1.374012462
11,2021-05-21 00:00:00,2021,5,3.60790688
11,2021-05-24 00:00:00,2021,5,4.53e-05
11,2021-05-28 00:00:00,2021,5,0.0
11,2021-05-31 00:00:00,2021,5,0.024146303
11,2021-06-04 00:00:00,2021,6,7.89829
11,2021-06-13 00:00:00,2021,6,0.699401725
11,2021-06-14 00:00:00,2021,6,4.869443659
11,2021-06-17 00:00:00,2021,6,1.1511057
11,2021-06-19 00:00:00,2021,6,0.424687092
11,2021-07-03 00:00:00,2021,7,8.583052667
11,2021-07-05 00:00:00,2021,7,18.81822432
11,2021-07-07 00:00:00,2021,7,6.866095902
11,2021-07-09 00:00:00,2021,7,0.880149107
11,2021-07-10 00:00:00,2021,7,0.140129623
11,2021-07-13 00:00:00,2021,7,8.277621765
11,2021-07-16 00:00:00,2021,7,1.798388873
11,2021-07-17 00:00:00,2021,7,0.141528546
11,2021-07-18 00:00:00,2021,7,0.81201417
11,2021-07-19 00:00:00,2021,7,3.173090458
11,2021-07-20 00:00:00,2021,7,7.971764804
11,2021-07-25 00:00:00,2021,7,1.791124897
11,2021-07-31 00:00:00,2021,7,0.184683354
11,2021-08-01 00:00:00,2021,8,1.016145406
11,2021-08-10 00:00:00,2021,8,0.500594865
11,2021-08-12 00:00:00,2021,8,6.911433321
11,2021-08-13 00:00:00,2021,8,10.14517625
11,2021-08-14 00:00:00,2021,8,19.37699961
11,2021-08-17 00:00:00,2021,8,11.71811098
11,2021-08-20 00:00:00,2021,8,11.52834442
11,2021-08-21 00:00:00,2021,8,1.282795486
11,2021-08-30 00:00:00,2021,8,8.099842576
11,2021-09-04 00:00:00,2021,9,1.752263534
11,2021-09-18 00:00:00,2021,9,5.097434671
11,2021-09-19 00:00:00,2021,9,7.870877953
11,2021-09-20 00:00:00,2021,9,6.662881955
11,2021-09-22 00:00:00,2021,9,0.023668204
11,2021-09-26 00:00:00,2021,9,9.716804117
11,2021-10-02 00:00:00,2021,10,0.279768094
11,2021-10-06 00:00:00,2021,10,0.540469432
11,2021-10-07 00:00:00,2021,10,2.439862251
11,2021-10-17 00:00:00,2021,10,22.10458584
11,2021-10-21 00:00:00,2021,10,0.345748321
11,2021-10-23 00:00:00,2021,10,10.32300627
11,2021-10-29 00:00:00,2021,10,0.0
11,2021-11-08 00:00:00,2021,11,0.0
11,2021-11-12 00:00:00,2021,11,9.089407519
11,2021-11-23 00:00:00,2021,11,10.17387926
11,2021-11-28 00:00:00,2021,11,0.066866754
11,2021-12-03 00:00:00,2021,12,0.066866754
11,2021-12-28 00:00:00,2021,12,0.0
11,2021-12-29 00:00:00,2021,12,3.41e-05
11,2021-12-31 00:00:00,2021,12,2.27e-05
11,2021-01-14 00:00:00,2021,1,0.0
11,2021-06-03 00:00:00,2021,6,15.13020595
11,2021-10-16 00:00:00,2021,10,15.41430942
12,2021-01-01 00:00:00,2021,1,0.0
12,2021-01-03 00:00:00,2021,1,0.0
12,2021-01-10 00:00:00,2021,1,0.0
12,2021-01-11 00:00:00,2021,1,0.0
12,2021-01-16 00:00:00,2021,1,0.0
12,2021-01-29 00:00:00,2021,1,0.002349366
12,2021-02-01 00:00:00,2021,2,0.0
12,2021-02-08 00:00:00,2021,2,0.0
12,2021-02-09 00:00:00,2021,2,0.0
12,2021-02-15 00:00:00,2021,2,0.0
12,2021-02-21 00:00:00,2021,2,0.010020443
12,2021-02-24 00:00:00,2021,2,0.0
12,2021-02-26 00:00:00,2021,2,0.0
12,2021-03-04 00:00:00,2021,3,0.0
12,2021-03-12 00:00:00,2021,3,0.145942457
12,2021-03-14 00:00:00,2021,3,0.0
12,2021-03-26 00:00:00,2021,3,0.0
12,2021-04-01 00:00:00,2021,4,0.0
12,2021-04-16 00:00:00,2021,4,0.002032594
12,2021-04-20 00:00:00,2021,4,11.40941227
12,2021-05-08 00:00:00,2021,5,5.868945061
12,2021-05-09 00:00:00,2021,5,0.649439481
12,2021-05-15 00:00:00,2021,5,2.091471349
12,2021-05-23 00:00:00,2021,5,10.17761212
12,2021-05-25 00:00:00,2021,5,0.0
12,2021-05-28 00:00:00,2021,5,0.0
7,2021-03-26 00:00:00,2021,3,0.0
7,2021-03-28 00:00:00,2021,3,0.000622166
7,2021-04-07 00:00:00,2021,4,0.0
7,2021-04-10 00:00:00,2021,4,0.0
7,2021-04-11 00:00:00,2021,4,0.0
7,2021-04-12 00:00:00,2021,4,0.0
7,2021-04-16 00:00:00,2021,4,0.414123287
7,2021-04-28 00:00:00,2021,4,0.000246172
7,2021-04-30 00:00:00,2021,4,0.53706506
7,2021-05-12 00:00:00,2021,5,18.1029746
7,2021-05-22 00:00:00,2021,5,18.85248057
7,2021-06-02 00:00:00,2021,6,1.523574751
7,2021-06-08 00:00:00,2021,6,0.0
7,2021-06-09 00:00:00,2021,6,0.001859762
7,2021-06-27 00:00:00,2021,6,25.76699375
7,2021-07-01 00:00:00,2021,7,0.034423391
7,2021-07-10 00:00:00,2021,7,14.60768768
7,2021-07-24 00:00:00,2021,7,0.021271616
7,2021-07-25 00:00:00,2021,7,0.018840661
7,2021-07-31 00:00:00,2021,7,0.766380003
7,2021-08-02 00:00:00,2021,8,0.214280425
7,2021-08-05 00:00:00,2021,8,1.616096625
7,2021-08-13 00:00:00,2021,8,1.948852476
7,2021-08-16 00:00:00,2021,8,2.686647087
7,2021-08-21 00:00:00,2021,8,0.0
7,2021-08-23 00:00:00,2021,8,9.36135445
7,2021-08-26 00:00:00,2021,8,0.576508363
7,2021-08-27 00:00:00,2021,8,0.06983566
7,2021-09-04 00:00:00,2021,9,8.970312473
7,2021-09-07 00:00:00,2021,9,4.920202559
7,2021-09-08 00:00:00,2021,9,0.135212068
7,2021-09-13 00:00:00,2021,9,0.000931476
7,2021-09-15 00:00:00,2021,9,0.219421697
7,2021-09-18 00:00:00,2021,9,0.0
7,2021-09-21 00:00:00,2021,9,3.859087171
7,2021-09-24 00:00:00,2021,9,3.734402435
7,2021-10-02 00:00:00,2021,10,4.935143151
7,2021-10-06 00:00:00,2021,10,5.47196394
7,2021-10-10 00:00:00,2021,10,3.470980418
7,2021-10-11 00:00:00,2021,10,2.692797515
7,2021-10-12 00:00:00,2021,10,0.618271546
7,2021-10-17 00:00:00,2021,10,0.143394433
7,2021-10-23 00:00:00,2021,10,1.556604632
7,2021-11-05 00:00:00,2021,11,1.553319412
7,2021-11-08 00:00:00,2021,11,0.005731377
7,2021-11-15 00:00:00,2021,11,3.013132031
7,2021-11-18 00:00:00,2021,11,7.987081922
7,2021-11-20 00:00:00,2021,11,9.465223149
7,2021-11-26 00:00:00,2021,11,0.0
7,2021-11-27 00:00:00,2021,11,0.0
7,2021-11-29 00:00:00,2021,11,4.661964238
7,2021-12-05 00:00:00,2021,12,0.0
7,2021-12-07 00:00:00,2021,12,0.0
7,2021-12-13 00:00:00,2021,12,0.004794763
7,2021-12-14 00:00:00,2021,12,0.013594255
7,2021-12-19 00:00:00,2021,12,0.0
7,2021-12-27 00:00:00,2021,12,0.0
9,2021-01-08 00:00:00,2021,1,0.224906332
9,2021-01-16 00:00:00,2021,1,0.0
9,2021-01-19 00:00:00,2021,1,0.0
9,2021-01-23 00:00:00,2021,1,0.0
9,2021-01-26 00:00:00,2021,1,0.0
9,2021-02-02 00:00:00,2021,2,0.0
9,2021-02-04 00:00:00,2021,2,0.0
9,2021-02-07 00:00:00,2021,2,0.0
9,2021-02-12 00:00:00,2021,2,0.0
9,2021-03-05 00:00:00,2021,3,0.0
9,2021-03-06 00:00:00,2021,3,0.0
9,2021-03-16 00:00:00,2021,3,0.0
9,2021-03-18 00:00:00,2021,3,0.0
9,2021-03-22 00:00:00,2021,3,0.0
9,2021-03-25 00:00:00,2021,3,0.0
9,2021-03-29 00:00:00,2021,3,0.0
9,2021-03-30 00:00:00,2021,3,0.0
9,2021-04-01 00:00:00,2021,4,0.0
9,2021-03-31 00:00:00,2021,3,0.0
9,2021-04-02 00:00:00,2021,4,0.0
9,2021-04-03 00:00:00,2021,4,0.0
9,2021-04-09 00:00:00,2021,4,0.0
9,2021-04-10 00:00:00,2021,4,0.0
9,2021-04-18 00:00:00,2021,4,0.0
9,2021-04-21 00:00:00,2021,4,0.0
9,2021-04-22 00:00:00,2021,4,7.782406745
9,2021-05-08 00:00:00,2021,5,0.328975781
9,2021-05-10 00:00:00,2021,5,0.0
9,2021-05-12 00:00:00,2021,5,14.54183069
9,2021-05-25 00:00:00,2021,5,0.0
9,2021-05-30 00:00:00,2021,5,0.052706352
9,2021-06-04 00:00:00,2021,6,1.778491105
9,2021-06-21 00:00:00,2021,6,0.170299491
9,2021-06-22 00:00:00,2021,6,0.028324209
9,2021-06-26 00:00:00,2021,6,0.035781968
9,2021-07-05 00:00:00,2021,7,10.91302669
9,2021-07-07 00:00:00,2021,7,0.830470677
9,2021-07-10 00:00:00,2021,7,7.776144252
9,2021-07-16 00:00:00,2021,7,22.0460453
9,2021-07-18 00:00:00,2021,7,4.377618513
9,2021-07-14 00:00:00,2021,7,5.283529727
9,2021-07-23 00:00:00,2021,7,11.6009217
9,2021-07-24 00:00:00,2021,7,0.925183754
9,2021-08-06 00:00:00,2021,8,0.551697817
9,2021-08-09 00:00:00,2021,8,0.937770221
9,2021-08-12 00:00:00,2021,8,3.876434292
9,2021-08-13 00:00:00,2021,8,11.94572333
9,2021-08-18 00:00:00,2021,8,0.60723488
9,2021-08-24 00:00:00,2021,8,5.728623867
9,2021-09-05 00:00:00,2021,9,2.468335854
9,2021-09-12 00:00:00,2021,9,0.191028762
9,2021-09-14 00:00:00,2021,9,3.215654619
9,2021-09-26 00:00:00,2021,9,17.63951226
9,2021-09-27 00:00:00,2021,9,3.132529183
9,2021-09-30 00:00:00,2021,9,1.356784898
9,2021-10-02 00:00:00,2021,10,0.672329263
9,2021-10-03 00:00:00,2021,10,1.221035994
9,2021-10-10 00:00:00,2021,10,0.43004753
9,2021-10-12 00:00:00,2021,10,0.000476269
9,2021-10-24 00:00:00,2021,10,5.229548536
9,2021-11-04 00:00:00,2021,11,13.49799656
9,2021-11-10 00:00:00,2021,11,0.010498463
13,2021-10-19 00:00:00,2021,10,1.618996232
13,2021-10-31 00:00:00,2021,10,8.306746022
13,2021-11-07 00:00:00,2021,11,3.575336858
13,2021-11-08 00:00:00,2021,11,0.0
13,2021-11-12 00:00:00,2021,11,12.39736466
13,2021-11-19 00:00:00,2021,11,10.2636744
13,2021-11-25 00:00:00,2021,11,0.817540249
13,2021-11-26 00:00:00,2021,11,0.0
13,2021-11-30 00:00:00,2021,11,0.0
13,2021-12-02 00:00:00,2021,12,0.0
13,2021-12-06 00:00:00,2021,12,0.0
13,2021-12-08 00:00:00,2021,12,0.0
13,2021-12-13 00:00:00,2021,12,0.036873128
13,2021-12-16 00:00:00,2021,12,0.0
5,2021-01-05 00:00:00,2021,1,0.029228153
5,2021-01-09 00:00:00,2021,1,3.02510609
5,2021-01-11 00:00:00,2021,1,0.0
5,2021-01-12 00:00:00,2021,1,0.0
5,2021-01-13 00:00:00,2021,1,0.0
5,2021-01-15 00:00:00,2021,1,0.0
5,2021-01-16 00:00:00,2021,1,0.0
5,2021-01-19 00:00:00,2021,1,0.0
5,2021-01-26 00:00:00,2021,1,0.0
5,2021-01-29 00:00:00,2021,1,0.0
5,2021-02-04 00:00:00,2021,2,0.0
5,2021-02-02 00:00:00,2021,2,0.0
5,2021-02-07 00:00:00,2021,2,0.0
5,2021-02-12 00:00:00,2021,2,0.0
5,2021-02-13 00:00:00,2021,2,0.0
5,2021-02-17 00:00:00,2021,2,0.0
5,2021-02-22 00:00:00,2021,2,1.688963237
5,2021-02-23 00:00:00,2021,2,0.0
5,2021-02-25 00:00:00,2021,2,0.0
5,2021-02-26 00:00:00,2021,2,0.0
5,2021-03-09 00:00:00,2021,3,0.0
5,2021-03-10 00:00:00,2021,3,0.0
5,2021-03-13 00:00:00,2021,3,0.0
5,2021-03-14 00:00:00,2021,3,0.0
5,2021-03-30 00:00:00,2021,3,0.0
5,2021-04-01 00:00:00,2021,4,0.0
5,2021-04-02 00:00:00,2021,4,0.0
5,2021-04-03 00:00:00,2021,4,0.0
5,2021-04-05 00:00:00,2021,4,0.0067465
5,2021-04-12 00:00:00,2021,4,0.0
5,2021-04-14 00:00:00,2021,4,0.0
5,2021-04-15 00:00:00,2021,4,18.12353311
5,2021-04-18 00:00:00,2021,4,0.0
5,2021-04-23 00:00:00,2021,4,1.612832222
5,2021-04-27 00:00:00,2021,4,0.0
5,2021-05-06 00:00:00,2021,5,0.020056083
5,2021-05-07 00:00:00,2021,5,0.0
5,2021-05-10 00:00:00,2021,5,0.0
5,2021-05-13 00:00:00,2021,5,0.190551001
5,2021-05-19 00:00:00,2021,5,1.326414729
5,2021-05-22 00:00:00,2021,5,24.20555623
5,2021-05-23 00:00:00,2021,5,0.0
5,2021-05-27 00:00:00,2021,5,0.006122141
5,2021-06-04 00:00:00,2021,6,13.41999349
5,2021-06-09 00:00:00,2021,6,0.0
5,2021-06-12 00:00:00,2021,6,0.050022731
5,2021-06-13 00:00:00,2021,6,0.0
5,2021-06-17 00:00:00,2021,6,2.092935523
5,2021-06-19 00:00:00,2021,6,0.0
5,2021-07-03 00:00:00,2021,7,19.91795071
5,2021-07-08 00:00:00,2021,7,6.418082908
5,2021-07-11 00:00:00,2021,7,0.433760482
5,2021-07-19 00:00:00,2021,7,15.02939117
5,2021-07-21 00:00:00,2021,7,3.772186464
5,2021-07-24 00:00:00,2021,7,0.0
5,2021-08-13 00:00:00,2021,8,3.904463706
5,2021-08-24 00:00:00,2021,8,1.375846036
5,2021-08-29 00:00:00,2021,8,4.708770751
5,2021-09-06 00:00:00,2021,9,9.490963315
5,2021-09-17 00:00:00,2021,9,0.0
5,2021-09-19 00:00:00,2021,9,0.0
5,2021-09-20 00:00:00,2021,9,0.0
5,2021-09-22 00:00:00,2021,9,10.93526415
5,2021-10-09 00:00:00,2021,10,24.48431601
5,2021-10-10 00:00:00,2021,10,1.849271817
5,2021-10-20 00:00:00,2021,10,0.227527565
5,2021-10-28 00:00:00,2021,10,0.0
5,2021-11-02 00:00:00,2021,11,11.80576304
5,2021-11-06 00:00:00,2021,11,1.689218982
5,2021-11-12 00:00:00,2021,11,60.65242609
5,2021-11-16 00:00:00,2021,11,10.73604606
5,2021-11-19 00:00:00,2021,11,101.1578272
5,2021-11-29 00:00:00,2021,11,48.63962059
5,2021-12-07 00:00:00,2021,12,0.0
5,2021-12-08 00:00:00,2021,12,0.0
5,2021-12-11 00:00:00,2021,12,0.120442648
5,2021-12-21 00:00:00,2021,12,0.0
5,2021-12-31 00:00:00,2021,12,1.580526896
12,2021-06-06 00:00:00,2021,6,0.0
12,2021-06-07 00:00:00,2021,6,0.0
12,2021-06-10 00:00:00,2021,6,6.129724931
12,2021-06-12 00:00:00,2021,6,4.41953635
12,2021-06-15 00:00:00,2021,6,0.078474557
12,2021-06-16 00:00:00,2021,6,0.001508345
12,2021-06-17 00:00:00,2021,6,0.425171213
12,2021-06-18 00:00:00,2021,6,1.390250842
12,2021-06-24 00:00:00,2021,6,5.828487123
12,2021-07-03 00:00:00,2021,7,1.887869643
12,2021-07-12 00:00:00,2021,7,8.277984324
12,2021-07-23 00:00:00,2021,7,1.034116854
12,2021-07-24 00:00:00,2021,7,1.472482669
12,2021-08-01 00:00:00,2021,8,0.724263802
12,2021-08-04 00:00:00,2021,8,0.1055697
12,2021-08-05 00:00:00,2021,8,0.562709595
12,2021-08-08 00:00:00,2021,8,11.27960025
12,2021-08-28 00:00:00,2021,8,23.56959046
12,2021-09-06 00:00:00,2021,9,59.54342369
12,2021-09-14 00:00:00,2021,9,4.775865335
12,2021-09-21 00:00:00,2021,9,1.576163073
12,2021-09-23 00:00:00,2021,9,5.380975305
12,2021-09-25 00:00:00,2021,9,1.106270795
12,2021-09-30 00:00:00,2021,9,1.183967342
12,2021-10-01 00:00:00,2021,10,0.307929212
12,2021-10-04 00:00:00,2021,10,1.154416128
12,2021-10-06 00:00:00,2021,10,3.390902344
12,2021-10-09 00:00:00,2021,10,2.494006086
12,2021-10-12 00:00:00,2021,10,0.083108086
12,2021-10-26 00:00:00,2021,10,0.0
12,2021-11-04 00:00:00,2021,11,6.090733534
12,2021-11-05 00:00:00,2021,11,0.737571887
12,2021-11-15 00:00:00,2021,11,1.882066285
12,2021-11-16 00:00:00,2021,11,6.222478637
12,2021-11-19 00:00:00,2021,11,0.000989298
12,2021-11-26 00:00:00,2021,11,0.0
12,2021-11-28 00:00:00,2021,11,0.017566222
12,2021-11-29 00:00:00,2021,11,0.0
12,2021-12-18 00:00:00,2021,12,0.0
12,2021-12-20 00:00:00,2021,12,0.0
12,2021-12-23 00:00:00,2021,12,0.0
12,2021-12-24 00:00:00,2021,12,0.0
13,2021-01-03 00:00:00,2021,1,0.0
13,2021-01-06 00:00:00,2021,1,0.0
13,2021-01-09 00:00:00,2021,1,0.0
13,2021-01-14 00:00:00,2021,1,0.0
13,2021-01-17 00:00:00,2021,1,0.0
13,2021-01-24 00:00:00,2021,1,0.0
13,2021-01-25 00:00:00,2021,1,0.0
13,2021-01-27 00:00:00,2021,1,0.0
13,2021-02-02 00:00:00,2021,2,0.0
13,2021-02-04 00:00:00,2021,2,0.0
13,2021-02-07 00:00:00,2021,2,0.0
13,2021-02-08 00:00:00,2021,2,0.0
13,2021-02-10 00:00:00,2021,2,0.0
13,2021-02-13 00:00:00,2021,2,0.0
13,2021-02-19 00:00:00,2021,2,0.0
13,2021-02-20 00:00:00,2021,2,0.266297741
13,2021-02-22 00:00:00,2021,2,0.0
13,2021-03-01 00:00:00,2021,3,0.0
13,2021-03-02 00:00:00,2021,3,0.0
13,2021-03-17 00:00:00,2021,3,0.0
13,2021-03-22 00:00:00,2021,3,0.0
13,2021-04-03 00:00:00,2021,4,0.0
13,2021-04-06 00:00:00,2021,4,0.107017871
13,2021-04-12 00:00:00,2021,4,0.0
13,2021-04-16 00:00:00,2021,4,0.05860758
13,2021-04-21 00:00:00,2021,4,3.61e-05
13,2021-04-28 00:00:00,2021,4,4.820678794
13,2021-05-01 00:00:00,2021,5,0.0
13,2021-05-04 00:00:00,2021,5,0.574212499
13,2021-05-06 00:00:00,2021,5,0.450807046
13,2021-05-08 00:00:00,2021,5,0.644576071
13,2021-05-10 00:00:00,2021,5,0.043167164
13,2021-05-15 00:00:00,2021,5,0.363187667
13,2021-05-16 00:00:00,2021,5,3.659003689
13,2021-05-18 00:00:00,2021,5,1.775536477
13,2021-05-26 00:00:00,2021,5,0.0
13,2021-06-12 00:00:00,2021,6,2.713674976
13,2021-06-18 00:00:00,2021,6,7.146957687
13,2021-06-19 00:00:00,2021,6,1.01154766
13,2021-07-09 00:00:00,2021,7,0.26969946
13,2021-07-10 00:00:00,2021,7,13.51316871
13,2021-07-12 00:00:00,2021,7,15.82661165
13,2021-07-15 00:00:00,2021,7,12.02216972
13,2021-07-20 00:00:00,2021,7,3.102681106
13,2021-07-22 00:00:00,2021,7,58.14031859
13,2021-07-25 00:00:00,2021,7,0.406947995
13,2021-08-04 00:00:00,2021,8,0.042113191
13,2021-08-07 00:00:00,2021,8,0.994566863
13,2021-08-08 00:00:00,2021,8,3.301109679
13,2021-08-18 00:00:00,2021,8,5.720724502
13,2021-08-21 00:00:00,2021,8,10.58573326
13,2021-08-25 00:00:00,2021,8,0.115372558
13,2021-08-26 00:00:00,2021,8,14.39271924
13,2021-08-30 00:00:00,2021,8,2.489668013
13,2021-09-01 00:00:00,2021,9,8.207328505
13,2021-09-07 00:00:00,2021,9,55.06722377
13,2021-09-08 00:00:00,2021,9,3.253764856
13,2021-09-20 00:00:00,2021,9,7.989944756
13,2021-09-25 00:00:00,2021,9,8.461840059
13,2021-09-27 00:00:00,2021,9,85.39659396
13,2021-10-09 00:00:00,2021,10,1.506555104
13,2021-10-13 00:00:00,2021,10,10.15126205
13,2021-10-16 00:00:00,2021,10,14.92797364
11,2022-05-06 00:00:00,2022,5,8.95729823
11,2022-05-13 00:00:00,2022,5,1.424100074
11,2022-05-23 00:00:00,2022,5,0.156827619
11,2022-05-26 00:00:00,2022,5,0.0
11,2022-05-31 00:00:00,2022,5,0.0
11,2022-06-01 00:00:00,2022,6,0.000500227
11,2022-06-13 00:00:00,2022,6,10.47010242
11,2022-06-18 00:00:00,2022,6,1.362475311
11,2022-06-22 00:00:00,2022,6,1.341540399
11,2022-06-24 00:00:00,2022,6,8.062859879
11,2022-07-01 00:00:00,2022,7,1.150255473
11,2022-07-02 00:00:00,2022,7,17.05000498
11,2022-07-10 00:00:00,2022,7,5.476637567
11,2022-07-16 00:00:00,2022,7,1.909342682
11,2022-07-17 00:00:00,2022,7,4.141925336
11,2022-07-22 00:00:00,2022,7,2.387628102
11,2022-10-14 00:00:00,2022,10,2.0473895259
11,2022-10-16 00:00:00,2022,10,11.151052347
11,2022-10-21 00:00:00,2022,10,0.3045790686
11,2022-10-17 00:00:00,2022,10,0.2493796133
11,2022-10-24 00:00:00,2022,10,0.0
11,2022-10-25 00:00:00,2022,10,0.0
11,2022-11-07 00:00:00,2022,11,0.0
11,2022-11-19 00:00:00,2022,11,0.1842060668
11,2022-11-22 00:00:00,2022,11,0.0007433317
11,2022-11-26 00:00:00,2022,11,0.8681626273
11,2022-11-28 00:00:00,2022,11,0.0
11,2022-12-07 00:00:00,2022,12,0.0
11,2022-12-08 00:00:00,2022,12,0.0
11,2022-12-13 00:00:00,2022,12,0.1231825912
11,2022-12-18 00:00:00,2022,12,0.0
11,2022-08-01 00:00:00,2022,8,7.831048009
11,2022-08-08 00:00:00,2022,8,11.50716268
11,2022-08-10 00:00:00,2022,8,3.257187
11,2022-08-17 00:00:00,2022,8,1.44762797
11,2022-08-18 00:00:00,2022,8,0.629098298
11,2022-08-21 00:00:00,2022,8,1.272982596
11,2022-09-01 00:00:00,2022,9,5.905461933
11,2022-09-05 00:00:00,2022,9,4.072636136
11,2022-09-12 00:00:00,2022,9,5.466946359
11,2022-09-14 00:00:00,2022,9,1.425956907
11,2022-09-16 00:00:00,2022,9,0.850004173
11,2022-09-17 00:00:00,2022,9,0.038186079
11,2022-09-18 00:00:00,2022,9,0.540724671
11,2022-09-27 00:00:00,2022,9,2.604320615
11,2022-10-03 00:00:00,2022,10,13.23018938
11,2022-10-05 00:00:00,2022,10,11.00024995
11,2022-10-08 00:00:00,2022,10,17.43374279
11,2022-10-13 00:00:00,2022,10,5.099403831
12,2022-01-06 00:00:00,2022,1,0.0
12,2022-01-14 00:00:00,2022,1,27.19215744
12,2022-01-15 00:00:00,2022,1,7.776858411
12,2022-01-18 00:00:00,2022,1,0.0
12,2022-01-21 00:00:00,2022,1,0.0
12,2022-01-26 00:00:00,2022,1,0.0
12,2022-01-30 00:00:00,2022,1,0.0
12,2022-02-05 00:00:00,2022,2,0.0
12,2022-02-06 00:00:00,2022,2,0.0
12,2022-02-07 00:00:00,2022,2,0.0
12,2022-02-09 00:00:00,2022,2,0.0
12,2022-02-16 00:00:00,2022,2,0.0
12,2022-02-19 00:00:00,2022,2,0.0
12,2022-02-28 00:00:00,2022,2,0.0
12,2022-03-06 00:00:00,2022,3,0.0
12,2022-03-07 00:00:00,2022,3,0.0
12,2022-03-11 00:00:00,2022,3,0.0
12,2022-03-13 00:00:00,2022,3,0.0
12,2022-03-17 00:00:00,2022,3,0.0
12,2022-03-18 00:00:00,2022,3,0.0
12,2022-03-21 00:00:00,2022,3,0.0
12,2022-03-25 00:00:00,2022,3,0.0
12,2022-03-30 00:00:00,2022,3,0.0
12,2022-04-07 00:00:00,2022,4,1.299151462
12,2022-04-13 00:00:00,2022,4,0.0
12,2022-04-16 00:00:00,2022,4,0.00093958
12,2022-04-18 00:00:00,2022,4,0.375183467
12,2022-04-19 00:00:00,2022,4,0.013779245
12,2022-04-21 00:00:00,2022,4,0.0
12,2022-04-23 00:00:00,2022,4,0.0
12,2022-04-25 00:00:00,2022,4,0.011529722
12,2022-04-28 00:00:00,2022,4,0.933486205
12,2022-05-03 00:00:00,2022,5,19.98665897
12,2022-05-05 00:00:00,2022,5,0.049876921
12,2022-05-06 00:00:00,2022,5,9.214467756
12,2022-05-07 00:00:00,2022,5,0.0
12,2022-05-15 00:00:00,2022,5,0.0
12,2022-05-27 00:00:00,2022,5,14.0676675
12,2022-05-29 00:00:00,2022,5,1.08503913
12,2022-05-31 00:00:00,2022,5,0.0
12,2022-06-01 00:00:00,2022,6,0.002900894
12,2022-06-04 00:00:00,2022,6,9.732651118
12,2022-06-07 00:00:00,2022,6,0.541498458
12,2022-06-11 00:00:00,2022,6,0.03841472
12,2022-06-12 00:00:00,2022,6,0.999981354
12,2022-06-13 00:00:00,2022,6,15.8751741
12,2022-06-18 00:00:00,2022,6,0.981160816
12,2022-07-03 00:00:00,2022,7,2.256763512
12,2022-07-08 00:00:00,2022,7,6.998158303
12,2022-07-10 00:00:00,2022,7,6.463912872
12,2022-07-26 00:00:00,2022,7,4.695397143
12,2022-07-27 00:00:00,2022,7,4.992223241
12,2022-07-28 00:00:00,2022,7,0.021107401
12,2022-08-11 00:00:00,2022,8,1.156446998
12,2022-08-17 00:00:00,2022,8,2.53120547
12,2022-08-28 00:00:00,2022,8,8.192314284
12,2022-09-01 00:00:00,2022,9,2.847333061
12,2022-09-09 00:00:00,2022,9,33.79141595
12,2022-09-10 00:00:00,2022,9,34.49346714
12,2022-09-17 00:00:00,2022,9,0.0
12,2022-09-25 00:00:00,2022,9,7.387467494
12,2022-09-29 00:00:00,2022,9,3.745850855
12,2022-10-03 00:00:00,2022,10,11.93853619
12,2022-10-06 00:00:00,2022,10,27.71752056
12,2022-10-09 00:00:00,2022,10,19.3102013
12,2022-10-10 00:00:00,2022,10,23.48346892
12,2022-10-11 00:00:00,2022,10,3.494979693
12,2022-10-14 00:00:00,2022,10,2.6234463125
12,2022-10-27 00:00:00,2022,10,0.0
12,2022-11-12 00:00:00,2022,11,0.0
12,2022-11-13 00:00:00,2022,11,0.0
12,2022-11-16 00:00:00,2022,11,0.0
12,2022-11-25 00:00:00,2022,11,2.9614104672
12,2022-11-26 00:00:00,2022,11,0.0
12,2022-12-02 00:00:00,2022,12,0.0
12,2022-12-04 00:00:00,2022,12,0.0
12,2022-12-09 00:00:00,2022,12,0.0
12,2022-12-17 00:00:00,2022,12,0.0
12,2022-12-27 00:00:00,2022,12,0.0
12,2022-12-28 00:00:00,2022,12,0.0
12,2022-12-30 00:00:00,2022,12,0.0
13,2022-01-08 00:00:00,2022,1,0.0
13,2022-01-09 00:00:00,2022,1,0.0
13,2022-01-17 00:00:00,2022,1,0.066345877
13,2022-01-21 00:00:00,2022,1,0.0
13,2022-01-24 00:00:00,2022,1,0.376207477
13,2022-02-01 00:00:00,2022,2,0.0
13,2022-02-10 00:00:00,2022,2,0.0
13,2022-02-12 00:00:00,2022,2,0.0
13,2022-02-24 00:00:00,2022,2,0.0
13,2022-03-01 00:00:00,2022,3,0.0
13,2022-03-07 00:00:00,2022,3,0.0
13,2022-03-12 00:00:00,2022,3,0.0
13,2022-03-13 00:00:00,2022,3,0.0
13,2022-03-15 00:00:00,2022,3,0.0
13,2022-03-21 00:00:00,2022,3,0.0
13,2022-03-23 00:00:00,2022,3,0.04801694
13,2022-03-25 00:00:00,2022,3,0.766821027
13,2022-03-27 00:00:00,2022,3,0.0
13,2022-04-02 00:00:00,2022,4,0.0
13,2022-04-03 00:00:00,2022,4,0.0
13,2022-04-04 00:00:00,2022,4,0.0
13,2022-04-15 00:00:00,2022,4,0.0
13,2022-04-22 00:00:00,2022,4,0.0
13,2022-04-23 00:00:00,2022,4,0.0
13,2022-04-24 00:00:00,2022,4,0.570631368
13,2022-04-26 00:00:00,2022,4,2.177191819
13,2022-04-27 00:00:00,2022,4,0.0
13,2022-04-30 00:00:00,2022,4,0.0
13,2022-05-12 00:00:00,2022,5,12.71385078
13,2022-05-15 00:00:00,2022,5,0.0
13,2022-05-20 00:00:00,2022,5,2.532772675
13,2022-05-24 00:00:00,2022,5,0.0
13,2022-06-01 00:00:00,2022,6,0.0
13,2022-06-03 00:00:00,2022,6,0.020157411
13,2022-06-08 00:00:00,2022,6,0.0
13,2022-06-10 00:00:00,2022,6,0.0
13,2022-06-12 00:00:00,2022,6,0.399132622
13,2022-06-24 00:00:00,2022,6,2.504414407
13,2022-06-25 00:00:00,2022,6,8.225866044
13,2022-06-29 00:00:00,2022,6,3.751611333
13,2022-07-01 00:00:00,2022,7,16.05725043
13,2022-07-05 00:00:00,2022,7,23.32373715
13,2022-07-07 00:00:00,2022,7,2.984668108
13,2022-07-17 00:00:00,2022,7,20.35868526
13,2022-07-18 00:00:00,2022,7,33.63023463
13,2022-07-21 00:00:00,2022,7,0.408645191
13,2022-07-23 00:00:00,2022,7,18.56490457
13,2022-07-25 00:00:00,2022,7,3.771136517
13,2022-07-28 00:00:00,2022,7,0.374322224
13,2022-07-31 00:00:00,2022,7,11.94745122
13,2022-08-08 00:00:00,2022,8,17.67923602
13,2022-08-26 00:00:00,2022,8,13.37824882
13,2022-08-29 00:00:00,2022,8,10.30937562
13,2022-09-08 00:00:00,2022,9,30.62258746
13,2022-09-11 00:00:00,2022,9,33.3142531
13,2022-09-13 00:00:00,2022,9,5.677353979
13,2022-09-17 00:00:00,2022,9,0.290670282
13,2022-09-27 00:00:00,2022,9,10.77791456
13,2022-09-30 00:00:00,2022,9,8.523629107
13,2022-10-06 00:00:00,2022,10,32.42711812
13,2022-10-09 00:00:00,2022,10,5.200192818
13,2022-10-10 00:00:00,2022,10,20.05725575
13,2022-10-12 00:00:00,2022,10,6.332396464
13,2022-10-13 00:00:00,2022,10,3.652703635
13,2022-10-20 00:00:00,2022,10,8.6330646985
13,2022-10-17 00:00:00,2022,10,5.3222409124
13,2022-10-23 00:00:00,2022,10,0.0
13,2022-10-24 00:00:00,2022,10,0.0
13,2022-10-26 00:00:00,2022,10,0.0
13,2022-10-27 00:00:00,2022,10,0.0
13,2022-11-08 00:00:00,2022,11,0.0
13,2022-11-24 00:00:00,2022,11,0.009264207
13,2022-11-25 00:00:00,2022,11,1.701327643
13,2022-11-29 00:00:00,2022,11,0.0
13,2022-12-03 00:00:00,2022,12,0.6938257961
13,2022-12-12 00:00:00,2022,12,1.3050740945
13,2022-12-20 00:00:00,2022,12,0.0
13,2022-12-25 00:00:00,2022,12,0.0
5,2022-08-03 00:00:00,2022,8,6.874226391
5,2022-08-04 00:00:00,2022,8,15.58974098
5,2022-08-06 00:00:00,2022,8,3.556899489
1,2022-01-21 00:00:00,2022,1,0.0
1,2022-02-09 00:00:00,2022,2,0.0
1,2022-02-13 00:00:00,2022,2,0.0
1,2022-03-01 00:00:00,2022,3,0.0
1,2022-03-06 00:00:00,2022,3,0.0
1,2022-03-28 00:00:00,2022,3,0.0
1,2022-04-05 00:00:00,2022,4,0.0
1,2022-04-25 00:00:00,2022,4,0.0
1,2022-05-03 00:00:00,2022,5,0.0
1,2022-05-31 00:00:00,2022,5,0.596535152
1,2022-06-08 00:00:00,2022,6,0.0
1,2022-07-21 00:00:00,2022,7,0.222644812
1,2022-05-05 00:00:00,2022,5,0.0
1,2022-05-06 00:00:00,2022,5,2.237078116
1,2022-05-14 00:00:00,2022,5,6.222735879
1,2022-03-16 00:00:00,2022,3,0.0
1,2022-03-18 00:00:00,2022,3,0.0
1,2022-03-19 00:00:00,2022,3,0.0
1,2022-05-27 00:00:00,2022,5,0.083259109
1,2022-04-02 00:00:00,2022,4,0.0
1,2022-04-10 00:00:00,2022,4,0.0
1,2022-06-04 00:00:00,2022,6,0.30469417
1,2022-06-07 00:00:00,2022,6,0.0
1,2022-06-14 00:00:00,2022,6,0.067186134
1,2022-06-15 00:00:00,2022,6,14.49994877
1,2022-06-16 00:00:00,2022,6,0.453553719
1,2022-06-17 00:00:00,2022,6,33.64317462
1,2022-06-21 00:00:00,2022,6,0.858090265
1,2022-06-24 00:00:00,2022,6,0.0
1,2022-06-26 00:00:00,2022,6,0.056851507
1,2022-06-27 00:00:00,2022,6,0.017434606
1,2022-07-01 00:00:00,2022,7,1.710492815
1,2022-07-06 00:00:00,2022,7,7.970616746
1,2022-04-11 00:00:00,2022,4,0.0
1,2022-04-15 00:00:00,2022,4,0.364978616
1,2022-04-22 00:00:00,2022,4,0.008470402
1,2022-04-26 00:00:00,2022,4,0.42760231
1,2022-05-04 00:00:00,2022,5,1.649803863
1,2022-07-18 00:00:00,2022,7,1.95925787
1,2022-07-25 00:00:00,2022,7,0.147707182
1,2022-01-02 00:00:00,2022,1,0.0
1,2022-01-15 00:00:00,2022,1,0.279112512
1,2022-01-16 00:00:00,2022,1,0.0
1,2022-01-18 00:00:00,2022,1,0.0
1,2022-01-24 00:00:00,2022,1,0.0
1,2022-02-01 00:00:00,2022,2,0.0
1,2022-02-08 00:00:00,2022,2,0.0
1,2022-02-10 00:00:00,2022,2,0.0
1,2022-02-14 00:00:00,2022,2,0.0
1,2022-03-03 00:00:00,2022,3,0.0
1,2022-10-22 00:00:00,2022,10,1.1194834713
1,2022-10-24 00:00:00,2022,10,0.0
1,2022-11-03 00:00:00,2022,11,5.0881011696
1,2022-11-19 00:00:00,2022,11,0.0
1,2022-11-24 00:00:00,2022,11,2.9442963049
1,2022-12-04 00:00:00,2022,12,0.0
1,2022-12-06 00:00:00,2022,12,0.0
1,2022-12-07 00:00:00,2022,12,0.0
1,2022-12-09 00:00:00,2022,12,0.0
1,2022-12-12 00:00:00,2022,12,1.4064203087
1,2022-12-20 00:00:00,2022,12,0.0
1,2022-12-26 00:00:00,2022,12,1.1216338424
1,2022-12-31 00:00:00,2022,12,0.0
1,2022-07-31 00:00:00,2022,7,3.469508242
1,2022-08-02 00:00:00,2022,8,31.81005654
1,2022-08-05 00:00:00,2022,8,15.30095219
1,2022-08-06 00:00:00,2022,8,3.321487892
1,2022-08-10 00:00:00,2022,8,0.017040907
1,2022-08-11 00:00:00,2022,8,0.014597262
1,2022-08-17 00:00:00,2022,8,0.00881959
1,2022-08-26 00:00:00,2022,8,11.72867494
1,2022-08-28 00:00:00,2022,8,39.80919085
1,2022-08-31 00:00:00,2022,8,0.015708133
1,2022-09-13 00:00:00,2022,9,0.0
1,2022-09-21 00:00:00,2022,9,0.0
1,2022-09-23 00:00:00,2022,9,0.0
1,2022-09-30 00:00:00,2022,9,16.88695616
1,2022-10-03 00:00:00,2022,10,1.333251236
1,2022-10-05 00:00:00,2022,10,0.0
1,2022-10-06 00:00:00,2022,10,19.86454425
1,2022-10-12 00:00:00,2022,10,14.17672377
2,2022-01-10 00:00:00,2022,1,0.0
2,2022-01-19 00:00:00,2022,1,0.0
2,2022-01-24 00:00:00,2022,1,0.615237279
2,2022-01-27 00:00:00,2022,1,0.424843374
2,2022-02-18 00:00:00,2022,2,0.0
2,2022-02-24 00:00:00,2022,2,0.0
2,2022-03-01 00:00:00,2022,3,0.0
2,2022-03-06 00:00:00,2022,3,0.0
2,2022-03-10 00:00:00,2022,3,0.0
2,2022-03-13 00:00:00,2022,3,0.0
2,2022-03-17 00:00:00,2022,3,0.0
2,2022-03-18 00:00:00,2022,3,0.0
2,2022-03-19 00:00:00,2022,3,0.0
2,2022-03-22 00:00:00,2022,3,1.841026988
2,2022-03-27 00:00:00,2022,3,0.0
2,2022-03-30 00:00:00,2022,3,0.0
2,2022-04-08 00:00:00,2022,4,0.0
2,2022-04-13 00:00:00,2022,4,0.0
2,2022-04-20 00:00:00,2022,4,0.284893878
2,2022-04-23 00:00:00,2022,4,0.607623498
2,2022-05-16 00:00:00,2022,5,11.17658666
2,2022-05-19 00:00:00,2022,5,10.37342686
2,2022-05-24 00:00:00,2022,5,0.0
2,2022-05-25 00:00:00,2022,5,0.237148985
2,2022-05-27 00:00:00,2022,5,5.852769743
2,2022-05-28 00:00:00,2022,5,0.101575061
2,2022-05-29 00:00:00,2022,5,0.0
2,2022-06-11 00:00:00,2022,6,0.0
2,2022-06-12 00:00:00,2022,6,0.0
2,2022-06-13 00:00:00,2022,6,11.79336121
2,2022-06-20 00:00:00,2022,6,29.63836761
2,2022-06-29 00:00:00,2022,6,0.106110314
2,2022-07-02 00:00:00,2022,7,5.861035175
2,2022-07-09 00:00:00,2022,7,5.798599774
2,2022-07-10 00:00:00,2022,7,3.745561189
2,2022-07-16 00:00:00,2022,7,0.108189117
2,2022-07-25 00:00:00,2022,7,2.125275557
2,2022-07-27 00:00:00,2022,7,1.534027401
2,2022-07-29 00:00:00,2022,7,0.486884691
2,2022-07-30 00:00:00,2022,7,0.060973994
2,2022-08-04 00:00:00,2022,8,11.96733907
2,2022-08-07 00:00:00,2022,8,3.54361411
2,2022-08-11 00:00:00,2022,8,0.0
2,2022-08-28 00:00:00,2022,8,20.90507962
2,2022-08-31 00:00:00,2022,8,0.516218359
2,2022-09-03 00:00:00,2022,9,0.0
2,2022-09-08 00:00:00,2022,9,15.90942878
2,2022-09-09 00:00:00,2022,9,6.801277942
2,2022-09-15 00:00:00,2022,9,8.255820239
2,2022-09-21 00:00:00,2022,9,0.0
2,2022-09-23 00:00:00,2022,9,0.0
2,2022-09-26 00:00:00,2022,9,0.094678144
2,2022-10-02 00:00:00,2022,10,0.543756667
2,2022-10-18 00:00:00,2022,10,2.1418832148
2,2022-10-22 00:00:00,2022,10,4.8743594498
2,2022-10-27 00:00:00,2022,10,0.0
2,2022-10-30 00:00:00,2022,10,3.7394127977
2,2022-11-15 00:00:00,2022,11,6.2372437129
2,2022-11-22 00:00:00,2022,11,0.8425145346
2,2022-11-24 00:00:00,2022,11,13.2174505583
2,2022-12-04 00:00:00,2022,12,1.5115714046
2,2022-12-20 00:00:00,2022,12,0.0
2,2022-12-22 00:00:00,2022,12,0.0
2,2022-12-28 00:00:00,2022,12,0.2099927489
3,2022-01-06 00:00:00,2022,1,0.0
3,2022-01-07 00:00:00,2022,1,0.0
3,2022-01-11 00:00:00,2022,1,0.0
3,2022-01-12 00:00:00,2022,1,0.0
3,2022-01-13 00:00:00,2022,1,4.376222315
3,2022-01-21 00:00:00,2022,1,0.0
3,2022-01-31 00:00:00,2022,1,0.0
3,2022-02-02 00:00:00,2022,2,0.0
3,2022-02-10 00:00:00,2022,2,0.0
3,2022-02-12 00:00:00,2022,2,0.102855651
3,2022-02-13 00:00:00,2022,2,0.0
3,2022-02-23 00:00:00,2022,2,0.028947853
3,2022-03-03 00:00:00,2022,3,0.0
3,2022-03-09 00:00:00,2022,3,0.0
3,2022-03-12 00:00:00,2022,3,0.0
3,2022-03-14 00:00:00,2022,3,0.0
3,2022-03-16 00:00:00,2022,3,0.0
9,2022-09-07 00:00:00,2022,9,0.892413034
9,2022-09-13 00:00:00,2022,9,0.110371411
9,2022-09-16 00:00:00,2022,9,0.0
9,2022-09-30 00:00:00,2022,9,4.065409367
9,2022-10-10 00:00:00,2022,10,11.88950681
9,2022-10-14 00:00:00,2022,10,5.6466614068
9,2022-10-16 00:00:00,2022,10,4.2279072222
9,2022-10-21 00:00:00,2022,10,2.4492858497
9,2022-10-30 00:00:00,2022,10,0.1367468555
9,2022-11-04 00:00:00,2022,11,0.7514853295
9,2022-11-13 00:00:00,2022,11,12.5339183798
9,2022-11-14 00:00:00,2022,11,2.9731570289
9,2022-11-15 00:00:00,2022,11,0.5834631858
9,2022-11-18 00:00:00,2022,11,0.0
9,2022-11-19 00:00:00,2022,11,0.0
9,2022-11-22 00:00:00,2022,11,3.1239878823
9,2022-12-13 00:00:00,2022,12,16.2954843925
9,2022-12-18 00:00:00,2022,12,0.0403572023
9,2022-12-24 00:00:00,2022,12,0.0
9,2022-12-29 00:00:00,2022,12,0.0
8,2022-01-04 00:00:00,2022,1,0.0
8,2022-01-08 00:00:00,2022,1,0.0
8,2022-01-16 00:00:00,2022,1,4.856690495
8,2022-01-19 00:00:00,2022,1,0.0
8,2022-02-02 00:00:00,2022,2,0.0
8,2022-02-05 00:00:00,2022,2,0.0
8,2022-02-06 00:00:00,2022,2,0.0
8,2022-02-11 00:00:00,2022,2,0.0
8,2022-02-12 00:00:00,2022,2,0.0
8,2022-02-15 00:00:00,2022,2,0.0
8,2022-02-20 00:00:00,2022,2,0.0
8,2022-02-26 00:00:00,2022,2,0.0
8,2022-03-01 00:00:00,2022,3,0.0
8,2022-03-11 00:00:00,2022,3,0.0
8,2022-03-14 00:00:00,2022,3,0.0
8,2022-03-16 00:00:00,2022,3,0.0
8,2022-03-21 00:00:00,2022,3,0.0
8,2022-03-25 00:00:00,2022,3,0.0
8,2022-03-31 00:00:00,2022,3,0.0
8,2022-04-05 00:00:00,2022,4,0.0
8,2022-04-09 00:00:00,2022,4,0.0
8,2022-04-11 00:00:00,2022,4,0.0
8,2022-04-12 00:00:00,2022,4,0.0
8,2022-04-14 00:00:00,2022,4,0.0
8,2022-04-23 00:00:00,2022,4,0.0
8,2022-05-14 00:00:00,2022,5,0.004772802
8,2022-06-05 00:00:00,2022,6,0.0
8,2022-06-10 00:00:00,2022,6,0.0
8,2022-06-17 00:00:00,2022,6,0.421514931
8,2022-06-18 00:00:00,2022,6,0.408160202
8,2022-06-19 00:00:00,2022,6,7.827663389
8,2022-06-30 00:00:00,2022,6,0.777201061
8,2022-07-08 00:00:00,2022,7,1.667418278
8,2022-07-14 00:00:00,2022,7,1.976473292
8,2022-07-15 00:00:00,2022,7,0.560164327
8,2022-07-19 00:00:00,2022,7,4.523163786
8,2022-07-22 00:00:00,2022,7,22.76412644
8,2022-07-29 00:00:00,2022,7,0.0
8,2022-04-13 00:00:00,2022,4,0.0
8,2022-10-23 00:00:00,2022,10,0.0
8,2022-10-26 00:00:00,2022,10,0.0
8,2022-10-27 00:00:00,2022,10,0.0
8,2022-11-02 00:00:00,2022,11,38.8021567213
8,2022-11-09 00:00:00,2022,11,0.0302277465
8,2022-11-10 00:00:00,2022,11,1.7408812994
8,2022-11-17 00:00:00,2022,11,0.0
8,2022-11-18 00:00:00,2022,11,0.0
8,2022-11-19 00:00:00,2022,11,0.0
8,2022-11-20 00:00:00,2022,11,0.0
8,2022-11-26 00:00:00,2022,11,0.004115489
8,2022-12-05 00:00:00,2022,12,0.0
8,2022-12-09 00:00:00,2022,12,4.8602055269
8,2022-12-13 00:00:00,2022,12,20.0862710685
8,2022-12-17 00:00:00,2022,12,0.0
8,2022-12-22 00:00:00,2022,12,0.0
8,2022-12-26 00:00:00,2022,12,16.0795589944
8,2022-12-27 00:00:00,2022,12,3.0811237508
8,2022-12-28 00:00:00,2022,12,0.004181263
10,2022-01-07 00:00:00,2022,1,0.0
10,2022-01-11 00:00:00,2022,1,0.0
10,2022-01-14 00:00:00,2022,1,14.31974264
10,2022-01-20 00:00:00,2022,1,0.0
10,2022-01-22 00:00:00,2022,1,0.008970438
10,2022-01-26 00:00:00,2022,1,0.0
10,2022-02-03 00:00:00,2022,2,0.0
10,2022-02-08 00:00:00,2022,2,0.0
10,2022-02-09 00:00:00,2022,2,0.0
10,2022-02-10 00:00:00,2022,2,0.0
10,2022-02-11 00:00:00,2022,2,0.0
10,2022-02-17 00:00:00,2022,2,0.0
10,2022-02-25 00:00:00,2022,2,0.0
10,2022-02-26 00:00:00,2022,2,0.0
10,2022-03-17 00:00:00,2022,3,0.0
10,2022-03-23 00:00:00,2022,3,0.0
10,2022-04-06 00:00:00,2022,4,0.0
10,2022-04-08 00:00:00,2022,4,0.0
10,2022-04-10 00:00:00,2022,4,0.0
10,2022-04-23 00:00:00,2022,4,0.0
10,2022-04-24 00:00:00,2022,4,0.0
10,2022-05-17 00:00:00,2022,5,0.0
10,2022-05-21 00:00:00,2022,5,0.0
10,2022-05-22 00:00:00,2022,5,0.061488371
10,2022-05-23 00:00:00,2022,5,1.052522652
10,2022-05-31 00:00:00,2022,5,0.0
10,2022-06-01 00:00:00,2022,6,0.0
10,2022-06-03 00:00:00,2022,6,4.56896e-05
10,2022-06-05 00:00:00,2022,6,0.0
10,2022-06-09 00:00:00,2022,6,0.0
10,2022-06-12 00:00:00,2022,6,0.101013772
10,2022-06-16 00:00:00,2022,6,0.165143387
10,2022-06-29 00:00:00,2022,6,5.601618872
10,2022-07-01 00:00:00,2022,7,0.949665529
10,2022-07-03 00:00:00,2022,7,0.858128213
10,2022-07-11 00:00:00,2022,7,0.504069628
10,2022-07-13 00:00:00,2022,7,0.904970932
10,2022-07-22 00:00:00,2022,7,5.503724546
10,2022-07-23 00:00:00,2022,7,8.797120543
10,2022-07-25 00:00:00,2022,7,2.574337101
10,2022-07-27 00:00:00,2022,7,0.689629751
10,2022-07-29 00:00:00,2022,7,0.914982112
10,2022-08-07 00:00:00,2022,8,14.01876827
10,2022-08-09 00:00:00,2022,8,24.21504531
10,2022-08-14 00:00:00,2022,8,13.74720612
10,2022-08-15 00:00:00,2022,8,11.25666895
10,2022-08-18 00:00:00,2022,8,7.251442763
10,2022-08-21 00:00:00,2022,8,0.443700307
10,2022-09-08 00:00:00,2022,9,14.68775012
10,2022-09-09 00:00:00,2022,9,23.52475167
10,2022-09-10 00:00:00,2022,9,47.4479834
10,2022-09-26 00:00:00,2022,9,6.486192587
10,2022-09-30 00:00:00,2022,9,7.818249188
10,2022-10-02 00:00:00,2022,10,2.781876934
10,2022-10-05 00:00:00,2022,10,43.24775083
10,2022-10-10 00:00:00,2022,10,22.96565498
10,2022-10-13 00:00:00,2022,10,0.757299621
10,2022-10-14 00:00:00,2022,10,4.5548807611
10,2022-10-18 00:00:00,2022,10,0.0
10,2022-10-20 00:00:00,2022,10,0.4105594982
10,2022-10-24 00:00:00,2022,10,0.0
10,2022-10-26 00:00:00,2022,10,0.0
10,2022-11-04 00:00:00,2022,11,0.1054968589
10,2022-11-06 00:00:00,2022,11,0.0
10,2022-11-08 00:00:00,2022,11,0.0
10,2022-11-23 00:00:00,2022,11,0.0
10,2022-11-30 00:00:00,2022,11,0.0
10,2022-12-08 00:00:00,2022,12,0.0
10,2022-12-13 00:00:00,2022,12,0.0
10,2022-12-31 00:00:00,2022,12,0.0
11,2022-01-08 00:00:00,2022,1,0.0
11,2022-01-10 00:00:00,2022,1,0.0
11,2022-01-15 00:00:00,2022,1,8.385698888
11,2022-01-20 00:00:00,2022,1,0.0
11,2022-01-23 00:00:00,2022,1,0.0
11,2022-01-28 00:00:00,2022,1,0.0
11,2022-01-29 00:00:00,2022,1,0.40049703
11,2022-02-11 00:00:00,2022,2,0.0
11,2022-02-15 00:00:00,2022,2,0.0
11,2022-02-23 00:00:00,2022,2,0.0
11,2022-02-24 00:00:00,2022,2,0.0
11,2022-02-25 00:00:00,2022,2,0.0
11,2022-03-02 00:00:00,2022,3,0.0
11,2022-03-04 00:00:00,2022,3,0.0
11,2022-03-23 00:00:00,2022,3,0.0
11,2022-03-29 00:00:00,2022,3,0.0
11,2022-04-07 00:00:00,2022,4,0.029590877
11,2022-04-16 00:00:00,2022,4,2.881613727
11,2022-04-20 00:00:00,2022,4,1.551139503
11,2022-04-22 00:00:00,2022,4,0.121638446
11,2022-04-25 00:00:00,2022,4,0.225059295
11,2022-04-30 00:00:00,2022,4,0.0
3,2022-03-23 00:00:00,2022,3,0.179427568
3,2022-03-28 00:00:00,2022,3,0.0
3,2022-03-29 00:00:00,2022,3,0.0
3,2022-03-30 00:00:00,2022,3,0.0
3,2022-03-31 00:00:00,2022,3,0.0
3,2022-04-02 00:00:00,2022,4,0.0
3,2022-04-14 00:00:00,2022,4,0.0
3,2022-04-15 00:00:00,2022,4,0.0
3,2022-04-23 00:00:00,2022,4,0.0
3,2022-04-27 00:00:00,2022,4,0.02070604
3,2022-05-06 00:00:00,2022,5,11.40576303
3,2022-05-12 00:00:00,2022,5,29.42358527
3,2022-05-13 00:00:00,2022,5,0.000191614
3,2022-05-16 00:00:00,2022,5,0.0
3,2022-05-18 00:00:00,2022,5,0.028932032
3,2022-06-18 00:00:00,2022,6,2.677689298
3,2022-06-19 00:00:00,2022,6,0.969432352
3,2022-06-24 00:00:00,2022,6,2.441331121
3,2022-06-26 00:00:00,2022,6,18.41390313
3,2022-07-02 00:00:00,2022,7,8.10313138
3,2022-07-27 00:00:00,2022,7,16.34393184
3,2022-07-31 00:00:00,2022,7,1.952272129
3,2022-08-06 00:00:00,2022,8,17.26778923
3,2022-08-10 00:00:00,2022,8,3.516679299
3,2022-08-15 00:00:00,2022,8,5.160764491
3,2022-08-28 00:00:00,2022,8,2.088408492
3,2022-09-01 00:00:00,2022,9,5.096600758
3,2022-09-03 00:00:00,2022,9,0.36802372
3,2022-09-04 00:00:00,2022,9,6.733837231
3,2022-09-05 00:00:00,2022,9,3.346562532
3,2022-09-08 00:00:00,2022,9,27.61123898
3,2022-10-07 00:00:00,2022,10,19.3495652
3,2022-10-16 00:00:00,2022,10,13.1134330993
3,2022-10-18 00:00:00,2022,10,8.6133217592
3,2022-10-21 00:00:00,2022,10,0.3713619716
3,2022-10-17 00:00:00,2022,10,2.7725194426
3,2022-10-31 00:00:00,2022,10,0.0
3,2022-11-01 00:00:00,2022,11,0.0
3,2022-11-10 00:00:00,2022,11,0.0
3,2022-11-13 00:00:00,2022,11,0.0
3,2022-11-18 00:00:00,2022,11,0.0
3,2022-11-19 00:00:00,2022,11,0.0
3,2022-11-21 00:00:00,2022,11,0.1588693809
3,2022-12-03 00:00:00,2022,12,1.4832315999
3,2022-12-05 00:00:00,2022,12,0.0
3,2022-12-10 00:00:00,2022,12,7.4502627086
3,2022-12-13 00:00:00,2022,12,0.1801798343
3,2022-12-28 00:00:00,2022,12,0.0
4,2022-01-01 00:00:00,2022,1,0.0
4,2022-01-05 00:00:00,2022,1,0.0
4,2022-01-07 00:00:00,2022,1,0.0
4,2022-01-08 00:00:00,2022,1,0.0
4,2022-01-11 00:00:00,2022,1,0.0
4,2022-01-15 00:00:00,2022,1,1.779732752
4,2022-01-26 00:00:00,2022,1,0.0
4,2022-01-30 00:00:00,2022,1,0.0
4,2022-02-04 00:00:00,2022,2,0.0
4,2022-02-10 00:00:00,2022,2,0.0
4,2022-02-18 00:00:00,2022,2,0.0
4,2022-02-19 00:00:00,2022,2,0.0
4,2022-02-25 00:00:00,2022,2,0.0
4,2022-02-24 00:00:00,2022,2,0.0
4,2022-03-12 00:00:00,2022,3,0.0
4,2022-03-13 00:00:00,2022,3,0.0
4,2022-03-16 00:00:00,2022,3,0.0
4,2022-04-05 00:00:00,2022,4,0.0
4,2022-04-10 00:00:00,2022,4,0.0
4,2022-04-12 00:00:00,2022,4,0.0
4,2022-04-13 00:00:00,2022,4,0.0
4,2022-04-16 00:00:00,2022,4,0.0
4,2022-04-24 00:00:00,2022,4,0.0
4,2022-05-01 00:00:00,2022,5,0.0
4,2022-05-02 00:00:00,2022,5,0.811441352
4,2022-05-05 00:00:00,2022,5,4.608369119
4,2022-05-12 00:00:00,2022,5,13.56968868
4,2022-05-15 00:00:00,2022,5,0.0
4,2022-05-17 00:00:00,2022,5,0.006202899
4,2022-05-22 00:00:00,2022,5,0.0
4,2022-05-29 00:00:00,2022,5,0.182377433
4,2022-06-02 00:00:00,2022,6,0.0
4,2022-06-04 00:00:00,2022,6,0.0
4,2022-06-22 00:00:00,2022,6,1.053007742
4,2022-06-29 00:00:00,2022,6,4.073373754
4,2022-07-02 00:00:00,2022,7,1.170364104
4,2022-07-03 00:00:00,2022,7,7.279135631
4,2022-07-04 00:00:00,2022,7,19.73876813
4,2022-07-06 00:00:00,2022,7,22.70066947
4,2022-07-07 00:00:00,2022,7,0.775706863
4,2022-07-10 00:00:00,2022,7,6.269692589
4,2022-07-15 00:00:00,2022,7,1.804967026
4,2022-07-17 00:00:00,2022,7,1.157326886
4,2022-07-22 00:00:00,2022,7,38.10767304
4,2022-07-24 00:00:00,2022,7,0.647713697
4,2022-07-26 00:00:00,2022,7,5.308258133
4,2022-07-29 00:00:00,2022,7,0.0
4,2022-08-03 00:00:00,2022,8,24.69841464
4,2022-08-04 00:00:00,2022,8,2.011747402
4,2022-08-08 00:00:00,2022,8,13.46691093
4,2022-08-18 00:00:00,2022,8,10.19966918
4,2022-08-19 00:00:00,2022,8,10.29456949
4,2022-08-25 00:00:00,2022,8,0.691308983
4,2022-09-01 00:00:00,2022,9,0.136534032
4,2022-09-09 00:00:00,2022,9,3.526257894
4,2022-09-13 00:00:00,2022,9,0.255325036
4,2022-09-16 00:00:00,2022,9,0.0
4,2022-09-20 00:00:00,2022,9,2.439638131
4,2022-09-22 00:00:00,2022,9,0.61011803
4,2022-09-23 00:00:00,2022,9,0.317619335
4,2022-09-29 00:00:00,2022,9,11.39758969
4,2022-10-02 00:00:00,2022,10,15.75714034
4,2022-10-07 00:00:00,2022,10,19.57724644
4,2022-10-08 00:00:00,2022,10,2.323264036
4,2022-10-18 00:00:00,2022,10,0.5958156694
4,2022-10-28 00:00:00,2022,10,0.0
4,2022-11-15 00:00:00,2022,11,0.0
4,2022-11-20 00:00:00,2022,11,0.0
4,2022-12-01 00:00:00,2022,12,0.0
4,2022-12-09 00:00:00,2022,12,0.1534313279
4,2022-12-10 00:00:00,2022,12,7.6070109005
4,2022-12-12 00:00:00,2022,12,6.82435561
4,2022-12-15 00:00:00,2022,12,0.0260576649
6,2022-01-01 00:00:00,2022,1,0.0
6,2022-01-04 00:00:00,2022,1,0.0
6,2022-01-06 00:00:00,2022,1,0.0
6,2022-01-08 00:00:00,2022,1,0.0
6,2022-01-09 00:00:00,2022,1,0.0
6,2022-01-10 00:00:00,2022,1,0.0
6,2022-01-18 00:00:00,2022,1,0.0
6,2022-01-19 00:00:00,2022,1,0.0
6,2022-01-21 00:00:00,2022,1,0.0
6,2022-01-27 00:00:00,2022,1,0.021257261
6,2022-01-28 00:00:00,2022,1,0.0
6,2022-02-06 00:00:00,2022,2,0.0
6,2022-03-11 00:00:00,2022,3,0.0
6,2022-03-12 00:00:00,2022,3,0.0
6,2022-04-06 00:00:00,2022,4,0.0
6,2022-04-13 00:00:00,2022,4,0.0
6,2022-04-22 00:00:00,2022,4,0.0
6,2022-04-24 00:00:00,2022,4,0.0
6,2022-05-14 00:00:00,2022,5,0.0
6,2022-05-15 00:00:00,2022,5,0.0
6,2022-05-16 00:00:00,2022,5,0.0
6,2022-05-22 00:00:00,2022,5,0.0
6,2022-05-24 00:00:00,2022,5,0.0
6,2022-05-31 00:00:00,2022,5,0.077335836
6,2022-06-09 00:00:00,2022,6,0.0
6,2022-06-15 00:00:00,2022,6,0.160861325
6,2022-06-24 00:00:00,2022,6,3.747393311
6,2022-06-26 00:00:00,2022,6,0.626194118
6,2022-07-04 00:00:00,2022,7,17.02639037
6,2022-07-08 00:00:00,2022,7,24.55203168
6,2022-07-13 00:00:00,2022,7,4.297020583
6,2022-07-15 00:00:00,2022,7,2.26962343
6,2022-07-17 00:00:00,2022,7,3.61359524
6,2022-07-24 00:00:00,2022,7,2.341580316
6,2022-07-26 00:00:00,2022,7,4.116820715
6,2022-07-27 00:00:00,2022,7,6.830915121
6,2022-07-30 00:00:00,2022,7,7.23088778
6,2022-08-02 00:00:00,2022,8,2.107123872
6,2022-08-06 00:00:00,2022,8,17.53819952
6,2022-08-08 00:00:00,2022,8,15.28058228
6,2022-08-15 00:00:00,2022,8,0.177355455
6,2022-08-20 00:00:00,2022,8,0.430842673
6,2022-08-21 00:00:00,2022,8,0.205131322
6,2022-08-22 00:00:00,2022,8,0.0
6,2022-08-23 00:00:00,2022,8,0.23406408
6,2022-08-25 00:00:00,2022,8,2.761133521
6,2022-08-26 00:00:00,2022,8,6.839151799
6,2022-09-01 00:00:00,2022,9,0.565967549
6,2022-09-06 00:00:00,2022,9,2.214880953
6,2022-09-07 00:00:00,2022,9,0.370758757
6,2022-09-12 00:00:00,2022,9,1.301354785
6,2022-09-15 00:00:00,2022,9,2.087454324
6,2022-09-26 00:00:00,2022,9,0.180965728
6,2022-10-01 00:00:00,2022,10,17.77889343
6,2022-10-10 00:00:00,2022,10,19.36900321
6,2022-10-13 00:00:00,2022,10,2.398527281
6,2022-10-15 00:00:00,2022,10,22.3718743588
6,2022-10-22 00:00:00,2022,10,0.1153727623
6,2022-10-23 00:00:00,2022,10,0.0
6,2022-10-31 00:00:00,2022,10,0.0
6,2022-11-04 00:00:00,2022,11,0.1963979158
6,2022-11-14 00:00:00,2022,11,0.0
6,2022-11-16 00:00:00,2022,11,0.0
6,2022-11-20 00:00:00,2022,11,0.0
6,2022-12-03 00:00:00,2022,12,0.6644450614
6,2022-12-04 00:00:00,2022,12,0.0
6,2022-12-09 00:00:00,2022,12,0.5546332167
6,2022-12-10 00:00:00,2022,12,8.3699704287
6,2022-12-20 00:00:00,2022,12,0.0
6,2022-12-22 00:00:00,2022,12,0.0
6,2022-12-28 00:00:00,2022,12,0.0067631886
6,2022-12-31 00:00:00,2022,12,0.0
7,2022-01-02 00:00:00,2022,1,0.044831676
7,2022-01-09 00:00:00,2022,1,0.0
7,2022-01-14 00:00:00,2022,1,1.795552661
7,2022-01-16 00:00:00,2022,1,0.182611584
7,2022-01-22 00:00:00,2022,1,0.0
7,2022-01-23 00:00:00,2022,1,0.0
7,2022-02-02 00:00:00,2022,2,0.0
7,2022-02-07 00:00:00,2022,2,0.0
7,2022-02-10 00:00:00,2022,2,0.0
7,2022-02-19 00:00:00,2022,2,0.0
7,2022-02-23 00:00:00,2022,2,0.0
7,2022-02-26 00:00:00,2022,2,0.0
7,2022-03-01 00:00:00,2022,3,0.0
7,2022-03-05 00:00:00,2022,3,0.0
7,2022-03-19 00:00:00,2022,3,0.0
7,2022-03-20 00:00:00,2022,3,0.726146564
7,2022-04-29 00:00:00,2022,4,0.557132208
7,2022-04-30 00:00:00,2022,4,0.108934039
7,2022-05-09 00:00:00,2022,5,1.007344739
7,2022-05-11 00:00:00,2022,5,6.11819934
7,2022-05-13 00:00:00,2022,5,7.633003995
7,2022-05-19 00:00:00,2022,5,15.86399039
7,2022-05-20 00:00:00,2022,5,11.75597614
7,2022-05-27 00:00:00,2022,5,0.079262922
7,2022-06-09 00:00:00,2022,6,0.0
7,2022-06-10 00:00:00,2022,6,0.0
7,2022-06-12 00:00:00,2022,6,0.299289171
7,2022-06-14 00:00:00,2022,6,0.255808038
7,2022-06-15 00:00:00,2022,6,24.52852535
7,2022-06-28 00:00:00,2022,6,2.961043892
7,2022-07-04 00:00:00,2022,7,0.056494185
7,2022-07-14 00:00:00,2022,7,1.376818673
7,2022-07-20 00:00:00,2022,7,0.000250338
7,2022-07-30 00:00:00,2022,7,5.249100809
7,2022-08-13 00:00:00,2022,8,0.029732843
7,2022-08-15 00:00:00,2022,8,0.447901658
7,2022-08-17 00:00:00,2022,8,0.105410197
7,2022-08-22 00:00:00,2022,8,0.086755673
7,2022-08-24 00:00:00,2022,8,0.41839444
7,2022-08-25 00:00:00,2022,8,1.700705444
7,2022-09-06 00:00:00,2022,9,11.20154268
7,2022-09-16 00:00:00,2022,9,0.0
7,2022-09-19 00:00:00,2022,9,0.0
7,2022-09-20 00:00:00,2022,9,0.000369257
7,2022-09-22 00:00:00,2022,9,0.041255242
7,2022-09-25 00:00:00,2022,9,0.042529215
7,2022-10-06 00:00:00,2022,10,17.04841937
7,2022-10-09 00:00:00,2022,10,1.839662419
7,2022-10-14 00:00:00,2022,10,10.9634531791
7,2022-10-18 00:00:00,2022,10,0.7434681584
7,2022-10-19 00:00:00,2022,10,1.8492702359
7,2022-10-28 00:00:00,2022,10,0.0
7,2022-10-30 00:00:00,2022,10,0.0185989441
7,2022-11-03 00:00:00,2022,11,1.8013973848
7,2022-11-05 00:00:00,2022,11,0.1403860821
7,2022-11-08 00:00:00,2022,11,0.0
7,2022-11-09 00:00:00,2022,11,0.0
7,2022-11-10 00:00:00,2022,11,0.0
7,2022-11-11 00:00:00,2022,11,0.0
7,2022-11-20 00:00:00,2022,11,0.0
7,2022-11-30 00:00:00,2022,11,0.0
7,2022-12-01 00:00:00,2022,12,0.0
7,2022-12-10 00:00:00,2022,12,5.6138335647
7,2022-12-11 00:00:00,2022,12,22.579999693
7,2022-12-17 00:00:00,2022,12,0.0
7,2022-12-20 00:00:00,2022,12,0.0
7,2022-12-22 00:00:00,2022,12,0.0
7,2022-12-30 00:00:00,2022,12,0.0
8,2022-07-30 00:00:00,2022,7,0.107037481
8,2022-08-09 00:00:00,2022,8,0.301497304
8,2022-08-18 00:00:00,2022,8,3.897356954
8,2022-08-25 00:00:00,2022,8,0.470455042
8,2022-09-09 00:00:00,2022,9,3.738158658
8,2022-09-25 00:00:00,2022,9,0.0
8,2022-09-30 00:00:00,2022,9,5.432530628
9,2022-01-07 00:00:00,2022,1,0.324952614
9,2022-01-08 00:00:00,2022,1,0.0
9,2022-01-16 00:00:00,2022,1,3.10047871
9,2022-01-24 00:00:00,2022,1,0.0
9,2022-01-30 00:00:00,2022,1,0.0
9,2022-01-31 00:00:00,2022,1,0.0
9,2022-02-05 00:00:00,2022,2,0.0
9,2022-02-06 00:00:00,2022,2,0.0
9,2022-02-12 00:00:00,2022,2,0.0
9,2022-02-18 00:00:00,2022,2,0.0
9,2022-02-25 00:00:00,2022,2,0.0
9,2022-02-24 00:00:00,2022,2,0.0
9,2022-03-05 00:00:00,2022,3,0.0
9,2022-03-11 00:00:00,2022,3,0.0
9,2022-03-18 00:00:00,2022,3,0.0
9,2022-03-22 00:00:00,2022,3,0.007861714
9,2022-03-29 00:00:00,2022,3,0.0
9,2022-04-02 00:00:00,2022,4,0.0
9,2022-04-03 00:00:00,2022,4,0.0
9,2022-04-04 00:00:00,2022,4,0.0
9,2022-04-12 00:00:00,2022,4,0.0
9,2022-04-13 00:00:00,2022,4,0.0
9,2022-04-14 00:00:00,2022,4,0.0
9,2022-04-19 00:00:00,2022,4,0.0
9,2022-04-22 00:00:00,2022,4,0.0
9,2022-04-23 00:00:00,2022,4,0.0
9,2022-04-24 00:00:00,2022,4,0.0
9,2022-04-28 00:00:00,2022,4,0.0
9,2022-05-11 00:00:00,2022,5,34.43891306
9,2022-05-13 00:00:00,2022,5,1.542763748
9,2022-05-20 00:00:00,2022,5,1.645463508
9,2022-05-21 00:00:00,2022,5,0.0
9,2022-06-07 00:00:00,2022,6,0.012479437
9,2022-06-24 00:00:00,2022,6,1.155634612
9,2022-06-28 00:00:00,2022,6,5.743620944
9,2022-07-07 00:00:00,2022,7,1.303394183
9,2022-07-09 00:00:00,2022,7,5.111152031
9,2022-07-10 00:00:00,2022,7,2.764449036
9,2022-08-02 00:00:00,2022,8,8.861143377
9,2022-08-03 00:00:00,2022,8,10.45064702
9,2022-08-09 00:00:00,2022,8,1.793325886
9,2022-08-11 00:00:00,2022,8,0.006804482
5,2022-11-25 00:00:00,2022,11,0.8422781483
5,2022-11-26 00:00:00,2022,11,0.0
5,2022-11-27 00:00:00,2022,11,4.6759940099
5,2022-12-02 00:00:00,2022,12,0.085510948
5,2022-12-05 00:00:00,2022,12,0.0
5,2022-12-08 00:00:00,2022,12,0.0
5,2022-12-13 00:00:00,2022,12,17.1892328226
5,2022-12-23 00:00:00,2022,12,0.0
5,2022-12-26 00:00:00,2022,12,8.1524117921
5,2022-12-27 00:00:00,2022,12,1.046389123
5,2022-08-30 00:00:00,2022,8,1.539948825
5,2022-09-09 00:00:00,2022,9,2.082551676
5,2022-09-13 00:00:00,2022,9,0.0
5,2022-09-14 00:00:00,2022,9,0.115948138
5,2022-10-13 00:00:00,2022,10,11.28421215
5,2022-01-15 00:00:00,2022,1,5.318523321
5,2022-01-16 00:00:00,2022,1,0.259968086
5,2022-01-20 00:00:00,2022,1,0.0
5,2022-01-22 00:00:00,2022,1,0.0
5,2022-02-09 00:00:00,2022,2,0.0
5,2022-02-12 00:00:00,2022,2,0.0
5,2022-02-19 00:00:00,2022,2,0.0
5,2022-03-03 00:00:00,2022,3,0.0
5,2022-03-17 00:00:00,2022,3,0.0
5,2022-03-20 00:00:00,2022,3,0.14367743
5,2022-03-29 00:00:00,2022,3,0.0
5,2022-03-31 00:00:00,2022,3,0.0
5,2022-04-12 00:00:00,2022,4,0.0
5,2022-04-16 00:00:00,2022,4,0.19605061
5,2022-04-28 00:00:00,2022,4,0.0
5,2022-04-29 00:00:00,2022,4,0.0
5,2022-05-07 00:00:00,2022,5,9.651967272
5,2022-05-10 00:00:00,2022,5,1.336448567
5,2022-05-13 00:00:00,2022,5,12.16849458
5,2022-05-19 00:00:00,2022,5,5.243488997
5,2022-06-01 00:00:00,2022,6,2.168128764
5,2022-06-04 00:00:00,2022,6,0.0
5,2022-06-08 00:00:00,2022,6,0.0
5,2022-06-09 00:00:00,2022,6,0.0
5,2022-06-14 00:00:00,2022,6,0.03833006
5,2022-06-16 00:00:00,2022,6,0.349444528
5,2022-06-20 00:00:00,2022,6,14.55645436
5,2022-06-25 00:00:00,2022,6,0.0
5,2022-06-27 00:00:00,2022,6,0.0
5,2022-06-29 00:00:00,2022,6,0.422966985
5,2022-06-30 00:00:00,2022,6,0.72493089
5,2022-07-04 00:00:00,2022,7,0.0
5,2022-07-07 00:00:00,2022,7,1.825700635
5,2022-07-14 00:00:00,2022,7,0.629763374
5,2022-07-19 00:00:00,2022,7,4.02152787
5,2022-07-21 00:00:00,2022,7,1.508444169
5,2022-07-23 00:00:00,2022,7,0.933621375
5,2022-07-27 00:00:00,2022,7,0.850149361
5,2022-10-15 00:00:00,2022,10,1.3966233591
5,2022-10-22 00:00:00,2022,10,7.9856715629
5,2022-10-23 00:00:00,2022,10,0.0
5,2022-10-30 00:00:00,2022,10,2.1229239961
5,2022-11-01 00:00:00,2022,11,7.8178269671
5,2022-11-05 00:00:00,2022,11,0.7106022375
5,2022-11-06 00:00:00,2022,11,0.0001041656
5,2022-11-13 00:00:00,2022,11,9.9036109847
5,2022-11-16 00:00:00,2022,11,0.0
13,2022-11-15 00:00:00,2022,11,0.0
13,2022-11-21 00:00:00,2022,11,0.3325360462
13,2022-11-30 00:00:00,2022,11,0.0
13,2022-12-15 00:00:00,2022,12,0.0647326569
13,2022-12-16 00:00:00,2022,12,0.0
13,2022-12-21 00:00:00,2022,12,0.0
13,2022-12-28 00:00:00,2022,12,0.0416839242
13,2022-12-29 00:00:00,2022,12,0.0
13,2022-12-31 00:00:00,2022,12,0.0
5,2022-08-02 00:00:00,2022,8,13.59842081
5,2022-08-11 00:00:00,2022,8,0.028618431
5,2022-08-14 00:00:00,2022,8,0.001080167
5,2022-08-15 00:00:00,2022,8,0.0032405
5,2022-08-16 00:00:00,2022,8,2.336360471
5,2022-08-24 00:00:00,2022,8,13.34259212
5,2022-08-27 00:00:00,2022,8,8.067505374
5,2022-08-31 00:00:00,2022,8,0.454201325
5,2022-09-02 00:00:00,2022,9,14.67300229
5,2022-09-03 00:00:00,2022,9,0.007170024
5,2022-09-04 00:00:00,2022,9,0.0
5,2022-09-11 00:00:00,2022,9,2.500421174
5,2022-09-17 00:00:00,2022,9,0.0
5,2022-09-20 00:00:00,2022,9,0.0
5,2022-09-21 00:00:00,2022,9,0.0
5,2022-09-24 00:00:00,2022,9,0.0
5,2022-09-26 00:00:00,2022,9,2.901565257
5,2022-10-04 00:00:00,2022,10,0.035652142
5,2022-10-05 00:00:00,2022,10,0.416584229
5,2022-10-08 00:00:00,2022,10,1.34282791
5,2022-10-09 00:00:00,2022,10,4.282030787
5,2022-10-12 00:00:00,2022,10,0.011176765
5,2022-01-10 00:00:00,2022,1,0.0
5,2022-01-12 00:00:00,2022,1,0.0
5,2022-01-13 00:00:00,2022,1,2.224316703
5,2022-01-17 00:00:00,2022,1,0.151920302
5,2022-01-18 00:00:00,2022,1,0.23133363
5,2022-01-19 00:00:00,2022,1,0.0
5,2022-01-23 00:00:00,2022,1,0.0
5,2022-01-31 00:00:00,2022,1,0.0
5,2022-02-08 00:00:00,2022,2,0.0
5,2022-02-11 00:00:00,2022,2,0.0
5,2022-02-13 00:00:00,2022,2,0.0
5,2022-02-20 00:00:00,2022,2,0.0
5,2022-02-21 00:00:00,2022,2,0.0
5,2022-02-22 00:00:00,2022,2,0.0
5,2022-02-25 00:00:00,2022,2,0.0
5,2022-03-08 00:00:00,2022,3,0.0
5,2022-03-09 00:00:00,2022,3,0.0
5,2022-03-10 00:00:00,2022,3,0.0
5,2022-03-11 00:00:00,2022,3,0.0
5,2022-03-13 00:00:00,2022,3,0.0
5,2022-03-15 00:00:00,2022,3,0.0
5,2022-03-19 00:00:00,2022,3,0.0
5,2022-03-21 00:00:00,2022,3,0.0
5,2022-03-22 00:00:00,2022,3,0.176493034
5,2022-03-28 00:00:00,2022,3,0.0
5,2022-04-01 00:00:00,2022,4,0.0
5,2022-04-08 00:00:00,2022,4,0.0
5,2022-04-11 00:00:00,2022,4,0.0
5,2022-04-23 00:00:00,2022,4,0.69240436
5,2022-04-27 00:00:00,2022,4,0.009235953
5,2022-05-02 00:00:00,2022,5,8.464235826
5,2022-05-05 00:00:00,2022,5,0.70248744
5,2022-05-18 00:00:00,2022,5,2.245229466
5,2022-05-24 00:00:00,2022,5,0.0
5,2022-05-25 00:00:00,2022,5,0.0
5,2022-05-29 00:00:00,2022,5,0.0
5,2022-05-30 00:00:00,2022,5,0.0
5,2022-06-02 00:00:00,2022,6,0.005358768
5,2022-06-06 00:00:00,2022,6,25.52283284
5,2022-06-11 00:00:00,2022,6,0.0
5,2022-06-13 00:00:00,2022,6,8.92441787
5,2022-06-21 00:00:00,2022,6,0.054118583
5,2022-07-06 00:00:00,2022,7,6.7468261
5,2022-07-29 00:00:00,2022,7,0.003437465
5,2022-10-25 00:00:00,2022,10,0.0
5,2022-10-26 00:00:00,2022,10,0.0
5,2022-10-31 00:00:00,2022,10,0.0
5,2022-11-04 00:00:00,2022,11,2.5733468162
5,2022-11-07 00:00:00,2022,11,0.0404903937
5,2022-11-10 00:00:00,2022,11,0.1019954914
3,2022-01-16 00:00:00,2022,1,0.545105353
3,2022-01-17 00:00:00,2022,1,0.043569629
3,2022-01-23 00:00:00,2022,1,0.0
3,2022-01-24 00:00:00,2022,1,0.319552378
3,2022-02-03 00:00:00,2022,2,0.0
3,2022-02-07 00:00:00,2022,2,0.0
3,2022-02-11 00:00:00,2022,2,0.0
3,2022-02-14 00:00:00,2022,2,0.0
3,2022-02-17 00:00:00,2022,2,0.0
3,2022-02-25 00:00:00,2022,2,0.0
3,2022-02-27 00:00:00,2022,2,0.0
3,2022-03-06 00:00:00,2022,3,0.0
3,2022-03-10 00:00:00,2022,3,0.0
3,2022-03-20 00:00:00,2022,3,0.0
3,2022-03-24 00:00:00,2022,3,1.593581272
3,2022-04-01 00:00:00,2022,4,0.211896325
3,2022-04-03 00:00:00,2022,4,0.0
3,2022-04-04 00:00:00,2022,4,0.008874017
3,2022-04-06 00:00:00,2022,4,0.0
3,2022-04-13 00:00:00,2022,4,0.0
3,2022-04-18 00:00:00,2022,4,0.441541272
3,2022-05-07 00:00:00,2022,5,1.503706125
3,2022-05-15 00:00:00,2022,5,0.0
3,2022-05-17 00:00:00,2022,5,0.0
3,2022-05-19 00:00:00,2022,5,1.123432881
3,2022-05-20 00:00:00,2022,5,2.50610732
3,2022-05-21 00:00:00,2022,5,0.0
3,2022-05-25 00:00:00,2022,5,24.46158953
3,2022-05-30 00:00:00,2022,5,1.563716728
3,2022-06-04 00:00:00,2022,6,2.216454512
3,2022-06-07 00:00:00,2022,6,25.62893565
3,2022-06-08 00:00:00,2022,6,0.0
3,2022-06-10 00:00:00,2022,6,0.0
3,2022-06-13 00:00:00,2022,6,1.612733948
3,2022-06-20 00:00:00,2022,6,2.924176925
3,2022-07-06 00:00:00,2022,7,23.12594996
3,2022-07-17 00:00:00,2022,7,14.91411114
3,2022-07-20 00:00:00,2022,7,4.691518537
3,2022-07-24 00:00:00,2022,7,2.193581524
3,2022-07-26 00:00:00,2022,7,3.049607955
3,2022-08-14 00:00:00,2022,8,14.96522198
3,2022-08-17 00:00:00,2022,8,2.630415237
3,2022-08-18 00:00:00,2022,8,0.340868768
3,2022-08-29 00:00:00,2022,8,12.61585625
3,2022-08-30 00:00:00,2022,8,6.4470753
3,2022-09-07 00:00:00,2022,9,12.49176207
3,2022-09-17 00:00:00,2022,9,0.049826571
3,2022-09-19 00:00:00,2022,9,12.42178504
3,2022-09-20 00:00:00,2022,9,12.48659183
3,2022-09-29 00:00:00,2022,9,12.10909232
3,2022-10-01 00:00:00,2022,10,6.495735948
3,2022-10-11 00:00:00,2022,10,21.90848228
3,2022-10-12 00:00:00,2022,10,1.935252483
3,2022-10-13 00:00:00,2022,10,5.611360866
3,2022-10-14 00:00:00,2022,10,4.663998993
3,2022-10-15 00:00:00,2022,10,39.7427794809
3,2022-10-26 00:00:00,2022,10,0.0
3,2022-10-27 00:00:00,2022,10,0.0
3,2022-11-03 00:00:00,2022,11,0.287823909
3,2022-11-04 00:00:00,2022,11,0.0654999281
3,2022-11-05 00:00:00,2022,11,8.1847055727
3,2022-11-06 00:00:00,2022,11,0.0
3,2022-11-07 00:00:00,2022,11,0.0
3,2022-11-08 00:00:00,2022,11,0.0
3,2022-11-09 00:00:00,2022,11,0.0
3,2022-11-14 00:00:00,2022,11,0.0
3,2022-11-22 00:00:00,2022,11,0.0653538981
3,2022-11-24 00:00:00,2022,11,0.1369586287
3,2022-11-28 00:00:00,2022,11,0.0
3,2022-12-01 00:00:00,2022,12,0.0
3,2022-12-02 00:00:00,2022,12,0.1017220134
3,2022-12-06 00:00:00,2022,12,0.0
3,2022-12-19 00:00:00,2022,12,0.0
3,2022-12-20 00:00:00,2022,12,0.0
3,2022-12-21 00:00:00,2022,12,0.0
3,2022-12-24 00:00:00,2022,12,0.0
3,2022-12-25 00:00:00,2022,12,0.0
3,2022-12-27 00:00:00,2022,12,0.0
4,2022-01-04 00:00:00,2022,1,0.0
4,2022-01-12 00:00:00,2022,1,0.0
4,2022-01-14 00:00:00,2022,1,17.7655257
4,2022-01-16 00:00:00,2022,1,1.627041923
4,2022-01-21 00:00:00,2022,1,0.0
4,2022-01-22 00:00:00,2022,1,0.0
4,2022-02-03 00:00:00,2022,2,0.0
4,2022-02-08 00:00:00,2022,2,0.0
4,2022-02-12 00:00:00,2022,2,0.0
4,2022-02-14 00:00:00,2022,2,0.0
4,2022-02-17 00:00:00,2022,2,0.0
4,2022-02-22 00:00:00,2022,2,0.0
4,2022-02-23 00:00:00,2022,2,0.0
4,2022-02-26 00:00:00,2022,2,0.0
4,2022-02-27 00:00:00,2022,2,0.0
4,2022-03-01 00:00:00,2022,3,0.0
4,2022-03-07 00:00:00,2022,3,0.0
4,2022-03-10 00:00:00,2022,3,0.0
4,2022-03-24 00:00:00,2022,3,0.161969821
4,2022-03-25 00:00:00,2022,3,0.0
4,2022-03-26 00:00:00,2022,3,0.0
4,2022-03-28 00:00:00,2022,3,0.0
4,2022-04-01 00:00:00,2022,4,0.0
4,2022-04-02 00:00:00,2022,4,0.0
4,2022-04-14 00:00:00,2022,4,0.0
4,2022-04-18 00:00:00,2022,4,0.0
4,2022-04-22 00:00:00,2022,4,0.0
4,2022-04-25 00:00:00,2022,4,0.0
4,2022-04-27 00:00:00,2022,4,0.0
4,2022-04-29 00:00:00,2022,4,0.0
4,2022-05-08 00:00:00,2022,5,0.0
4,2022-05-09 00:00:00,2022,5,1.765750711
4,2022-05-13 00:00:00,2022,5,0.204056727
4,2022-05-19 00:00:00,2022,5,1.683277811
4,2022-05-23 00:00:00,2022,5,0.0
4,2022-05-27 00:00:00,2022,5,0.436279506
4,2022-06-09 00:00:00,2022,6,0.0
4,2022-06-10 00:00:00,2022,6,0.0
4,2022-06-11 00:00:00,2022,6,0.156738465
4,2022-06-20 00:00:00,2022,6,1.827058171
4,2022-06-25 00:00:00,2022,6,4.041367554
4,2022-06-27 00:00:00,2022,6,20.31121918
4,2022-06-28 00:00:00,2022,6,4.880278374
4,2022-06-30 00:00:00,2022,6,5.588977332
4,2022-07-08 00:00:00,2022,7,7.827933291
4,2022-07-11 00:00:00,2022,7,4.389678331
4,2022-07-13 00:00:00,2022,7,6.914895291
4,2022-07-21 00:00:00,2022,7,1.446454846
4,2022-07-31 00:00:00,2022,7,1.430239145
4,2022-08-05 00:00:00,2022,8,6.034700365
4,2022-08-10 00:00:00,2022,8,0.40948894
4,2022-08-14 00:00:00,2022,8,1.625863571
4,2022-08-20 00:00:00,2022,8,2.439670507
4,2022-08-22 00:00:00,2022,8,0.0
4,2022-08-24 00:00:00,2022,8,1.428883164
4,2022-08-26 00:00:00,2022,8,9.606561396
4,2022-08-29 00:00:00,2022,8,10.01467148
4,2022-09-10 00:00:00,2022,9,17.2565147
4,2022-09-19 00:00:00,2022,9,2.273595844
4,2022-09-21 00:00:00,2022,9,1.464593008
4,2022-09-24 00:00:00,2022,9,0.245092635
4,2022-09-27 00:00:00,2022,9,7.624672697
4,2022-10-06 00:00:00,2022,10,41.94852383
4,2022-10-10 00:00:00,2022,10,13.62784778
4,2022-10-11 00:00:00,2022,10,9.670282303
4,2022-10-12 00:00:00,2022,10,3.004928986
4,2022-10-13 00:00:00,2022,10,1.982482181
4,2022-10-23 00:00:00,2022,10,0.0
4,2022-11-04 00:00:00,2022,11,1.5695004176
4,2022-11-07 00:00:00,2022,11,0.0
4,2022-11-13 00:00:00,2022,11,0.2126496941
4,2022-11-21 00:00:00,2022,11,1.3328106605
4,2022-11-25 00:00:00,2022,11,0.0356389054
4,2022-11-26 00:00:00,2022,11,2.3536976756
4,2022-11-27 00:00:00,2022,11,0.0
4,2022-11-29 00:00:00,2022,11,0.0
4,2022-12-03 00:00:00,2022,12,0.0048131551
4,2022-12-04 00:00:00,2022,12,0.0
4,2022-12-11 00:00:00,2022,12,21.5109423694
4,2022-12-17 00:00:00,2022,12,0.0
4,2022-12-18 00:00:00,2022,12,0.0
4,2022-12-19 00:00:00,2022,12,0.0
4,2022-12-22 00:00:00,2022,12,0.0
4,2022-12-26 00:00:00,2022,12,0.022398697
4,2022-12-27 00:00:00,2022,12,0.0
6,2022-01-22 00:00:00,2022,1,0.0
6,2022-01-24 00:00:00,2022,1,1.801439925
6,2022-01-29 00:00:00,2022,1,0.0
6,2022-02-02 00:00:00,2022,2,0.0
6,2022-02-03 00:00:00,2022,2,0.0
6,2022-02-11 00:00:00,2022,2,0.0
6,2022-02-13 00:00:00,2022,2,0.0
6,2022-02-15 00:00:00,2022,2,0.0
6,2022-02-16 00:00:00,2022,2,0.0
6,2022-03-02 00:00:00,2022,3,0.0
6,2022-03-06 00:00:00,2022,3,0.0
6,2022-03-19 00:00:00,2022,3,0.0
6,2022-03-27 00:00:00,2022,3,0.0
6,2022-03-31 00:00:00,2022,3,0.0
6,2022-04-04 00:00:00,2022,4,0.0
6,2022-04-10 00:00:00,2022,4,0.0
6,2022-04-11 00:00:00,2022,4,0.0
6,2022-04-14 00:00:00,2022,4,0.0
6,2022-04-19 00:00:00,2022,4,0.167330964
6,2022-04-20 00:00:00,2022,4,0.626358177
6,2022-04-26 00:00:00,2022,4,0.600583131
6,2022-05-10 00:00:00,2022,5,0.035355681
6,2022-05-11 00:00:00,2022,5,6.062819373
6,2022-05-25 00:00:00,2022,5,14.8736982
6,2022-05-26 00:00:00,2022,5,0.352906158
6,2022-05-27 00:00:00,2022,5,0.056164298
6,2022-06-04 00:00:00,2022,6,0.0
6,2022-06-05 00:00:00,2022,6,0.0
6,2022-06-06 00:00:00,2022,6,4.916758279
6,2022-06-08 00:00:00,2022,6,0.0
1,2022-01-04 00:00:00,2022,1,0.0
1,2022-02-22 00:00:00,2022,2,0.0
1,2022-03-11 00:00:00,2022,3,0.0
1,2022-03-27 00:00:00,2022,3,0.0
1,2022-04-27 00:00:00,2022,4,0.269228282
1,2022-04-29 00:00:00,2022,4,0.020459316
1,2022-05-10 00:00:00,2022,5,4.971326241
1,2022-05-07 00:00:00,2022,5,1.13280791
1,2022-05-08 00:00:00,2022,5,0.508745102
1,2022-05-11 00:00:00,2022,5,2.571111572
1,2022-03-14 00:00:00,2022,3,0.0
1,2022-05-16 00:00:00,2022,5,0.0148528
1,2022-05-22 00:00:00,2022,5,0.000245871
1,2022-05-24 00:00:00,2022,5,0.0
1,2022-05-30 00:00:00,2022,5,0.0
1,2022-04-06 00:00:00,2022,4,0.0
1,2022-06-11 00:00:00,2022,6,0.0
1,2022-06-20 00:00:00,2022,6,5.135894654
1,2022-06-23 00:00:00,2022,6,1.68621572
1,2022-06-25 00:00:00,2022,6,0.0
1,2022-07-03 00:00:00,2022,7,0.104149026
1,2022-04-14 00:00:00,2022,4,0.024636049
1,2022-04-16 00:00:00,2022,4,0.112809809
1,2022-04-30 00:00:00,2022,4,0.000188273
1,2022-07-13 00:00:00,2022,7,0.754784931
1,2022-07-14 00:00:00,2022,7,0.127302315
1,2022-07-16 00:00:00,2022,7,0.112146495
1,2022-07-24 00:00:00,2022,7,0.030535725
1,2022-01-09 00:00:00,2022,1,0.0
1,2022-01-11 00:00:00,2022,1,0.583011935
1,2022-01-20 00:00:00,2022,1,0.0
1,2022-01-22 00:00:00,2022,1,0.0
1,2022-01-26 00:00:00,2022,1,0.205833673
1,2022-02-12 00:00:00,2022,2,0.0
1,2022-02-16 00:00:00,2022,2,0.0
1,2022-02-18 00:00:00,2022,2,0.0
1,2022-02-19 00:00:00,2022,2,0.0
1,2022-10-15 00:00:00,2022,10,1.5814444897
1,2022-10-18 00:00:00,2022,10,2.781793562
1,2022-10-17 00:00:00,2022,10,15.1346334235
1,2022-10-23 00:00:00,2022,10,0.0
1,2022-11-09 00:00:00,2022,11,0.0
1,2022-11-11 00:00:00,2022,11,0.0
1,2022-11-17 00:00:00,2022,11,0.0
1,2022-11-22 00:00:00,2022,11,0.2176629992
1,2022-12-05 00:00:00,2022,12,0.0
1,2022-12-15 00:00:00,2022,12,0.3836616721
1,2022-12-18 00:00:00,2022,12,0.0
1,2022-12-19 00:00:00,2022,12,0.0
1,2022-12-28 00:00:00,2022,12,0.0
1,2022-08-22 00:00:00,2022,8,1.640167014
1,2022-08-25 00:00:00,2022,8,8.877445849
1,2022-09-04 00:00:00,2022,9,0.63513014
1,2022-09-05 00:00:00,2022,9,15.74596227
1,2022-09-14 00:00:00,2022,9,0.47793284
1,2022-09-15 00:00:00,2022,9,0.330949001
1,2022-09-19 00:00:00,2022,9,0.0
1,2022-09-22 00:00:00,2022,9,0.0
1,2022-09-26 00:00:00,2022,9,0.380116035
1,2022-09-27 00:00:00,2022,9,7.301896453
1,2022-10-04 00:00:00,2022,10,9.2e-05
2,2022-01-03 00:00:00,2022,1,0.0
2,2022-01-09 00:00:00,2022,1,0.0
2,2022-01-12 00:00:00,2022,1,0.0
2,2022-01-16 00:00:00,2022,1,1.117543374
2,2022-01-18 00:00:00,2022,1,0.405414402
2,2022-01-20 00:00:00,2022,1,0.0
2,2022-01-26 00:00:00,2022,1,0.507623336
2,2022-01-31 00:00:00,2022,1,0.0
2,2022-02-01 00:00:00,2022,2,0.0
2,2022-02-03 00:00:00,2022,2,0.0
2,2022-02-10 00:00:00,2022,2,0.0
2,2022-02-11 00:00:00,2022,2,0.0
2,2022-02-22 00:00:00,2022,2,0.0
2,2022-02-26 00:00:00,2022,2,0.0
2,2022-02-27 00:00:00,2022,2,0.0
2,2022-02-28 00:00:00,2022,2,0.0
2,2022-03-09 00:00:00,2022,3,0.0
2,2022-03-12 00:00:00,2022,3,0.0
2,2022-03-28 00:00:00,2022,3,0.0
2,2022-04-02 00:00:00,2022,4,0.0
2,2022-04-03 00:00:00,2022,4,0.0
2,2022-04-09 00:00:00,2022,4,8e-08
2,2022-04-11 00:00:00,2022,4,0.0
2,2022-04-15 00:00:00,2022,4,1.325823384
2,2022-04-27 00:00:00,2022,4,0.976640081
2,2022-04-30 00:00:00,2022,4,0.106743983
2,2022-05-02 00:00:00,2022,5,7.563761841
2,2022-05-03 00:00:00,2022,5,1.542296699
2,2022-05-08 00:00:00,2022,5,0.0
2,2022-05-10 00:00:00,2022,5,4.572089916
2,2022-05-20 00:00:00,2022,5,0.007177489
2,2022-05-26 00:00:00,2022,5,0.272421649
2,2022-06-01 00:00:00,2022,6,0.349619303
2,2022-06-02 00:00:00,2022,6,4.154520103
2,2022-06-04 00:00:00,2022,6,0.008230016
2,2022-06-05 00:00:00,2022,6,0.485231047
2,2022-06-09 00:00:00,2022,6,0.0
2,2022-06-18 00:00:00,2022,6,2.965894405
2,2022-06-22 00:00:00,2022,6,3.444405286
2,2022-06-23 00:00:00,2022,6,6.191767595
2,2022-06-24 00:00:00,2022,6,0.21708383
2,2022-06-25 00:00:00,2022,6,2.217473179
2,2022-06-30 00:00:00,2022,6,5.945566256
2,2022-07-06 00:00:00,2022,7,7.264824572
2,2022-07-08 00:00:00,2022,7,3.171103537
2,2022-07-13 00:00:00,2022,7,0.744349855
2,2022-07-14 00:00:00,2022,7,0.360586474
2,2022-07-15 00:00:00,2022,7,0.111501173
2,2022-07-21 00:00:00,2022,7,11.88172826
2,2022-07-28 00:00:00,2022,7,2.932441297
2,2022-08-01 00:00:00,2022,8,8.663772294
2,2022-08-26 00:00:00,2022,8,14.49945401
2,2022-09-05 00:00:00,2022,9,3.311210919
2,2022-09-07 00:00:00,2022,9,15.0533617
2,2022-09-13 00:00:00,2022,9,0.0
2,2022-09-14 00:00:00,2022,9,0.110554677
2,2022-09-16 00:00:00,2022,9,0.942858085
2,2022-09-30 00:00:00,2022,9,8.033043365
2,2022-10-05 00:00:00,2022,10,0.0
2,2022-10-06 00:00:00,2022,10,20.50342773
2,2022-10-13 00:00:00,2022,10,8.032519487
2,2022-10-15 00:00:00,2022,10,1.5328742898
2,2022-10-16 00:00:00,2022,10,3.0440814466
2,2022-10-21 00:00:00,2022,10,2.9714340646
2,2022-10-23 00:00:00,2022,10,0.0
2,2022-10-29 00:00:00,2022,10,7.1446351588
2,2022-11-16 00:00:00,2022,11,0.0
2,2022-11-20 00:00:00,2022,11,0.0
2,2022-11-27 00:00:00,2022,11,1.3749389783
2,2022-11-29 00:00:00,2022,11,0.0
2,2022-12-02 00:00:00,2022,12,1.2009219345
2,2022-12-10 00:00:00,2022,12,84.2761229347
2,2022-12-23 00:00:00,2022,12,0.0
2,2022-12-24 00:00:00,2022,12,0.0
2,2022-12-25 00:00:00,2022,12,2.4464264707
9,2022-09-01 00:00:00,2022,9,0.326457073
9,2022-09-02 00:00:00,2022,9,9.778852394
9,2022-09-08 00:00:00,2022,9,16.20843497
9,2022-09-19 00:00:00,2022,9,3.278967224
9,2022-09-21 00:00:00,2022,9,1.198238756
9,2022-09-26 00:00:00,2022,9,8.699970251
9,2022-09-27 00:00:00,2022,9,1.578566959
9,2022-10-01 00:00:00,2022,10,39.87064509
9,2022-10-04 00:00:00,2022,10,0.36217807
9,2022-10-13 00:00:00,2022,10,1.131787397
9,2022-10-15 00:00:00,2022,10,4.9680696321
9,2022-10-18 00:00:00,2022,10,0.5850012263
9,2022-10-19 00:00:00,2022,10,1.8111007367
9,2022-10-27 00:00:00,2022,10,0.0
9,2022-11-07 00:00:00,2022,11,0.0
9,2022-11-08 00:00:00,2022,11,0.0
9,2022-11-09 00:00:00,2022,11,0.0
9,2022-11-10 00:00:00,2022,11,0.0849698241
9,2022-11-17 00:00:00,2022,11,0.0
9,2022-11-21 00:00:00,2022,11,1.7122713748
9,2022-11-25 00:00:00,2022,11,0.5797072859
9,2022-12-04 00:00:00,2022,12,0.0064275908
9,2022-12-09 00:00:00,2022,12,0.0071799556
9,2022-12-12 00:00:00,2022,12,30.9231426916
9,2022-12-23 00:00:00,2022,12,0.0
8,2022-01-07 00:00:00,2022,1,0.064657734
8,2022-01-09 00:00:00,2022,1,0.0
8,2022-01-10 00:00:00,2022,1,0.0
8,2022-01-15 00:00:00,2022,1,3.93499294
8,2022-01-17 00:00:00,2022,1,8.669355429
8,2022-01-20 00:00:00,2022,1,0.0
8,2022-01-25 00:00:00,2022,1,0.182266113
8,2022-01-26 00:00:00,2022,1,0.649117448
8,2022-01-29 00:00:00,2022,1,0.0
8,2022-01-30 00:00:00,2022,1,0.0
8,2022-02-04 00:00:00,2022,2,0.0
8,2022-02-07 00:00:00,2022,2,0.0
8,2022-02-08 00:00:00,2022,2,0.0
8,2022-03-02 00:00:00,2022,3,0.0
8,2022-03-18 00:00:00,2022,3,0.0
8,2022-03-23 00:00:00,2022,3,0.439474427
8,2022-03-26 00:00:00,2022,3,0.0
8,2022-03-30 00:00:00,2022,3,0.0
8,2022-04-03 00:00:00,2022,4,0.0
8,2022-04-07 00:00:00,2022,4,0.0
8,2022-04-08 00:00:00,2022,4,0.0
8,2022-04-18 00:00:00,2022,4,0.0
8,2022-04-19 00:00:00,2022,4,0.0
8,2022-04-20 00:00:00,2022,4,0.0
8,2022-04-25 00:00:00,2022,4,0.0
8,2022-04-29 00:00:00,2022,4,0.0
8,2022-05-06 00:00:00,2022,5,0.0
8,2022-05-07 00:00:00,2022,5,5.189311742
8,2022-05-10 00:00:00,2022,5,5.00312295
8,2022-05-21 00:00:00,2022,5,0.0
8,2022-05-27 00:00:00,2022,5,1.410201712
8,2022-06-01 00:00:00,2022,6,0.0
8,2022-06-07 00:00:00,2022,6,0.0
8,2022-06-14 00:00:00,2022,6,0.0
8,2022-06-16 00:00:00,2022,6,0.308803141
8,2022-06-21 00:00:00,2022,6,0.923409725
8,2022-06-23 00:00:00,2022,6,7.617293112
8,2022-06-24 00:00:00,2022,6,0.0
8,2022-06-27 00:00:00,2022,6,0.005455304
8,2022-07-03 00:00:00,2022,7,0.845563586
8,2022-07-07 00:00:00,2022,7,0.584780891
8,2022-07-11 00:00:00,2022,7,0.507922834
8,2022-07-13 00:00:00,2022,7,0.828027413
8,2022-07-27 00:00:00,2022,7,2.466155486
8,2022-10-14 00:00:00,2022,10,0.4846336814
8,2022-10-15 00:00:00,2022,10,2.8027464036
8,2022-10-16 00:00:00,2022,10,3.2075482958
8,2022-10-22 00:00:00,2022,10,1.9539108154
8,2022-11-03 00:00:00,2022,11,16.7604649376
8,2022-11-06 00:00:00,2022,11,0.087810312
8,2022-11-11 00:00:00,2022,11,7.5734530862
8,2022-11-14 00:00:00,2022,11,58.3568096786
8,2022-11-21 00:00:00,2022,11,2.0226064612
8,2022-11-22 00:00:00,2022,11,1.3549372813
8,2022-12-02 00:00:00,2022,12,0.2445552008
8,2022-12-06 00:00:00,2022,12,0.0
8,2022-12-12 00:00:00,2022,12,34.188463796
10,2022-01-02 00:00:00,2022,1,0.0
10,2022-01-04 00:00:00,2022,1,0.0
10,2022-01-05 00:00:00,2022,1,0.0
10,2022-01-06 00:00:00,2022,1,0.0
10,2022-01-21 00:00:00,2022,1,0.0
10,2022-01-31 00:00:00,2022,1,0.0
10,2022-02-05 00:00:00,2022,2,0.0
10,2022-02-06 00:00:00,2022,2,0.0
10,2022-02-07 00:00:00,2022,2,0.0
10,2022-02-14 00:00:00,2022,2,0.0
10,2022-02-15 00:00:00,2022,2,0.0
10,2022-02-16 00:00:00,2022,2,0.0
10,2022-02-22 00:00:00,2022,2,0.0
10,2022-02-28 00:00:00,2022,2,0.0
10,2022-03-07 00:00:00,2022,3,0.0
10,2022-03-16 00:00:00,2022,3,0.0
10,2022-03-18 00:00:00,2022,3,0.0
10,2022-03-20 00:00:00,2022,3,0.0
10,2022-04-04 00:00:00,2022,4,0.0
10,2022-04-07 00:00:00,2022,4,0.496834433
10,2022-04-14 00:00:00,2022,4,0.105485026
10,2022-04-17 00:00:00,2022,4,0.134004945
10,2022-04-26 00:00:00,2022,4,0.039326297
10,2022-04-28 00:00:00,2022,4,0.0
10,2022-04-30 00:00:00,2022,4,0.0
10,2022-05-01 00:00:00,2022,5,0.0
10,2022-05-02 00:00:00,2022,5,8.221364241
10,2022-05-03 00:00:00,2022,5,6.983786008
10,2022-05-10 00:00:00,2022,5,1.79601621
10,2022-06-02 00:00:00,2022,6,0.276790575
10,2022-06-04 00:00:00,2022,6,1.235354002
10,2022-06-07 00:00:00,2022,6,7.86302e-05
10,2022-06-10 00:00:00,2022,6,0.158295591
10,2022-06-14 00:00:00,2022,6,0.0
10,2022-06-18 00:00:00,2022,6,1.623609536
10,2022-06-25 00:00:00,2022,6,8.643454581
10,2022-06-30 00:00:00,2022,6,2.803929937
10,2022-07-02 00:00:00,2022,7,15.53358837
10,2022-07-09 00:00:00,2022,7,19.89631383
10,2022-07-10 00:00:00,2022,7,7.078197961
10,2022-07-14 00:00:00,2022,7,0.268043818
10,2022-07-28 00:00:00,2022,7,0.115706699
10,2022-07-31 00:00:00,2022,7,0.805556267
10,2022-08-03 00:00:00,2022,8,1.046514317
10,2022-08-04 00:00:00,2022,8,0.266860055
10,2022-08-16 00:00:00,2022,8,0.032456931
10,2022-08-19 00:00:00,2022,8,7.856164783
10,2022-08-22 00:00:00,2022,8,2.168483601
10,2022-08-23 00:00:00,2022,8,5.184278514
10,2022-08-24 00:00:00,2022,8,4.099856045
10,2022-08-27 00:00:00,2022,8,1.978390889
10,2022-08-29 00:00:00,2022,8,1.542621995
10,2022-08-31 00:00:00,2022,8,0.0
10,2022-09-01 00:00:00,2022,9,0.326711857
10,2022-09-03 00:00:00,2022,9,0.041001747
10,2022-09-06 00:00:00,2022,9,2.264852007
10,2022-09-11 00:00:00,2022,9,33.50776505
10,2022-09-24 00:00:00,2022,9,15.19442376
10,2022-09-25 00:00:00,2022,9,7.131622387
10,2022-10-08 00:00:00,2022,10,9.044617751
10,2022-10-15 00:00:00,2022,10,2.791175015
10,2022-10-22 00:00:00,2022,10,0.2107103875
10,2022-10-27 00:00:00,2022,10,0.0
10,2022-10-28 00:00:00,2022,10,0.0
10,2022-10-29 00:00:00,2022,10,0.0
10,2022-11-01 00:00:00,2022,11,0.0
10,2022-11-03 00:00:00,2022,11,0.1314505714
10,2022-11-17 00:00:00,2022,11,0.0
10,2022-11-18 00:00:00,2022,11,0.0
10,2022-11-21 00:00:00,2022,11,0.0
10,2022-12-04 00:00:00,2022,12,0.0
10,2022-12-06 00:00:00,2022,12,0.0
10,2022-12-20 00:00:00,2022,12,0.0
11,2022-01-01 00:00:00,2022,1,0.0
11,2022-01-02 00:00:00,2022,1,0.0
11,2022-01-05 00:00:00,2022,1,0.0
11,2022-01-14 00:00:00,2022,1,13.26210283
11,2022-01-21 00:00:00,2022,1,0.0
11,2022-01-22 00:00:00,2022,1,0.0
11,2022-01-24 00:00:00,2022,1,0.0037062
11,2022-01-31 00:00:00,2022,1,0.205102982
11,2022-02-07 00:00:00,2022,2,0.0
11,2022-02-10 00:00:00,2022,2,0.0
11,2022-02-16 00:00:00,2022,2,0.0
11,2022-02-17 00:00:00,2022,2,0.0
11,2022-02-26 00:00:00,2022,2,0.0
11,2022-03-05 00:00:00,2022,3,0.0
11,2022-03-07 00:00:00,2022,3,0.0
11,2022-03-13 00:00:00,2022,3,0.0
11,2022-03-16 00:00:00,2022,3,0.0
11,2022-03-18 00:00:00,2022,3,0.0
11,2022-03-24 00:00:00,2022,3,0.146618879
11,2022-03-25 00:00:00,2022,3,0.156827619
11,2022-04-02 00:00:00,2022,4,0.0
11,2022-04-15 00:00:00,2022,4,0.0
11,2022-04-19 00:00:00,2022,4,2.627628306
11,2022-04-24 00:00:00,2022,4,0.89958173
11,2022-05-05 00:00:00,2022,5,1.10989159
11,2022-05-07 00:00:00,2022,5,2.782981661
11,2022-05-09 00:00:00,2022,5,6.779780168
11,2022-05-11 00:00:00,2022,5,40.08783314
11,2022-05-12 00:00:00,2022,5,26.87521482
11,2022-05-19 00:00:00,2022,5,0.536809967
11,2022-06-08 00:00:00,2022,6,0.0
11,2022-06-26 00:00:00,2022,6,13.60867935
11,2022-06-28 00:00:00,2022,6,5.499681694
11,2022-06-30 00:00:00,2022,6,2.880931441
11,2022-07-03 00:00:00,2022,7,0.431691556
11,2022-07-05 00:00:00,2022,7,0.600219288
11,2022-07-09 00:00:00,2022,7,38.99642313
11,2022-07-13 00:00:00,2022,7,0.824042984
11,2022-07-20 00:00:00,2022,7,0.537688518
11,2022-07-23 00:00:00,2022,7,7.128726308
11,2022-10-15 00:00:00,2022,10,31.7018352311
11,2022-11-06 00:00:00,2022,11,0.0
11,2022-11-12 00:00:00,2022,11,0.0
11,2022-11-16 00:00:00,2022,11,0.0
11,2022-11-18 00:00:00,2022,11,0.0
11,2022-11-29 00:00:00,2022,11,0.0
11,2022-11-30 00:00:00,2022,11,0.0
11,2022-12-09 00:00:00,2022,12,0.0
11,2022-12-11 00:00:00,2022,12,3.3572711305
11,2022-12-20 00:00:00,2022,12,0.0
11,2022-12-21 00:00:00,2022,12,0.0
11,2022-12-26 00:00:00,2022,12,0.0
11,2022-08-02 00:00:00,2022,8,11.52898983
11,2022-08-04 00:00:00,2022,8,1.487850813
11,2022-08-06 00:00:00,2022,8,19.54788911
11,2022-08-12 00:00:00,2022,8,0.308386595
11,2022-08-13 00:00:00,2022,8,0.215877655
11,2022-08-20 00:00:00,2022,8,16.11505227
11,2022-08-23 00:00:00,2022,8,0.008981875
11,2022-08-25 00:00:00,2022,8,5.230613555
11,2022-08-31 00:00:00,2022,8,0.011341832
11,2022-09-02 00:00:00,2022,9,1.098663919
11,2022-09-04 00:00:00,2022,9,9.529270731
11,2022-09-07 00:00:00,2022,9,13.05473119
11,2022-09-09 00:00:00,2022,9,26.95851551
11,2022-09-11 00:00:00,2022,9,27.88712883
11,2022-09-22 00:00:00,2022,9,0.314371275
11,2022-09-24 00:00:00,2022,9,7.251717633
11,2022-10-02 00:00:00,2022,10,12.08655837
11,2022-10-04 00:00:00,2022,10,1.726762758
11,2022-10-09 00:00:00,2022,10,13.06163613
12,2022-01-02 00:00:00,2022,1,0.0
12,2022-01-03 00:00:00,2022,1,0.0
12,2022-01-04 00:00:00,2022,1,0.0
12,2022-01-23 00:00:00,2022,1,0.0
12,2022-01-24 00:00:00,2022,1,0.001303918
12,2022-01-29 00:00:00,2022,1,0.0
12,2022-02-04 00:00:00,2022,2,0.0
12,2022-02-13 00:00:00,2022,2,0.0
12,2022-02-14 00:00:00,2022,2,0.0
12,2022-03-05 00:00:00,2022,3,0.0
12,2022-03-09 00:00:00,2022,3,0.0
12,2022-03-10 00:00:00,2022,3,0.0
12,2022-04-09 00:00:00,2022,4,0.0
12,2022-04-11 00:00:00,2022,4,0.0
12,2022-04-12 00:00:00,2022,4,0.0
12,2022-04-14 00:00:00,2022,4,0.290867768
12,2022-04-17 00:00:00,2022,4,0.759818135
12,2022-04-15 00:00:00,2022,4,0.0
12,2022-04-22 00:00:00,2022,4,0.016758324
12,2022-04-24 00:00:00,2022,4,0.0
12,2022-05-02 00:00:00,2022,5,1.428304646
12,2022-05-04 00:00:00,2022,5,0.081818109
12,2022-05-10 00:00:00,2022,5,2.437850494
12,2022-05-12 00:00:00,2022,5,21.41816955
12,2022-05-13 00:00:00,2022,5,2.051601901
12,2022-05-24 00:00:00,2022,5,9.75092015
12,2022-06-06 00:00:00,2022,6,11.32168118
12,2022-06-14 00:00:00,2022,6,0.0
12,2022-06-20 00:00:00,2022,6,0.306057857
12,2022-06-21 00:00:00,2022,6,28.1817761
12,2022-06-24 00:00:00,2022,6,9.504380174
12,2022-06-26 00:00:00,2022,6,1.1339648
12,2022-06-30 00:00:00,2022,6,1.886876821
12,2022-07-16 00:00:00,2022,7,1.781522048
12,2022-07-18 00:00:00,2022,7,4.898110498
12,2022-07-19 00:00:00,2022,7,2.079010806
12,2022-07-21 00:00:00,2022,7,16.66228099
12,2022-07-23 00:00:00,2022,7,6.064997203
12,2022-07-30 00:00:00,2022,7,5.890298583
12,2022-08-12 00:00:00,2022,8,0.641027575
12,2022-08-19 00:00:00,2022,8,9.536545793
12,2022-08-24 00:00:00,2022,8,10.4421856
12,2022-08-26 00:00:00,2022,8,1.019677388
12,2022-08-31 00:00:00,2022,8,0.0
12,2022-09-15 00:00:00,2022,9,1.28303787
12,2022-09-21 00:00:00,2022,9,0.511206755
12,2022-09-22 00:00:00,2022,9,0.663149333
12,2022-09-24 00:00:00,2022,9,9.3191929
12,2022-09-26 00:00:00,2022,9,5.001761418
12,2022-10-05 00:00:00,2022,10,23.84746106
12,2022-10-13 00:00:00,2022,10,3.61210405
12,2022-10-16 00:00:00,2022,10,16.748622049
12,2022-10-21 00:00:00,2022,10,0.0316611022
12,2022-11-03 00:00:00,2022,11,0.804466874
12,2022-11-11 00:00:00,2022,11,0.0
12,2022-11-17 00:00:00,2022,11,0.0
12,2022-11-19 00:00:00,2022,11,0.0
12,2022-11-22 00:00:00,2022,11,0.0031233547
12,2022-11-28 00:00:00,2022,11,0.0
12,2022-12-03 00:00:00,2022,12,0.0
12,2022-12-05 00:00:00,2022,12,0.0
12,2022-12-16 00:00:00,2022,12,0.0
12,2022-12-21 00:00:00,2022,12,0.0
13,2022-01-01 00:00:00,2022,1,0.0
13,2022-01-02 00:00:00,2022,1,0.0
13,2022-01-11 00:00:00,2022,1,0.0
13,2022-01-13 00:00:00,2022,1,5.569434535
13,2022-01-15 00:00:00,2022,1,1.429646053
13,2022-01-19 00:00:00,2022,1,0.0
13,2022-01-28 00:00:00,2022,1,0.0
13,2022-02-02 00:00:00,2022,2,0.0
13,2022-02-05 00:00:00,2022,2,0.0
13,2022-02-16 00:00:00,2022,2,0.0
13,2022-02-21 00:00:00,2022,2,0.0
13,2022-03-06 00:00:00,2022,3,0.0
13,2022-03-10 00:00:00,2022,3,0.0
13,2022-03-22 00:00:00,2022,3,2.847716089
13,2022-03-24 00:00:00,2022,3,1.519166076
13,2022-03-31 00:00:00,2022,3,0.0
13,2022-04-05 00:00:00,2022,4,0.0
13,2022-04-08 00:00:00,2022,4,0.0
13,2022-04-12 00:00:00,2022,4,0.0
13,2022-04-14 00:00:00,2022,4,0.0
13,2022-04-18 00:00:00,2022,4,0.101605785
13,2022-04-19 00:00:00,2022,4,0.467596364
13,2022-05-02 00:00:00,2022,5,2.344494345
13,2022-05-07 00:00:00,2022,5,1.573471612
13,2022-05-17 00:00:00,2022,5,0.0
13,2022-05-21 00:00:00,2022,5,0.0
13,2022-05-27 00:00:00,2022,5,1.413998327
13,2022-05-30 00:00:00,2022,5,0.735043412
13,2022-06-15 00:00:00,2022,6,0.019996425
13,2022-06-22 00:00:00,2022,6,35.88043573
13,2022-06-28 00:00:00,2022,6,22.85565415
13,2022-07-06 00:00:00,2022,7,29.76771296
13,2022-07-10 00:00:00,2022,7,29.83851273
13,2022-07-20 00:00:00,2022,7,2.153352644
13,2022-07-22 00:00:00,2022,7,1.128793264
13,2022-07-26 00:00:00,2022,7,5.021339463
13,2022-08-03 00:00:00,2022,8,18.49178621
13,2022-08-07 00:00:00,2022,8,31.96303427
13,2022-08-09 00:00:00,2022,8,12.81156674
13,2022-08-14 00:00:00,2022,8,16.09774143
13,2022-08-18 00:00:00,2022,8,2.015021816
13,2022-08-19 00:00:00,2022,8,0.058268275
13,2022-08-22 00:00:00,2022,8,0.07583914
13,2022-08-24 00:00:00,2022,8,0.862450479
13,2022-08-27 00:00:00,2022,8,0.530920603
13,2022-08-28 00:00:00,2022,8,0.221848406
13,2022-08-30 00:00:00,2022,8,7.312004811
13,2022-09-06 00:00:00,2022,9,4.117493056
13,2022-09-07 00:00:00,2022,9,5.770605824
13,2022-09-15 00:00:00,2022,9,1.913725395
13,2022-09-26 00:00:00,2022,9,0.106152163
13,2022-10-11 00:00:00,2022,10,9.57528937
13,2022-10-14 00:00:00,2022,10,6.3470585276
13,2022-10-21 00:00:00,2022,10,1.8789932069
13,2022-10-22 00:00:00,2022,10,0.0072065884
13,2022-10-29 00:00:00,2022,10,0.0
13,2022-10-31 00:00:00,2022,10,0.0
13,2022-11-02 00:00:00,2022,11,0.1278215606
13,2022-11-03 00:00:00,2022,11,1.7994089351
13,2022-11-06 00:00:00,2022,11,0.0
13,2022-11-12 00:00:00,2022,11,0.0
6,2022-06-17 00:00:00,2022,6,7.144403305
6,2022-06-22 00:00:00,2022,6,5.320932534
6,2022-06-27 00:00:00,2022,6,13.50070077
6,2022-06-29 00:00:00,2022,6,5.370367182
6,2022-07-01 00:00:00,2022,7,5.900000511
6,2022-07-03 00:00:00,2022,7,18.92384239
6,2022-07-10 00:00:00,2022,7,25.52408904
6,2022-07-19 00:00:00,2022,7,1.442389468
6,2022-07-20 00:00:00,2022,7,2.202567746
6,2022-08-05 00:00:00,2022,8,9.892338521
6,2022-08-11 00:00:00,2022,8,0.0
6,2022-08-24 00:00:00,2022,8,0.799110001
6,2022-08-27 00:00:00,2022,8,0.005995462
6,2022-08-28 00:00:00,2022,8,0.448067162
6,2022-08-30 00:00:00,2022,8,2.846674814
6,2022-09-11 00:00:00,2022,9,48.99084233
6,2022-09-13 00:00:00,2022,9,3.558080356
6,2022-09-16 00:00:00,2022,9,0.0420666
6,2022-09-17 00:00:00,2022,9,0.057839775
6,2022-09-20 00:00:00,2022,9,13.95928352
6,2022-09-22 00:00:00,2022,9,1.801897877
6,2022-09-23 00:00:00,2022,9,1.451024866
6,2022-10-06 00:00:00,2022,10,43.9876499
6,2022-10-08 00:00:00,2022,10,11.50130228
6,2022-10-27 00:00:00,2022,10,0.0
6,2022-11-08 00:00:00,2022,11,0.0
6,2022-11-09 00:00:00,2022,11,0.0
6,2022-11-11 00:00:00,2022,11,0.0
6,2022-11-21 00:00:00,2022,11,0.7351705476
6,2022-11-23 00:00:00,2022,11,4.1160486146
6,2022-11-25 00:00:00,2022,11,0.1790460782
6,2022-11-26 00:00:00,2022,11,0.9373983299
6,2022-11-27 00:00:00,2022,11,0.0
6,2022-11-28 00:00:00,2022,11,0.0
6,2022-12-01 00:00:00,2022,12,0.0
6,2022-12-05 00:00:00,2022,12,0.0070234811
6,2022-12-15 00:00:00,2022,12,0.0006996962
6,2022-12-19 00:00:00,2022,12,0.0
7,2022-01-05 00:00:00,2022,1,0.0
7,2022-01-06 00:00:00,2022,1,0.0
7,2022-01-10 00:00:00,2022,1,0.001745038
7,2022-01-20 00:00:00,2022,1,0.0
7,2022-01-28 00:00:00,2022,1,0.0
7,2022-01-29 00:00:00,2022,1,0.0
7,2022-02-05 00:00:00,2022,2,0.0
7,2022-02-06 00:00:00,2022,2,0.0
7,2022-02-16 00:00:00,2022,2,0.0
7,2022-02-18 00:00:00,2022,2,0.0
7,2022-02-27 00:00:00,2022,2,0.0
7,2022-02-24 00:00:00,2022,2,0.0
7,2022-03-13 00:00:00,2022,3,0.0
7,2022-03-16 00:00:00,2022,3,0.0
7,2022-03-17 00:00:00,2022,3,0.0
7,2022-03-21 00:00:00,2022,3,0.439394979
7,2022-03-22 00:00:00,2022,3,0.002878244
7,2022-03-24 00:00:00,2022,3,0.061381048
7,2022-03-29 00:00:00,2022,3,0.0
7,2022-04-04 00:00:00,2022,4,0.059729192
7,2022-04-05 00:00:00,2022,4,0.0
7,2022-04-09 00:00:00,2022,4,0.0
7,2022-04-12 00:00:00,2022,4,0.0
7,2022-04-16 00:00:00,2022,4,1.646724253
7,2022-04-15 00:00:00,2022,4,0.0
7,2022-04-21 00:00:00,2022,4,0.0
7,2022-04-25 00:00:00,2022,4,0.0
7,2022-05-04 00:00:00,2022,5,0.704300208
7,2022-05-10 00:00:00,2022,5,0.893920643
7,2022-05-15 00:00:00,2022,5,0.075841799
7,2022-05-16 00:00:00,2022,5,0.179928354
7,2022-05-21 00:00:00,2022,5,0.015024801
7,2022-05-28 00:00:00,2022,5,0.0
7,2022-06-04 00:00:00,2022,6,0.0
7,2022-06-16 00:00:00,2022,6,0.371036216
7,2022-06-19 00:00:00,2022,6,5.925282243
7,2022-06-20 00:00:00,2022,6,4.286641553
7,2022-06-23 00:00:00,2022,6,0.111944165
7,2022-06-26 00:00:00,2022,6,0.459398667
7,2022-06-29 00:00:00,2022,6,1.683398162
7,2022-07-06 00:00:00,2022,7,18.49953821
7,2022-07-10 00:00:00,2022,7,12.44128019
7,2022-07-12 00:00:00,2022,7,1.380491718
7,2022-07-15 00:00:00,2022,7,0.288861789
7,2022-07-19 00:00:00,2022,7,2.286267411
7,2022-07-23 00:00:00,2022,7,3.829702647
7,2022-07-29 00:00:00,2022,7,1.804207781
7,2022-08-03 00:00:00,2022,8,10.94874184
7,2022-08-04 00:00:00,2022,8,10.06290754
7,2022-08-06 00:00:00,2022,8,1.957367655
7,2022-08-19 00:00:00,2022,8,0.000248051
7,2022-08-21 00:00:00,2022,8,0.525805147
7,2022-08-26 00:00:00,2022,8,7.501289681
7,2022-08-27 00:00:00,2022,8,7.728383045
7,2022-09-01 00:00:00,2022,9,0.811908639
7,2022-09-03 00:00:00,2022,9,0.493105411
7,2022-09-08 00:00:00,2022,9,11.37775408
7,2022-09-17 00:00:00,2022,9,0.003013659
7,2022-10-02 00:00:00,2022,10,5.17640006
7,2022-10-04 00:00:00,2022,10,0.476762944
7,2022-10-08 00:00:00,2022,10,2.218999563
7,2022-10-10 00:00:00,2022,10,8.059457866
7,2022-10-22 00:00:00,2022,10,0.7289455041
7,2022-10-23 00:00:00,2022,10,0.0
7,2022-10-29 00:00:00,2022,10,0.0399855859
7,2022-11-21 00:00:00,2022,11,0.0177802244
7,2022-11-24 00:00:00,2022,11,1.2684592349
7,2022-11-29 00:00:00,2022,11,0.0
7,2022-12-05 00:00:00,2022,12,0.0
7,2022-12-06 00:00:00,2022,12,0.0
7,2022-12-07 00:00:00,2022,12,0.0
7,2022-12-14 00:00:00,2022,12,0.5858619925
7,2022-12-29 00:00:00,2022,12,0.0
7,2022-12-31 00:00:00,2022,12,0.0
8,2022-07-31 00:00:00,2022,7,0.090653291
8,2022-08-03 00:00:00,2022,8,3.361073501
8,2022-08-08 00:00:00,2022,8,7.379436648
8,2022-08-13 00:00:00,2022,8,0.366717992
8,2022-08-14 00:00:00,2022,8,0.0
8,2022-08-17 00:00:00,2022,8,1.291013592
8,2022-08-23 00:00:00,2022,8,2.681183272
8,2022-09-02 00:00:00,2022,9,6.680900386
8,2022-09-04 00:00:00,2022,9,0.0
8,2022-09-06 00:00:00,2022,9,0.369693595
8,2022-09-07 00:00:00,2022,9,10.14123286
8,2022-09-12 00:00:00,2022,9,2.815427571
8,2022-09-14 00:00:00,2022,9,0.0
8,2022-09-24 00:00:00,2022,9,0.0
8,2022-10-01 00:00:00,2022,10,7.538861367
8,2022-10-06 00:00:00,2022,10,9.994122041
9,2022-01-12 00:00:00,2022,1,0.016827684
9,2022-01-13 00:00:00,2022,1,7.330487802
9,2022-01-14 00:00:00,2022,1,9.358124165
9,2022-01-15 00:00:00,2022,1,1.07088997
9,2022-01-22 00:00:00,2022,1,0.0
9,2022-01-25 00:00:00,2022,1,0.0
9,2022-01-27 00:00:00,2022,1,0.232919195
9,2022-01-28 00:00:00,2022,1,0.0
9,2022-01-29 00:00:00,2022,1,0.0
9,2022-02-04 00:00:00,2022,2,0.0
9,2022-02-17 00:00:00,2022,2,0.0
9,2022-02-19 00:00:00,2022,2,0.0
9,2022-02-23 00:00:00,2022,2,0.0
9,2022-03-04 00:00:00,2022,3,0.0
9,2022-03-08 00:00:00,2022,3,0.0
9,2022-03-19 00:00:00,2022,3,0.0
9,2022-03-26 00:00:00,2022,3,0.0
9,2022-03-27 00:00:00,2022,3,0.0
9,2022-03-28 00:00:00,2022,3,0.0
9,2022-04-11 00:00:00,2022,4,0.0
9,2022-04-18 00:00:00,2022,4,0.0
9,2022-04-20 00:00:00,2022,4,0.0
9,2022-04-21 00:00:00,2022,4,0.0
9,2022-04-25 00:00:00,2022,4,0.0
9,2022-04-29 00:00:00,2022,4,0.0
9,2022-05-03 00:00:00,2022,5,0.0
9,2022-05-08 00:00:00,2022,5,0.0
9,2022-05-09 00:00:00,2022,5,0.090961684
9,2022-05-15 00:00:00,2022,5,0.0
9,2022-05-19 00:00:00,2022,5,1.007262487
9,2022-05-23 00:00:00,2022,5,0.0
9,2022-05-25 00:00:00,2022,5,0.094483482
9,2022-05-27 00:00:00,2022,5,0.436091226
9,2022-05-28 00:00:00,2022,5,0.0
9,2022-06-01 00:00:00,2022,6,0.0
9,2022-06-08 00:00:00,2022,6,0.0
9,2022-06-11 00:00:00,2022,6,0.255742533
9,2022-06-12 00:00:00,2022,6,0.0
9,2022-06-13 00:00:00,2022,6,0.025585078
9,2022-06-25 00:00:00,2022,6,0.44617768
9,2022-06-26 00:00:00,2022,6,0.056570966
9,2022-07-04 00:00:00,2022,7,2.088006242
9,2022-07-15 00:00:00,2022,7,1.044473485
9,2022-07-20 00:00:00,2022,7,0.358100906
9,2022-07-28 00:00:00,2022,7,0.178842771
9,2022-07-29 00:00:00,2022,7,0.0
9,2022-07-30 00:00:00,2022,7,0.468526849
9,2022-08-08 00:00:00,2022,8,12.25581891
9,2022-08-10 00:00:00,2022,8,0.535929723
9,2022-08-15 00:00:00,2022,8,0.189066145
9,2022-08-22 00:00:00,2022,8,0.0
9,2022-08-27 00:00:00,2022,8,7.168951794
5,2022-12-01 00:00:00,2022,12,0.0018296874
5,2022-12-03 00:00:00,2022,12,0.0018296874
5,2022-12-10 00:00:00,2022,12,48.1643477232
5,2022-12-11 00:00:00,2022,12,37.0881452194
5,2022-12-12 00:00:00,2022,12,11.0443575657
5,2022-12-17 00:00:00,2022,12,0.0
5,2022-12-18 00:00:00,2022,12,0.0018296874
5,2022-12-20 00:00:00,2022,12,0.0
5,2022-12-22 00:00:00,2022,12,0.0
1,2022-01-23 00:00:00,2022,1,0.0
1,2022-02-07 00:00:00,2022,2,0.0
1,2022-02-27 00:00:00,2022,2,0.0
1,2022-03-05 00:00:00,2022,3,0.0
1,2022-04-03 00:00:00,2022,4,0.003257955
1,2022-03-08 00:00:00,2022,3,0.0
1,2022-03-13 00:00:00,2022,3,0.0
1,2022-03-17 00:00:00,2022,3,0.0
1,2022-03-23 00:00:00,2022,3,0.405980095
1,2022-03-25 00:00:00,2022,3,0.02354878
1,2022-03-29 00:00:00,2022,3,0.0
1,2022-05-21 00:00:00,2022,5,0.069788201
1,2022-05-23 00:00:00,2022,5,0.0
1,2022-05-25 00:00:00,2022,5,0.0
1,2022-03-30 00:00:00,2022,3,0.0
1,2022-03-31 00:00:00,2022,3,0.0
1,2022-06-18 00:00:00,2022,6,10.27478454
1,2022-06-22 00:00:00,2022,6,0.343788396
1,2022-07-08 00:00:00,2022,7,2.318802327
1,2022-04-13 00:00:00,2022,4,0.0
1,2022-04-20 00:00:00,2022,4,4.588527724
1,2022-04-24 00:00:00,2022,4,0.0
1,2022-04-28 00:00:00,2022,4,0.027905243
1,2022-05-01 00:00:00,2022,5,1.968767211
1,2022-07-11 00:00:00,2022,7,0.051284668
1,2022-07-20 00:00:00,2022,7,0.020270087
1,2022-07-22 00:00:00,2022,7,0.107430462
1,2022-07-27 00:00:00,2022,7,3.32143675
1,2022-07-29 00:00:00,2022,7,1.760669234
1,2022-01-01 00:00:00,2022,1,0.379965295
1,2022-01-07 00:00:00,2022,1,0.0
1,2022-01-13 00:00:00,2022,1,0.3870735
1,2022-01-17 00:00:00,2022,1,0.0
1,2022-01-19 00:00:00,2022,1,0.0
1,2022-02-15 00:00:00,2022,2,0.0
1,2022-02-23 00:00:00,2022,2,0.0
1,2022-02-25 00:00:00,2022,2,0.0
1,2022-02-28 00:00:00,2022,2,0.0
1,2022-10-21 00:00:00,2022,10,0.2018529533
1,2022-10-25 00:00:00,2022,10,0.0
1,2022-11-04 00:00:00,2022,11,4.7946201552
1,2022-11-06 00:00:00,2022,11,0.0036242097
1,2022-11-12 00:00:00,2022,11,1.8726215034
1,2022-11-13 00:00:00,2022,11,2.265784383
1,2022-11-14 00:00:00,2022,11,1.6548238275
1,2022-11-15 00:00:00,2022,11,1.840910432
1,2022-11-16 00:00:00,2022,11,0.0
1,2022-11-18 00:00:00,2022,11,0.0
1,2022-11-20 00:00:00,2022,11,0.0
1,2022-11-25 00:00:00,2022,11,0.5619516198
1,2022-11-28 00:00:00,2022,11,0.0
1,2022-12-02 00:00:00,2022,12,0.0
1,2022-12-23 00:00:00,2022,12,0.0
1,2022-12-25 00:00:00,2022,12,0.0
1,2022-12-29 00:00:00,2022,12,0.0
1,2022-08-09 00:00:00,2022,8,0.126576418
1,2022-08-12 00:00:00,2022,8,0.048571892
1,2022-08-16 00:00:00,2022,8,0.00017553
1,2022-08-19 00:00:00,2022,8,0.0
1,2022-08-24 00:00:00,2022,8,0.025268445
1,2022-08-30 00:00:00,2022,8,15.21298638
1,2022-09-02 00:00:00,2022,9,1.406641739
1,2022-09-06 00:00:00,2022,9,16.7866771
1,2022-09-08 00:00:00,2022,9,7.705992938
1,2022-09-11 00:00:00,2022,9,0.939574462
1,2022-09-12 00:00:00,2022,9,0.000210601
1,2022-09-20 00:00:00,2022,9,0.023048324
1,2022-09-28 00:00:00,2022,9,0.175287002
1,2022-10-07 00:00:00,2022,10,15.07325527
1,2022-10-11 00:00:00,2022,10,7.052832907
2,2022-01-02 00:00:00,2022,1,0.857263465
2,2022-01-05 00:00:00,2022,1,0.0
2,2022-01-06 00:00:00,2022,1,0.0
2,2022-01-11 00:00:00,2022,1,0.0
2,2022-01-13 00:00:00,2022,1,0.327152923
2,2022-01-17 00:00:00,2022,1,2.003398345
2,2022-01-25 00:00:00,2022,1,0.925098007
2,2022-02-02 00:00:00,2022,2,0.0
2,2022-02-04 00:00:00,2022,2,0.0
2,2022-02-05 00:00:00,2022,2,0.0
2,2022-02-13 00:00:00,2022,2,0.0
2,2022-02-19 00:00:00,2022,2,0.0
2,2022-02-20 00:00:00,2022,2,0.0
2,2022-02-25 00:00:00,2022,2,0.0
2,2022-03-04 00:00:00,2022,3,0.0
2,2022-03-14 00:00:00,2022,3,0.0
2,2022-04-05 00:00:00,2022,4,0.0
2,2022-04-10 00:00:00,2022,4,0.0
2,2022-04-12 00:00:00,2022,4,0.0
2,2022-04-17 00:00:00,2022,4,2.916562143
2,2022-04-18 00:00:00,2022,4,1.951716671
2,2022-04-19 00:00:00,2022,4,0.179306615
2,2022-04-21 00:00:00,2022,4,0.0
2,2022-04-26 00:00:00,2022,4,0.0
2,2022-05-14 00:00:00,2022,5,0.626314452
2,2022-05-15 00:00:00,2022,5,3.864217013
2,2022-05-30 00:00:00,2022,5,0.008500139
2,2022-06-07 00:00:00,2022,6,3.522144638
2,2022-06-10 00:00:00,2022,6,0.0
2,2022-06-15 00:00:00,2022,6,13.99489199
2,2022-06-26 00:00:00,2022,6,0.528146114
2,2022-06-28 00:00:00,2022,6,0.053093512
2,2022-07-04 00:00:00,2022,7,0.040271018
2,2022-07-05 00:00:00,2022,7,0.126656805
2,2022-07-20 00:00:00,2022,7,2.947172205
2,2022-08-03 00:00:00,2022,8,8.714585136
2,2022-08-05 00:00:00,2022,8,9.84460184
2,2022-08-15 00:00:00,2022,8,0.003366839
2,2022-08-16 00:00:00,2022,8,17.67753211
2,2022-08-21 00:00:00,2022,8,0.0
2,2022-08-27 00:00:00,2022,8,26.56714738
2,2022-08-30 00:00:00,2022,8,5.651901325
2,2022-09-04 00:00:00,2022,9,0.008501339
2,2022-09-06 00:00:00,2022,9,8.99276541
2,2022-09-12 00:00:00,2022,9,0.002195514
2,2022-09-24 00:00:00,2022,9,0.0
2,2022-10-01 00:00:00,2022,10,3.673921625
2,2022-10-03 00:00:00,2022,10,0.0
2,2022-10-08 00:00:00,2022,10,1.85626048
2,2022-10-10 00:00:00,2022,10,19.20308107
2,2022-10-11 00:00:00,2022,10,4.247480017
2,2022-10-12 00:00:00,2022,10,1.824159056
2,2022-10-25 00:00:00,2022,10,0.0
2,2022-10-31 00:00:00,2022,10,0.1028437458
2,2022-11-01 00:00:00,2022,11,13.8143510647
2,2022-11-02 00:00:00,2022,11,32.09161047
2,2022-11-05 00:00:00,2022,11,1.8706968277
2,2022-11-07 00:00:00,2022,11,0.0076397561
2,2022-11-09 00:00:00,2022,11,0.0014874065
2,2022-11-11 00:00:00,2022,11,5.3798783695
2,2022-11-19 00:00:00,2022,11,0.0
2,2022-11-25 00:00:00,2022,11,0.5229831316
2,2022-11-26 00:00:00,2022,11,0.4017629971
2,2022-11-28 00:00:00,2022,11,0.957133835
2,2022-12-01 00:00:00,2022,12,0.5665529488
2,2022-12-03 00:00:00,2022,12,0.0859944161
2,2022-12-05 00:00:00,2022,12,0.0
2,2022-12-07 00:00:00,2022,12,0.0238981325
2,2022-12-08 00:00:00,2022,12,0.0
2,2022-12-09 00:00:00,2022,12,3.4774403739
2,2022-12-11 00:00:00,2022,12,30.0794706083
2,2022-12-13 00:00:00,2022,12,26.1593640843
2,2022-12-15 00:00:00,2022,12,0.3748608601
2,2022-12-17 00:00:00,2022,12,0.0
2,2022-12-18 00:00:00,2022,12,0.0552736571
2,2022-12-27 00:00:00,2022,12,1.682283934
2,2022-12-29 00:00:00,2022,12,0.0
2,2022-12-30 00:00:00,2022,12,0.0
3,2022-01-01 00:00:00,2022,1,0.0
3,2022-01-03 00:00:00,2022,1,0.0
3,2022-01-14 00:00:00,2022,1,8.925114305
3,2022-01-20 00:00:00,2022,1,0.0
3,2022-01-25 00:00:00,2022,1,1.610265296
3,2022-01-30 00:00:00,2022,1,0.0
3,2022-02-01 00:00:00,2022,2,0.0
3,2022-02-04 00:00:00,2022,2,0.0
3,2022-02-08 00:00:00,2022,2,0.0
3,2022-02-09 00:00:00,2022,2,0.0
3,2022-02-15 00:00:00,2022,2,0.0
3,2022-02-16 00:00:00,2022,2,0.0
3,2022-02-19 00:00:00,2022,2,0.0
3,2022-03-02 00:00:00,2022,3,0.0
3,2022-03-04 00:00:00,2022,3,0.0
3,2022-03-05 00:00:00,2022,3,0.0
3,2022-03-07 00:00:00,2022,3,0.0
3,2022-03-13 00:00:00,2022,3,0.0
3,2022-03-15 00:00:00,2022,3,0.0
3,2022-03-26 00:00:00,2022,3,0.0
3,2022-04-10 00:00:00,2022,4,0.099266165
3,2022-04-21 00:00:00,2022,4,0.329127594
3,2022-05-05 00:00:00,2022,5,0.0
3,2022-05-11 00:00:00,2022,5,23.57364732
3,2022-05-22 00:00:00,2022,5,0.0
3,2022-05-27 00:00:00,2022,5,6.51557899
3,2022-05-31 00:00:00,2022,5,0.315851221
3,2022-06-01 00:00:00,2022,6,0.0
3,2022-06-02 00:00:00,2022,6,0.0
3,2022-06-09 00:00:00,2022,6,0.0
3,2022-06-15 00:00:00,2022,6,0.04011349
3,2022-06-22 00:00:00,2022,6,14.29278133
3,2022-06-23 00:00:00,2022,6,0.870647641
3,2022-06-27 00:00:00,2022,6,12.05619503
3,2022-07-03 00:00:00,2022,7,8.798810705
3,2022-07-05 00:00:00,2022,7,9.770977817
3,2022-07-14 00:00:00,2022,7,6.804868045
3,2022-07-18 00:00:00,2022,7,18.02513463
3,2022-07-23 00:00:00,2022,7,8.431296302
3,2022-07-25 00:00:00,2022,7,12.63973694
3,2022-07-28 00:00:00,2022,7,1.057050551
3,2022-08-03 00:00:00,2022,8,9.922726357
3,2022-08-04 00:00:00,2022,8,3.270044365
3,2022-08-05 00:00:00,2022,8,4.483068057
3,2022-08-07 00:00:00,2022,8,19.7476793
3,2022-08-19 00:00:00,2022,8,1.420465169
3,2022-08-20 00:00:00,2022,8,11.96739691
3,2022-08-25 00:00:00,2022,8,7.444220062
3,2022-08-31 00:00:00,2022,8,0.815436222
3,2022-09-10 00:00:00,2022,9,37.85191364
3,2022-09-15 00:00:00,2022,9,3.557913409
3,2022-09-21 00:00:00,2022,9,5.056893768
3,2022-09-24 00:00:00,2022,9,8.406347313
3,2022-09-26 00:00:00,2022,9,4.3303008
3,2022-09-27 00:00:00,2022,9,8.377462088
3,2022-09-30 00:00:00,2022,9,7.368218017
3,2022-10-08 00:00:00,2022,10,16.92171868
3,2022-10-22 00:00:00,2022,10,0.0
3,2022-10-24 00:00:00,2022,10,0.0
3,2022-10-30 00:00:00,2022,10,0.0
3,2022-11-02 00:00:00,2022,11,0.0721035289
3,2022-11-11 00:00:00,2022,11,0.0
3,2022-11-20 00:00:00,2022,11,0.0
3,2022-11-25 00:00:00,2022,11,1.9089254822
3,2022-11-27 00:00:00,2022,11,0.0
3,2022-11-30 00:00:00,2022,11,0.0
3,2022-12-08 00:00:00,2022,12,0.0
3,2022-12-09 00:00:00,2022,12,0.0303436192
3,2022-12-26 00:00:00,2022,12,0.0
3,2022-12-29 00:00:00,2022,12,0.0
3,2022-12-30 00:00:00,2022,12,0.0259425869
4,2022-01-06 00:00:00,2022,1,0.0
4,2022-01-09 00:00:00,2022,1,0.0
4,2022-01-10 00:00:00,2022,1,0.0
4,2022-01-17 00:00:00,2022,1,0.544261656
4,2022-01-20 00:00:00,2022,1,0.0
4,2022-02-13 00:00:00,2022,2,0.0
4,2022-02-20 00:00:00,2022,2,0.0
4,2022-03-02 00:00:00,2022,3,0.0
4,2022-03-05 00:00:00,2022,3,0.0
4,2022-03-06 00:00:00,2022,3,0.0
4,2022-03-08 00:00:00,2022,3,0.0
4,2022-03-09 00:00:00,2022,3,0.0
4,2022-03-17 00:00:00,2022,3,0.0
4,2022-03-18 00:00:00,2022,3,0.0
4,2022-03-19 00:00:00,2022,3,0.0
4,2022-03-20 00:00:00,2022,3,0.0
4,2022-03-21 00:00:00,2022,3,0.052555308
4,2022-03-30 00:00:00,2022,3,0.0
4,2022-04-08 00:00:00,2022,4,0.0
4,2022-04-11 00:00:00,2022,4,0.0
4,2022-04-15 00:00:00,2022,4,0.0
4,2022-04-19 00:00:00,2022,4,0.0
4,2022-04-21 00:00:00,2022,4,0.0
4,2022-04-28 00:00:00,2022,4,0.0
4,2022-05-25 00:00:00,2022,5,2.473345701
4,2022-05-30 00:00:00,2022,5,0.002638293
4,2022-06-05 00:00:00,2022,6,0.0
4,2022-06-06 00:00:00,2022,6,4.335349171
4,2022-06-07 00:00:00,2022,6,0.006225876
4,2022-06-08 00:00:00,2022,6,0.0
4,2022-06-12 00:00:00,2022,6,0.0
4,2022-06-16 00:00:00,2022,6,1.067264066
4,2022-06-21 00:00:00,2022,6,1.591787755
4,2022-07-01 00:00:00,2022,7,3.030893184
4,2022-07-05 00:00:00,2022,7,1.144256027
4,2022-07-09 00:00:00,2022,7,15.51878003
4,2022-07-12 00:00:00,2022,7,13.99427116
4,2022-07-14 00:00:00,2022,7,0.36414026
4,2022-07-16 00:00:00,2022,7,0.097214669
4,2022-07-19 00:00:00,2022,7,1.65845406
4,2022-07-30 00:00:00,2022,7,1.8499411
4,2022-08-01 00:00:00,2022,8,0.103721418
4,2022-08-09 00:00:00,2022,8,3.303749804
4,2022-08-11 00:00:00,2022,8,0.0
4,2022-08-17 00:00:00,2022,8,1.601995042
4,2022-08-21 00:00:00,2022,8,0.274198295
4,2022-08-27 00:00:00,2022,8,0.54944204
4,2022-08-28 00:00:00,2022,8,0.939824781
4,2022-08-31 00:00:00,2022,8,2.021732172
4,2022-09-03 00:00:00,2022,9,6.132842983
4,2022-09-04 00:00:00,2022,9,0.677814306
4,2022-09-08 00:00:00,2022,9,4.898097527
4,2022-09-12 00:00:00,2022,9,0.465228539
4,2022-09-14 00:00:00,2022,9,0.004913238
4,2022-10-05 00:00:00,2022,10,0.068515944
4,2022-10-15 00:00:00,2022,10,21.7790124417
4,2022-10-29 00:00:00,2022,10,0.0
4,2022-11-03 00:00:00,2022,11,0.2385736295
4,2022-11-05 00:00:00,2022,11,6.4791354418
4,2022-11-06 00:00:00,2022,11,0.12307946
4,2022-11-17 00:00:00,2022,11,0.0
4,2022-11-23 00:00:00,2022,11,2.2651054464
4,2022-11-28 00:00:00,2022,11,0.0
4,2022-11-30 00:00:00,2022,11,0.0
4,2022-12-06 00:00:00,2022,12,0.0
4,2022-12-07 00:00:00,2022,12,0.0
4,2022-12-20 00:00:00,2022,12,0.0
4,2022-12-25 00:00:00,2022,12,0.0
4,2022-12-30 00:00:00,2022,12,0.0
6,2022-01-15 00:00:00,2022,1,1.270028662
6,2022-01-20 00:00:00,2022,1,0.0
6,2022-01-26 00:00:00,2022,1,0.0
6,2022-01-31 00:00:00,2022,1,0.0
6,2022-02-07 00:00:00,2022,2,0.0
6,2022-02-09 00:00:00,2022,2,0.0
6,2022-02-21 00:00:00,2022,2,0.0
6,2022-02-22 00:00:00,2022,2,0.0
6,2022-02-26 00:00:00,2022,2,0.0
6,2022-03-01 00:00:00,2022,3,0.0
6,2022-03-13 00:00:00,2022,3,0.0
6,2022-03-17 00:00:00,2022,3,0.0
6,2022-03-23 00:00:00,2022,3,0.0
6,2022-03-24 00:00:00,2022,3,0.359856929
6,2022-03-25 00:00:00,2022,3,0.000316499
6,2022-03-28 00:00:00,2022,3,0.0
6,2022-04-16 00:00:00,2022,4,0.0
6,2022-04-18 00:00:00,2022,4,0.0
6,2022-04-21 00:00:00,2022,4,0.0
6,2022-04-25 00:00:00,2022,4,0.0
6,2022-04-27 00:00:00,2022,4,0.0
6,2022-04-30 00:00:00,2022,4,0.0
6,2022-05-02 00:00:00,2022,5,0.534308896
6,2022-05-03 00:00:00,2022,5,0.00210333
6,2022-05-08 00:00:00,2022,5,0.0
6,2022-05-17 00:00:00,2022,5,0.03474613
6,2022-05-18 00:00:00,2022,5,0.0
6,2022-05-23 00:00:00,2022,5,0.0
6,2022-05-28 00:00:00,2022,5,0.0
6,2022-05-29 00:00:00,2022,5,0.053519615
6,2022-06-10 00:00:00,2022,6,0.0
6,2022-06-14 00:00:00,2022,6,1.626371386
6,2022-06-25 00:00:00,2022,6,3.998659086
6,2022-07-11 00:00:00,2022,7,10.63317689
6,2022-07-18 00:00:00,2022,7,32.63208138
6,2022-07-25 00:00:00,2022,7,4.436220149
6,2022-07-28 00:00:00,2022,7,0.197614539
6,2022-07-29 00:00:00,2022,7,0.0
6,2022-07-31 00:00:00,2022,7,7.944031318
6,2022-08-03 00:00:00,2022,8,33.12794223
6,2022-08-09 00:00:00,2022,8,7.260960865
6,2022-08-14 00:00:00,2022,8,7.358687185
6,2022-08-16 00:00:00,2022,8,4.655397198
6,2022-08-18 00:00:00,2022,8,2.160795296
6,2022-09-03 00:00:00,2022,9,4.051384345
6,2022-09-24 00:00:00,2022,9,0.817106475
6,2022-09-29 00:00:00,2022,9,3.791998305
6,2022-10-02 00:00:00,2022,10,4.057051474
6,2022-10-09 00:00:00,2022,10,2.277901331
6,2022-10-12 00:00:00,2022,10,7.559072073
6,2022-10-14 00:00:00,2022,10,11.1610380627
6,2022-10-18 00:00:00,2022,10,1.299156297
6,2022-10-19 00:00:00,2022,10,14.8018554101
6,2022-10-17 00:00:00,2022,10,2.8327091476
6,2022-10-29 00:00:00,2022,10,0.0
6,2022-10-30 00:00:00,2022,10,0.0
6,2022-11-05 00:00:00,2022,11,4.0114794681
6,2022-11-12 00:00:00,2022,11,0.167692951
6,2022-11-13 00:00:00,2022,11,0.0
6,2022-11-18 00:00:00,2022,11,0.0
6,2022-11-19 00:00:00,2022,11,0.0
6,2022-12-12 00:00:00,2022,12,0.6398020609
6,2022-12-14 00:00:00,2022,12,0.580245068
6,2022-12-16 00:00:00,2022,12,0.0006996962
6,2022-12-18 00:00:00,2022,12,0.0
6,2022-12-23 00:00:00,2022,12,0.0
6,2022-12-27 00:00:00,2022,12,0.0
6,2022-12-29 00:00:00,2022,12,0.0
7,2022-01-01 00:00:00,2022,1,0.001406175
7,2022-01-19 00:00:00,2022,1,0.0
7,2022-01-21 00:00:00,2022,1,0.0
7,2022-01-30 00:00:00,2022,1,0.0
7,2022-01-31 00:00:00,2022,1,0.0
7,2022-02-11 00:00:00,2022,2,0.0
7,2022-02-12 00:00:00,2022,2,0.0
7,2022-02-14 00:00:00,2022,2,0.0
7,2022-02-15 00:00:00,2022,2,0.0
7,2022-02-17 00:00:00,2022,2,0.0
7,2022-02-20 00:00:00,2022,2,0.0
7,2022-02-28 00:00:00,2022,2,0.0
7,2022-03-03 00:00:00,2022,3,0.0
7,2022-03-06 00:00:00,2022,3,0.0
7,2022-03-07 00:00:00,2022,3,0.0
7,2022-03-08 00:00:00,2022,3,0.0
7,2022-03-10 00:00:00,2022,3,0.0
7,2022-03-14 00:00:00,2022,3,0.0
7,2022-03-18 00:00:00,2022,3,0.0
7,2022-03-27 00:00:00,2022,3,0.0
7,2022-03-31 00:00:00,2022,3,0.0
7,2022-04-06 00:00:00,2022,4,0.0
7,2022-04-07 00:00:00,2022,4,0.0
7,2022-04-19 00:00:00,2022,4,1.189780413
7,2022-04-20 00:00:00,2022,4,0.536344181
7,2022-04-23 00:00:00,2022,4,0.003013659
7,2022-04-27 00:00:00,2022,4,0.1881004
7,2022-05-02 00:00:00,2022,5,0.186726797
7,2022-05-06 00:00:00,2022,5,0.908585139
7,2022-05-29 00:00:00,2022,5,0.0
7,2022-06-02 00:00:00,2022,6,0.028606665
7,2022-06-05 00:00:00,2022,6,0.002998479
7,2022-06-21 00:00:00,2022,6,0.007446693
7,2022-06-24 00:00:00,2022,6,0.834852442
7,2022-06-25 00:00:00,2022,6,0.002646345
7,2022-07-01 00:00:00,2022,7,1.648154813
7,2022-07-02 00:00:00,2022,7,3.359516666
7,2022-07-03 00:00:00,2022,7,0.293678212
7,2022-07-07 00:00:00,2022,7,4.205011443
7,2022-07-09 00:00:00,2022,7,3.233490526
7,2022-07-13 00:00:00,2022,7,2.646041659
7,2022-07-16 00:00:00,2022,7,0.102120629
7,2022-07-17 00:00:00,2022,7,3.494928803
7,2022-07-21 00:00:00,2022,7,0.394460406
7,2022-07-22 00:00:00,2022,7,4.036356463
7,2022-07-24 00:00:00,2022,7,4.223808461
7,2022-07-25 00:00:00,2022,7,0.692866055
7,2022-07-26 00:00:00,2022,7,13.08638871
7,2022-07-28 00:00:00,2022,7,0.861890493
7,2022-08-08 00:00:00,2022,8,4.395374033
7,2022-08-09 00:00:00,2022,8,2.149778754
7,2022-08-10 00:00:00,2022,8,0.374581614
7,2022-08-18 00:00:00,2022,8,0.0
7,2022-08-23 00:00:00,2022,8,1.388441055
7,2022-08-28 00:00:00,2022,8,6.704130437
7,2022-08-30 00:00:00,2022,8,2.170997277
7,2022-09-05 00:00:00,2022,9,14.29201466
7,2022-09-15 00:00:00,2022,9,0.005961904
7,2022-09-23 00:00:00,2022,9,6.15e-05
7,2022-09-24 00:00:00,2022,9,0.0
7,2022-09-28 00:00:00,2022,9,3.031632902
7,2022-09-29 00:00:00,2022,9,32.91945983
7,2022-10-05 00:00:00,2022,10,0.004218525
7,2022-10-12 00:00:00,2022,10,4.123717008
7,2022-10-13 00:00:00,2022,10,44.59689167
7,2022-10-15 00:00:00,2022,10,2.5488842623
7,2022-10-16 00:00:00,2022,10,2.3209533192
7,2022-10-27 00:00:00,2022,10,0.0
7,2022-11-01 00:00:00,2022,11,0.0031769319
7,2022-11-04 00:00:00,2022,11,1.3898932547
7,2022-11-17 00:00:00,2022,11,0.0
7,2022-11-18 00:00:00,2022,11,0.0
7,2022-11-22 00:00:00,2022,11,0.4204117354
7,2022-11-23 00:00:00,2022,11,1.1769912292
7,2022-11-25 00:00:00,2022,11,0.2102448882
7,2022-11-27 00:00:00,2022,11,0.0
7,2022-12-04 00:00:00,2022,12,0.0
7,2022-12-13 00:00:00,2022,12,8.1441652185
7,2022-12-19 00:00:00,2022,12,0.0
7,2022-12-21 00:00:00,2022,12,0.0
7,2022-12-24 00:00:00,2022,12,0.0
7,2022-12-25 00:00:00,2022,12,0.0
7,2022-12-27 00:00:00,2022,12,0.2414992864
8,2022-08-02 00:00:00,2022,8,1.989658107
8,2022-08-06 00:00:00,2022,8,1.05783018
8,2022-08-11 00:00:00,2022,8,0.061148431
8,2022-08-20 00:00:00,2022,8,0.019287934
8,2022-08-21 00:00:00,2022,8,0.009093743
8,2022-08-29 00:00:00,2022,8,9.549100012
8,2022-08-31 00:00:00,2022,8,6.191759925
8,2022-09-03 00:00:00,2022,9,0.042411864
8,2022-09-08 00:00:00,2022,9,7.71444958
8,2022-09-10 00:00:00,2022,9,4.133032053
8,2022-09-17 00:00:00,2022,9,0.324460699
8,2022-09-19 00:00:00,2022,9,0.0
8,2022-09-29 00:00:00,2022,9,11.71835884
8,2022-10-03 00:00:00,2022,10,0.0
8,2022-10-04 00:00:00,2022,10,0.0
8,2022-10-09 00:00:00,2022,10,6.316901578
9,2022-01-02 00:00:00,2022,1,0.135938278
9,2022-01-10 00:00:00,2022,1,0.0
9,2022-01-11 00:00:00,2022,1,0.0
9,2022-01-17 00:00:00,2022,1,1.861441329
9,2022-01-18 00:00:00,2022,1,3.328558681
9,2022-01-20 00:00:00,2022,1,0.0
9,2022-01-21 00:00:00,2022,1,0.0
9,2022-01-23 00:00:00,2022,1,0.0
9,2022-02-01 00:00:00,2022,2,0.0
9,2022-02-02 00:00:00,2022,2,0.0
9,2022-02-03 00:00:00,2022,2,0.0
9,2022-02-07 00:00:00,2022,2,0.0
9,2022-02-09 00:00:00,2022,2,0.0
9,2022-02-11 00:00:00,2022,2,0.0
9,2022-02-16 00:00:00,2022,2,0.0
9,2022-02-21 00:00:00,2022,2,0.0
9,2022-02-22 00:00:00,2022,2,0.0
9,2022-03-14 00:00:00,2022,3,0.0
9,2022-03-15 00:00:00,2022,3,0.0
9,2022-03-16 00:00:00,2022,3,0.0
9,2022-03-20 00:00:00,2022,3,0.577308563
9,2022-03-30 00:00:00,2022,3,0.0
9,2022-04-05 00:00:00,2022,4,0.0
9,2022-04-07 00:00:00,2022,4,0.012349225
9,2022-04-09 00:00:00,2022,4,0.0
9,2022-04-10 00:00:00,2022,4,0.0
9,2022-04-16 00:00:00,2022,4,0.001383318
9,2022-04-17 00:00:00,2022,4,0.036756723
9,2022-05-04 00:00:00,2022,5,0.622140231
9,2022-05-07 00:00:00,2022,5,11.68535257
9,2022-05-16 00:00:00,2022,5,0.0
9,2022-05-17 00:00:00,2022,5,0.468761816
9,2022-05-24 00:00:00,2022,5,0.0
9,2022-06-02 00:00:00,2022,6,0.0
9,2022-06-03 00:00:00,2022,6,0.290763834
9,2022-06-10 00:00:00,2022,6,0.0
9,2022-06-15 00:00:00,2022,6,6.929957382
9,2022-07-01 00:00:00,2022,7,4.834698465
9,2022-07-11 00:00:00,2022,7,1.041646082
9,2022-07-14 00:00:00,2022,7,0.803401247
9,2022-07-16 00:00:00,2022,7,0.038014327
9,2022-07-19 00:00:00,2022,7,2.314849805
9,2022-07-22 00:00:00,2022,7,24.48620518
9,2022-07-24 00:00:00,2022,7,0.649819591
9,2022-07-25 00:00:00,2022,7,0.039195048
9,2022-07-26 00:00:00,2022,7,5.193486065
9,2022-08-06 00:00:00,2022,8,2.317403553
9,2022-08-13 00:00:00,2022,8,0.0
9,2022-08-19 00:00:00,2022,8,1.687419116
9,2022-08-25 00:00:00,2022,8,1.700642833
11,2022-01-30 00:00:00,2022,1,0.0
11,2022-02-18 00:00:00,2022,2,0.0
11,2022-02-22 00:00:00,2022,2,0.0
11,2022-03-08 00:00:00,2022,3,0.0
11,2022-03-12 00:00:00,2022,3,0.0
11,2022-03-14 00:00:00,2022,3,0.0
11,2022-03-17 00:00:00,2022,3,0.0
11,2022-03-19 00:00:00,2022,3,0.0
11,2022-03-27 00:00:00,2022,3,0.0
11,2022-03-28 00:00:00,2022,3,0.0
11,2022-03-30 00:00:00,2022,3,0.0
11,2022-04-04 00:00:00,2022,4,0.402848652
11,2022-04-05 00:00:00,2022,4,1.156665934
11,2022-04-09 00:00:00,2022,4,0.0
11,2022-04-13 00:00:00,2022,4,0.0
11,2022-04-18 00:00:00,2022,4,2.663716253
11,2022-04-21 00:00:00,2022,4,0.854730434
11,2022-04-26 00:00:00,2022,4,1.113776457
11,2022-04-27 00:00:00,2022,4,5.030695445
11,2022-04-29 00:00:00,2022,4,0.876901047
11,2022-05-01 00:00:00,2022,5,0.0
11,2022-05-04 00:00:00,2022,5,1.790931401
11,2022-05-20 00:00:00,2022,5,0.552483388
11,2022-05-18 00:00:00,2022,5,0.003812411
11,2022-05-25 00:00:00,2022,5,29.20637928
11,2022-05-30 00:00:00,2022,5,2.330864156
11,2022-06-06 00:00:00,2022,6,9.654446456
11,2022-06-09 00:00:00,2022,6,0.0
11,2022-06-11 00:00:00,2022,6,0.003587124
11,2022-06-14 00:00:00,2022,6,0.634283349
11,2022-06-15 00:00:00,2022,6,3.157525886
11,2022-06-16 00:00:00,2022,6,9.93680066
11,2022-06-19 00:00:00,2022,6,0.011581246
11,2022-06-20 00:00:00,2022,6,1.356627587
11,2022-06-21 00:00:00,2022,6,22.76499676
11,2022-06-29 00:00:00,2022,6,4.283374688
11,2022-07-04 00:00:00,2022,7,5.880886507
11,2022-07-06 00:00:00,2022,7,10.73446509
11,2022-07-08 00:00:00,2022,7,3.210675764
11,2022-07-18 00:00:00,2022,7,6.326618676
11,2022-07-19 00:00:00,2022,7,0.766685125
11,2022-10-20 00:00:00,2022,10,1.0148430442
11,2022-10-22 00:00:00,2022,10,0.0
11,2022-10-23 00:00:00,2022,10,0.0
11,2022-10-27 00:00:00,2022,10,0.0
11,2022-10-28 00:00:00,2022,10,0.0
11,2022-11-03 00:00:00,2022,11,0.0
11,2022-11-04 00:00:00,2022,11,1.2782602834
11,2022-11-10 00:00:00,2022,11,0.0
11,2022-11-11 00:00:00,2022,11,0.0
11,2022-11-24 00:00:00,2022,11,1.58595317
11,2022-12-05 00:00:00,2022,12,0.0
11,2022-12-12 00:00:00,2022,12,10.1515270645
11,2022-12-27 00:00:00,2022,12,0.0
11,2022-08-14 00:00:00,2022,8,8.336440091
11,2022-08-26 00:00:00,2022,8,4.373244677
11,2022-08-29 00:00:00,2022,8,3.101632919
11,2022-08-30 00:00:00,2022,8,6.37984969
11,2022-09-15 00:00:00,2022,9,2.887632999
11,2022-09-19 00:00:00,2022,9,13.62709391
11,2022-09-28 00:00:00,2022,9,1.371695989
11,2022-10-01 00:00:00,2022,10,2.08291756
11,2022-10-06 00:00:00,2022,10,34.69734246
11,2022-10-10 00:00:00,2022,10,24.55909304
12,2022-01-05 00:00:00,2022,1,0.0
12,2022-01-09 00:00:00,2022,1,0.0
12,2022-02-02 00:00:00,2022,2,0.0
12,2022-02-10 00:00:00,2022,2,0.0
12,2022-02-15 00:00:00,2022,2,0.0
12,2022-02-22 00:00:00,2022,2,0.0
12,2022-02-26 00:00:00,2022,2,0.0
12,2022-02-24 00:00:00,2022,2,0.0
12,2022-03-02 00:00:00,2022,3,0.0
12,2022-03-03 00:00:00,2022,3,0.0
12,2022-03-12 00:00:00,2022,3,0.0
12,2022-03-22 00:00:00,2022,3,3.659278285
12,2022-03-26 00:00:00,2022,3,0.0
12,2022-03-28 00:00:00,2022,3,0.0
12,2022-03-29 00:00:00,2022,3,0.0
12,2022-03-31 00:00:00,2022,3,0.0
12,2022-04-01 00:00:00,2022,4,0.0
12,2022-04-04 00:00:00,2022,4,0.0
12,2022-04-05 00:00:00,2022,4,0.0
12,2022-04-29 00:00:00,2022,4,0.0
12,2022-04-30 00:00:00,2022,4,0.063985675
12,2022-05-08 00:00:00,2022,5,0.773230217
12,2022-05-09 00:00:00,2022,5,0.111504382
12,2022-05-16 00:00:00,2022,5,0.033204793
12,2022-05-20 00:00:00,2022,5,0.866217039
12,2022-05-25 00:00:00,2022,5,25.18955283
12,2022-05-26 00:00:00,2022,5,0.0
12,2022-06-02 00:00:00,2022,6,0.014142249
12,2022-06-03 00:00:00,2022,6,0.001319064
12,2022-06-15 00:00:00,2022,6,1.083988925
12,2022-06-17 00:00:00,2022,6,3.682340827
12,2022-06-23 00:00:00,2022,6,0.175422784
12,2022-06-28 00:00:00,2022,6,11.5047496
12,2022-06-29 00:00:00,2022,6,6.857226427
12,2022-07-02 00:00:00,2022,7,24.07781374
12,2022-07-12 00:00:00,2022,7,17.45654718
12,2022-07-13 00:00:00,2022,7,1.557458396
12,2022-07-14 00:00:00,2022,7,1.858155266
12,2022-07-17 00:00:00,2022,7,21.14467873
12,2022-07-24 00:00:00,2022,7,6.818403149
12,2022-07-31 00:00:00,2022,7,0.139891859
12,2022-08-01 00:00:00,2022,8,3.128290563
12,2022-08-03 00:00:00,2022,8,7.51983697
12,2022-08-05 00:00:00,2022,8,4.259038528
12,2022-08-06 00:00:00,2022,8,5.362775456
12,2022-08-09 00:00:00,2022,8,18.8070203
12,2022-08-15 00:00:00,2022,8,17.98168522
12,2022-08-20 00:00:00,2022,8,7.154986939
12,2022-08-27 00:00:00,2022,8,3.712633832
12,2022-08-29 00:00:00,2022,8,2.844574817
12,2022-09-03 00:00:00,2022,9,0.25452249
12,2022-09-04 00:00:00,2022,9,8.761561739
12,2022-09-08 00:00:00,2022,9,27.62581803
12,2022-09-18 00:00:00,2022,9,2.675839146
12,2022-09-28 00:00:00,2022,9,0.080542299
12,2022-09-30 00:00:00,2022,9,14.15450582
12,2022-10-22 00:00:00,2022,10,0.4241325787
12,2022-10-23 00:00:00,2022,10,0.0
12,2022-10-25 00:00:00,2022,10,0.0
12,2022-10-28 00:00:00,2022,10,0.0
12,2022-10-31 00:00:00,2022,10,0.0
12,2022-11-04 00:00:00,2022,11,1.7144727045
12,2022-11-18 00:00:00,2022,11,0.0
12,2022-11-21 00:00:00,2022,11,0.0
12,2022-11-24 00:00:00,2022,11,0.3003219842
12,2022-12-01 00:00:00,2022,12,0.0
12,2022-12-08 00:00:00,2022,12,0.0
12,2022-12-10 00:00:00,2022,12,4.5469002481
12,2022-12-11 00:00:00,2022,12,0.603150077
12,2022-12-14 00:00:00,2022,12,0.009038027
12,2022-12-26 00:00:00,2022,12,0.0
13,2022-01-07 00:00:00,2022,1,0.0
13,2022-01-10 00:00:00,2022,1,0.0
13,2022-01-12 00:00:00,2022,1,0.0
13,2022-01-14 00:00:00,2022,1,10.73474735
13,2022-01-22 00:00:00,2022,1,0.0
13,2022-01-25 00:00:00,2022,1,0.375043029
13,2022-02-03 00:00:00,2022,2,0.0
13,2022-02-08 00:00:00,2022,2,0.0
13,2022-02-13 00:00:00,2022,2,0.0
13,2022-02-14 00:00:00,2022,2,0.0
13,2022-02-17 00:00:00,2022,2,0.0
13,2022-02-18 00:00:00,2022,2,0.0
13,2022-02-22 00:00:00,2022,2,0.0
13,2022-03-02 00:00:00,2022,3,0.0
13,2022-03-03 00:00:00,2022,3,0.0
13,2022-03-04 00:00:00,2022,3,0.0
13,2022-03-09 00:00:00,2022,3,0.0
13,2022-03-16 00:00:00,2022,3,0.0
13,2022-03-18 00:00:00,2022,3,0.0
13,2022-03-20 00:00:00,2022,3,0.0
13,2022-03-30 00:00:00,2022,3,0.0
13,2022-04-01 00:00:00,2022,4,0.04801694
13,2022-04-07 00:00:00,2022,4,0.0
13,2022-04-09 00:00:00,2022,4,0.0
13,2022-04-13 00:00:00,2022,4,0.0
13,2022-04-16 00:00:00,2022,4,0.0
13,2022-04-17 00:00:00,2022,4,0.084890067
13,2022-05-05 00:00:00,2022,5,0.030999738
13,2022-05-08 00:00:00,2022,5,0.03658752
13,2022-05-22 00:00:00,2022,5,0.0
13,2022-05-25 00:00:00,2022,5,41.18135607
13,2022-05-29 00:00:00,2022,5,0.432372032
13,2022-06-02 00:00:00,2022,6,0.0
13,2022-06-04 00:00:00,2022,6,0.463977465
13,2022-06-05 00:00:00,2022,6,0.0
13,2022-06-09 00:00:00,2022,6,0.0
13,2022-06-11 00:00:00,2022,6,1.165085541
13,2022-06-13 00:00:00,2022,6,1.145688016
13,2022-06-16 00:00:00,2022,6,24.36793078
13,2022-06-26 00:00:00,2022,6,3.572246101
13,2022-06-27 00:00:00,2022,6,6.116787074
13,2022-07-13 00:00:00,2022,7,5.912491763
13,2022-07-14 00:00:00,2022,7,2.283167
13,2022-07-15 00:00:00,2022,7,2.211133991
13,2022-07-16 00:00:00,2022,7,0.11801427
13,2022-07-24 00:00:00,2022,7,2.823945788
13,2022-07-29 00:00:00,2022,7,0.034742915
13,2022-08-04 00:00:00,2022,8,9.520665906
13,2022-08-06 00:00:00,2022,8,13.33390034
13,2022-08-16 00:00:00,2022,8,5.275842092
13,2022-08-17 00:00:00,2022,8,9.807509221
13,2022-08-25 00:00:00,2022,8,4.709703843
13,2022-09-05 00:00:00,2022,9,3.296461234
13,2022-09-09 00:00:00,2022,9,19.93875373
13,2022-09-18 00:00:00,2022,9,0.032529596
13,2022-09-22 00:00:00,2022,9,1.995443598
13,2022-09-23 00:00:00,2022,9,6.331697083
13,2022-09-24 00:00:00,2022,9,3.081322897
13,2022-10-02 00:00:00,2022,10,1.553271572
13,2022-10-16 00:00:00,2022,10,8.5153447707
9,2022-08-29 00:00:00,2022,8,2.36637296
9,2022-09-03 00:00:00,2022,9,2.861155751
9,2022-09-09 00:00:00,2022,9,6.52169729
9,2022-09-11 00:00:00,2022,9,4.382818004
9,2022-09-14 00:00:00,2022,9,0.0
9,2022-09-15 00:00:00,2022,9,0.04993358
9,2022-09-25 00:00:00,2022,9,0.0
9,2022-09-29 00:00:00,2022,9,7.005119822
9,2022-10-05 00:00:00,2022,10,0.001905076
9,2022-10-07 00:00:00,2022,10,18.85895167
9,2022-10-08 00:00:00,2022,10,2.735275247
9,2022-10-11 00:00:00,2022,10,10.18866208
9,2022-10-12 00:00:00,2022,10,2.029693424
9,2022-10-31 00:00:00,2022,10,0.0
9,2022-11-02 00:00:00,2022,11,10.3543281895
9,2022-11-12 00:00:00,2022,11,4.1505632117
9,2022-11-26 00:00:00,2022,11,0.8517882675
9,2022-12-03 00:00:00,2022,12,0.0
9,2022-12-05 00:00:00,2022,12,0.0
9,2022-12-08 00:00:00,2022,12,0.0
9,2022-12-14 00:00:00,2022,12,0.8457093338
9,2022-12-21 00:00:00,2022,12,0.0
8,2022-01-03 00:00:00,2022,1,0.0
8,2022-01-18 00:00:00,2022,1,5.778656826
8,2022-01-21 00:00:00,2022,1,0.0
8,2022-01-27 00:00:00,2022,1,0.626880873
8,2022-01-28 00:00:00,2022,1,4.275242138
8,2022-02-01 00:00:00,2022,2,0.0
8,2022-02-09 00:00:00,2022,2,0.0
8,2022-02-10 00:00:00,2022,2,0.0
8,2022-02-21 00:00:00,2022,2,0.0
8,2022-02-23 00:00:00,2022,2,0.0
8,2022-03-04 00:00:00,2022,3,0.0
8,2022-03-07 00:00:00,2022,3,0.0
8,2022-03-08 00:00:00,2022,3,0.0
8,2022-03-09 00:00:00,2022,3,0.0
8,2022-03-10 00:00:00,2022,3,0.0
8,2022-03-20 00:00:00,2022,3,2.11125e-05
8,2022-03-27 00:00:00,2022,3,0.0
8,2022-04-01 00:00:00,2022,4,0.0
8,2022-04-26 00:00:00,2022,4,0.0
8,2022-05-13 00:00:00,2022,5,10.4780597
8,2022-05-19 00:00:00,2022,5,3.574092789
8,2022-05-20 00:00:00,2022,5,0.454142521
8,2022-05-18 00:00:00,2022,5,0.71887049
8,2022-05-23 00:00:00,2022,5,0.0
8,2022-05-31 00:00:00,2022,5,0.002379794
8,2022-06-03 00:00:00,2022,6,0.0
8,2022-06-15 00:00:00,2022,6,15.11007634
8,2022-06-20 00:00:00,2022,6,5.318744575
8,2022-06-25 00:00:00,2022,6,0.294224148
8,2022-07-04 00:00:00,2022,7,0.235202239
8,2022-07-09 00:00:00,2022,7,2.887342098
8,2022-07-12 00:00:00,2022,7,2.398095952
8,2022-07-17 00:00:00,2022,7,1.037745105
8,2022-07-18 00:00:00,2022,7,15.03418481
8,2022-07-20 00:00:00,2022,7,0.894399112
8,2022-07-28 00:00:00,2022,7,0.0
8,2022-01-12 00:00:00,2022,1,0.0
8,2022-04-15 00:00:00,2022,4,0.0
8,2022-02-27 00:00:00,2022,2,0.0
8,2022-10-20 00:00:00,2022,10,2.6910427736
8,2022-10-25 00:00:00,2022,10,0.0
8,2022-10-31 00:00:00,2022,10,0.0
8,2022-11-01 00:00:00,2022,11,43.4937060817
8,2022-11-15 00:00:00,2022,11,11.4848189821
8,2022-11-25 00:00:00,2022,11,0.6894254907
8,2022-11-28 00:00:00,2022,11,0.0
8,2022-12-04 00:00:00,2022,12,1.866349392
8,2022-12-10 00:00:00,2022,12,92.2429983352
8,2022-12-14 00:00:00,2022,12,0.7236443243
8,2022-12-18 00:00:00,2022,12,0.1469081161
8,2022-12-25 00:00:00,2022,12,0.6904145359
8,2022-12-31 00:00:00,2022,12,0.0
10,2022-01-10 00:00:00,2022,1,0.0
10,2022-01-12 00:00:00,2022,1,0.305722198
10,2022-01-28 00:00:00,2022,1,0.0
10,2022-02-02 00:00:00,2022,2,0.0
10,2022-02-18 00:00:00,2022,2,0.0
10,2022-02-27 00:00:00,2022,2,0.0
10,2022-03-03 00:00:00,2022,3,0.0
10,2022-03-06 00:00:00,2022,3,0.0
10,2022-03-08 00:00:00,2022,3,0.0
10,2022-03-11 00:00:00,2022,3,0.0
10,2022-03-27 00:00:00,2022,3,0.0
10,2022-04-03 00:00:00,2022,4,0.0
10,2022-04-11 00:00:00,2022,4,0.0
10,2022-04-12 00:00:00,2022,4,0.0
10,2022-04-13 00:00:00,2022,4,0.0
10,2022-04-19 00:00:00,2022,4,0.0
10,2022-04-22 00:00:00,2022,4,0.0
10,2022-04-25 00:00:00,2022,4,0.0
10,2022-04-29 00:00:00,2022,4,0.0
10,2022-05-05 00:00:00,2022,5,0.0
10,2022-05-06 00:00:00,2022,5,1.557900982
10,2022-05-12 00:00:00,2022,5,10.77619547
10,2022-05-16 00:00:00,2022,5,0.0
10,2022-05-18 00:00:00,2022,5,0.0
10,2022-05-19 00:00:00,2022,5,0.0
10,2022-05-26 00:00:00,2022,5,0.0
10,2022-05-27 00:00:00,2022,5,3.395019767
10,2022-06-08 00:00:00,2022,6,0.0
10,2022-06-15 00:00:00,2022,6,3.277480758
10,2022-06-19 00:00:00,2022,6,0.044852188
10,2022-06-20 00:00:00,2022,6,0.070721674
10,2022-06-23 00:00:00,2022,6,0.01323438
10,2022-06-26 00:00:00,2022,6,0.863762203
10,2022-07-06 00:00:00,2022,7,22.7235722
10,2022-07-07 00:00:00,2022,7,0.932611206
10,2022-07-16 00:00:00,2022,7,0.148164629
10,2022-07-19 00:00:00,2022,7,0.939751794
10,2022-07-21 00:00:00,2022,7,14.97208021
10,2022-07-24 00:00:00,2022,7,2.040371228
10,2022-08-06 00:00:00,2022,8,3.469133204
10,2022-08-10 00:00:00,2022,8,3.141704689
10,2022-08-13 00:00:00,2022,8,1.466712081
10,2022-08-17 00:00:00,2022,8,2.781016679
10,2022-09-04 00:00:00,2022,9,4.609148707
10,2022-09-12 00:00:00,2022,9,2.178309774
10,2022-09-14 00:00:00,2022,9,10.17652477
10,2022-09-15 00:00:00,2022,9,0.115930724
10,2022-09-16 00:00:00,2022,9,0.0
10,2022-09-17 00:00:00,2022,9,0.0
10,2022-09-19 00:00:00,2022,9,14.49635487
10,2022-09-23 00:00:00,2022,9,0.678066938
10,2022-09-27 00:00:00,2022,9,7.782897207
10,2022-10-01 00:00:00,2022,10,0.967221801
10,2022-10-04 00:00:00,2022,10,3.150113372
10,2022-10-06 00:00:00,2022,10,18.5470626
10,2022-10-25 00:00:00,2022,10,0.0
10,2022-11-02 00:00:00,2022,11,0.0
10,2022-11-05 00:00:00,2022,11,0.0
10,2022-11-09 00:00:00,2022,11,0.0
10,2022-11-12 00:00:00,2022,11,0.0
10,2022-11-16 00:00:00,2022,11,0.0
10,2022-11-25 00:00:00,2022,11,0.2176643684
10,2022-11-26 00:00:00,2022,11,0.0
10,2022-12-05 00:00:00,2022,12,0.0
10,2022-12-14 00:00:00,2022,12,0.0032456931
10,2022-12-16 00:00:00,2022,12,0.0
10,2022-12-17 00:00:00,2022,12,0.0
10,2022-12-18 00:00:00,2022,12,0.0
10,2022-12-22 00:00:00,2022,12,0.0
10,2022-12-24 00:00:00,2022,12,0.0
10,2022-12-26 00:00:00,2022,12,0.0
10,2022-12-27 00:00:00,2022,12,0.0
10,2022-12-30 00:00:00,2022,12,0.0
11,2022-01-03 00:00:00,2022,1,0.066866754
11,2022-01-06 00:00:00,2022,1,0.0
11,2022-01-07 00:00:00,2022,1,0.0
11,2022-01-19 00:00:00,2022,1,0.0
5,2022-11-29 00:00:00,2022,11,0.0
5,2022-12-14 00:00:00,2022,12,0.0676796581
5,2022-12-21 00:00:00,2022,12,0.0
5,2022-12-29 00:00:00,2022,12,0.0
5,2022-12-31 00:00:00,2022,12,0.0
13,2022-11-07 00:00:00,2022,11,0.0
13,2022-11-09 00:00:00,2022,11,0.0
13,2022-11-23 00:00:00,2022,11,5.7020187145
13,2022-11-26 00:00:00,2022,11,0.5094449928
13,2022-12-01 00:00:00,2022,12,0.0
13,2022-12-02 00:00:00,2022,12,0.0
13,2022-12-07 00:00:00,2022,12,0.0
13,2022-12-13 00:00:00,2022,12,0.4911971231
13,2022-12-18 00:00:00,2022,12,0.0
13,2022-12-24 00:00:00,2022,12,0.0
13,2022-12-26 00:00:00,2022,12,0.0
13,2022-12-30 00:00:00,2022,12,0.0
5,2022-08-05 00:00:00,2022,8,7.537224994
5,2022-08-07 00:00:00,2022,8,6.624492659
5,2022-08-10 00:00:00,2022,8,0.453677142
5,2022-08-22 00:00:00,2022,8,0.0
5,2022-08-23 00:00:00,2022,8,1.905310857
5,2022-08-25 00:00:00,2022,8,7.115897016
5,2022-08-28 00:00:00,2022,8,10.82747698
5,2022-09-01 00:00:00,2022,9,0.70098651
5,2022-09-06 00:00:00,2022,9,1.460490963
5,2022-09-07 00:00:00,2022,9,5.481054224
5,2022-09-12 00:00:00,2022,9,0.092332827
5,2022-09-22 00:00:00,2022,9,0.0
5,2022-09-23 00:00:00,2022,9,0.0
5,2022-09-25 00:00:00,2022,9,0.0
5,2022-09-27 00:00:00,2022,9,5.620930171
5,2022-09-28 00:00:00,2022,9,3.085100317
5,2022-09-30 00:00:00,2022,9,24.08523646
5,2022-10-03 00:00:00,2022,10,0.076579781
5,2022-10-07 00:00:00,2022,10,17.91334167
5,2022-01-01 00:00:00,2022,1,4.788997909
5,2022-01-02 00:00:00,2022,1,0.610020052
5,2022-01-03 00:00:00,2022,1,0.0
5,2022-01-06 00:00:00,2022,1,0.0
5,2022-01-07 00:00:00,2022,1,0.0
5,2022-01-08 00:00:00,2022,1,0.0
5,2022-01-24 00:00:00,2022,1,0.0
5,2022-01-28 00:00:00,2022,1,0.107910569
5,2022-02-02 00:00:00,2022,2,0.0
5,2022-02-06 00:00:00,2022,2,0.0
5,2022-02-07 00:00:00,2022,2,0.0
5,2022-02-14 00:00:00,2022,2,0.0
5,2022-02-15 00:00:00,2022,2,0.0
5,2022-02-18 00:00:00,2022,2,0.0
5,2022-02-27 00:00:00,2022,2,0.0
5,2022-03-02 00:00:00,2022,3,0.0
5,2022-03-04 00:00:00,2022,3,0.0
5,2022-03-23 00:00:00,2022,3,0.315138928
5,2022-03-27 00:00:00,2022,3,0.0
5,2022-03-30 00:00:00,2022,3,0.0
5,2022-04-02 00:00:00,2022,4,0.0
5,2022-04-06 00:00:00,2022,4,0.0
5,2022-04-15 00:00:00,2022,4,0.0
5,2022-04-20 00:00:00,2022,4,0.138135829
5,2022-04-25 00:00:00,2022,4,0.0
5,2022-05-01 00:00:00,2022,5,0.001793826
5,2022-05-03 00:00:00,2022,5,0.0
5,2022-05-04 00:00:00,2022,5,0.390028625
5,2022-05-09 00:00:00,2022,5,0.334636286
5,2022-05-14 00:00:00,2022,5,0.995490483
5,2022-05-15 00:00:00,2022,5,0.024959185
5,2022-05-27 00:00:00,2022,5,1.035885021
5,2022-05-31 00:00:00,2022,5,5.093063329
5,2022-06-12 00:00:00,2022,6,0.000208331
5,2022-06-19 00:00:00,2022,6,8.464854341
5,2022-06-22 00:00:00,2022,6,0.055616069
5,2022-06-23 00:00:00,2022,6,9.970555217
5,2022-06-28 00:00:00,2022,6,1.377863784
5,2022-07-02 00:00:00,2022,7,2.006924022
5,2022-07-05 00:00:00,2022,7,0.155013629
5,2022-07-08 00:00:00,2022,7,2.674476451
5,2022-07-09 00:00:00,2022,7,1.679414717
5,2022-07-16 00:00:00,2022,7,0.043732653
5,2022-07-18 00:00:00,2022,7,4.413633599
5,2022-07-22 00:00:00,2022,7,10.28717203
5,2022-07-24 00:00:00,2022,7,0.594526148
5,2022-07-25 00:00:00,2022,7,3.526665296
5,2022-10-14 00:00:00,2022,10,6.0306993601
5,2022-10-16 00:00:00,2022,10,0.1109408039
5,2022-10-19 00:00:00,2022,10,0.3915786322
5,2022-10-20 00:00:00,2022,10,4.158984589
5,2022-10-24 00:00:00,2022,10,0.0
5,2022-10-29 00:00:00,2022,10,1.5330769739
5,2022-11-02 00:00:00,2022,11,12.313685348
5,2022-11-08 00:00:00,2022,11,0.0
5,2022-11-11 00:00:00,2022,11,0.5279722879
5,2022-11-19 00:00:00,2022,11,0.0
5,2022-11-21 00:00:00,2022,11,0.3125819864
1,2022-01-08 00:00:00,2022,1,0.0
1,2022-02-05 00:00:00,2022,2,0.0
1,2022-03-12 00:00:00,2022,3,0.0
1,2022-03-20 00:00:00,2022,3,1.136786104
1,2022-05-20 00:00:00,2022,5,7.462703134
1,2022-05-28 00:00:00,2022,5,0.0
1,2022-06-05 00:00:00,2022,6,0.096102287
1,2022-06-09 00:00:00,2022,6,0.0
1,2022-06-29 00:00:00,2022,6,0.015650342
1,2022-07-10 00:00:00,2022,7,2.97837612
1,2022-07-23 00:00:00,2022,7,0.844511167
1,2022-07-26 00:00:00,2022,7,7.872962551
1,2022-07-28 00:00:00,2022,7,7.946693796
1,2022-05-12 00:00:00,2022,5,12.7071207
1,2022-03-10 00:00:00,2022,3,0.0
1,2022-03-15 00:00:00,2022,3,0.0
1,2022-03-21 00:00:00,2022,3,0.0
1,2022-03-22 00:00:00,2022,3,1.708014167
1,2022-05-18 00:00:00,2022,5,23.88101082
1,2022-05-19 00:00:00,2022,5,26.4531293
1,2022-06-01 00:00:00,2022,6,4.550916966
1,2022-04-08 00:00:00,2022,4,0.0
1,2022-04-09 00:00:00,2022,4,0.0
1,2022-06-03 00:00:00,2022,6,7.819032932
1,2022-06-12 00:00:00,2022,6,0.028672077
1,2022-06-13 00:00:00,2022,6,4.45202773
1,2022-04-18 00:00:00,2022,4,0.0
1,2022-04-19 00:00:00,2022,4,0.850444674
1,2022-04-21 00:00:00,2022,4,0.0
1,2022-05-02 00:00:00,2022,5,2.467868634
1,2022-07-12 00:00:00,2022,7,0.814099375
1,2022-07-17 00:00:00,2022,7,0.332935418
1,2022-07-19 00:00:00,2022,7,0.523421959
1,2022-01-03 00:00:00,2022,1,0.0
1,2022-01-05 00:00:00,2022,1,0.0
1,2022-01-10 00:00:00,2022,1,0.0
1,2022-01-12 00:00:00,2022,1,0.003636822
1,2022-01-28 00:00:00,2022,1,0.028993746
1,2022-01-29 00:00:00,2022,1,0.0
1,2022-02-04 00:00:00,2022,2,0.0
1,2022-02-17 00:00:00,2022,2,0.0
1,2022-02-26 00:00:00,2022,2,0.0
1,2022-03-02 00:00:00,2022,3,0.0
1,2022-03-07 00:00:00,2022,3,0.0
1,2022-10-14 00:00:00,2022,10,15.8675745953
1,2022-10-19 00:00:00,2022,10,2.4362500765
1,2022-10-20 00:00:00,2022,10,2.5014798229
1,2022-10-27 00:00:00,2022,10,0.0
1,2022-10-29 00:00:00,2022,10,0.0502716259
1,2022-10-30 00:00:00,2022,10,0.1982428508
1,2022-10-31 00:00:00,2022,10,0.0
1,2022-11-05 00:00:00,2022,11,0.1043533123
11,2022-10-26 00:00:00,2022,10,0.0
11,2022-11-01 00:00:00,2022,11,0.0
11,2022-11-02 00:00:00,2022,11,0.213609138
11,2022-11-13 00:00:00,2022,11,0.0
11,2022-11-14 00:00:00,2022,11,0.0
11,2022-11-23 00:00:00,2022,11,0.0
11,2022-11-25 00:00:00,2022,11,3.4845339371
11,2022-11-27 00:00:00,2022,11,0.0
11,2022-12-02 00:00:00,2022,12,0.130117254
11,2022-12-06 00:00:00,2022,12,0.0
11,2022-12-10 00:00:00,2022,12,6.9512655179
11,2022-12-15 00:00:00,2022,12,0.0834896226
11,2022-12-19 00:00:00,2022,12,0.0
11,2022-12-23 00:00:00,2022,12,0.0
11,2022-12-24 00:00:00,2022,12,0.0
11,2022-12-25 00:00:00,2022,12,0.0
11,2022-12-29 00:00:00,2022,12,0.0188545361
11,2022-07-31 00:00:00,2022,7,0.745346972
11,2022-08-05 00:00:00,2022,8,2.833023961
11,2022-08-07 00:00:00,2022,8,10.38747025
11,2022-08-09 00:00:00,2022,8,11.58037916
11,2022-08-11 00:00:00,2022,8,0.852572788
11,2022-08-15 00:00:00,2022,8,6.430191402
11,2022-08-16 00:00:00,2022,8,0.218818267
11,2022-08-19 00:00:00,2022,8,3.736665876
11,2022-08-24 00:00:00,2022,8,7.502148163
11,2022-09-03 00:00:00,2022,9,0.111212603
11,2022-09-06 00:00:00,2022,9,7.550620397
11,2022-09-25 00:00:00,2022,9,1.832243746
11,2022-09-26 00:00:00,2022,9,8.208686507
12,2022-01-01 00:00:00,2022,1,0.0
12,2022-01-10 00:00:00,2022,1,0.0
12,2022-01-11 00:00:00,2022,1,0.029008936
12,2022-01-13 00:00:00,2022,1,10.03425352
12,2022-01-17 00:00:00,2022,1,0.0
12,2022-01-20 00:00:00,2022,1,0.0
12,2022-01-28 00:00:00,2022,1,0.0
12,2022-02-08 00:00:00,2022,2,0.0
12,2022-02-17 00:00:00,2022,2,0.0
12,2022-02-23 00:00:00,2022,2,0.0
12,2022-02-25 00:00:00,2022,2,0.0
12,2022-02-27 00:00:00,2022,2,0.0
12,2022-03-08 00:00:00,2022,3,0.0
12,2022-03-14 00:00:00,2022,3,0.0
12,2022-03-15 00:00:00,2022,3,0.0
12,2022-03-16 00:00:00,2022,3,0.0
12,2022-03-20 00:00:00,2022,3,0.0
12,2022-03-24 00:00:00,2022,3,0.0
12,2022-03-27 00:00:00,2022,3,0.0
12,2022-04-03 00:00:00,2022,4,0.0
12,2022-04-08 00:00:00,2022,4,0.0
12,2022-05-11 00:00:00,2022,5,32.41808678
12,2022-05-14 00:00:00,2022,5,0.0
12,2022-05-17 00:00:00,2022,5,0.0
12,2022-05-18 00:00:00,2022,5,0.002396932
12,2022-05-19 00:00:00,2022,5,0.054721521
12,2022-05-22 00:00:00,2022,5,0.0
12,2022-05-23 00:00:00,2022,5,3.806626195
12,2022-06-05 00:00:00,2022,6,0.0
12,2022-06-10 00:00:00,2022,6,1.576429743
12,2022-06-16 00:00:00,2022,6,1.188138035
12,2022-06-19 00:00:00,2022,6,0.271242908
12,2022-06-22 00:00:00,2022,6,1.511578272
12,2022-07-05 00:00:00,2022,7,0.035357015
12,2022-07-09 00:00:00,2022,7,69.44409314
12,2022-07-20 00:00:00,2022,7,0.720696372
12,2022-08-04 00:00:00,2022,8,5.830133096
12,2022-08-10 00:00:00,2022,8,4.070165418
12,2022-08-18 00:00:00,2022,8,0.816830675
12,2022-08-21 00:00:00,2022,8,2.211890454
12,2022-08-22 00:00:00,2022,8,1.928804312
12,2022-08-23 00:00:00,2022,8,1.237474187
12,2022-09-02 00:00:00,2022,9,0.360168256
12,2022-09-05 00:00:00,2022,9,5.355200129
12,2022-09-06 00:00:00,2022,9,3.626932067
12,2022-09-12 00:00:00,2022,9,5.654925713
12,2022-09-13 00:00:00,2022,9,17.22252764
12,2022-09-14 00:00:00,2022,9,1.955568963
12,2022-09-16 00:00:00,2022,9,0.000659532
12,2022-09-19 00:00:00,2022,9,21.98693171
12,2022-09-20 00:00:00,2022,9,14.80213326
12,2022-09-23 00:00:00,2022,9,7.607017509
12,2022-09-27 00:00:00,2022,9,4.724459557
12,2022-10-01 00:00:00,2022,10,4.546121542
12,2022-10-08 00:00:00,2022,10,22.32886299
12,2022-10-15 00:00:00,2022,10,16.0239215146
12,2022-10-18 00:00:00,2022,10,0.0109486522
12,2022-10-19 00:00:00,2022,10,3.0350004503
12,2022-10-20 00:00:00,2022,10,0.0504073363
12,2022-10-29 00:00:00,2022,10,0.0
12,2022-10-30 00:00:00,2022,10,0.0
12,2022-11-01 00:00:00,2022,11,0.0
12,2022-11-09 00:00:00,2022,11,0.0
12,2022-11-10 00:00:00,2022,11,0.0
12,2022-11-14 00:00:00,2022,11,0.0
12,2022-11-15 00:00:00,2022,11,0.0
12,2022-11-23 00:00:00,2022,11,0.0
12,2022-11-29 00:00:00,2022,11,0.0
12,2022-12-12 00:00:00,2022,12,0.9001464811
12,2022-12-13 00:00:00,2022,12,0.1323722849
12,2022-12-22 00:00:00,2022,12,0.0
12,2022-12-23 00:00:00,2022,12,0.0
12,2022-12-24 00:00:00,2022,12,0.0
13,2022-01-05 00:00:00,2022,1,0.0
13,2022-01-06 00:00:00,2022,1,0.0
13,2022-01-16 00:00:00,2022,1,0.022287623
13,2022-01-18 00:00:00,2022,1,0.0
13,2022-01-27 00:00:00,2022,1,0.0
13,2022-01-29 00:00:00,2022,1,0.0
13,2022-01-30 00:00:00,2022,1,0.0
13,2022-02-04 00:00:00,2022,2,0.0
13,2022-02-06 00:00:00,2022,2,0.0
13,2022-02-07 00:00:00,2022,2,0.0
13,2022-02-09 00:00:00,2022,2,0.0
13,2022-02-23 00:00:00,2022,2,1.851199439
13,2022-02-27 00:00:00,2022,2,0.0
13,2022-03-05 00:00:00,2022,3,0.0
13,2022-03-11 00:00:00,2022,3,0.0
13,2022-03-17 00:00:00,2022,3,0.0
13,2022-03-19 00:00:00,2022,3,0.0
13,2022-03-28 00:00:00,2022,3,0.0
13,2022-04-11 00:00:00,2022,4,0.0
13,2022-04-25 00:00:00,2022,4,1.287131038
13,2022-04-28 00:00:00,2022,4,0.101605785
13,2022-05-10 00:00:00,2022,5,0.026368779
13,2022-05-13 00:00:00,2022,5,0.109619534
13,2022-05-16 00:00:00,2022,5,0.0
13,2022-05-18 00:00:00,2022,5,0.0
13,2022-06-07 00:00:00,2022,6,4.681351082
13,2022-06-19 00:00:00,2022,6,0.857015039
13,2022-06-21 00:00:00,2022,6,13.63646694
13,2022-06-30 00:00:00,2022,6,12.49733552
13,2022-07-04 00:00:00,2022,7,5.804909131
13,2022-07-08 00:00:00,2022,7,18.63519321
13,2022-07-27 00:00:00,2022,7,17.16346704
13,2022-07-30 00:00:00,2022,7,8.023790673
13,2022-08-01 00:00:00,2022,8,3.842476199
13,2022-08-10 00:00:00,2022,8,3.283188338
13,2022-08-11 00:00:00,2022,8,0.022134658
13,2022-08-12 00:00:00,2022,8,2.999318763
13,2022-08-21 00:00:00,2022,8,0.817191637
13,2022-08-31 00:00:00,2022,8,0.764691764
13,2022-09-04 00:00:00,2022,9,1.622445648
13,2022-09-12 00:00:00,2022,9,3.898634973
13,2022-09-20 00:00:00,2022,9,13.40496169
13,2022-09-25 00:00:00,2022,9,0.552905168
13,2022-09-28 00:00:00,2022,9,2.236432325
13,2022-10-01 00:00:00,2022,10,8.359133807
13,2022-10-03 00:00:00,2022,10,1.978928632
13,2022-10-04 00:00:00,2022,10,2.565589886
13,2022-10-07 00:00:00,2022,10,23.46529457
13,2022-10-15 00:00:00,2022,10,48.1829049459
13,2022-10-25 00:00:00,2022,10,0.0
13,2022-10-28 00:00:00,2022,10,0.0
13,2022-10-30 00:00:00,2022,10,0.0
13,2022-11-05 00:00:00,2022,11,3.5193090015
13,2022-11-17 00:00:00,2022,11,0.0
13,2022-11-20 00:00:00,2022,11,0.0
13,2022-11-27 00:00:00,2022,11,0.0
13,2022-11-28 00:00:00,2022,11,0.0
13,2022-12-04 00:00:00,2022,12,1.285382486
13,2022-12-17 00:00:00,2022,12,0.0
13,2022-12-19 00:00:00,2022,12,0.0
13,2022-12-22 00:00:00,2022,12,0.0
5,2022-07-30 00:00:00,2022,7,0.099732303
5,2022-07-31 00:00:00,2022,7,7.430865192
5,2022-08-01 00:00:00,2022,8,11.26712227
5,2022-08-08 00:00:00,2022,8,1.673062756
5,2022-08-18 00:00:00,2022,8,0.0
5,2022-08-20 00:00:00,2022,8,0.663657517
5,2022-08-21 00:00:00,2022,8,0.005667152
5,2022-09-10 00:00:00,2022,9,7.556346286
5,2022-09-15 00:00:00,2022,9,3.463595081
5,2022-09-16 00:00:00,2022,9,0.062699065
5,2022-09-18 00:00:00,2022,9,0.0
5,2022-10-02 00:00:00,2022,10,2.395011619
5,2022-10-06 00:00:00,2022,10,13.14702186
5,2022-10-10 00:00:00,2022,10,6.137859504
5,2022-10-11 00:00:00,2022,10,0.689565153
5,2022-01-04 00:00:00,2022,1,0.0
5,2022-01-05 00:00:00,2022,1,0.0
5,2022-01-11 00:00:00,2022,1,0.020056083
5,2022-01-14 00:00:00,2022,1,4.354244501
5,2022-01-25 00:00:00,2022,1,0.0
5,2022-01-26 00:00:00,2022,1,0.738672335
5,2022-01-29 00:00:00,2022,1,0.0
5,2022-01-30 00:00:00,2022,1,0.0
5,2022-02-01 00:00:00,2022,2,0.0
5,2022-02-04 00:00:00,2022,2,0.0
5,2022-02-10 00:00:00,2022,2,0.0
5,2022-02-16 00:00:00,2022,2,0.0
9,2022-12-06 00:00:00,2022,12,0.0
9,2022-12-10 00:00:00,2022,12,15.6814048908
9,2022-12-17 00:00:00,2022,12,0.0
9,2022-12-19 00:00:00,2022,12,0.0
9,2022-12-22 00:00:00,2022,12,0.0
9,2022-12-26 00:00:00,2022,12,0.6217865521
9,2022-12-28 00:00:00,2022,12,0.000149153
9,2022-12-30 00:00:00,2022,12,0.0
8,2022-01-02 00:00:00,2022,1,0.835987924
8,2022-01-05 00:00:00,2022,1,0.0
8,2022-01-06 00:00:00,2022,1,0.0
8,2022-01-13 00:00:00,2022,1,9.70018641
8,2022-01-23 00:00:00,2022,1,0.0
8,2022-01-24 00:00:00,2022,1,0.0
8,2022-01-31 00:00:00,2022,1,0.0
8,2022-02-13 00:00:00,2022,2,0.0
8,2022-02-16 00:00:00,2022,2,0.0
8,2022-02-18 00:00:00,2022,2,0.0
8,2022-02-19 00:00:00,2022,2,0.0
8,2022-02-22 00:00:00,2022,2,0.0
8,2022-03-05 00:00:00,2022,3,0.042193208
8,2022-03-06 00:00:00,2022,3,0.0
8,2022-03-19 00:00:00,2022,3,0.0
8,2022-03-24 00:00:00,2022,3,0.0
8,2022-04-02 00:00:00,2022,4,0.0
8,2022-04-04 00:00:00,2022,4,0.0
8,2022-04-10 00:00:00,2022,4,0.0
8,2022-04-17 00:00:00,2022,4,0.0
8,2022-04-22 00:00:00,2022,4,0.0
8,2022-04-30 00:00:00,2022,4,0.0
8,2022-05-02 00:00:00,2022,5,9.881538837
8,2022-05-03 00:00:00,2022,5,0.0
8,2022-05-05 00:00:00,2022,5,4.061971381
8,2022-05-09 00:00:00,2022,5,0.009519175
8,2022-05-11 00:00:00,2022,5,25.09159704
8,2022-05-12 00:00:00,2022,5,59.81838926
8,2022-05-17 00:00:00,2022,5,0.828127189
8,2022-05-22 00:00:00,2022,5,0.0
8,2022-05-25 00:00:00,2022,5,0.051946301
8,2022-05-28 00:00:00,2022,5,0.081480856
8,2022-05-30 00:00:00,2022,5,0.0
8,2022-06-04 00:00:00,2022,6,0.0
8,2022-06-06 00:00:00,2022,6,19.62250284
8,2022-06-08 00:00:00,2022,6,0.021292038
8,2022-06-12 00:00:00,2022,6,0.0
8,2022-06-13 00:00:00,2022,6,1.606518769
8,2022-06-22 00:00:00,2022,6,0.953273791
8,2022-06-26 00:00:00,2022,6,0.22966197
8,2022-06-28 00:00:00,2022,6,11.02625303
8,2022-06-29 00:00:00,2022,6,0.000105563
8,2022-07-26 00:00:00,2022,7,17.99991017
8,2022-01-22 00:00:00,2022,1,0.0
8,2022-10-18 00:00:00,2022,10,0.4096354681
8,2022-10-19 00:00:00,2022,10,2.1173967432
8,2022-10-17 00:00:00,2022,10,2.2272154376
8,2022-11-05 00:00:00,2022,11,0.957311595
8,2022-11-08 00:00:00,2022,11,0.0
8,2022-11-16 00:00:00,2022,11,0.0
8,2022-11-24 00:00:00,2022,11,23.3737841652
8,2022-11-29 00:00:00,2022,11,0.0
8,2022-11-30 00:00:00,2022,11,0.0
8,2022-12-01 00:00:00,2022,12,0.7302353812
8,2022-12-03 00:00:00,2022,12,0.0511702501
8,2022-12-07 00:00:00,2022,12,0.0
8,2022-12-19 00:00:00,2022,12,0.056750092
8,2022-12-21 00:00:00,2022,12,0.0
8,2022-12-29 00:00:00,2022,12,0.0
8,2022-12-30 00:00:00,2022,12,0.0
10,2022-01-01 00:00:00,2022,1,0.0
10,2022-01-03 00:00:00,2022,1,0.0
10,2022-01-13 00:00:00,2022,1,1.76684143
10,2022-01-16 00:00:00,2022,1,0.037618231
10,2022-01-18 00:00:00,2022,1,0.0
10,2022-01-19 00:00:00,2022,1,0.0
10,2022-01-24 00:00:00,2022,1,0.0
10,2022-01-25 00:00:00,2022,1,1.11781801
10,2022-01-29 00:00:00,2022,1,0.0
10,2022-02-21 00:00:00,2022,2,0.0
10,2022-02-24 00:00:00,2022,2,0.0
10,2022-03-14 00:00:00,2022,3,0.0
10,2022-03-19 00:00:00,2022,3,0.0
10,2022-03-21 00:00:00,2022,3,0.0
10,2022-03-22 00:00:00,2022,3,4.748849657
10,2022-03-25 00:00:00,2022,3,0.0
10,2022-03-26 00:00:00,2022,3,0.0
10,2022-03-31 00:00:00,2022,3,0.0
10,2022-04-16 00:00:00,2022,4,0.0
10,2022-04-18 00:00:00,2022,4,0.074773868
10,2022-04-20 00:00:00,2022,4,0.0
10,2022-04-21 00:00:00,2022,4,0.0
10,2022-04-27 00:00:00,2022,4,0.057862573
10,2022-05-07 00:00:00,2022,5,0.0
10,2022-05-09 00:00:00,2022,5,0.054114989
10,2022-05-14 00:00:00,2022,5,0.0
10,2022-05-30 00:00:00,2022,5,2.014919509
10,2022-06-06 00:00:00,2022,6,10.37998523
10,2022-06-11 00:00:00,2022,6,0.215905919
10,2022-06-13 00:00:00,2022,6,5.145175678
10,2022-06-22 00:00:00,2022,6,0.082516704
10,2022-06-24 00:00:00,2022,6,13.08150156
10,2022-06-27 00:00:00,2022,6,2.139151782
10,2022-07-08 00:00:00,2022,7,3.132004842
10,2022-07-15 00:00:00,2022,7,0.375804226
10,2022-07-18 00:00:00,2022,7,7.747538183
10,2022-07-30 00:00:00,2022,7,0.208066842
10,2022-08-02 00:00:00,2022,8,1.227197049
10,2022-08-08 00:00:00,2022,8,9.214927615
10,2022-08-11 00:00:00,2022,8,0.240752114
10,2022-08-12 00:00:00,2022,8,0.454242316
10,2022-08-25 00:00:00,2022,8,2.388006751
10,2022-09-02 00:00:00,2022,9,0.023349617
10,2022-09-07 00:00:00,2022,9,1.084822117
10,2022-09-13 00:00:00,2022,9,16.75920226
10,2022-09-18 00:00:00,2022,9,5.003554889
10,2022-09-22 00:00:00,2022,9,0.157402973
10,2022-10-03 00:00:00,2022,10,4.920390785
10,2022-10-21 00:00:00,2022,10,0.1628921756
10,2022-10-17 00:00:00,2022,10,0.5013846426
10,2022-11-07 00:00:00,2022,11,0.0
10,2022-11-10 00:00:00,2022,11,0.0
10,2022-11-15 00:00:00,2022,11,0.0
10,2022-11-22 00:00:00,2022,11,0.0691976437
10,2022-11-24 00:00:00,2022,11,0.0
10,2022-11-28 00:00:00,2022,11,0.0
10,2022-11-29 00:00:00,2022,11,0.0
10,2022-12-01 00:00:00,2022,12,0.0
10,2022-12-10 00:00:00,2022,12,5.6784389034
10,2022-12-23 00:00:00,2022,12,0.0
10,2022-12-25 00:00:00,2022,12,0.0
11,2022-01-04 00:00:00,2022,1,0.0
11,2022-01-09 00:00:00,2022,1,0.0
11,2022-01-18 00:00:00,2022,1,0.0
11,2022-01-25 00:00:00,2022,1,3.402797506
11,2022-01-27 00:00:00,2022,1,0.0
11,2022-02-02 00:00:00,2022,2,0.257012165
11,2022-02-03 00:00:00,2022,2,0.086154943
11,2022-02-04 00:00:00,2022,2,0.066866754
11,2022-02-08 00:00:00,2022,2,0.0
11,2022-02-09 00:00:00,2022,2,0.0
11,2022-02-12 00:00:00,2022,2,1.971059607
11,2022-02-13 00:00:00,2022,2,0.0
11,2022-02-14 00:00:00,2022,2,0.0
11,2022-02-21 00:00:00,2022,2,0.0
11,2022-03-03 00:00:00,2022,3,0.0
11,2022-03-06 00:00:00,2022,3,0.0
11,2022-03-09 00:00:00,2022,3,0.0
11,2022-03-15 00:00:00,2022,3,0.0
11,2022-03-20 00:00:00,2022,3,0.133897042
11,2022-03-22 00:00:00,2022,3,5.07284671
11,2022-04-01 00:00:00,2022,4,1.393015515
11,2022-04-03 00:00:00,2022,4,0.0
11,2022-04-11 00:00:00,2022,4,0.272276453
11,2022-04-12 00:00:00,2022,4,0.0
11,2022-04-14 00:00:00,2022,4,0.0
11,2022-05-03 00:00:00,2022,5,9.439706665
11,2022-05-08 00:00:00,2022,5,4.105543375
11,2022-05-14 00:00:00,2022,5,0.0
11,2022-05-15 00:00:00,2022,5,0.00220106
11,2022-05-17 00:00:00,2022,5,0.0
11,2022-05-28 00:00:00,2022,5,0.001611351
11,2022-06-02 00:00:00,2022,6,0.158440777
11,2022-06-05 00:00:00,2022,6,0.000102319
11,2022-06-07 00:00:00,2022,6,8.274520654
11,2022-06-23 00:00:00,2022,6,0.314357949
11,2022-06-25 00:00:00,2022,6,13.46641832
11,2022-06-27 00:00:00,2022,6,3.652167354
11,2022-07-07 00:00:00,2022,7,3.490278569
11,2022-07-14 00:00:00,2022,7,3.247872414
11,2022-07-15 00:00:00,2022,7,0.947424032
11,2022-07-21 00:00:00,2022,7,3.167097438
11,2022-07-25 00:00:00,2022,7,1.933802523
11,2022-03-01 00:00:00,2022,3,0.0
11,2022-10-18 00:00:00,2022,10,1.2433581976
11,2022-10-19 00:00:00,2022,10,2.3004133721
5,2022-11-28 00:00:00,2022,11,0.0
5,2022-12-06 00:00:00,2022,12,0.0
5,2022-12-19 00:00:00,2022,12,0.003418415
5,2022-12-24 00:00:00,2022,12,0.0
5,2022-12-25 00:00:00,2022,12,0.1407124847
5,2022-02-24 00:00:00,2022,2,0.0
5,2022-03-01 00:00:00,2022,3,0.0
5,2022-03-16 00:00:00,2022,3,0.0
5,2022-03-24 00:00:00,2022,3,0.0
5,2022-04-03 00:00:00,2022,4,0.0
5,2022-04-10 00:00:00,2022,4,0.0
5,2022-04-13 00:00:00,2022,4,0.0
5,2022-04-14 00:00:00,2022,4,0.00256095
5,2022-04-21 00:00:00,2022,4,0.0
5,2022-04-22 00:00:00,2022,4,0.0
5,2022-04-26 00:00:00,2022,4,0.000624994
5,2022-04-30 00:00:00,2022,4,0.097998351
5,2022-05-06 00:00:00,2022,5,0.332721347
5,2022-05-08 00:00:00,2022,5,0.006966971
5,2022-05-11 00:00:00,2022,5,27.18370013
5,2022-05-17 00:00:00,2022,5,13.51281105
5,2022-05-21 00:00:00,2022,5,0.0
5,2022-05-22 00:00:00,2022,5,0.0
5,2022-05-23 00:00:00,2022,5,0.0
5,2022-06-07 00:00:00,2022,6,0.0
5,2022-06-10 00:00:00,2022,6,0.0
5,2022-06-18 00:00:00,2022,6,2.768647854
5,2022-06-24 00:00:00,2022,6,0.063811149
5,2022-06-26 00:00:00,2022,6,0.059928033
5,2022-07-01 00:00:00,2022,7,4.112112155
5,2022-07-03 00:00:00,2022,7,0.17941694
5,2022-07-12 00:00:00,2022,7,0.541988689
5,2022-07-13 00:00:00,2022,7,1.540149924
5,2022-07-20 00:00:00,2022,7,0.793201706
5,2022-07-26 00:00:00,2022,7,4.687171656
5,2022-07-28 00:00:00,2022,7,0.0099984
5,2022-10-21 00:00:00,2022,10,2.5878627942
5,2022-10-27 00:00:00,2022,10,0.0
5,2022-10-28 00:00:00,2022,10,0.0036376847
5,2022-11-09 00:00:00,2022,11,0.0
5,2022-11-14 00:00:00,2022,11,13.581121063
5,2022-11-15 00:00:00,2022,11,9.4961370562
5,2022-11-17 00:00:00,2022,11,0.0
5,2022-11-18 00:00:00,2022,11,0.0
5,2022-11-20 00:00:00,2022,11,0.0
1,2022-11-07 00:00:00,2022,11,0.0858069771
1,2022-11-23 00:00:00,2022,11,4.008955841
1,2022-11-26 00:00:00,2022,11,0.2026924491
1,2022-11-29 00:00:00,2022,11,0.0
1,2022-12-13 00:00:00,2022,12,7.6436069189
1,2022-12-16 00:00:00,2022,12,0.0
1,2022-12-17 00:00:00,2022,12,0.0
1,2022-12-21 00:00:00,2022,12,0.0
1,2022-12-24 00:00:00,2022,12,0.0
1,2022-12-30 00:00:00,2022,12,0.0
1,2022-08-03 00:00:00,2022,8,21.27229271
1,2022-08-07 00:00:00,2022,8,3.000295932
1,2022-08-14 00:00:00,2022,8,0.084127647
1,2022-08-20 00:00:00,2022,8,0.0
1,2022-08-27 00:00:00,2022,8,16.53289258
1,2022-08-29 00:00:00,2022,8,14.04226806
1,2022-09-03 00:00:00,2022,9,0.0
1,2022-09-07 00:00:00,2022,9,13.85163709
1,2022-09-09 00:00:00,2022,9,3.574839543
1,2022-09-16 00:00:00,2022,9,0.565644499
1,2022-09-17 00:00:00,2022,9,0.0
1,2022-09-18 00:00:00,2022,9,0.0
1,2022-09-24 00:00:00,2022,9,0.022746272
1,2022-09-29 00:00:00,2022,9,5.438712408
1,2022-10-10 00:00:00,2022,10,4.4037532
2,2022-01-01 00:00:00,2022,1,14.14490609
2,2022-01-04 00:00:00,2022,1,0.0
2,2022-01-14 00:00:00,2022,1,2.129212556
2,2022-01-23 00:00:00,2022,1,0.0
2,2022-01-28 00:00:00,2022,1,0.737394444
2,2022-01-29 00:00:00,2022,1,0.0
2,2022-01-30 00:00:00,2022,1,0.0
2,2022-02-07 00:00:00,2022,2,0.0
2,2022-02-14 00:00:00,2022,2,0.0
2,2022-02-15 00:00:00,2022,2,0.0
2,2022-02-17 00:00:00,2022,2,0.0
2,2022-02-23 00:00:00,2022,2,0.0
2,2022-03-02 00:00:00,2022,3,0.0
2,2022-03-03 00:00:00,2022,3,0.0
2,2022-03-05 00:00:00,2022,3,0.02593734
2,2022-03-08 00:00:00,2022,3,0.0
2,2022-03-24 00:00:00,2022,3,0.021668416
2,2022-04-04 00:00:00,2022,4,0.0
2,2022-04-16 00:00:00,2022,4,0.0
2,2022-04-24 00:00:00,2022,4,0.021668416
2,2022-04-25 00:00:00,2022,4,0.0
2,2022-04-29 00:00:00,2022,4,0.0
2,2022-05-04 00:00:00,2022,5,1.99974619
2,2022-05-06 00:00:00,2022,5,3.53216363
2,2022-05-09 00:00:00,2022,5,0.0
2,2022-05-11 00:00:00,2022,5,17.13081784
2,2022-05-17 00:00:00,2022,5,15.73419885
2,2022-05-18 00:00:00,2022,5,13.09799872
2,2022-05-21 00:00:00,2022,5,0.02158935
2,2022-05-22 00:00:00,2022,5,0.0
2,2022-05-23 00:00:00,2022,5,0.0
2,2022-05-31 00:00:00,2022,5,0.103799842
2,2022-06-08 00:00:00,2022,6,0.107361207
2,2022-06-17 00:00:00,2022,6,4.995524497
2,2022-06-19 00:00:00,2022,6,6.911070526
2,2022-06-21 00:00:00,2022,6,8.912027178
2,2022-07-01 00:00:00,2022,7,5.035328274
2,2022-07-03 00:00:00,2022,7,0.145283708
2,2022-07-12 00:00:00,2022,7,1.577465699
2,2022-07-17 00:00:00,2022,7,6.729372314
2,2022-07-18 00:00:00,2022,7,2.297857173
2,2022-07-22 00:00:00,2022,7,3.994432065
2,2022-07-26 00:00:00,2022,7,9.177242425
2,2022-08-02 00:00:00,2022,8,19.52455452
2,2022-08-08 00:00:00,2022,8,0.140282867
2,2022-08-09 00:00:00,2022,8,0.73578486
2,2022-08-12 00:00:00,2022,8,0.0
2,2022-08-13 00:00:00,2022,8,0.178646955
2,2022-08-18 00:00:00,2022,8,5.468151739
2,2022-08-19 00:00:00,2022,8,0.302215572
2,2022-08-22 00:00:00,2022,8,1.721883746
2,2022-09-01 00:00:00,2022,9,5.662538495
2,2022-09-11 00:00:00,2022,9,1.262272836
2,2022-09-17 00:00:00,2022,9,1.487898255
2,2022-09-18 00:00:00,2022,9,0.845368812
2,2022-09-20 00:00:00,2022,9,0.265906245
2,2022-09-22 00:00:00,2022,9,0.0
2,2022-10-07 00:00:00,2022,10,11.732278
2,2022-10-19 00:00:00,2022,10,8.191604186
2,2022-10-20 00:00:00,2022,10,1.6925275554
2,2022-11-03 00:00:00,2022,11,9.1165422025
2,2022-11-04 00:00:00,2022,11,5.6670986398
2,2022-11-06 00:00:00,2022,11,0.6381702835
2,2022-11-08 00:00:00,2022,11,0.0
2,2022-11-10 00:00:00,2022,11,1.2983052608
2,2022-11-14 00:00:00,2022,11,13.9364560628
2,2022-11-17 00:00:00,2022,11,0.0
2,2022-11-21 00:00:00,2022,11,1.2977574416
2,2022-11-30 00:00:00,2022,11,0.0
2,2022-12-06 00:00:00,2022,12,0.0
2,2022-12-12 00:00:00,2022,12,14.2152155841
2,2022-12-14 00:00:00,2022,12,2.5920889659
2,2022-12-16 00:00:00,2022,12,0.0
2,2022-12-21 00:00:00,2022,12,0.0
3,2022-01-02 00:00:00,2022,1,0.0
3,2022-01-04 00:00:00,2022,1,0.0
3,2022-01-05 00:00:00,2022,1,0.0
3,2022-01-09 00:00:00,2022,1,0.0
3,2022-01-18 00:00:00,2022,1,0.0
3,2022-01-22 00:00:00,2022,1,0.0
3,2022-01-27 00:00:00,2022,1,0.0
3,2022-02-06 00:00:00,2022,2,0.0
3,2022-02-20 00:00:00,2022,2,0.0
3,2022-02-21 00:00:00,2022,2,0.0
3,2022-02-26 00:00:00,2022,2,0.0
3,2022-02-28 00:00:00,2022,2,0.0
3,2022-02-24 00:00:00,2022,2,0.0
3,2022-03-01 00:00:00,2022,3,0.0
3,2022-03-08 00:00:00,2022,3,0.0
3,2022-03-11 00:00:00,2022,3,0.0
3,2022-03-21 00:00:00,2022,3,0.0
3,2022-04-07 00:00:00,2022,4,0.0
3,2022-04-08 00:00:00,2022,4,0.0
3,2022-04-12 00:00:00,2022,4,0.0
3,2022-04-16 00:00:00,2022,4,0.062048815
3,2022-04-19 00:00:00,2022,4,1.709077354
3,2022-04-22 00:00:00,2022,4,0.161337124
3,2022-04-25 00:00:00,2022,4,4.253108983
3,2022-04-29 00:00:00,2022,4,0.123513561
3,2022-04-30 00:00:00,2022,4,0.0
3,2022-05-02 00:00:00,2022,5,3.77927668
3,2022-05-04 00:00:00,2022,5,2.823265535
3,2022-05-08 00:00:00,2022,5,0.416087114
3,2022-05-23 00:00:00,2022,5,0.0
3,2022-05-29 00:00:00,2022,5,0.157345878
3,2022-06-03 00:00:00,2022,6,0.084485331
3,2022-06-11 00:00:00,2022,6,0.503848253
3,2022-06-14 00:00:00,2022,6,0.625698013
3,2022-06-16 00:00:00,2022,6,9.217363453
3,2022-06-21 00:00:00,2022,6,18.89770786
3,2022-06-29 00:00:00,2022,6,1.361473324
3,2022-07-08 00:00:00,2022,7,12.46832257
3,2022-07-10 00:00:00,2022,7,10.97380498
3,2022-07-12 00:00:00,2022,7,27.67941965
3,2022-07-15 00:00:00,2022,7,3.341587074
3,2022-07-16 00:00:00,2022,7,0.507446893
3,2022-07-22 00:00:00,2022,7,3.508736595
3,2022-07-30 00:00:00,2022,7,1.182644719
3,2022-08-01 00:00:00,2022,8,6.962373006
3,2022-08-08 00:00:00,2022,8,22.08810546
3,2022-08-09 00:00:00,2022,8,10.01356128
3,2022-08-12 00:00:00,2022,8,3.848298024
3,2022-08-22 00:00:00,2022,8,0.990366627
3,2022-08-23 00:00:00,2022,8,0.072873234
3,2022-08-24 00:00:00,2022,8,3.700239954
3,2022-08-26 00:00:00,2022,8,8.22973048
3,2022-09-02 00:00:00,2022,9,0.73810621
3,2022-09-09 00:00:00,2022,9,20.08478021
3,2022-09-12 00:00:00,2022,9,11.26168008
3,2022-09-14 00:00:00,2022,9,2.246272931
3,2022-09-25 00:00:00,2022,9,2.22775392
3,2022-09-28 00:00:00,2022,9,0.52286633
3,2022-10-03 00:00:00,2022,10,10.88143105
3,2022-10-20 00:00:00,2022,10,3.0012721652
3,2022-10-23 00:00:00,2022,10,0.0
3,2022-10-25 00:00:00,2022,10,0.0
3,2022-10-29 00:00:00,2022,10,0.0
3,2022-11-15 00:00:00,2022,11,0.0
3,2022-11-17 00:00:00,2022,11,0.0
3,2022-11-23 00:00:00,2022,11,1.728500885
3,2022-11-26 00:00:00,2022,11,0.1990667089
3,2022-12-07 00:00:00,2022,12,0.0
3,2022-12-11 00:00:00,2022,12,9.0855497429
3,2022-12-12 00:00:00,2022,12,5.9525020659
3,2022-12-15 00:00:00,2022,12,0.235950884
3,2022-12-22 00:00:00,2022,12,0.0
3,2022-12-31 00:00:00,2022,12,0.0
4,2022-01-02 00:00:00,2022,1,0.0
4,2022-01-24 00:00:00,2022,1,0.477694901
4,2022-01-25 00:00:00,2022,1,0.052140517
4,2022-02-01 00:00:00,2022,2,0.0
4,2022-02-05 00:00:00,2022,2,0.0
4,2022-02-11 00:00:00,2022,2,0.0
4,2022-02-15 00:00:00,2022,2,0.0
4,2022-02-16 00:00:00,2022,2,0.0
4,2022-03-04 00:00:00,2022,3,0.0
4,2022-03-11 00:00:00,2022,3,0.0
4,2022-03-23 00:00:00,2022,3,0.0
4,2022-03-29 00:00:00,2022,3,0.0
4,2022-04-03 00:00:00,2022,4,0.0
4,2022-04-04 00:00:00,2022,4,0.0
4,2022-04-17 00:00:00,2022,4,0.0
4,2022-04-23 00:00:00,2022,4,0.0
4,2022-04-26 00:00:00,2022,4,0.0
4,2022-05-07 00:00:00,2022,5,12.19251964
4,2022-05-11 00:00:00,2022,5,12.97684365
4,2022-05-16 00:00:00,2022,5,0.0
4,2022-05-20 00:00:00,2022,5,1.194690246
4,2022-05-21 00:00:00,2022,5,0.0
4,2022-05-26 00:00:00,2022,5,0.140228061
4,2022-05-28 00:00:00,2022,5,0.0
4,2022-05-31 00:00:00,2022,5,5.435237123
4,2022-06-01 00:00:00,2022,6,0.0
4,2022-06-03 00:00:00,2022,6,0.047284733
4,2022-06-14 00:00:00,2022,6,0.397212525
4,2022-06-15 00:00:00,2022,6,9.250711501
4,2022-06-17 00:00:00,2022,6,4.821753412
4,2022-06-23 00:00:00,2022,6,0.013287357
4,2022-07-25 00:00:00,2022,7,1.622778179
4,2022-07-28 00:00:00,2022,7,0.000677779
4,2022-08-07 00:00:00,2022,8,1.629383217
4,2022-08-12 00:00:00,2022,8,0.192575295
4,2022-08-13 00:00:00,2022,8,0.0
4,2022-08-23 00:00:00,2022,8,0.004636604
4,2022-09-05 00:00:00,2022,9,3.396212947
4,2022-09-06 00:00:00,2022,9,6.910340212
4,2022-09-07 00:00:00,2022,9,3.292970886
4,2022-09-11 00:00:00,2022,9,24.61082112
4,2022-09-15 00:00:00,2022,9,2.616288945
4,2022-09-25 00:00:00,2022,9,0.015147476
4,2022-09-28 00:00:00,2022,9,8.436408213
4,2022-10-01 00:00:00,2022,10,32.2201432
4,2022-10-03 00:00:00,2022,10,0.0
4,2022-10-04 00:00:00,2022,10,0.227211754
4,2022-10-14 00:00:00,2022,10,23.1853920278
4,2022-10-20 00:00:00,2022,10,1.035735627
4,2022-10-17 00:00:00,2022,10,13.327178416
4,2022-10-25 00:00:00,2022,10,0.0
4,2022-10-26 00:00:00,2022,10,0.0
4,2022-10-27 00:00:00,2022,10,0.0
4,2022-10-30 00:00:00,2022,10,0.0
4,2022-10-31 00:00:00,2022,10,0.0
4,2022-11-01 00:00:00,2022,11,4.3561708508
4,2022-11-02 00:00:00,2022,11,3.8900592617
4,2022-11-10 00:00:00,2022,11,0.0
4,2022-11-11 00:00:00,2022,11,0.0
4,2022-11-12 00:00:00,2022,11,0.418384523
4,2022-11-14 00:00:00,2022,11,0.0
4,2022-11-16 00:00:00,2022,11,0.0
4,2022-11-24 00:00:00,2022,11,0.1011520685
4,2022-12-05 00:00:00,2022,12,0.0
4,2022-12-13 00:00:00,2022,12,2.7327011544
4,2022-12-21 00:00:00,2022,12,0.0
4,2022-12-23 00:00:00,2022,12,0.0
4,2022-12-28 00:00:00,2022,12,0.0547169082
6,2022-01-03 00:00:00,2022,1,0.0
6,2022-01-07 00:00:00,2022,1,0.0
6,2022-01-17 00:00:00,2022,1,0.0
6,2022-01-23 00:00:00,2022,1,0.0
6,2022-01-25 00:00:00,2022,1,0.317985312
6,2022-01-30 00:00:00,2022,1,0.0
6,2022-02-08 00:00:00,2022,2,0.0
6,2022-02-10 00:00:00,2022,2,0.0
6,2022-02-18 00:00:00,2022,2,0.0
6,2022-02-23 00:00:00,2022,2,0.005833153
6,2022-02-25 00:00:00,2022,2,0.0
6,2022-02-27 00:00:00,2022,2,0.0
6,2022-02-24 00:00:00,2022,2,0.0
6,2022-03-04 00:00:00,2022,3,0.0
6,2022-03-05 00:00:00,2022,3,0.0
6,2022-03-10 00:00:00,2022,3,0.0
6,2022-03-14 00:00:00,2022,3,0.0
6,2022-03-15 00:00:00,2022,3,0.0
6,2022-03-18 00:00:00,2022,3,0.0
6,2022-03-20 00:00:00,2022,3,0.0
6,2022-03-21 00:00:00,2022,3,0.0
6,2022-03-22 00:00:00,2022,3,1.054060547
6,2022-03-30 00:00:00,2022,3,0.0
6,2022-04-01 00:00:00,2022,4,0.0
6,2022-04-02 00:00:00,2022,4,0.0
6,2022-04-07 00:00:00,2022,4,0.0
6,2022-04-29 00:00:00,2022,4,0.0
6,2022-05-05 00:00:00,2022,5,0.510032317
6,2022-05-06 00:00:00,2022,5,0.135075978
6,2022-05-21 00:00:00,2022,5,0.0
6,2022-05-30 00:00:00,2022,5,0.59791367
6,2022-06-01 00:00:00,2022,6,0.000588114
6,2022-06-02 00:00:00,2022,6,0.0
6,2022-06-11 00:00:00,2022,6,0.679112879
6,2022-06-16 00:00:00,2022,6,21.89403559
6,2022-06-18 00:00:00,2022,6,1.395865165
6,2022-06-19 00:00:00,2022,6,0.370618321
6,2022-06-23 00:00:00,2022,6,0.092789481
6,2022-06-28 00:00:00,2022,6,17.68560458
6,2022-06-30 00:00:00,2022,6,2.809275027
6,2022-07-06 00:00:00,2022,7,21.88550166
6,2022-07-07 00:00:00,2022,7,1.555611347
6,2022-07-09 00:00:00,2022,7,18.40522423
6,2022-07-16 00:00:00,2022,7,0.046480521
6,2022-07-21 00:00:00,2022,7,2.395080982
6,2022-08-01 00:00:00,2022,8,0.057366447
6,2022-08-04 00:00:00,2022,8,2.014077443
6,2022-08-17 00:00:00,2022,8,10.48651841
6,2022-08-29 00:00:00,2022,8,7.018702085
6,2022-09-02 00:00:00,2022,9,2.147579824
6,2022-09-09 00:00:00,2022,9,11.33085219
6,2022-09-10 00:00:00,2022,9,31.34291109
6,2022-09-21 00:00:00,2022,9,0.616554094
6,2022-09-25 00:00:00,2022,9,0.0
6,2022-09-27 00:00:00,2022,9,20.96979981
6,2022-09-28 00:00:00,2022,9,20.95339482
6,2022-09-30 00:00:00,2022,9,0.597638206
6,2022-10-07 00:00:00,2022,10,27.64584218
6,2022-10-11 00:00:00,2022,10,5.627654068
6,2022-10-20 00:00:00,2022,10,3.4957690478
6,2022-10-24 00:00:00,2022,10,0.0
6,2022-10-25 00:00:00,2022,10,0.0
6,2022-11-02 00:00:00,2022,11,0.2209581937
6,2022-11-03 00:00:00,2022,11,0.7505081202
6,2022-11-17 00:00:00,2022,11,0.0
6,2022-11-22 00:00:00,2022,11,0.2488180155
6,2022-11-29 00:00:00,2022,11,0.0
6,2022-12-07 00:00:00,2022,12,0.0
6,2022-12-08 00:00:00,2022,12,0.0
6,2022-12-11 00:00:00,2022,12,12.9524511396
6,2022-12-26 00:00:00,2022,12,0.0
6,2022-12-30 00:00:00,2022,12,0.0
7,2022-01-03 00:00:00,2022,1,0.0
7,2022-01-04 00:00:00,2022,1,0.0
7,2022-01-08 00:00:00,2022,1,0.0
7,2022-01-11 00:00:00,2022,1,0.061670838
7,2022-01-12 00:00:00,2022,1,0.000307715
7,2022-01-13 00:00:00,2022,1,4.923029336
7,2022-01-15 00:00:00,2022,1,0.296008202
7,2022-01-17 00:00:00,2022,1,0.0
7,2022-01-18 00:00:00,2022,1,0.0
7,2022-01-24 00:00:00,2022,1,0.0
7,2022-01-26 00:00:00,2022,1,0.0
7,2022-02-21 00:00:00,2022,2,0.0
7,2022-02-25 00:00:00,2022,2,0.0
7,2022-03-09 00:00:00,2022,3,0.0
7,2022-03-11 00:00:00,2022,3,0.0
7,2022-03-12 00:00:00,2022,3,0.000369257
7,2022-03-15 00:00:00,2022,3,0.0
7,2022-04-01 00:00:00,2022,4,0.0
7,2022-04-03 00:00:00,2022,4,0.044469079
7,2022-04-10 00:00:00,2022,4,0.302272037
7,2022-04-14 00:00:00,2022,4,0.0
7,2022-04-18 00:00:00,2022,4,0.518158934
7,2022-04-22 00:00:00,2022,4,0.081523028
7,2022-04-24 00:00:00,2022,4,0.0
7,2022-04-28 00:00:00,2022,4,0.440988937
7,2022-05-01 00:00:00,2022,5,0.240877387
7,2022-05-05 00:00:00,2022,5,0.00354963
7,2022-05-07 00:00:00,2022,5,1.030385264
7,2022-05-08 00:00:00,2022,5,0.037742249
7,2022-05-12 00:00:00,2022,5,19.27430082
7,2022-05-14 00:00:00,2022,5,5.254379661
7,2022-05-18 00:00:00,2022,5,7.552006377
7,2022-05-22 00:00:00,2022,5,0.072261779
7,2022-05-23 00:00:00,2022,5,0.0
7,2022-05-24 00:00:00,2022,5,0.0
7,2022-05-25 00:00:00,2022,5,0.0
7,2022-05-26 00:00:00,2022,5,0.091347224
7,2022-06-06 00:00:00,2022,6,11.1227663
7,2022-06-07 00:00:00,2022,6,0.034579893
7,2022-06-08 00:00:00,2022,6,0.0
7,2022-06-11 00:00:00,2022,6,0.0
7,2022-06-13 00:00:00,2022,6,0.371588321
7,2022-06-17 00:00:00,2022,6,14.45256288
7,2022-08-01 00:00:00,2022,8,7.945170981
7,2022-08-07 00:00:00,2022,8,1.899482149
7,2022-08-12 00:00:00,2022,8,0.000184629
7,2022-08-14 00:00:00,2022,8,0.010657022
7,2022-08-31 00:00:00,2022,8,0.340378262
7,2022-09-02 00:00:00,2022,9,9.052580535
7,2022-09-04 00:00:00,2022,9,0.098356241
7,2022-09-07 00:00:00,2022,9,3.980610022
7,2022-09-12 00:00:00,2022,9,0.199198649
7,2022-09-21 00:00:00,2022,9,6.15e-05
7,2022-09-26 00:00:00,2022,9,3.913169764
7,2022-09-27 00:00:00,2022,9,4.872911152
7,2022-10-01 00:00:00,2022,10,15.03605784
7,2022-10-07 00:00:00,2022,10,17.01847218
7,2022-10-11 00:00:00,2022,10,3.647915753
7,2022-10-17 00:00:00,2022,10,1.5163446101
7,2022-10-31 00:00:00,2022,10,0.0
7,2022-11-02 00:00:00,2022,11,1.7993634872
7,2022-11-06 00:00:00,2022,11,0.0152198032
7,2022-11-12 00:00:00,2022,11,0.0518986334
7,2022-11-13 00:00:00,2022,11,0.8027597096
7,2022-11-15 00:00:00,2022,11,0.1789187343
7,2022-11-16 00:00:00,2022,11,0.0
7,2022-12-03 00:00:00,2022,12,0.0
7,2022-12-08 00:00:00,2022,12,0.0
7,2022-12-09 00:00:00,2022,12,0.0
7,2022-12-15 00:00:00,2022,12,0.0131874913
7,2022-12-16 00:00:00,2022,12,0.0
7,2022-12-18 00:00:00,2022,12,0.0
8,2022-08-10 00:00:00,2022,8,0.168318682
8,2022-08-16 00:00:00,2022,8,1.7412479
8,2022-08-19 00:00:00,2022,8,0.359393545
8,2022-09-05 00:00:00,2022,9,0.653900796
8,2022-09-11 00:00:00,2022,9,1.3169267
8,2022-09-18 00:00:00,2022,9,0.0
8,2022-09-21 00:00:00,2022,9,0.0
8,2022-09-23 00:00:00,2022,9,0.0
8,2022-10-05 00:00:00,2022,10,0.049754233
8,2022-10-08 00:00:00,2022,10,0.485659238
8,2022-10-10 00:00:00,2022,10,17.94878234
8,2022-10-11 00:00:00,2022,10,3.646146047
9,2022-01-03 00:00:00,2022,1,0.0
9,2022-01-04 00:00:00,2022,1,0.0
9,2022-01-09 00:00:00,2022,1,0.0
9,2022-01-19 00:00:00,2022,1,0.0
9,2022-02-08 00:00:00,2022,2,0.0
9,2022-02-26 00:00:00,2022,2,0.0
9,2022-03-01 00:00:00,2022,3,0.0
9,2022-03-02 00:00:00,2022,3,0.0
9,2022-03-03 00:00:00,2022,3,0.0
9,2022-03-06 00:00:00,2022,3,0.0
9,2022-03-10 00:00:00,2022,3,0.0
9,2022-03-12 00:00:00,2022,3,0.0
9,2022-03-13 00:00:00,2022,3,0.0
9,2022-03-17 00:00:00,2022,3,0.0
9,2022-03-21 00:00:00,2022,3,0.497088801
9,2022-03-23 00:00:00,2022,3,1.686336082
9,2022-03-24 00:00:00,2022,3,0.269170988
9,2022-04-08 00:00:00,2022,4,0.0
9,2022-05-05 00:00:00,2022,5,5.101795667
9,2022-05-06 00:00:00,2022,5,0.002970859
9,2022-05-10 00:00:00,2022,5,0.051045244
9,2022-05-12 00:00:00,2022,5,62.09738925
9,2022-05-18 00:00:00,2022,5,0.017973697
9,2022-05-26 00:00:00,2022,5,2.589594449
9,2022-05-29 00:00:00,2022,5,0.41104224
9,2022-05-30 00:00:00,2022,5,0.0
9,2022-05-31 00:00:00,2022,5,3.155552143
9,2022-06-05 00:00:00,2022,6,0.0
9,2022-06-06 00:00:00,2022,6,12.37335684
9,2022-06-14 00:00:00,2022,6,0.013523508
9,2022-06-16 00:00:00,2022,6,1.818548553
9,2022-06-17 00:00:00,2022,6,1.638248962
9,2022-06-18 00:00:00,2022,6,3.491505036
9,2022-06-22 00:00:00,2022,6,1.664977117
9,2022-06-23 00:00:00,2022,6,3.422325683
9,2022-06-30 00:00:00,2022,6,10.81475051
9,2022-07-03 00:00:00,2022,7,0.717930739
9,2022-07-06 00:00:00,2022,7,10.61944451
9,2022-07-12 00:00:00,2022,7,5.97835632
9,2022-07-13 00:00:00,2022,7,2.108334005
9,2022-07-17 00:00:00,2022,7,1.735172
9,2022-07-21 00:00:00,2022,7,2.13726359
9,2022-07-27 00:00:00,2022,7,4.740530185
9,2022-08-01 00:00:00,2022,8,0.759148719
9,2022-08-04 00:00:00,2022,8,2.631132262
9,2022-08-12 00:00:00,2022,8,0.0
9,2022-08-14 00:00:00,2022,8,0.822031349
9,2022-08-16 00:00:00,2022,8,2.035491386
9,2022-08-21 00:00:00,2022,8,2.017101851
9,2022-08-23 00:00:00,2022,8,0.168518155
9,2022-08-31 00:00:00,2022,8,2.020172956
9,2022-09-05 00:00:00,2022,9,1.081549189
9,2022-09-10 00:00:00,2022,9,14.74427087
9,2022-09-12 00:00:00,2022,9,0.269816552
9,2022-09-22 00:00:00,2022,9,0.682402006
9,2022-09-24 00:00:00,2022,9,0.404470768
9,2022-10-09 00:00:00,2022,10,11.62986572
9,2022-10-20 00:00:00,2022,10,2.5970051364
9,2022-10-23 00:00:00,2022,10,0.0
9,2022-10-25 00:00:00,2022,10,0.0
9,2022-10-29 00:00:00,2022,10,0.3211085615
9,2022-11-01 00:00:00,2022,11,15.3335281669
9,2022-11-06 00:00:00,2022,11,0.3365881876
9,2022-11-11 00:00:00,2022,11,0.2054670446
9,2022-11-16 00:00:00,2022,11,0.0
9,2022-11-23 00:00:00,2022,11,0.8730115321
9,2022-11-24 00:00:00,2022,11,3.1612842279
9,2022-12-02 00:00:00,2022,12,0.0
6,2022-09-04 00:00:00,2022,9,0.06153153
6,2022-09-05 00:00:00,2022,9,2.966355117
6,2022-09-08 00:00:00,2022,9,15.83145836
6,2022-09-14 00:00:00,2022,9,0.069930941
6,2022-09-18 00:00:00,2022,9,0.0
6,2022-09-19 00:00:00,2022,9,15.00232832
6,2022-10-03 00:00:00,2022,10,0.00060955
6,2022-10-04 00:00:00,2022,10,0.185008605
6,2022-10-05 00:00:00,2022,10,0.175708032
6,2022-10-16 00:00:00,2022,10,11.6678582232
6,2022-10-21 00:00:00,2022,10,1.0750122685
6,2022-10-26 00:00:00,2022,10,0.0
6,2022-10-28 00:00:00,2022,10,0.0
6,2022-11-01 00:00:00,2022,11,1.3698420405
6,2022-11-06 00:00:00,2022,11,0.0087970287
6,2022-11-07 00:00:00,2022,11,0.0
6,2022-11-10 00:00:00,2022,11,0.0
6,2022-11-15 00:00:00,2022,11,0.0
6,2022-11-24 00:00:00,2022,11,0.0396294234
6,2022-11-30 00:00:00,2022,11,0.0
6,2022-12-02 00:00:00,2022,12,0.0
6,2022-12-06 00:00:00,2022,12,0.0
6,2022-12-13 00:00:00,2022,12,0.16461797
6,2022-12-17 00:00:00,2022,12,0.0
6,2022-12-21 00:00:00,2022,12,0.0
6,2022-12-24 00:00:00,2022,12,0.0
6,2022-12-25 00:00:00,2022,12,0.0
7,2022-01-07 00:00:00,2022,1,0.0
7,2022-01-25 00:00:00,2022,1,0.0
7,2022-01-27 00:00:00,2022,1,0.002853133
7,2022-02-01 00:00:00,2022,2,0.0
7,2022-02-03 00:00:00,2022,2,0.0
7,2022-02-04 00:00:00,2022,2,0.0
7,2022-02-08 00:00:00,2022,2,0.0
7,2022-02-09 00:00:00,2022,2,0.0
7,2022-02-13 00:00:00,2022,2,0.0
7,2022-02-22 00:00:00,2022,2,0.0
7,2022-03-02 00:00:00,2022,3,0.0
7,2022-03-04 00:00:00,2022,3,0.0
7,2022-03-23 00:00:00,2022,3,0.871948347
7,2022-03-25 00:00:00,2022,3,0.006474855
7,2022-03-26 00:00:00,2022,3,0.05929515
7,2022-03-28 00:00:00,2022,3,0.0
7,2022-03-30 00:00:00,2022,3,0.0
7,2022-04-02 00:00:00,2022,4,0.0
7,2022-04-08 00:00:00,2022,4,0.0
7,2022-04-11 00:00:00,2022,4,0.0
7,2022-04-13 00:00:00,2022,4,0.0
7,2022-04-17 00:00:00,2022,4,0.955177991
7,2022-04-26 00:00:00,2022,4,1.155425137
7,2022-05-03 00:00:00,2022,5,0.0
7,2022-05-17 00:00:00,2022,5,2.686548773
7,2022-05-30 00:00:00,2022,5,0.0
7,2022-05-31 00:00:00,2022,5,1.735856564
7,2022-06-01 00:00:00,2022,6,1.552179475
7,2022-06-03 00:00:00,2022,6,7.119543344
7,2022-06-18 00:00:00,2022,6,7.332687966
7,2022-06-22 00:00:00,2022,6,0.3448697
7,2022-06-27 00:00:00,2022,6,0.137077258
7,2022-06-30 00:00:00,2022,6,1.578092868
7,2022-07-05 00:00:00,2022,7,0.061457649
7,2022-07-08 00:00:00,2022,7,5.852371354
7,2022-07-11 00:00:00,2022,7,0.054317861
7,2022-07-18 00:00:00,2022,7,4.41316887
7,2022-07-27 00:00:00,2022,7,4.926779099
7,2022-07-31 00:00:00,2022,7,10.38354269
7,2022-08-02 00:00:00,2022,8,34.4702468
7,2022-08-05 00:00:00,2022,8,10.77983005
7,2022-08-11 00:00:00,2022,8,0.082445223
7,2022-08-16 00:00:00,2022,8,0.468278129
7,2022-08-20 00:00:00,2022,8,0.011595745
7,2022-08-29 00:00:00,2022,8,10.4325159
7,2022-09-09 00:00:00,2022,9,3.219128411
7,2022-09-10 00:00:00,2022,9,1.76077921
7,2022-09-11 00:00:00,2022,9,4.467454203
7,2022-09-13 00:00:00,2022,9,0.000553886
7,2022-09-14 00:00:00,2022,9,0.038497741
7,2022-09-18 00:00:00,2022,9,0.009530807
7,2022-09-30 00:00:00,2022,9,22.66332731
7,2022-10-03 00:00:00,2022,10,0.132809239
7,2022-10-20 00:00:00,2022,10,4.3981518231
7,2022-10-21 00:00:00,2022,10,0.9524268382
7,2022-10-24 00:00:00,2022,10,0.0
7,2022-10-25 00:00:00,2022,10,0.0
7,2022-10-26 00:00:00,2022,10,0.0
7,2022-11-07 00:00:00,2022,11,0.0217430253
7,2022-11-14 00:00:00,2022,11,0.3259385886
7,2022-11-19 00:00:00,2022,11,0.0
7,2022-11-26 00:00:00,2022,11,0.0439557491
7,2022-11-28 00:00:00,2022,11,0.0
7,2022-12-02 00:00:00,2022,12,0.0
7,2022-12-12 00:00:00,2022,12,5.258668412
7,2022-12-23 00:00:00,2022,12,0.0
7,2022-12-26 00:00:00,2022,12,0.4391340878
7,2022-12-28 00:00:00,2022,12,0.0
8,2022-08-01 00:00:00,2022,8,0.098720321
8,2022-08-04 00:00:00,2022,8,16.89957504
8,2022-08-05 00:00:00,2022,8,3.828999639
8,2022-08-07 00:00:00,2022,8,2.895064878
8,2022-08-12 00:00:00,2022,8,0.0
8,2022-08-15 00:00:00,2022,8,0.080811064
8,2022-08-22 00:00:00,2022,8,0.017500274
8,2022-08-24 00:00:00,2022,8,7.893602361
8,2022-08-26 00:00:00,2022,8,15.37511924
8,2022-08-27 00:00:00,2022,8,16.40983484
8,2022-08-28 00:00:00,2022,8,6.558840864
8,2022-08-30 00:00:00,2022,8,1.175505212
8,2022-09-01 00:00:00,2022,9,2.904139628
8,2022-09-13 00:00:00,2022,9,0.0
8,2022-09-15 00:00:00,2022,9,9.512746659
8,2022-09-16 00:00:00,2022,9,0.03372759
8,2022-09-20 00:00:00,2022,9,0.119939581
8,2022-09-22 00:00:00,2022,9,0.0
8,2022-09-26 00:00:00,2022,9,3.96542266
8,2022-09-27 00:00:00,2022,9,0.214552204
8,2022-09-28 00:00:00,2022,9,5.14297501
8,2022-10-02 00:00:00,2022,10,9.015985969
8,2022-10-07 00:00:00,2022,10,8.030747658
8,2022-10-12 00:00:00,2022,10,0.159296411
8,2022-10-13 00:00:00,2022,10,0.187516486
9,2022-01-01 00:00:00,2022,1,0.05480484
9,2022-01-05 00:00:00,2022,1,0.0
9,2022-01-06 00:00:00,2022,1,0.0
9,2022-01-26 00:00:00,2022,1,0.0
9,2022-02-10 00:00:00,2022,2,0.0
9,2022-02-13 00:00:00,2022,2,0.0
9,2022-02-14 00:00:00,2022,2,0.0
9,2022-02-15 00:00:00,2022,2,0.0
9,2022-02-20 00:00:00,2022,2,0.0
9,2022-02-27 00:00:00,2022,2,0.0
9,2022-02-28 00:00:00,2022,2,0.0
9,2022-03-07 00:00:00,2022,3,0.0
9,2022-03-09 00:00:00,2022,3,0.0
9,2022-03-25 00:00:00,2022,3,0.0
9,2022-03-31 00:00:00,2022,3,0.0
9,2022-04-01 00:00:00,2022,4,0.0
9,2022-04-06 00:00:00,2022,4,0.0
9,2022-04-15 00:00:00,2022,4,0.0
9,2022-04-26 00:00:00,2022,4,0.0
9,2022-04-27 00:00:00,2022,4,0.0
9,2022-04-30 00:00:00,2022,4,0.0
9,2022-05-01 00:00:00,2022,5,0.089960084
9,2022-05-02 00:00:00,2022,5,2.104304965
9,2022-05-14 00:00:00,2022,5,0.003119402
9,2022-05-22 00:00:00,2022,5,0.0
9,2022-06-04 00:00:00,2022,6,0.0
9,2022-06-09 00:00:00,2022,6,0.0
9,2022-06-19 00:00:00,2022,6,2.01118803
9,2022-06-20 00:00:00,2022,6,1.894921297
9,2022-06-21 00:00:00,2022,6,0.826125674
9,2022-06-27 00:00:00,2022,6,6.71972698
9,2022-06-29 00:00:00,2022,6,0.133439549
9,2022-07-02 00:00:00,2022,7,3.775020193
9,2022-07-05 00:00:00,2022,7,0.529984505
9,2022-07-08 00:00:00,2022,7,4.947296225
9,2022-07-18 00:00:00,2022,7,11.84697127
9,2022-07-23 00:00:00,2022,7,17.44402137
9,2022-07-31 00:00:00,2022,7,2.242325817
9,2022-08-05 00:00:00,2022,8,4.684646489
9,2022-08-07 00:00:00,2022,8,1.886698109
9,2022-08-17 00:00:00,2022,8,0.0
9,2022-08-18 00:00:00,2022,8,1.21246416
9,2022-08-20 00:00:00,2022,8,0.439259223
9,2022-08-24 00:00:00,2022,8,0.985706877
9,2022-08-26 00:00:00,2022,8,20.2146414
5,2022-08-26 00:00:00,2022,8,7.239791389
5,2022-08-29 00:00:00,2022,8,4.948245794
5,2022-09-05 00:00:00,2022,9,9.329663768
5,2022-09-08 00:00:00,2022,9,7.462495306
5,2022-09-19 00:00:00,2022,9,0.0
5,2022-09-29 00:00:00,2022,9,25.10949593
5,2022-10-01 00:00:00,2022,10,11.80831899
5,2022-01-09 00:00:00,2022,1,0.0
5,2022-01-21 00:00:00,2022,1,0.0
5,2022-01-27 00:00:00,2022,1,0.253919195
5,2022-02-03 00:00:00,2022,2,0.0
5,2022-02-05 00:00:00,2022,2,0.0
5,2022-02-17 00:00:00,2022,2,0.0
5,2022-02-23 00:00:00,2022,2,0.0
5,2022-02-26 00:00:00,2022,2,0.0
5,2022-02-28 00:00:00,2022,2,0.0
5,2022-03-05 00:00:00,2022,3,0.0
5,2022-03-06 00:00:00,2022,3,0.0
5,2022-03-07 00:00:00,2022,3,0.009318424
5,2022-03-12 00:00:00,2022,3,0.0
5,2022-03-14 00:00:00,2022,3,0.0
5,2022-03-18 00:00:00,2022,3,0.0
5,2022-03-25 00:00:00,2022,3,0.0
5,2022-03-26 00:00:00,2022,3,0.0
5,2022-04-04 00:00:00,2022,4,0.0
5,2022-04-05 00:00:00,2022,4,0.0
5,2022-04-07 00:00:00,2022,4,0.0
5,2022-04-09 00:00:00,2022,4,0.0
5,2022-04-17 00:00:00,2022,4,1.305651793
5,2022-04-18 00:00:00,2022,4,0.004504189
5,2022-04-19 00:00:00,2022,4,0.0
5,2022-04-24 00:00:00,2022,4,0.0
5,2022-05-12 00:00:00,2022,5,36.06760333
5,2022-05-16 00:00:00,2022,5,0.146687357
5,2022-05-20 00:00:00,2022,5,3.661304412
5,2022-05-26 00:00:00,2022,5,0.12468766
5,2022-05-28 00:00:00,2022,5,0.0
5,2022-06-03 00:00:00,2022,6,0.051083451
5,2022-06-05 00:00:00,2022,6,0.0
5,2022-06-15 00:00:00,2022,6,33.54774983
5,2022-06-17 00:00:00,2022,6,14.05228529
5,2022-07-10 00:00:00,2022,7,4.051400826
5,2022-07-11 00:00:00,2022,7,0.286638657
5,2022-07-15 00:00:00,2022,7,0.645008149
5,2022-07-17 00:00:00,2022,7,0.284381013
5,2022-10-18 00:00:00,2022,10,0.9774864221
5,2022-10-17 00:00:00,2022,10,1.2817481008
5,2022-11-03 00:00:00,2022,11,13.3737169616
5,2022-11-12 00:00:00,2022,11,14.6048697634
11,2022-05-10 00:00:00,2022,5,1.023518098
11,2022-05-16 00:00:00,2022,5,0.004504439
11,2022-05-21 00:00:00,2022,5,0.0
11,2022-05-22 00:00:00,2022,5,0.156827619
11,2022-05-24 00:00:00,2022,5,0.828867719
11,2022-05-27 00:00:00,2022,5,7.388134356
11,2022-05-29 00:00:00,2022,5,0.0
11,2022-06-03 00:00:00,2022,6,0.05232744
11,2022-06-04 00:00:00,2022,6,7.942384503
11,2022-06-10 00:00:00,2022,6,0.01033588
11,2022-06-12 00:00:00,2022,6,8.564028381
11,2022-06-17 00:00:00,2022,6,8.397399248
11,2022-07-11 00:00:00,2022,7,1.659685661
11,2022-07-12 00:00:00,2022,7,16.9890421
11,2022-07-24 00:00:00,2022,7,1.465640907
11,2022-07-26 00:00:00,2022,7,6.567839567
11,2022-07-27 00:00:00,2022,7,6.416030506
11,2022-07-28 00:00:00,2022,7,0.48194353
11,2022-07-29 00:00:00,2022,7,1.159384024
11,2022-02-27 00:00:00,2022,2,0.0
11,2022-10-29 00:00:00,2022,10,0.0
11,2022-10-30 00:00:00,2022,10,0.0
11,2022-10-31 00:00:00,2022,10,0.0
11,2022-11-05 00:00:00,2022,11,1.5189908512
11,2022-11-08 00:00:00,2022,11,0.0
11,2022-11-09 00:00:00,2022,11,0.0
11,2022-11-15 00:00:00,2022,11,0.0
11,2022-11-17 00:00:00,2022,11,0.0
11,2022-11-20 00:00:00,2022,11,0.0
11,2022-11-21 00:00:00,2022,11,0.0
11,2022-12-01 00:00:00,2022,12,0.0
11,2022-12-03 00:00:00,2022,12,0.0
11,2022-12-04 00:00:00,2022,12,0.0
11,2022-12-14 00:00:00,2022,12,0.0
11,2022-12-16 00:00:00,2022,12,0.0
11,2022-12-17 00:00:00,2022,12,0.0
11,2022-12-22 00:00:00,2022,12,0.0
11,2022-12-28 00:00:00,2022,12,0.0
11,2022-12-30 00:00:00,2022,12,0.0300609106
11,2022-12-31 00:00:00,2022,12,0.0
11,2022-07-30 00:00:00,2022,7,3.040471574
11,2022-08-03 00:00:00,2022,8,2.510100888
11,2022-08-22 00:00:00,2022,8,0.282064183
11,2022-08-27 00:00:00,2022,8,10.59672919
11,2022-08-28 00:00:00,2022,8,10.73978207
11,2022-09-08 00:00:00,2022,9,11.34999713
11,2022-09-10 00:00:00,2022,9,28.07753838
11,2022-09-13 00:00:00,2022,9,19.91814372
11,2022-09-20 00:00:00,2022,9,11.75685129
11,2022-09-21 00:00:00,2022,9,1.007373745
11,2022-09-23 00:00:00,2022,9,4.888800319
11,2022-09-29 00:00:00,2022,9,8.309774793
11,2022-09-30 00:00:00,2022,9,9.573802608
11,2022-10-07 00:00:00,2022,10,26.69433479
11,2022-10-11 00:00:00,2022,10,4.842657935
11,2022-10-12 00:00:00,2022,10,0.179469151
12,2022-01-07 00:00:00,2022,1,0.0
12,2022-01-08 00:00:00,2022,1,0.0
12,2022-01-12 00:00:00,2022,1,2.357708733
12,2022-01-16 00:00:00,2022,1,1.062276457
12,2022-01-19 00:00:00,2022,1,0.0
12,2022-01-22 00:00:00,2022,1,0.174760889
12,2022-01-25 00:00:00,2022,1,6.396035433
12,2022-01-27 00:00:00,2022,1,0.0
12,2022-01-31 00:00:00,2022,1,0.0
12,2022-02-01 00:00:00,2022,2,0.0
12,2022-02-03 00:00:00,2022,2,0.0
12,2022-02-11 00:00:00,2022,2,0.0
12,2022-02-12 00:00:00,2022,2,0.463049214
12,2022-02-18 00:00:00,2022,2,0.0
12,2022-02-20 00:00:00,2022,2,0.0
12,2022-02-21 00:00:00,2022,2,0.0
12,2022-03-01 00:00:00,2022,3,0.0
12,2022-03-04 00:00:00,2022,3,0.0
12,2022-03-19 00:00:00,2022,3,0.0
12,2022-03-23 00:00:00,2022,3,0.0
12,2022-04-02 00:00:00,2022,4,0.0
12,2022-04-06 00:00:00,2022,4,0.0
12,2022-04-10 00:00:00,2022,4,0.0
12,2022-04-20 00:00:00,2022,4,0.025382819
12,2022-04-26 00:00:00,2022,4,0.085138273
12,2022-04-27 00:00:00,2022,4,0.503132687
12,2022-05-01 00:00:00,2022,5,0.0
12,2022-05-21 00:00:00,2022,5,0.0
12,2022-05-28 00:00:00,2022,5,0.0
12,2022-05-30 00:00:00,2022,5,6.890235662
12,2022-06-08 00:00:00,2022,6,0.0
12,2022-06-09 00:00:00,2022,6,0.0
12,2022-06-25 00:00:00,2022,6,22.65464033
12,2022-06-27 00:00:00,2022,6,1.346891711
12,2022-07-01 00:00:00,2022,7,4.23899444
12,2022-07-04 00:00:00,2022,7,18.98700394
12,2022-07-06 00:00:00,2022,7,3.770591725
12,2022-07-07 00:00:00,2022,7,8.906709576
12,2022-07-11 00:00:00,2022,7,4.486893172
12,2022-07-15 00:00:00,2022,7,0.793255771
12,2022-07-22 00:00:00,2022,7,10.43405938
12,2022-07-25 00:00:00,2022,7,4.489384973
12,2022-07-29 00:00:00,2022,7,1.777785729
12,2022-08-02 00:00:00,2022,8,2.090230468
12,2022-08-07 00:00:00,2022,8,16.24903746
12,2022-08-08 00:00:00,2022,8,7.505063291
12,2022-08-13 00:00:00,2022,8,1.345433023
12,2022-08-14 00:00:00,2022,8,17.29553497
12,2022-08-16 00:00:00,2022,8,0.692876588
12,2022-08-25 00:00:00,2022,8,5.387996555
12,2022-08-30 00:00:00,2022,8,8.845758354
12,2022-09-07 00:00:00,2022,9,8.005890238
12,2022-09-11 00:00:00,2022,9,42.5941219
12,2022-10-02 00:00:00,2022,10,7.580564986
12,2022-10-04 00:00:00,2022,10,1.612562824
12,2022-10-07 00:00:00,2022,10,25.02407479
12,2022-10-12 00:00:00,2022,10,1.874780827
12,2022-10-17 00:00:00,2022,10,2.3259021092
12,2022-10-24 00:00:00,2022,10,0.0
12,2022-10-26 00:00:00,2022,10,0.0
12,2022-11-02 00:00:00,2022,11,0.0
12,2022-11-05 00:00:00,2022,11,0.0
12,2022-11-06 00:00:00,2022,11,0.0
12,2022-11-07 00:00:00,2022,11,0.0
12,2022-11-08 00:00:00,2022,11,0.0
12,2022-11-20 00:00:00,2022,11,0.0
12,2022-11-27 00:00:00,2022,11,0.0
12,2022-11-30 00:00:00,2022,11,0.0
12,2022-12-06 00:00:00,2022,12,0.0
12,2022-12-07 00:00:00,2022,12,0.0
12,2022-12-15 00:00:00,2022,12,0.0
12,2022-12-18 00:00:00,2022,12,0.0
12,2022-12-19 00:00:00,2022,12,0.0
12,2022-12-20 00:00:00,2022,12,0.0
12,2022-12-25 00:00:00,2022,12,0.0
12,2022-12-29 00:00:00,2022,12,0.0473157978
12,2022-12-31 00:00:00,2022,12,0.0
13,2022-01-03 00:00:00,2022,1,0.0
13,2022-01-04 00:00:00,2022,1,0.0
13,2022-01-20 00:00:00,2022,1,0.0
13,2022-01-23 00:00:00,2022,1,0.0
13,2022-01-26 00:00:00,2022,1,0.0
13,2022-01-31 00:00:00,2022,1,0.0
13,2022-02-11 00:00:00,2022,2,0.0
13,2022-02-15 00:00:00,2022,2,0.0
13,2022-02-19 00:00:00,2022,2,0.0
13,2022-02-20 00:00:00,2022,2,0.0
13,2022-02-25 00:00:00,2022,2,0.0
13,2022-02-26 00:00:00,2022,2,0.0
13,2022-02-28 00:00:00,2022,2,0.0
13,2022-03-08 00:00:00,2022,3,0.0
13,2022-03-14 00:00:00,2022,3,0.0
13,2022-03-26 00:00:00,2022,3,0.0
13,2022-03-29 00:00:00,2022,3,0.0
13,2022-04-06 00:00:00,2022,4,0.0
13,2022-04-10 00:00:00,2022,4,0.025729316
13,2022-04-20 00:00:00,2022,4,3.090649095
13,2022-04-21 00:00:00,2022,4,0.084890067
13,2022-04-29 00:00:00,2022,4,0.011143812
13,2022-05-01 00:00:00,2022,5,0.0
13,2022-05-03 00:00:00,2022,5,0.084206041
13,2022-05-04 00:00:00,2022,5,1.799063322
13,2022-05-06 00:00:00,2022,5,3.842526332
13,2022-05-09 00:00:00,2022,5,4.367131527
13,2022-05-11 00:00:00,2022,5,7.717918836
13,2022-05-14 00:00:00,2022,5,0.0
13,2022-05-19 00:00:00,2022,5,0.541911735
13,2022-05-23 00:00:00,2022,5,0.0
13,2022-05-26 00:00:00,2022,5,0.204591068
13,2022-05-28 00:00:00,2022,5,0.107177691
13,2022-05-31 00:00:00,2022,5,0.084890067
13,2022-06-06 00:00:00,2022,6,10.26099042
13,2022-06-14 00:00:00,2022,6,0.263024842
13,2022-06-17 00:00:00,2022,6,6.239238987
13,2022-06-18 00:00:00,2022,6,3.743280541
13,2022-06-20 00:00:00,2022,6,14.70811409
13,2022-06-23 00:00:00,2022,6,1.348598832
13,2022-07-02 00:00:00,2022,7,0.930927734
13,2022-07-03 00:00:00,2022,7,19.70647083
13,2022-07-09 00:00:00,2022,7,17.66806999
13,2022-07-11 00:00:00,2022,7,13.75015947
13,2022-07-12 00:00:00,2022,7,25.03349243
13,2022-07-19 00:00:00,2022,7,7.375304092
13,2022-08-02 00:00:00,2022,8,8.054338979
13,2022-08-05 00:00:00,2022,8,16.28448025
13,2022-08-13 00:00:00,2022,8,0.0
13,2022-08-15 00:00:00,2022,8,1.055856391
13,2022-08-20 00:00:00,2022,8,3.717367056
13,2022-08-23 00:00:00,2022,8,0.893955234
13,2022-09-01 00:00:00,2022,9,2.011708651
13,2022-09-02 00:00:00,2022,9,0.818667936
13,2022-09-03 00:00:00,2022,9,2.036502134
13,2022-09-10 00:00:00,2022,9,39.97539165
13,2022-09-14 00:00:00,2022,9,3.99805697
13,2022-09-16 00:00:00,2022,9,1.518540762
13,2022-09-19 00:00:00,2022,9,17.54249449
13,2022-09-21 00:00:00,2022,9,2.659815877
13,2022-09-29 00:00:00,2022,9,12.78729605
13,2022-10-05 00:00:00,2022,10,0.83575376
13,2022-10-08 00:00:00,2022,10,20.63334269
13,2022-10-18 00:00:00,2022,10,2.7723471695
13,2022-10-19 00:00:00,2022,10,7.3848578862
13,2022-11-01 00:00:00,2022,11,0.0372059462
13,2022-11-04 00:00:00,2022,11,0.0974387013
13,2022-11-10 00:00:00,2022,11,0.0
13,2022-11-11 00:00:00,2022,11,0.0
13,2022-11-13 00:00:00,2022,11,0.0
13,2022-11-14 00:00:00,2022,11,0.0
13,2022-11-16 00:00:00,2022,11,0.0
13,2022-11-18 00:00:00,2022,11,0.0
13,2022-11-19 00:00:00,2022,11,0.0
13,2022-11-22 00:00:00,2022,11,0.0272488479
13,2022-12-05 00:00:00,2022,12,0.0722647507
13,2022-12-06 00:00:00,2022,12,0.0
13,2022-12-08 00:00:00,2022,12,0.0
13,2022-12-09 00:00:00,2022,12,0.294602472
13,2022-12-10 00:00:00,2022,12,5.8512322821
13,2022-12-11 00:00:00,2022,12,18.6074834432
13,2022-12-14 00:00:00,2022,12,0.0
13,2022-12-23 00:00:00,2022,12,0.0
13,2022-12-27 00:00:00,2022,12,0.0
5,2022-08-09 00:00:00,2022,8,0.268115492
5,2022-08-12 00:00:00,2022,8,0.0
5,2022-08-13 00:00:00,2022,8,0.0
5,2022-08-17 00:00:00,2022,8,1.525285737
5,2022-08-19 00:00:00,2022,8,0.0
9,2022-08-28 00:00:00,2022,8,8.555509054
9,2022-08-30 00:00:00,2022,8,5.375986972
9,2022-09-04 00:00:00,2022,9,0.126309051
9,2022-09-06 00:00:00,2022,9,12.82702134
9,2022-09-17 00:00:00,2022,9,0.0
9,2022-09-18 00:00:00,2022,9,0.0
9,2022-09-20 00:00:00,2022,9,1.070885477
9,2022-09-23 00:00:00,2022,9,0.411192825
9,2022-09-28 00:00:00,2022,9,2.363293577
9,2022-10-02 00:00:00,2022,10,23.52372019
9,2022-10-03 00:00:00,2022,10,0.081122425
9,2022-10-06 00:00:00,2022,10,39.08692635
9,2022-10-17 00:00:00,2022,10,6.8932138772
9,2022-10-22 00:00:00,2022,10,0.5793950096
9,2022-10-24 00:00:00,2022,10,0.0
9,2022-10-26 00:00:00,2022,10,0.0
9,2022-10-28 00:00:00,2022,10,0.0289793891
9,2022-11-03 00:00:00,2022,11,2.9864997091
9,2022-11-05 00:00:00,2022,11,1.3947727147
9,2022-11-20 00:00:00,2022,11,0.0
9,2022-11-27 00:00:00,2022,11,0.0
9,2022-11-28 00:00:00,2022,11,0.0
9,2022-11-29 00:00:00,2022,11,0.0
9,2022-11-30 00:00:00,2022,11,0.0
9,2022-12-01 00:00:00,2022,12,0.0
9,2022-12-07 00:00:00,2022,12,0.0
9,2022-12-11 00:00:00,2022,12,53.3227383003
9,2022-12-15 00:00:00,2022,12,0.0037534241
9,2022-12-16 00:00:00,2022,12,0.000191316
9,2022-12-20 00:00:00,2022,12,0.0
9,2022-12-25 00:00:00,2022,12,0.0
9,2022-12-27 00:00:00,2022,12,0.2939462097
9,2022-12-31 00:00:00,2022,12,0.0
8,2022-01-01 00:00:00,2022,1,6.579243121
8,2022-01-11 00:00:00,2022,1,0.0
8,2022-01-14 00:00:00,2022,1,10.05626268
8,2022-02-03 00:00:00,2022,2,0.0
8,2022-02-14 00:00:00,2022,2,0.0
8,2022-02-17 00:00:00,2022,2,0.0
8,2022-02-24 00:00:00,2022,2,0.0
8,2022-02-25 00:00:00,2022,2,0.0
8,2022-02-28 00:00:00,2022,2,0.0
8,2022-03-03 00:00:00,2022,3,0.0
8,2022-03-12 00:00:00,2022,3,0.0
8,2022-03-13 00:00:00,2022,3,0.0
8,2022-03-15 00:00:00,2022,3,0.0
8,2022-03-17 00:00:00,2022,3,0.0
8,2022-03-22 00:00:00,2022,3,1.599612113
8,2022-03-28 00:00:00,2022,3,0.0
8,2022-03-29 00:00:00,2022,3,0.0
8,2022-04-06 00:00:00,2022,4,0.0
8,2022-04-16 00:00:00,2022,4,0.0
8,2022-04-21 00:00:00,2022,4,0.0
8,2022-04-24 00:00:00,2022,4,0.0
8,2022-04-27 00:00:00,2022,4,0.0
8,2022-04-28 00:00:00,2022,4,0.0
8,2022-05-01 00:00:00,2022,5,0.0
8,2022-05-04 00:00:00,2022,5,0.0
8,2022-05-08 00:00:00,2022,5,0.0
8,2022-05-15 00:00:00,2022,5,0.0
8,2022-05-16 00:00:00,2022,5,2.535682243
8,2022-05-24 00:00:00,2022,5,0.0
8,2022-05-26 00:00:00,2022,5,0.069430536
8,2022-05-29 00:00:00,2022,5,0.0
8,2022-06-02 00:00:00,2022,6,0.0
8,2022-06-09 00:00:00,2022,6,0.0
8,2022-06-11 00:00:00,2022,6,0.0
8,2022-07-01 00:00:00,2022,7,15.11445304
8,2022-07-02 00:00:00,2022,7,4.429859932
8,2022-07-05 00:00:00,2022,7,0.099893128
8,2022-07-06 00:00:00,2022,7,9.659665718
8,2022-07-10 00:00:00,2022,7,6.516513511
8,2022-07-16 00:00:00,2022,7,0.0
8,2022-07-21 00:00:00,2022,7,0.843094618
8,2022-07-23 00:00:00,2022,7,0.713209795
8,2022-07-24 00:00:00,2022,7,0.07055465
8,2022-07-25 00:00:00,2022,7,4.485545168
8,2022-10-21 00:00:00,2022,10,2.7458145513
8,2022-10-24 00:00:00,2022,10,0.0
8,2022-10-28 00:00:00,2022,10,0.8924077244
8,2022-10-29 00:00:00,2022,10,5.266959391
8,2022-10-30 00:00:00,2022,10,5.1337412099
8,2022-11-04 00:00:00,2022,11,7.8947503163
8,2022-11-07 00:00:00,2022,11,0.0
8,2022-11-12 00:00:00,2022,11,29.4005057553
8,2022-11-13 00:00:00,2022,11,43.4640164992
8,2022-11-23 00:00:00,2022,11,16.888961113
8,2022-11-27 00:00:00,2022,11,4.5553394162
8,2022-12-08 00:00:00,2022,12,0.0
8,2022-12-11 00:00:00,2022,12,52.32443973
8,2022-12-15 00:00:00,2022,12,0.0
8,2022-12-16 00:00:00,2022,12,0.0
8,2022-12-20 00:00:00,2022,12,0.0
8,2022-12-23 00:00:00,2022,12,0.0
8,2022-12-24 00:00:00,2022,12,0.0
10,2022-01-08 00:00:00,2022,1,0.0
10,2022-01-09 00:00:00,2022,1,0.0
10,2022-01-15 00:00:00,2022,1,1.013999354
10,2022-01-17 00:00:00,2022,1,0.0
10,2022-01-23 00:00:00,2022,1,0.0
10,2022-01-27 00:00:00,2022,1,0.0
10,2022-01-30 00:00:00,2022,1,0.0
10,2022-02-01 00:00:00,2022,2,0.0
10,2022-02-04 00:00:00,2022,2,0.0
10,2022-02-12 00:00:00,2022,2,0.0
10,2022-02-13 00:00:00,2022,2,0.0
10,2022-02-19 00:00:00,2022,2,4.093871023
10,2022-02-20 00:00:00,2022,2,0.254979692
10,2022-02-23 00:00:00,2022,2,0.0
10,2022-03-01 00:00:00,2022,3,0.0
10,2022-03-02 00:00:00,2022,3,0.0
10,2022-03-04 00:00:00,2022,3,0.0
10,2022-03-05 00:00:00,2022,3,0.0
10,2022-03-09 00:00:00,2022,3,0.0
10,2022-03-10 00:00:00,2022,3,0.0
10,2022-03-12 00:00:00,2022,3,0.0
10,2022-03-13 00:00:00,2022,3,0.0
10,2022-03-15 00:00:00,2022,3,0.0
10,2022-03-24 00:00:00,2022,3,0.0
10,2022-03-28 00:00:00,2022,3,0.0
10,2022-03-29 00:00:00,2022,3,0.0
10,2022-03-30 00:00:00,2022,3,0.0
10,2022-04-01 00:00:00,2022,4,0.0
10,2022-04-02 00:00:00,2022,4,0.0
10,2022-04-05 00:00:00,2022,4,0.0
10,2022-04-09 00:00:00,2022,4,0.0
10,2022-04-15 00:00:00,2022,4,0.0
10,2022-05-04 00:00:00,2022,5,0.00033797
10,2022-05-08 00:00:00,2022,5,0.761510635
10,2022-05-11 00:00:00,2022,5,22.14660349
10,2022-05-13 00:00:00,2022,5,0.154549598
10,2022-05-15 00:00:00,2022,5,0.0
10,2022-05-20 00:00:00,2022,5,0.18022772
10,2022-05-24 00:00:00,2022,5,15.42596969
10,2022-05-25 00:00:00,2022,5,8.981580031
10,2022-05-28 00:00:00,2022,5,0.0
10,2022-05-29 00:00:00,2022,5,2.116261977
10,2022-06-17 00:00:00,2022,6,0.87150436
10,2022-06-21 00:00:00,2022,6,33.80220468
10,2022-06-28 00:00:00,2022,6,4.172848361
10,2022-07-04 00:00:00,2022,7,4.12218488
10,2022-07-05 00:00:00,2022,7,1.144300434
10,2022-07-12 00:00:00,2022,7,15.54918884
10,2022-07-17 00:00:00,2022,7,26.78724305
10,2022-07-20 00:00:00,2022,7,0.118970365
10,2022-07-26 00:00:00,2022,7,1.024082618
10,2022-08-01 00:00:00,2022,8,0.566260638
10,2022-08-05 00:00:00,2022,8,6.250734923
10,2022-08-20 00:00:00,2022,8,2.951111638
10,2022-08-26 00:00:00,2022,8,0.700953466
10,2022-08-28 00:00:00,2022,8,3.603683392
10,2022-08-30 00:00:00,2022,8,4.158291111
10,2022-09-05 00:00:00,2022,9,5.903204137
10,2022-09-20 00:00:00,2022,9,14.71206325
10,2022-09-21 00:00:00,2022,9,0.288525974
10,2022-09-28 00:00:00,2022,9,0.567737475
10,2022-09-29 00:00:00,2022,9,0.516026676
10,2022-10-07 00:00:00,2022,10,16.88894226
10,2022-10-09 00:00:00,2022,10,24.65560409
10,2022-10-11 00:00:00,2022,10,2.56578698
10,2022-10-12 00:00:00,2022,10,0.188154901
10,2022-10-16 00:00:00,2022,10,8.3531462964
10,2022-10-19 00:00:00,2022,10,0.1418965046
10,2022-10-23 00:00:00,2022,10,0.0
10,2022-10-30 00:00:00,2022,10,0.0
10,2022-10-31 00:00:00,2022,10,0.0
10,2022-11-11 00:00:00,2022,11,0.0
10,2022-11-13 00:00:00,2022,11,0.0
10,2022-11-14 00:00:00,2022,11,0.0
10,2022-11-19 00:00:00,2022,11,0.0
10,2022-11-20 00:00:00,2022,11,0.0
10,2022-11-27 00:00:00,2022,11,0.0
10,2022-12-02 00:00:00,2022,12,0.0
10,2022-12-03 00:00:00,2022,12,0.0
10,2022-12-07 00:00:00,2022,12,0.0
10,2022-12-09 00:00:00,2022,12,0.0
10,2022-12-11 00:00:00,2022,12,0.0404954305
10,2022-12-12 00:00:00,2022,12,0.0412161925
10,2022-12-15 00:00:00,2022,12,0.0
10,2022-12-19 00:00:00,2022,12,0.0
10,2022-12-21 00:00:00,2022,12,0.0
10,2022-12-28 00:00:00,2022,12,0.0
10,2022-12-29 00:00:00,2022,12,0.0
11,2022-01-11 00:00:00,2022,1,0.0
11,2022-01-12 00:00:00,2022,1,0.027394031
11,2022-01-13 00:00:00,2022,1,6.473722362
11,2022-01-16 00:00:00,2022,1,2.372821982
11,2022-01-17 00:00:00,2022,1,0.0
11,2022-01-26 00:00:00,2022,1,0.0
11,2022-02-01 00:00:00,2022,2,0.0
11,2022-02-05 00:00:00,2022,2,0.001682581
11,2022-02-06 00:00:00,2022,2,0.0
11,2022-02-19 00:00:00,2022,2,0.0
11,2022-02-20 00:00:00,2022,2,0.0
11,2022-02-28 00:00:00,2022,2,0.0
11,2022-03-10 00:00:00,2022,3,0.0
11,2022-03-11 00:00:00,2022,3,0.0
11,2022-03-21 00:00:00,2022,3,0.0
11,2022-03-26 00:00:00,2022,3,0.0
11,2022-03-31 00:00:00,2022,3,0.0
11,2022-04-06 00:00:00,2022,4,0.052303886
11,2022-04-08 00:00:00,2022,4,0.006660023
11,2022-04-10 00:00:00,2022,4,0.915273567
11,2022-04-17 00:00:00,2022,4,0.0
11,2022-04-23 00:00:00,2022,4,0.0
11,2022-04-28 00:00:00,2022,4,0.679112604
11,2022-05-02 00:00:00,2022,5,4.893729431
3,2022-03-17 00:00:00,2022,3,0.0
3,2022-03-18 00:00:00,2022,3,0.0
3,2022-03-19 00:00:00,2022,3,0.0
3,2022-03-22 00:00:00,2022,3,5.110472229
3,2022-03-25 00:00:00,2022,3,0.337963045
3,2022-03-27 00:00:00,2022,3,0.0
3,2022-04-05 00:00:00,2022,4,0.112620743
3,2022-04-09 00:00:00,2022,4,0.0
3,2022-04-11 00:00:00,2022,4,0.005916011
3,2022-04-17 00:00:00,2022,4,0.315851221
3,2022-04-20 00:00:00,2022,4,1.82440827
3,2022-04-24 00:00:00,2022,4,2.126067143
3,2022-04-26 00:00:00,2022,4,2.466564493
3,2022-04-28 00:00:00,2022,4,0.372546109
3,2022-05-01 00:00:00,2022,5,0.0
3,2022-05-03 00:00:00,2022,5,0.816743283
3,2022-05-09 00:00:00,2022,5,4.976599201
3,2022-05-10 00:00:00,2022,5,0.07849765
3,2022-05-14 00:00:00,2022,5,0.0
3,2022-05-24 00:00:00,2022,5,0.0
3,2022-05-26 00:00:00,2022,5,0.157345878
3,2022-05-28 00:00:00,2022,5,0.427902643
3,2022-06-05 00:00:00,2022,6,0.0
3,2022-06-06 00:00:00,2022,6,2.688844785
3,2022-06-12 00:00:00,2022,6,2.2276887
3,2022-06-17 00:00:00,2022,6,7.227592623
3,2022-06-25 00:00:00,2022,6,11.53070304
3,2022-06-28 00:00:00,2022,6,5.870172841
3,2022-06-30 00:00:00,2022,6,5.195605832
3,2022-07-01 00:00:00,2022,7,8.688542719
3,2022-07-04 00:00:00,2022,7,3.207564808
3,2022-07-07 00:00:00,2022,7,5.285721367
3,2022-07-09 00:00:00,2022,7,19.74500369
3,2022-07-11 00:00:00,2022,7,13.51872381
3,2022-07-13 00:00:00,2022,7,4.778261988
3,2022-07-19 00:00:00,2022,7,3.071426503
3,2022-07-21 00:00:00,2022,7,3.777995229
3,2022-07-29 00:00:00,2022,7,0.15071146
3,2022-08-02 00:00:00,2022,8,4.522974324
3,2022-08-11 00:00:00,2022,8,0.398852116
3,2022-08-13 00:00:00,2022,8,0.0
3,2022-08-16 00:00:00,2022,8,0.634807049
3,2022-08-21 00:00:00,2022,8,3.088552259
3,2022-08-27 00:00:00,2022,8,9.562729337
3,2022-09-06 00:00:00,2022,9,7.183538228
3,2022-09-11 00:00:00,2022,9,36.84963695
3,2022-09-13 00:00:00,2022,9,13.76894722
3,2022-09-16 00:00:00,2022,9,3.474352672
3,2022-09-18 00:00:00,2022,9,0.23635538
3,2022-09-22 00:00:00,2022,9,2.12895364
3,2022-09-23 00:00:00,2022,9,3.333685788
3,2022-10-02 00:00:00,2022,10,3.379369729
3,2022-10-04 00:00:00,2022,10,2.722261416
3,2022-10-05 00:00:00,2022,10,5.615599242
3,2022-10-06 00:00:00,2022,10,23.02951554
3,2022-10-09 00:00:00,2022,10,5.979446695
3,2022-10-10 00:00:00,2022,10,21.89176084
3,2022-10-19 00:00:00,2022,10,3.1050448261
3,2022-10-28 00:00:00,2022,10,0.0
3,2022-11-12 00:00:00,2022,11,0.0
3,2022-11-16 00:00:00,2022,11,0.0
3,2022-11-29 00:00:00,2022,11,0.0
3,2022-12-04 00:00:00,2022,12,0.5632917114
3,2022-12-14 00:00:00,2022,12,0.0
3,2022-12-16 00:00:00,2022,12,0.0
3,2022-12-17 00:00:00,2022,12,0.0
3,2022-12-18 00:00:00,2022,12,0.0
3,2022-12-23 00:00:00,2022,12,0.0
4,2022-01-03 00:00:00,2022,1,0.0
4,2022-01-13 00:00:00,2022,1,5.406666748
4,2022-01-18 00:00:00,2022,1,0.280542172
4,2022-01-19 00:00:00,2022,1,0.0
4,2022-01-23 00:00:00,2022,1,0.0
4,2022-01-27 00:00:00,2022,1,0.172913176
4,2022-01-28 00:00:00,2022,1,0.0
4,2022-01-29 00:00:00,2022,1,0.0
4,2022-01-31 00:00:00,2022,1,0.0
4,2022-02-02 00:00:00,2022,2,0.0
4,2022-02-06 00:00:00,2022,2,0.0
4,2022-02-07 00:00:00,2022,2,0.0
4,2022-02-09 00:00:00,2022,2,0.0
4,2022-02-21 00:00:00,2022,2,0.0
4,2022-02-28 00:00:00,2022,2,0.0
4,2022-03-03 00:00:00,2022,3,0.0
4,2022-03-14 00:00:00,2022,3,0.0
4,2022-03-15 00:00:00,2022,3,0.0
4,2022-03-22 00:00:00,2022,3,0.004018956
4,2022-03-27 00:00:00,2022,3,0.0
4,2022-03-31 00:00:00,2022,3,0.0
4,2022-04-06 00:00:00,2022,4,0.0
4,2022-04-07 00:00:00,2022,4,0.000417933
4,2022-04-09 00:00:00,2022,4,0.0
4,2022-04-20 00:00:00,2022,4,0.002711117
4,2022-04-30 00:00:00,2022,4,0.0
4,2022-05-03 00:00:00,2022,5,0.0
4,2022-05-04 00:00:00,2022,5,4.533673618
4,2022-05-06 00:00:00,2022,5,0.0
4,2022-05-10 00:00:00,2022,5,0.008480768
4,2022-05-14 00:00:00,2022,5,0.0
4,2022-05-18 00:00:00,2022,5,0.0
4,2022-05-24 00:00:00,2022,5,0.0
4,2022-06-13 00:00:00,2022,6,2.634296048
4,2022-06-18 00:00:00,2022,6,3.619890575
4,2022-06-19 00:00:00,2022,6,0.170755224
4,2022-06-24 00:00:00,2022,6,0.808232454
4,2022-06-26 00:00:00,2022,6,0.081651079
4,2022-07-18 00:00:00,2022,7,26.06826096
4,2022-07-20 00:00:00,2022,7,0.734533714
4,2022-07-23 00:00:00,2022,7,43.69418228
4,2022-07-27 00:00:00,2022,7,3.625777661
4,2022-08-02 00:00:00,2022,8,10.13961832
4,2022-08-06 00:00:00,2022,8,13.14843832
4,2022-08-15 00:00:00,2022,8,0.267336757
4,2022-08-16 00:00:00,2022,8,5.308294271
4,2022-08-30 00:00:00,2022,8,3.762130306
4,2022-09-02 00:00:00,2022,9,9.204786661
4,2022-09-17 00:00:00,2022,9,0.0
4,2022-09-18 00:00:00,2022,9,0.0
4,2022-09-26 00:00:00,2022,9,0.164453938
4,2022-09-30 00:00:00,2022,9,2.232439698
4,2022-10-09 00:00:00,2022,10,8.656713938
4,2022-10-16 00:00:00,2022,10,16.4289431457
4,2022-10-19 00:00:00,2022,10,4.1641125434
4,2022-10-21 00:00:00,2022,10,1.3797384338
4,2022-10-22 00:00:00,2022,10,0.3318978452
4,2022-10-24 00:00:00,2022,10,0.0
4,2022-11-08 00:00:00,2022,11,0.0
4,2022-11-09 00:00:00,2022,11,0.0
4,2022-11-18 00:00:00,2022,11,0.0
4,2022-11-19 00:00:00,2022,11,0.0
4,2022-11-22 00:00:00,2022,11,1.0243619771
4,2022-12-02 00:00:00,2022,12,0.0
4,2022-12-08 00:00:00,2022,12,0.0
4,2022-12-14 00:00:00,2022,12,3.1458767886
4,2022-12-16 00:00:00,2022,12,0.0315396163
4,2022-12-24 00:00:00,2022,12,0.0
4,2022-12-29 00:00:00,2022,12,0.0
4,2022-12-31 00:00:00,2022,12,0.0
6,2022-01-02 00:00:00,2022,1,0.0
6,2022-01-05 00:00:00,2022,1,0.0
6,2022-01-11 00:00:00,2022,1,0.0
6,2022-01-12 00:00:00,2022,1,0.0
6,2022-01-13 00:00:00,2022,1,3.309678112
6,2022-01-14 00:00:00,2022,1,14.5068002
6,2022-01-16 00:00:00,2022,1,0.216269986
6,2022-02-01 00:00:00,2022,2,0.0
6,2022-02-04 00:00:00,2022,2,0.0
6,2022-02-05 00:00:00,2022,2,0.0
6,2022-02-12 00:00:00,2022,2,0.0
6,2022-02-14 00:00:00,2022,2,0.0
6,2022-02-17 00:00:00,2022,2,0.0
6,2022-02-19 00:00:00,2022,2,0.0
6,2022-02-20 00:00:00,2022,2,0.0
6,2022-02-28 00:00:00,2022,2,0.0
6,2022-03-03 00:00:00,2022,3,0.0
6,2022-03-07 00:00:00,2022,3,0.0
6,2022-03-08 00:00:00,2022,3,0.0
6,2022-03-09 00:00:00,2022,3,0.0
6,2022-03-16 00:00:00,2022,3,0.0
6,2022-03-26 00:00:00,2022,3,0.0
6,2022-03-29 00:00:00,2022,3,0.0
6,2022-04-03 00:00:00,2022,4,0.0
6,2022-04-05 00:00:00,2022,4,0.0
6,2022-04-08 00:00:00,2022,4,0.0
6,2022-04-09 00:00:00,2022,4,0.0
6,2022-04-12 00:00:00,2022,4,0.0
6,2022-04-17 00:00:00,2022,4,0.0
6,2022-04-15 00:00:00,2022,4,0.0
6,2022-04-23 00:00:00,2022,4,0.0
6,2022-04-28 00:00:00,2022,4,0.0
6,2022-05-01 00:00:00,2022,5,0.0
6,2022-05-04 00:00:00,2022,5,0.001219101
6,2022-05-07 00:00:00,2022,5,4.037642166
6,2022-05-09 00:00:00,2022,5,4.858164307
6,2022-05-12 00:00:00,2022,5,7.051084379
6,2022-05-13 00:00:00,2022,5,0.232576914
6,2022-05-19 00:00:00,2022,5,0.880548855
6,2022-05-20 00:00:00,2022,5,0.672868932
6,2022-06-03 00:00:00,2022,6,0.000999244
6,2022-06-07 00:00:00,2022,6,0.547579402
6,2022-06-12 00:00:00,2022,6,0.122058265
6,2022-06-13 00:00:00,2022,6,3.079412791
6,2022-06-20 00:00:00,2022,6,9.144048247
6,2022-06-21 00:00:00,2022,6,5.231559334
6,2022-07-02 00:00:00,2022,7,1.951718478
6,2022-07-05 00:00:00,2022,7,9.266608951
6,2022-07-12 00:00:00,2022,7,25.54729458
6,2022-07-14 00:00:00,2022,7,1.03686452
6,2022-07-22 00:00:00,2022,7,7.329277543
6,2022-07-23 00:00:00,2022,7,24.96741645
6,2022-08-07 00:00:00,2022,8,8.897330453
6,2022-08-10 00:00:00,2022,8,2.116760135
6,2022-08-12 00:00:00,2022,8,0.657895379
6,2022-08-13 00:00:00,2022,8,0.0
6,2022-08-19 00:00:00,2022,8,2.379423969
6,2022-08-31 00:00:00,2022,8,0.188523375
1,2022-01-27 00:00:00,2022,1,0.671001975
1,2022-02-03 00:00:00,2022,2,0.0
1,2022-02-11 00:00:00,2022,2,0.0
1,2022-02-20 00:00:00,2022,2,0.0
1,2022-02-21 00:00:00,2022,2,0.0
1,2022-04-04 00:00:00,2022,4,0.0
1,2022-04-12 00:00:00,2022,4,0.0
1,2022-05-15 00:00:00,2022,5,0.257039303
1,2022-05-17 00:00:00,2022,5,4.845010178
1,2022-05-26 00:00:00,2022,5,0.000163241
1,2022-06-06 00:00:00,2022,6,15.27498495
1,2022-06-30 00:00:00,2022,6,1.373075905
1,2022-07-02 00:00:00,2022,7,1.06108854
1,2022-07-15 00:00:00,2022,7,0.281121307
1,2022-05-09 00:00:00,2022,5,1.215654012
1,2022-05-13 00:00:00,2022,5,7.026650153
1,2022-03-09 00:00:00,2022,3,0.0
1,2022-03-24 00:00:00,2022,3,0.022445234
1,2022-03-26 00:00:00,2022,3,0.0
1,2022-05-29 00:00:00,2022,5,0.0
1,2022-06-02 00:00:00,2022,6,0.65351971
1,2022-04-01 00:00:00,2022,4,0.0
1,2022-04-07 00:00:00,2022,4,0.0
1,2022-06-10 00:00:00,2022,6,0.0
1,2022-06-19 00:00:00,2022,6,16.14775268
1,2022-06-28 00:00:00,2022,6,0.122204457
1,2022-07-04 00:00:00,2022,7,0.136372728
1,2022-07-05 00:00:00,2022,7,0.055330597
1,2022-07-07 00:00:00,2022,7,3.159614231
1,2022-07-09 00:00:00,2022,7,1.634649463
1,2022-04-17 00:00:00,2022,4,2.558692037
1,2022-04-23 00:00:00,2022,4,0.370355171
1,2022-01-06 00:00:00,2022,1,0.0
1,2022-01-14 00:00:00,2022,1,0.070735006
1,2022-01-25 00:00:00,2022,1,0.0
1,2022-01-30 00:00:00,2022,1,0.0
1,2022-01-31 00:00:00,2022,1,0.0
1,2022-02-02 00:00:00,2022,2,0.0
1,2022-02-06 00:00:00,2022,2,0.0
1,2022-02-24 00:00:00,2022,2,0.0
1,2022-03-04 00:00:00,2022,3,0.0
1,2022-10-16 00:00:00,2022,10,3.7476377168
1,2022-10-26 00:00:00,2022,10,0.0
1,2022-10-28 00:00:00,2022,10,0.0
1,2022-11-01 00:00:00,2022,11,0.0
1,2022-11-02 00:00:00,2022,11,6.5850467912
1,2022-11-08 00:00:00,2022,11,0.0
1,2022-11-10 00:00:00,2022,11,0.0
1,2022-11-21 00:00:00,2022,11,0.0146216086
1,2022-11-27 00:00:00,2022,11,0.0
1,2022-11-30 00:00:00,2022,11,0.0
1,2022-12-01 00:00:00,2022,12,0.0
1,2022-12-03 00:00:00,2022,12,0.0
1,2022-12-08 00:00:00,2022,12,0.0
1,2022-12-10 00:00:00,2022,12,5.4296848429
1,2022-12-11 00:00:00,2022,12,32.7903173721
1,2022-12-14 00:00:00,2022,12,3.758819607
1,2022-12-22 00:00:00,2022,12,0.0
1,2022-12-27 00:00:00,2022,12,0.0306383957
1,2022-07-30 00:00:00,2022,7,3.984120499
1,2022-08-01 00:00:00,2022,8,25.0970244
1,2022-08-04 00:00:00,2022,8,16.62701643
1,2022-08-08 00:00:00,2022,8,0.110502462
1,2022-08-13 00:00:00,2022,8,0.004243657
1,2022-08-15 00:00:00,2022,8,0.222504566
1,2022-08-18 00:00:00,2022,8,0.0
1,2022-08-21 00:00:00,2022,8,0.000421203
1,2022-08-23 00:00:00,2022,8,0.762961909
1,2022-09-01 00:00:00,2022,9,0.310736486
1,2022-09-10 00:00:00,2022,9,2.326762959
1,2022-09-25 00:00:00,2022,9,0.017068347
1,2022-10-01 00:00:00,2022,10,9.579005004
1,2022-10-02 00:00:00,2022,10,11.1195936
1,2022-10-08 00:00:00,2022,10,0.346693991
1,2022-10-09 00:00:00,2022,10,0.005416809
1,2022-10-13 00:00:00,2022,10,33.30109665
2,2022-01-07 00:00:00,2022,1,0.0
2,2022-01-08 00:00:00,2022,1,0.0
2,2022-01-15 00:00:00,2022,1,1.965233225
2,2022-01-21 00:00:00,2022,1,0.0
2,2022-01-22 00:00:00,2022,1,0.0
2,2022-02-06 00:00:00,2022,2,0.0
2,2022-02-08 00:00:00,2022,2,0.0
2,2022-02-09 00:00:00,2022,2,0.0
2,2022-02-12 00:00:00,2022,2,0.0
2,2022-02-16 00:00:00,2022,2,0.0
2,2022-02-21 00:00:00,2022,2,0.0
2,2022-03-07 00:00:00,2022,3,0.045323046
2,2022-03-11 00:00:00,2022,3,0.0
2,2022-03-15 00:00:00,2022,3,0.0
2,2022-03-16 00:00:00,2022,3,0.0
2,2022-03-20 00:00:00,2022,3,0.020026169
2,2022-03-21 00:00:00,2022,3,0.011160584
2,2022-03-23 00:00:00,2022,3,0.0
2,2022-03-25 00:00:00,2022,3,0.0
2,2022-03-26 00:00:00,2022,3,0.0
2,2022-03-29 00:00:00,2022,3,0.0
2,2022-03-31 00:00:00,2022,3,0.0
2,2022-04-01 00:00:00,2022,4,0.0
2,2022-04-06 00:00:00,2022,4,0.0
2,2022-04-07 00:00:00,2022,4,6.4e-07
2,2022-04-14 00:00:00,2022,4,0.348332489
2,2022-04-22 00:00:00,2022,4,0.0
2,2022-04-28 00:00:00,2022,4,0.0
2,2022-05-01 00:00:00,2022,5,0.0963723
2,2022-05-05 00:00:00,2022,5,10.20431897
2,2022-05-07 00:00:00,2022,5,6.473564812
2,2022-05-12 00:00:00,2022,5,4.35178735
2,2022-05-13 00:00:00,2022,5,2.193538133
2,2022-06-03 00:00:00,2022,6,0.014421653
2,2022-06-06 00:00:00,2022,6,9.255267098
2,2022-06-14 00:00:00,2022,6,1.6e-07
2,2022-06-16 00:00:00,2022,6,4.095971543
2,2022-06-27 00:00:00,2022,6,0.000165508
2,2022-07-07 00:00:00,2022,7,0.985264128
2,2022-07-11 00:00:00,2022,7,0.604603167
2,2022-07-19 00:00:00,2022,7,2.128155631
2,2022-07-23 00:00:00,2022,7,0.204930949
2,2022-07-24 00:00:00,2022,7,0.094114274
2,2022-07-31 00:00:00,2022,7,2.514349035
2,2022-08-06 00:00:00,2022,8,4.628722879
2,2022-08-10 00:00:00,2022,8,0.001319764
2,2022-08-14 00:00:00,2022,8,0.00112228
2,2022-08-17 00:00:00,2022,8,11.94369375
2,2022-08-20 00:00:00,2022,8,0.0
2,2022-08-23 00:00:00,2022,8,2.885369466
2,2022-08-24 00:00:00,2022,8,5.223236458
2,2022-08-25 00:00:00,2022,8,4.760203838
2,2022-08-29 00:00:00,2022,8,10.80690908
2,2022-09-02 00:00:00,2022,9,6.684648231
2,2022-09-10 00:00:00,2022,9,5.714440654
2,2022-09-19 00:00:00,2022,9,0.112015493
2,2022-09-25 00:00:00,2022,9,0.0
2,2022-09-27 00:00:00,2022,9,3.771694243
2,2022-09-28 00:00:00,2022,9,3.628676061
2,2022-09-29 00:00:00,2022,9,1.562005771
2,2022-10-04 00:00:00,2022,10,0.0
2,2022-10-09 00:00:00,2022,10,6.389877317
2,2022-10-14 00:00:00,2022,10,3.9009008502
2,2022-10-17 00:00:00,2022,10,5.8923152456
2,2022-10-24 00:00:00,2022,10,0.0
2,2022-10-26 00:00:00,2022,10,0.0
2,2022-10-28 00:00:00,2022,10,0.7375040513
2,2022-11-12 00:00:00,2022,11,22.6808294425
2,2022-11-13 00:00:00,2022,11,17.8589837325
2,2022-11-18 00:00:00,2022,11,0.0
2,2022-11-23 00:00:00,2022,11,17.3730735816
2,2022-12-19 00:00:00,2022,12,0.021100315
2,2022-12-26 00:00:00,2022,12,14.3214156961
2,2022-12-31 00:00:00,2022,12,0.0
3,2022-01-08 00:00:00,2022,1,0.0
3,2022-01-10 00:00:00,2022,1,0.0
3,2022-01-15 00:00:00,2022,1,3.794586426
3,2022-01-19 00:00:00,2022,1,0.0
3,2022-01-26 00:00:00,2022,1,0.0
3,2022-01-28 00:00:00,2022,1,0.0
3,2022-01-29 00:00:00,2022,1,0.0
3,2022-02-05 00:00:00,2022,2,0.0
3,2022-02-18 00:00:00,2022,2,0.0
3,2022-02-22 00:00:00,2022,2,0.0
5,2022-11-22 00:00:00,2022,11,0.5158042978
5,2022-11-23 00:00:00,2022,11,10.0213798113
5,2022-11-24 00:00:00,2022,11,19.7177977169
5,2022-11-30 00:00:00,2022,11,0.0
5,2022-12-04 00:00:00,2022,12,0.013034461
5,2022-12-07 00:00:00,2022,12,0.0
5,2022-12-09 00:00:00,2022,12,0.1612413904
5,2022-12-15 00:00:00,2022,12,0.1488593077
5,2022-12-16 00:00:00,2022,12,0.0
5,2022-12-28 00:00:00,2022,12,0.0024251231
5,2022-12-30 00:00:00,2022,12,0.0
9,2023-10-21 00:00:00,2023,10,0.0716105349
9,2023-10-24 00:00:00,2023,10,0.0
9,2023-10-25 00:00:00,2023,10,0.0
9,2023-10-26 00:00:00,2023,10,0.0
9,2023-10-29 00:00:00,2023,10,0.1704596577
9,2023-11-02 00:00:00,2023,11,0.2268792973
9,2023-11-03 00:00:00,2023,11,4.7916418664
9,2023-11-10 00:00:00,2023,11,0.0183448711
9,2023-11-13 00:00:00,2023,11,0.0
9,2023-11-17 00:00:00,2023,11,0.0
9,2023-11-25 00:00:00,2023,11,15.5058437183
9,2023-12-10 00:00:00,2023,12,0.0
9,2023-12-22 00:00:00,2023,12,0.0
9,2023-12-23 00:00:00,2023,12,0.0
9,2023-12-27 00:00:00,2023,12,0.0
9,2023-12-28 00:00:00,2023,12,0.0
8,2023-01-10 00:00:00,2023,1,0.0
8,2023-01-12 00:00:00,2023,1,0.0
8,2023-01-26 00:00:00,2023,1,0.0
8,2023-01-27 00:00:00,2023,1,0.0
8,2023-02-02 00:00:00,2023,2,0.0
8,2023-02-20 00:00:00,2023,2,0.0
8,2023-03-09 00:00:00,2023,3,0.0
8,2023-03-10 00:00:00,2023,3,0.0
8,2023-03-12 00:00:00,2023,3,0.0
8,2023-03-21 00:00:00,2023,3,3.5582527939
8,2023-03-26 00:00:00,2023,3,1.2904257639
8,2023-04-02 00:00:00,2023,4,5.2790764146
8,2023-04-07 00:00:00,2023,4,0.0
8,2023-04-08 00:00:00,2023,4,0.0
8,2023-04-20 00:00:00,2023,4,0.0
8,2023-05-02 00:00:00,2023,5,4.417782684
8,2023-05-06 00:00:00,2023,5,5.4560478706
8,2023-05-07 00:00:00,2023,5,0.8079143418
8,2023-05-11 00:00:00,2023,5,0.0
8,2023-05-20 00:00:00,2023,5,0.0585379862
8,2023-05-24 00:00:00,2023,5,0.0001266753
8,2023-05-25 00:00:00,2023,5,0.0
8,2023-05-30 00:00:00,2023,5,0.2690325512
8,2023-05-31 00:00:00,2023,5,7.5072829386
8,2023-06-11 00:00:00,2023,6,0.149012021
8,2023-06-13 00:00:00,2023,6,1.1542888566
8,2023-06-19 00:00:00,2023,6,4.5806206117
8,2023-06-20 00:00:00,2023,6,3.3695905424
8,2023-06-30 00:00:00,2023,6,2.7233303675
8,2023-07-01 00:00:00,2023,7,0.0
8,2023-07-03 00:00:00,2023,7,2.4306537196
8,2023-07-05 00:00:00,2023,7,0.2684298817
8,2023-07-09 00:00:00,2023,7,0.2056133384
8,2023-07-15 00:00:00,2023,7,0.0
8,2023-07-20 00:00:00,2023,7,1.0822841227
8,2023-07-23 00:00:00,2023,7,2.3775700786
8,2023-07-26 00:00:00,2023,7,8.6601336121
8,2023-08-02 00:00:00,2023,8,0.0
8,2023-08-07 00:00:00,2023,8,0.0583502867
8,2023-08-08 00:00:00,2023,8,0.2563817934
8,2023-08-10 00:00:00,2023,8,6.1956358897
8,2023-08-15 00:00:00,2023,8,0.5043386732
8,2023-08-18 00:00:00,2023,8,0.090726211
8,2023-08-22 00:00:00,2023,8,0.4819119091
8,2023-08-23 00:00:00,2023,8,2.8358004907
8,2023-08-25 00:00:00,2023,8,0.0057494534
8,2023-08-26 00:00:00,2023,8,2.1131673919
8,2023-09-03 00:00:00,2023,9,38.6984486247
8,2023-10-03 00:00:00,2023,10,0.001590934
8,2023-10-06 00:00:00,2023,10,0.0
8,2023-10-08 00:00:00,2023,10,0.0548828963
8,2023-10-21 00:00:00,2023,10,0.7338758606
8,2023-10-25 00:00:00,2023,10,0.0
8,2023-10-31 00:00:00,2023,10,7.8339012312
8,2023-11-01 00:00:00,2023,11,0.0585941514
8,2023-11-02 00:00:00,2023,11,2.8098713832
8,2023-11-03 00:00:00,2023,11,9.7954336989
8,2023-11-06 00:00:00,2023,11,39.2079167424
8,2023-11-12 00:00:00,2023,11,0.0057494534
8,2023-11-14 00:00:00,2023,11,1.0045269657
8,2023-11-15 00:00:00,2023,11,1.8028933272
8,2023-11-16 00:00:00,2023,11,1.722346454
8,2023-11-18 00:00:00,2023,11,0.1205033816
8,2023-11-25 00:00:00,2023,11,25.9812265009
8,2023-12-10 00:00:00,2023,12,0.0973951301
8,2023-12-13 00:00:00,2023,12,0.0
8,2023-12-15 00:00:00,2023,12,0.2677969093
8,2023-12-18 00:00:00,2023,12,0.0789983432
8,2023-12-19 00:00:00,2023,12,0.0
8,2023-12-20 00:00:00,2023,12,0.0
8,2023-12-25 00:00:00,2023,12,0.0
8,2023-12-30 00:00:00,2023,12,0.0
10,2023-01-05 00:00:00,2023,1,0.0
10,2023-01-08 00:00:00,2023,1,0.0
10,2023-01-09 00:00:00,2023,1,0.0
10,2023-01-12 00:00:00,2023,1,0.0
10,2023-01-13 00:00:00,2023,1,0.0
10,2023-01-19 00:00:00,2023,1,0.0
10,2023-01-20 00:00:00,2023,1,0.0
10,2023-01-22 00:00:00,2023,1,0.0
10,2023-02-01 00:00:00,2023,2,0.0
10,2023-02-04 00:00:00,2023,2,0.0
10,2023-02-19 00:00:00,2023,2,0.0546666127
10,2023-03-03 00:00:00,2023,3,0.0
10,2023-03-11 00:00:00,2023,3,0.0
10,2023-03-17 00:00:00,2023,3,4.8740013052
10,2023-03-18 00:00:00,2023,3,0.0284304018
10,2023-03-22 00:00:00,2023,3,2.7134098532
10,2023-03-24 00:00:00,2023,3,3.0366841012
10,2023-04-05 00:00:00,2023,4,2.8929506547
10,2023-04-07 00:00:00,2023,4,0.4099002703
10,2023-04-13 00:00:00,2023,4,0.0
10,2023-05-03 00:00:00,2023,5,0.0833353505
10,2023-05-04 00:00:00,2023,5,13.9436856113
10,2023-05-07 00:00:00,2023,5,3.6556075585
10,2023-05-08 00:00:00,2023,5,3.5999839623
10,2023-05-12 00:00:00,2023,5,0.1738879673
10,2023-05-14 00:00:00,2023,5,0.0
10,2023-05-21 00:00:00,2023,5,0.0
10,2023-05-22 00:00:00,2023,5,5.6099607795
10,2023-05-24 00:00:00,2023,5,0.0
10,2023-05-26 00:00:00,2023,5,1.0110793171
10,2023-05-27 00:00:00,2023,5,0.0
10,2023-05-29 00:00:00,2023,5,0.3716318624
10,2023-06-02 00:00:00,2023,6,0.0
10,2023-06-03 00:00:00,2023,6,0.0
10,2023-06-05 00:00:00,2023,6,4.4595331376
10,2023-06-07 00:00:00,2023,6,0.0
10,2023-06-09 00:00:00,2023,6,0.5315759905
10,2023-06-14 00:00:00,2023,6,0.0095970323
10,2023-06-17 00:00:00,2023,6,1.1035610917
10,2023-06-20 00:00:00,2023,6,0.1628913859
10,2023-06-23 00:00:00,2023,6,9.1956077383
10,2023-06-25 00:00:00,2023,6,6.4798455677
10,2023-06-29 00:00:00,2023,6,0.0081142328
10,2023-07-01 00:00:00,2023,7,0.0
10,2023-07-03 00:00:00,2023,7,1.3977796924
10,2023-07-16 00:00:00,2023,7,1.6897880518
10,2023-07-29 00:00:00,2023,7,0.7208776256
10,2023-08-01 00:00:00,2023,8,3.5157891661
10,2023-08-09 00:00:00,2023,8,3.0198451631
10,2023-08-11 00:00:00,2023,8,2.1280831281
10,2023-08-12 00:00:00,2023,8,1.3537932724
10,2023-08-17 00:00:00,2023,8,0.5284676351
10,2023-08-19 00:00:00,2023,8,2.1700727666
10,2023-08-24 00:00:00,2023,8,2.3349491772
10,2023-08-30 00:00:00,2023,8,0.1751444635
10,2023-08-31 00:00:00,2023,8,0.0089704375
10,2023-09-01 00:00:00,2023,9,2.8639951229
10,2023-09-15 00:00:00,2023,9,0.0
10,2023-09-19 00:00:00,2023,9,6.5031065685
10,2023-09-20 00:00:00,2023,9,23.2261108571
10,2023-09-21 00:00:00,2023,9,6.6197951406
10,2023-09-23 00:00:00,2023,9,0.0048685397
10,2023-09-25 00:00:00,2023,9,1.9735626339
10,2023-10-02 00:00:00,2023,10,1.830834934
10,2023-10-06 00:00:00,2023,10,0.0
2,2023-05-23 00:00:00,2023,5,0.2175865909
2,2023-06-04 00:00:00,2023,6,0.074023092
2,2023-06-08 00:00:00,2023,6,0.0334502183
2,2023-06-18 00:00:00,2023,6,0.7805033219
2,2023-06-29 00:00:00,2023,6,0.2314666554
2,2023-07-04 00:00:00,2023,7,4.620443223
2,2023-07-23 00:00:00,2023,7,5.1290378023
2,2023-07-29 00:00:00,2023,7,0.2471962356
2,2023-08-01 00:00:00,2023,8,1.2361223747
2,2023-08-07 00:00:00,2023,8,0.3457109515
2,2023-08-10 00:00:00,2023,8,3.2413289004
2,2023-08-16 00:00:00,2023,8,4.0688200349
2,2023-08-28 00:00:00,2023,8,0.0825370934
2,2023-09-02 00:00:00,2023,9,4.1031162905
2,2023-09-04 00:00:00,2023,9,3.6412368117
2,2023-09-05 00:00:00,2023,9,2.2879753792
2,2023-09-10 00:00:00,2023,9,0.5750716418
2,2023-09-16 00:00:00,2023,9,5.8963973274
2,2023-09-18 00:00:00,2023,9,5.1177725755
2,2023-09-21 00:00:00,2023,9,1.9085909377
2,2023-09-25 00:00:00,2023,9,27.1339554945
2,2023-09-28 00:00:00,2023,9,4.5478431644
2,2023-10-21 00:00:00,2023,10,0.7964156751
2,2023-10-25 00:00:00,2023,10,0.0
2,2023-11-08 00:00:00,2023,11,5.3110795255
2,2023-11-09 00:00:00,2023,11,4.0742863907
2,2023-11-12 00:00:00,2023,11,0.0
2,2023-11-21 00:00:00,2023,11,3.483823249
2,2023-11-29 00:00:00,2023,11,8.7440354567
2,2023-12-01 00:00:00,2023,12,7.3143770951
2,2023-12-04 00:00:00,2023,12,36.0399969571
2,2023-12-09 00:00:00,2023,12,0.00707026
2,2023-12-13 00:00:00,2023,12,0.0
2,2023-12-15 00:00:00,2023,12,0.0043403445
2,2023-12-16 00:00:00,2023,12,2.0644368077
2,2023-12-24 00:00:00,2023,12,0.0
2,2023-12-29 00:00:00,2023,12,0.0
2,2023-12-31 00:00:00,2023,12,0.0
3,2023-01-15 00:00:00,2023,1,0.0
3,2023-01-24 00:00:00,2023,1,0.0
3,2023-01-29 00:00:00,2023,1,0.0
3,2023-01-31 00:00:00,2023,1,0.0
3,2023-02-01 00:00:00,2023,2,0.0
3,2023-02-23 00:00:00,2023,2,0.0
3,2023-02-24 00:00:00,2023,2,0.0
3,2023-02-25 00:00:00,2023,2,0.0
3,2023-03-17 00:00:00,2023,3,5.0412222204
3,2023-03-18 00:00:00,2023,3,2.0317315715
3,2023-03-24 00:00:00,2023,3,4.1552562885
3,2023-04-07 00:00:00,2023,4,3.8084640819
3,2023-04-08 00:00:00,2023,4,0.0
3,2023-04-18 00:00:00,2023,4,0.0
3,2023-04-21 00:00:00,2023,4,0.2864619823
3,2023-04-23 00:00:00,2023,4,13.149701877
3,2023-04-24 00:00:00,2023,4,2.8888027098
3,2023-04-26 00:00:00,2023,4,1.0729823276
3,2023-04-27 00:00:00,2023,4,0.0
3,2023-05-01 00:00:00,2023,5,22.6844858653
3,2023-05-04 00:00:00,2023,5,22.0777363926
3,2023-05-07 00:00:00,2023,5,3.6760983303
3,2023-05-08 00:00:00,2023,5,2.8108111079
3,2023-05-14 00:00:00,2023,5,0.0
3,2023-05-18 00:00:00,2023,5,0.0516222317
3,2023-05-22 00:00:00,2023,5,2.6386439946
3,2023-05-26 00:00:00,2023,5,3.4143173393
3,2023-06-09 00:00:00,2023,6,0.1620024734
3,2023-06-11 00:00:00,2023,6,0.0281515526
3,2023-06-12 00:00:00,2023,6,0.0
3,2023-06-18 00:00:00,2023,6,4.3510476459
3,2023-06-23 00:00:00,2023,6,4.2161309685
3,2023-06-27 00:00:00,2023,6,0.3411984394
3,2023-07-04 00:00:00,2023,7,16.347479678
3,2023-07-10 00:00:00,2023,7,1.1957886509
3,2023-07-11 00:00:00,2023,7,6.9424044684
3,2023-07-14 00:00:00,2023,7,16.8325257551
3,2023-07-16 00:00:00,2023,7,5.5040322768
3,2023-07-17 00:00:00,2023,7,7.2302025937
3,2023-07-23 00:00:00,2023,7,15.6051284899
3,2023-07-25 00:00:00,2023,7,17.1330428021
3,2023-07-26 00:00:00,2023,7,55.2424927857
3,2023-08-03 00:00:00,2023,8,1.0851837055
3,2023-08-04 00:00:00,2023,8,2.4680772056
3,2023-08-05 00:00:00,2023,8,1.8017059392
3,2023-08-07 00:00:00,2023,8,0.306513455
3,2023-08-12 00:00:00,2023,8,0.2680494511
3,2023-08-13 00:00:00,2023,8,0.0849593471
3,2023-08-16 00:00:00,2023,8,1.5135111255
3,2023-08-17 00:00:00,2023,8,4.8608118569
3,2023-09-04 00:00:00,2023,9,3.2548868617
3,2023-09-05 00:00:00,2023,9,27.7993905977
3,2023-09-06 00:00:00,2023,9,5.2871882799
3,2023-09-09 00:00:00,2023,9,0.7013971067
3,2023-09-24 00:00:00,2023,9,10.0989721468
3,2023-09-27 00:00:00,2023,9,0.5328845171
3,2023-10-02 00:00:00,2023,10,3.1963150338
3,2023-10-14 00:00:00,2023,10,0.0
3,2023-10-18 00:00:00,2023,10,0.0
3,2023-10-19 00:00:00,2023,10,0.0506608975
3,2023-10-29 00:00:00,2023,10,0.140151568
3,2023-10-31 00:00:00,2023,10,0.0
3,2023-11-03 00:00:00,2023,11,1.2829582303
3,2023-11-09 00:00:00,2023,11,2.3827029304
3,2023-11-10 00:00:00,2023,11,0.0
3,2023-11-23 00:00:00,2023,11,0.5010923464
3,2023-11-30 00:00:00,2023,11,0.0
3,2023-12-04 00:00:00,2023,12,12.406250596
3,2023-12-07 00:00:00,2023,12,16.030142721
3,2023-12-15 00:00:00,2023,12,0.0
3,2023-12-16 00:00:00,2023,12,0.0
3,2023-12-19 00:00:00,2023,12,0.0
3,2023-12-21 00:00:00,2023,12,0.0
3,2023-12-23 00:00:00,2023,12,0.0
3,2023-12-25 00:00:00,2023,12,0.0
4,2023-01-05 00:00:00,2023,1,0.436310691
4,2023-01-10 00:00:00,2023,1,0.0
4,2023-01-18 00:00:00,2023,1,0.0
4,2023-01-21 00:00:00,2023,1,0.0
4,2023-01-20 00:00:00,2023,1,0.0
4,2023-01-24 00:00:00,2023,1,0.0
4,2023-01-27 00:00:00,2023,1,0.0
4,2023-01-28 00:00:00,2023,1,0.0
4,2023-01-31 00:00:00,2023,1,0.0
4,2023-02-10 00:00:00,2023,2,0.0
4,2023-02-13 00:00:00,2023,2,0.0
4,2023-02-14 00:00:00,2023,2,0.0
4,2023-02-22 00:00:00,2023,2,0.0
4,2023-02-26 00:00:00,2023,2,0.0
4,2023-03-03 00:00:00,2023,3,0.0
4,2023-03-06 00:00:00,2023,3,0.0
4,2023-03-08 00:00:00,2023,3,0.0
4,2023-03-17 00:00:00,2023,3,13.5810645497
4,2023-03-18 00:00:00,2023,3,7.2673230757
4,2023-03-19 00:00:00,2023,3,14.3994643226
4,2023-03-22 00:00:00,2023,3,0.0247262952
4,2023-04-06 00:00:00,2023,4,0.0
4,2023-04-07 00:00:00,2023,4,0.0119916051
4,2023-04-10 00:00:00,2023,4,0.0
4,2023-04-11 00:00:00,2023,4,0.0
4,2023-04-13 00:00:00,2023,4,0.0
4,2023-04-26 00:00:00,2023,4,0.5667017235
4,2023-05-01 00:00:00,2023,5,34.0918690533
4,2023-05-02 00:00:00,2023,5,1.0848164191
4,2023-05-12 00:00:00,2023,5,0.477915575
4,2023-05-20 00:00:00,2023,5,1.6150987149
4,2023-05-26 00:00:00,2023,5,2.8574948718
4,2023-05-28 00:00:00,2023,5,0.1529813831
4,2023-06-01 00:00:00,2023,6,0.0
4,2023-06-10 00:00:00,2023,6,0.4236194548
4,2023-06-13 00:00:00,2023,6,0.0062105459
4,2023-06-15 00:00:00,2023,6,0.0
4,2023-06-24 00:00:00,2023,6,15.560068521
4,2023-07-02 00:00:00,2023,7,0.6444728627
4,2023-07-12 00:00:00,2023,7,1.080838444
4,2023-07-17 00:00:00,2023,7,3.8854661319
4,2023-07-22 00:00:00,2023,7,4.5061196168
4,2023-07-24 00:00:00,2023,7,26.9955048092
4,2023-08-04 00:00:00,2023,8,0.0153736996
4,2023-08-05 00:00:00,2023,8,0.2508678081
4,2023-08-09 00:00:00,2023,8,0.0253377566
4,2023-08-20 00:00:00,2023,8,1.2616745073
4,2023-08-21 00:00:00,2023,8,1.6196067001
4,2023-08-23 00:00:00,2023,8,7.4372923539
4,2023-09-01 00:00:00,2023,9,0.0
4,2023-09-06 00:00:00,2023,9,24.5963657693
4,2023-09-17 00:00:00,2023,9,1.9406554358
4,2023-09-22 00:00:00,2023,9,13.7125887194
4,2023-09-23 00:00:00,2023,9,1.8036617842
4,2023-09-25 00:00:00,2023,9,2.8695841135
4,2023-10-05 00:00:00,2023,10,0.0
4,2023-10-07 00:00:00,2023,10,0.0
4,2023-10-12 00:00:00,2023,10,0.0025075996
4,2023-10-18 00:00:00,2023,10,0.0
4,2023-10-25 00:00:00,2023,10,0.0
4,2023-10-27 00:00:00,2023,10,0.0
4,2023-11-01 00:00:00,2023,11,0.0
4,2023-11-02 00:00:00,2023,11,0.9299262526
4,2023-11-04 00:00:00,2023,11,1.5051879464
4,2023-11-05 00:00:00,2023,11,0.5046878117
10,2023-10-20 00:00:00,2023,10,0.9629373249
10,2023-10-23 00:00:00,2023,10,0.0
10,2023-10-24 00:00:00,2023,10,0.0
10,2023-10-27 00:00:00,2023,10,0.0
10,2023-11-01 00:00:00,2023,11,0.0
10,2023-11-02 00:00:00,2023,11,0.0
10,2023-11-08 00:00:00,2023,11,0.3725403638
10,2023-11-11 00:00:00,2023,11,0.0
10,2023-11-13 00:00:00,2023,11,0.0
10,2023-11-16 00:00:00,2023,11,0.0
10,2023-11-28 00:00:00,2023,11,0.0
10,2023-11-30 00:00:00,2023,11,0.0
10,2023-12-04 00:00:00,2023,12,0.0736150524
10,2023-12-08 00:00:00,2023,12,0.0
10,2023-12-09 00:00:00,2023,12,0.3267960178
10,2023-12-10 00:00:00,2023,12,0.0
10,2023-12-13 00:00:00,2023,12,0.0
10,2023-12-14 00:00:00,2023,12,0.0
10,2023-12-19 00:00:00,2023,12,0.0
10,2023-12-21 00:00:00,2023,12,0.0
10,2023-12-22 00:00:00,2023,12,0.0
10,2023-12-30 00:00:00,2023,12,0.0
10,2023-12-31 00:00:00,2023,12,0.0
11,2023-01-06 00:00:00,2023,1,0.0
11,2023-01-09 00:00:00,2023,1,0.0
11,2023-01-10 00:00:00,2023,1,0.0
11,2023-01-25 00:00:00,2023,1,0.0
11,2023-02-08 00:00:00,2023,2,0.0
11,2023-02-15 00:00:00,2023,2,0.0
11,2023-02-18 00:00:00,2023,2,0.0
11,2023-02-24 00:00:00,2023,2,0.0
11,2023-03-03 00:00:00,2023,3,0.0
11,2023-03-07 00:00:00,2023,3,0.0
11,2023-03-11 00:00:00,2023,3,0.0
11,2023-03-17 00:00:00,2023,3,6.114884824
11,2023-03-22 00:00:00,2023,3,8.2513539194
11,2023-03-24 00:00:00,2023,3,2.6808159325
11,2023-03-27 00:00:00,2023,3,1.8558201823
11,2023-03-28 00:00:00,2023,3,3.5584951916
11,2023-03-29 00:00:00,2023,3,3.0903944508
11,2023-04-15 00:00:00,2023,4,1.8331744269
11,2023-04-26 00:00:00,2023,4,3.4550084431
11,2023-04-30 00:00:00,2023,4,1.3546039256
11,2023-05-02 00:00:00,2023,5,17.9821172422
11,2023-05-03 00:00:00,2023,5,4.0132134959
11,2023-05-08 00:00:00,2023,5,4.0206501897
11,2023-05-09 00:00:00,2023,5,1.7738318062
11,2023-05-14 00:00:00,2023,5,0.0
11,2023-05-18 00:00:00,2023,5,0.0045937246
11,2023-05-26 00:00:00,2023,5,8.5537392653
11,2023-06-02 00:00:00,2023,6,0.1737713747
11,2023-06-05 00:00:00,2023,6,6.8253389205
11,2023-06-06 00:00:00,2023,6,0.4136626648
11,2023-06-11 00:00:00,2023,6,0.125896619
11,2023-06-13 00:00:00,2023,6,0.3880526176
11,2023-06-17 00:00:00,2023,6,0.0611963898
11,2023-06-18 00:00:00,2023,6,2.2357659134
11,2023-06-20 00:00:00,2023,6,2.0118084339
11,2023-06-23 00:00:00,2023,6,6.0385772595
11,2023-06-24 00:00:00,2023,6,1.930632373
11,2023-07-01 00:00:00,2023,7,0.0
11,2023-07-02 00:00:00,2023,7,2.3844881057
11,2023-07-03 00:00:00,2023,7,8.4798108922
11,2023-07-15 00:00:00,2023,7,2.6287538173
11,2023-07-19 00:00:00,2023,7,32.7587781193
11,2023-07-27 00:00:00,2023,7,25.6834898232
11,2023-07-28 00:00:00,2023,7,0.4237364917
11,2023-07-29 00:00:00,2023,7,0.5491837504
11,2023-08-02 00:00:00,2023,8,4.5177761101
11,2023-08-04 00:00:00,2023,8,2.642519778
11,2023-08-08 00:00:00,2023,8,0.1960616796
11,2023-08-16 00:00:00,2023,8,1.1100250165
11,2023-08-17 00:00:00,2023,8,2.1422552153
11,2023-08-19 00:00:00,2023,8,2.0813741605
11,2023-08-20 00:00:00,2023,8,0.8524711074
11,2023-08-24 00:00:00,2023,8,2.9077513292
11,2023-08-29 00:00:00,2023,8,0.2337891219
11,2023-09-01 00:00:00,2023,9,2.8781751646
11,2023-09-05 00:00:00,2023,9,19.5135180713
11,2023-09-06 00:00:00,2023,9,11.5661698547
11,2023-09-23 00:00:00,2023,9,0.2091598541
11,2023-09-26 00:00:00,2023,9,9.2155322958
11,2023-10-01 00:00:00,2023,10,6.7840516643
11,2023-10-04 00:00:00,2023,10,2.8764618466
11,2023-10-05 00:00:00,2023,10,0.0
11,2023-10-07 00:00:00,2023,10,0.0
11,2023-10-10 00:00:00,2023,10,0.0338824928
11,2023-10-18 00:00:00,2023,10,0.0
11,2023-10-20 00:00:00,2023,10,1.3886638733
11,2023-10-26 00:00:00,2023,10,0.3954932286
11,2023-10-28 00:00:00,2023,10,0.0
11,2023-11-01 00:00:00,2023,11,0.0
11,2023-11-02 00:00:00,2023,11,0.0117573964
11,2023-11-06 00:00:00,2023,11,0.287412859
11,2023-11-08 00:00:00,2023,11,1.541392598
11,2023-11-09 00:00:00,2023,11,1.0199298593
11,2023-11-16 00:00:00,2023,11,0.0
11,2023-11-22 00:00:00,2023,11,5.346796841
11,2023-12-11 00:00:00,2023,12,0.0
11,2023-12-19 00:00:00,2023,12,0.0
12,2023-01-10 00:00:00,2023,1,0.0
12,2023-01-11 00:00:00,2023,1,0.0
12,2023-01-17 00:00:00,2023,1,0.0
12,2023-01-22 00:00:00,2023,1,0.0
12,2023-02-02 00:00:00,2023,2,0.0
12,2023-02-05 00:00:00,2023,2,0.0
12,2023-02-08 00:00:00,2023,2,0.0
12,2023-02-11 00:00:00,2023,2,0.0
12,2023-02-27 00:00:00,2023,2,0.0
12,2023-03-14 00:00:00,2023,3,0.0
12,2023-03-17 00:00:00,2023,3,5.8770042996
12,2023-03-22 00:00:00,2023,3,11.32193828
12,2023-03-23 00:00:00,2023,3,3.5018830381
12,2023-03-31 00:00:00,2023,3,0.2393087472
12,2023-04-08 00:00:00,2023,4,0.150112488
12,2023-04-11 00:00:00,2023,4,0.0
12,2023-04-18 00:00:00,2023,4,0.0
12,2023-04-19 00:00:00,2023,4,0.0
12,2023-04-20 00:00:00,2023,4,0.0
12,2023-05-01 00:00:00,2023,5,0.4118802335
12,2023-05-04 00:00:00,2023,5,6.5653069324
12,2023-05-13 00:00:00,2023,5,0.0
12,2023-05-20 00:00:00,2023,5,7.1038698817
12,2023-05-21 00:00:00,2023,5,0.1105931145
12,2023-05-22 00:00:00,2023,5,5.6218678439
12,2023-05-27 00:00:00,2023,5,0.1215122624
12,2023-05-29 00:00:00,2023,5,1.2201006877
12,2023-06-01 00:00:00,2023,6,1.2223332655
12,2023-06-05 00:00:00,2023,6,10.7111611483
12,2023-06-08 00:00:00,2023,6,3.0958753871
12,2023-06-09 00:00:00,2023,6,2.1172499399
12,2023-06-11 00:00:00,2023,6,0.3915945367
12,2023-06-19 00:00:00,2023,6,23.757352451
12,2023-06-25 00:00:00,2023,6,0.7207872863
12,2023-06-26 00:00:00,2023,6,8.3024506882
12,2023-06-28 00:00:00,2023,6,1.3120977942
12,2023-06-29 00:00:00,2023,6,0.0219715657
12,2023-07-11 00:00:00,2023,7,11.5609269631
12,2023-07-16 00:00:00,2023,7,3.2214724816
12,2023-07-19 00:00:00,2023,7,33.9887755093
12,2023-08-09 00:00:00,2023,8,0.2773697514
12,2023-08-15 00:00:00,2023,8,6.5783582053
12,2023-08-16 00:00:00,2023,8,11.1921708719
12,2023-08-17 00:00:00,2023,8,2.1989835026
12,2023-08-18 00:00:00,2023,8,21.8093457086
12,2023-08-25 00:00:00,2023,8,19.4318779547
12,2023-08-26 00:00:00,2023,8,27.3585858762
12,2023-08-30 00:00:00,2023,8,0.0643818737
12,2023-09-02 00:00:00,2023,9,7.1427010461
12,2023-09-01 00:00:00,2023,9,0.6833316172
12,2023-09-10 00:00:00,2023,9,0.1086822357
12,2023-09-24 00:00:00,2023,9,12.0690753474
12,2023-09-30 00:00:00,2023,9,2.9042875761
12,2023-10-02 00:00:00,2023,10,4.6474718208
12,2023-10-04 00:00:00,2023,10,3.7191378343
12,2023-10-05 00:00:00,2023,10,0.0
12,2023-10-24 00:00:00,2023,10,0.0
12,2023-10-25 00:00:00,2023,10,1.316416787
12,2023-10-27 00:00:00,2023,10,0.0919692734
12,2023-10-29 00:00:00,2023,10,0.0
12,2023-11-04 00:00:00,2023,11,3.728887947
12,2023-11-11 00:00:00,2023,11,0.0
12,2023-11-24 00:00:00,2023,11,0.3118568661
12,2023-11-27 00:00:00,2023,11,0.0
12,2023-11-29 00:00:00,2023,11,0.0
12,2023-12-02 00:00:00,2023,12,0.0
12,2023-12-07 00:00:00,2023,12,10.4318722028
12,2023-12-16 00:00:00,2023,12,0.0
1,2023-04-16 00:00:00,2023,4,0.0
1,2023-04-28 00:00:00,2023,4,0.0
1,2023-04-30 00:00:00,2023,4,4.9622950607
1,2023-05-06 00:00:00,2023,5,0.0587419955
1,2023-05-09 00:00:00,2023,5,2.0952735345
1,2023-05-10 00:00:00,2023,5,0.7836023181
1,2023-05-15 00:00:00,2023,5,0.0
1,2023-05-19 00:00:00,2023,5,0.0
1,2023-05-27 00:00:00,2023,5,0.0
1,2023-05-29 00:00:00,2023,5,1.2605580836
1,2023-06-03 00:00:00,2023,6,0.1987271116
1,2023-06-13 00:00:00,2023,6,0.2833698519
1,2023-06-15 00:00:00,2023,6,0.0008475552
1,2023-06-22 00:00:00,2023,6,10.7727085515
1,2023-06-25 00:00:00,2023,6,0.4250316097
1,2023-06-30 00:00:00,2023,6,0.6275103692
1,2023-07-05 00:00:00,2023,7,5.7285053592
1,2023-07-06 00:00:00,2023,7,0.1995624606
1,2023-07-09 00:00:00,2023,7,0.2066854382
1,2023-07-16 00:00:00,2023,7,0.8479594667
1,2023-07-17 00:00:00,2023,7,0.5535642421
1,2023-07-19 00:00:00,2023,7,1.6458898353
1,2023-07-21 00:00:00,2023,7,5.2767479608
1,2023-07-23 00:00:00,2023,7,1.7492147576
1,2023-07-25 00:00:00,2023,7,5.6298432344
1,2023-07-28 00:00:00,2023,7,0.0672692687
1,2023-08-03 00:00:00,2023,8,0.0
1,2023-08-12 00:00:00,2023,8,0.056585683
1,2023-08-13 00:00:00,2023,8,0.0
1,2023-08-20 00:00:00,2023,8,2.1056790502
1,2023-08-22 00:00:00,2023,8,0.0
1,2023-08-23 00:00:00,2023,8,0.0476267818
1,2023-08-25 00:00:00,2023,8,0.0
1,2023-08-29 00:00:00,2023,8,0.2852175124
1,2023-09-04 00:00:00,2023,9,28.7181242653
1,2023-09-11 00:00:00,2023,9,0.0
1,2023-09-14 00:00:00,2023,9,0.518584667
1,2023-09-19 00:00:00,2023,9,0.0130889404
1,2023-09-20 00:00:00,2023,9,0.3054425484
1,2023-09-21 00:00:00,2023,9,0.1760581111
1,2023-09-23 00:00:00,2023,9,11.3380801635
1,2023-10-03 00:00:00,2023,10,0.0052661402
1,2023-10-06 00:00:00,2023,10,0.2943867143
1,2023-10-10 00:00:00,2023,10,0.0816771926
1,2023-10-11 00:00:00,2023,10,0.0
1,2023-10-13 00:00:00,2023,10,0.0
1,2023-10-16 00:00:00,2023,10,0.0
1,2023-10-22 00:00:00,2023,10,1.2015142657
1,2023-10-28 00:00:00,2023,10,0.0
1,2023-11-03 00:00:00,2023,11,7.02121e-05
1,2023-11-11 00:00:00,2023,11,0.0
1,2023-11-13 00:00:00,2023,11,0.0
1,2023-11-20 00:00:00,2023,11,0.0
1,2023-12-03 00:00:00,2023,12,0.563438028
1,2023-12-04 00:00:00,2023,12,0.1963956862
1,2023-12-08 00:00:00,2023,12,0.8891299566
1,2023-12-11 00:00:00,2023,12,0.0
1,2023-12-19 00:00:00,2023,12,0.0
1,2023-12-24 00:00:00,2023,12,0.0
1,2023-12-26 00:00:00,2023,12,0.0
2,2023-01-07 00:00:00,2023,1,0.0
2,2023-01-10 00:00:00,2023,1,0.0
2,2023-01-14 00:00:00,2023,1,0.0
2,2023-01-17 00:00:00,2023,1,0.0
2,2023-01-21 00:00:00,2023,1,0.0439942879
2,2023-01-22 00:00:00,2023,1,0.0001652674
2,2023-01-24 00:00:00,2023,1,0.0
2,2023-01-29 00:00:00,2023,1,0.0
2,2023-02-10 00:00:00,2023,2,0.0
2,2023-02-12 00:00:00,2023,2,0.0
2,2023-02-18 00:00:00,2023,2,0.0
2,2023-02-19 00:00:00,2023,2,0.0
2,2023-02-26 00:00:00,2023,2,0.0
2,2023-03-01 00:00:00,2023,3,0.0
2,2023-03-06 00:00:00,2023,3,0.0
2,2023-03-12 00:00:00,2023,3,0.0
2,2023-03-18 00:00:00,2023,3,5.3097208975
2,2023-03-21 00:00:00,2023,3,4.9784126437
2,2023-03-23 00:00:00,2023,3,0.3562794409
2,2023-03-24 00:00:00,2023,3,0.6507974524
2,2023-03-31 00:00:00,2023,3,0.1786186134
2,2023-04-08 00:00:00,2023,4,0.0
2,2023-04-15 00:00:00,2023,4,0.0
2,2023-04-16 00:00:00,2023,4,0.0
2,2023-05-05 00:00:00,2023,5,5.2732142837
2,2023-05-11 00:00:00,2023,5,0.0
2,2023-05-13 00:00:00,2023,5,0.0
2,2023-05-20 00:00:00,2023,5,0.0
1,2023-01-08 00:00:00,2023,1,0.0
1,2023-01-16 00:00:00,2023,1,0.0
1,2023-01-19 00:00:00,2023,1,0.0
1,2023-01-21 00:00:00,2023,1,0.0
1,2023-01-23 00:00:00,2023,1,0.0
1,2023-01-28 00:00:00,2023,1,0.0
1,2023-02-04 00:00:00,2023,2,0.0
1,2023-02-09 00:00:00,2023,2,0.0
1,2023-02-21 00:00:00,2023,2,0.0
1,2023-02-24 00:00:00,2023,2,0.0
1,2023-03-02 00:00:00,2023,3,0.0
1,2023-03-03 00:00:00,2023,3,0.0
1,2023-03-04 00:00:00,2023,3,0.0
1,2023-03-08 00:00:00,2023,3,0.0
1,2023-03-15 00:00:00,2023,3,0.0
1,2023-03-17 00:00:00,2023,3,12.1708207073
1,2023-03-21 00:00:00,2023,3,0.0
1,2023-03-22 00:00:00,2023,3,0.0
1,2023-03-23 00:00:00,2023,3,0.0
1,2023-03-25 00:00:00,2023,3,0.0
1,2023-04-07 00:00:00,2023,4,0.0654071422
1,2023-04-08 00:00:00,2023,4,0.0
1,2023-04-10 00:00:00,2023,4,0.0
1,2023-04-12 00:00:00,2023,4,0.0
4,2023-11-07 00:00:00,2023,11,2.6136344782
4,2023-11-08 00:00:00,2023,11,10.824869321
4,2023-11-13 00:00:00,2023,11,0.0
4,2023-11-27 00:00:00,2023,11,0.0
4,2023-12-04 00:00:00,2023,12,0.7201566736
4,2023-12-13 00:00:00,2023,12,0.0067504257
4,2023-12-14 00:00:00,2023,12,0.0
4,2023-12-27 00:00:00,2023,12,0.0
4,2023-12-29 00:00:00,2023,12,0.0
6,2023-01-15 00:00:00,2023,1,0.0
6,2023-01-17 00:00:00,2023,1,0.0
6,2023-01-21 00:00:00,2023,1,0.0
6,2023-01-23 00:00:00,2023,1,0.0
6,2023-01-24 00:00:00,2023,1,0.0
6,2023-01-28 00:00:00,2023,1,0.0
6,2023-01-30 00:00:00,2023,1,0.0
6,2023-02-15 00:00:00,2023,2,0.0
6,2023-02-16 00:00:00,2023,2,0.0
6,2023-02-20 00:00:00,2023,2,0.0
6,2023-02-23 00:00:00,2023,2,0.0
6,2023-03-01 00:00:00,2023,3,0.0
6,2023-03-04 00:00:00,2023,3,0.0
6,2023-03-05 00:00:00,2023,3,0.0
6,2023-03-06 00:00:00,2023,3,0.0
6,2023-03-10 00:00:00,2023,3,0.0
6,2023-03-14 00:00:00,2023,3,0.0
6,2023-03-28 00:00:00,2023,3,0.0322800141
6,2023-04-01 00:00:00,2023,4,1.9849484652
6,2023-04-04 00:00:00,2023,4,1.2280769992
6,2023-04-08 00:00:00,2023,4,0.0
6,2023-04-10 00:00:00,2023,4,0.0
6,2023-04-11 00:00:00,2023,4,0.0
6,2023-04-15 00:00:00,2023,4,0.0
6,2023-04-20 00:00:00,2023,4,0.0
6,2023-04-22 00:00:00,2023,4,0.4636046814
6,2023-04-25 00:00:00,2023,4,0.7195568419
6,2023-05-02 00:00:00,2023,5,3.0746655825
6,2023-05-03 00:00:00,2023,5,8.4983679143
6,2023-05-15 00:00:00,2023,5,0.0
6,2023-05-24 00:00:00,2023,5,0.0
6,2023-05-30 00:00:00,2023,5,1.58249e-05
6,2023-05-31 00:00:00,2023,5,9.4916753238
6,2023-06-03 00:00:00,2023,6,0.0073200896
6,2023-06-04 00:00:00,2023,6,0.0
6,2023-06-08 00:00:00,2023,6,2.2609302732
6,2023-06-09 00:00:00,2023,6,0.0
6,2023-06-13 00:00:00,2023,6,0.0835591781
6,2023-06-14 00:00:00,2023,6,0.0
6,2023-06-19 00:00:00,2023,6,0.8726337266
6,2023-06-22 00:00:00,2023,6,6.6485526644
6,2023-06-25 00:00:00,2023,6,18.8480363958
6,2023-06-28 00:00:00,2023,6,0.2034592448
6,2023-07-02 00:00:00,2023,7,0.3485471909
6,2023-07-10 00:00:00,2023,7,20.2975946606
6,2023-07-13 00:00:00,2023,7,35.3415878998
6,2023-07-20 00:00:00,2023,7,6.424361149
6,2023-07-28 00:00:00,2023,7,0.3709170506
6,2023-07-31 00:00:00,2023,7,0.049917118
6,2023-08-05 00:00:00,2023,8,0.3999284358
6,2023-08-06 00:00:00,2023,8,1.7634546039
6,2023-08-07 00:00:00,2023,8,0.0013666279
6,2023-08-11 00:00:00,2023,8,2.3652959098
6,2023-08-12 00:00:00,2023,8,7.3760799538
6,2023-08-19 00:00:00,2023,8,4.3108490644
6,2023-08-25 00:00:00,2023,8,1.557584299
6,2023-08-30 00:00:00,2023,8,0.0
6,2023-08-31 00:00:00,2023,8,0.0
6,2023-09-02 00:00:00,2023,9,2.5628667697
6,2023-09-04 00:00:00,2023,9,0.9138385587
6,2023-09-18 00:00:00,2023,9,0.0006996962
6,2023-09-24 00:00:00,2023,9,4.0764836583
6,2023-09-25 00:00:00,2023,9,9.092550067
6,2023-09-28 00:00:00,2023,9,0.7131354758
6,2023-09-29 00:00:00,2023,9,11.5839533048
6,2023-10-01 00:00:00,2023,10,3.5719169658
6,2023-10-02 00:00:00,2023,10,0.6978917541
6,2023-10-09 00:00:00,2023,10,0.7104430474
6,2023-10-13 00:00:00,2023,10,0.0
6,2023-10-16 00:00:00,2023,10,0.0085510447
6,2023-10-24 00:00:00,2023,10,0.0
6,2023-11-01 00:00:00,2023,11,0.0
6,2023-11-09 00:00:00,2023,11,2.3597473255
6,2023-11-18 00:00:00,2023,11,0.0
6,2023-12-03 00:00:00,2023,12,0.1514340491
6,2023-12-05 00:00:00,2023,12,45.901239755
6,2023-12-16 00:00:00,2023,12,0.0
6,2023-12-20 00:00:00,2023,12,0.0
6,2023-12-23 00:00:00,2023,12,0.0
6,2023-12-24 00:00:00,2023,12,0.0
7,2023-01-02 00:00:00,2023,1,0.0
7,2023-01-03 00:00:00,2023,1,0.0
7,2023-01-29 00:00:00,2023,1,0.0
7,2023-01-31 00:00:00,2023,1,0.0
7,2023-02-01 00:00:00,2023,2,0.0
7,2023-02-06 00:00:00,2023,2,0.0
7,2023-02-11 00:00:00,2023,2,0.0
7,2023-02-13 00:00:00,2023,2,0.0
7,2023-02-20 00:00:00,2023,2,0.0
7,2023-02-21 00:00:00,2023,2,0.0
7,2023-03-04 00:00:00,2023,3,0.0
7,2023-03-16 00:00:00,2023,3,0.0
7,2023-03-19 00:00:00,2023,3,6.3624681871
7,2023-03-28 00:00:00,2023,3,0.0
7,2023-03-30 00:00:00,2023,3,0.9031662639
7,2023-03-31 00:00:00,2023,3,0.0
7,2023-04-05 00:00:00,2023,4,0.4820157142
7,2023-04-15 00:00:00,2023,4,0.0
7,2023-04-20 00:00:00,2023,4,0.0
7,2023-04-22 00:00:00,2023,4,5.3551404354
7,2023-04-29 00:00:00,2023,4,6.029844103
7,2023-05-13 00:00:00,2023,5,0.0
7,2023-05-21 00:00:00,2023,5,0.8300761299
7,2023-05-23 00:00:00,2023,5,0.5187184703
7,2023-05-29 00:00:00,2023,5,0.2325122642
7,2023-05-31 00:00:00,2023,5,1.4001545343
7,2023-06-01 00:00:00,2023,6,0.010728436
7,2023-06-04 00:00:00,2023,6,1.3284970481
7,2023-06-07 00:00:00,2023,6,0.1988675611
7,2023-06-11 00:00:00,2023,6,1.7322073328
7,2023-06-20 00:00:00,2023,6,1.5176447508
7,2023-06-30 00:00:00,2023,6,0.9639507284
7,2023-07-07 00:00:00,2023,7,0.7832526983
7,2023-07-09 00:00:00,2023,7,0.3326633557
7,2023-07-13 00:00:00,2023,7,2.8798614016
7,2023-07-15 00:00:00,2023,7,0.5481272836
7,2023-07-17 00:00:00,2023,7,0.2019115521
7,2023-07-19 00:00:00,2023,7,4.9955748143
7,2023-07-21 00:00:00,2023,7,11.5828155004
7,2023-07-27 00:00:00,2023,7,38.6116944202
7,2023-07-28 00:00:00,2023,7,1.1502053531
7,2023-08-01 00:00:00,2023,8,6.0714013919
7,2023-08-03 00:00:00,2023,8,0.0
7,2023-08-10 00:00:00,2023,8,11.382095375
7,2023-08-12 00:00:00,2023,8,0.3038894777
7,2023-08-14 00:00:00,2023,8,0.1917476954
7,2023-08-22 00:00:00,2023,8,0.0
7,2023-08-24 00:00:00,2023,8,0.0
7,2023-08-26 00:00:00,2023,8,3.2365216501
7,2023-08-31 00:00:00,2023,8,3.453913959
7,2023-09-03 00:00:00,2023,9,30.1410395695
7,2023-09-10 00:00:00,2023,9,3.4847680059
7,2023-09-13 00:00:00,2023,9,0.4355897708
7,2023-09-14 00:00:00,2023,9,0.0330844665
7,2023-09-19 00:00:00,2023,9,0.4403437142
7,2023-09-22 00:00:00,2023,9,19.7638471421
7,2023-09-24 00:00:00,2023,9,5.6421025669
7,2023-10-03 00:00:00,2023,10,1.0530112569
7,2023-10-08 00:00:00,2023,10,0.0
7,2023-10-25 00:00:00,2023,10,0.0
7,2023-10-26 00:00:00,2023,10,0.0
7,2023-10-28 00:00:00,2023,10,0.0
7,2023-11-06 00:00:00,2023,11,3.1267695638
7,2023-11-13 00:00:00,2023,11,0.0
7,2023-11-21 00:00:00,2023,11,0.0
7,2023-11-25 00:00:00,2023,11,3.4400392259
7,2023-12-05 00:00:00,2023,12,7.9013129935
7,2023-12-07 00:00:00,2023,12,0.0029365652
7,2023-12-08 00:00:00,2023,12,0.0
7,2023-12-09 00:00:00,2023,12,0.0222750474
7,2023-12-10 00:00:00,2023,12,0.0
7,2023-12-15 00:00:00,2023,12,0.0
7,2023-12-21 00:00:00,2023,12,0.0
7,2023-12-24 00:00:00,2023,12,0.0
7,2023-12-28 00:00:00,2023,12,0.0
9,2023-01-01 00:00:00,2023,1,0.0
9,2023-01-06 00:00:00,2023,1,0.402294821
9,2023-01-17 00:00:00,2023,1,0.0
9,2023-01-20 00:00:00,2023,1,0.0
9,2023-01-26 00:00:00,2023,1,0.0
9,2023-02-06 00:00:00,2023,2,0.0
9,2023-02-16 00:00:00,2023,2,0.0
9,2023-02-21 00:00:00,2023,2,0.0
9,2023-02-23 00:00:00,2023,2,0.0
9,2023-02-24 00:00:00,2023,2,0.0
9,2023-03-03 00:00:00,2023,3,0.0
9,2023-03-04 00:00:00,2023,3,0.0
9,2023-03-10 00:00:00,2023,3,0.0
9,2023-03-21 00:00:00,2023,3,0.0851116468
9,2023-03-28 00:00:00,2023,3,0.01465944
9,2023-04-07 00:00:00,2023,4,0.0332207723
9,2023-04-09 00:00:00,2023,4,0.0
9,2023-04-11 00:00:00,2023,4,0.0
9,2023-04-20 00:00:00,2023,4,0.0
9,2023-05-06 00:00:00,2023,5,15.4321063914
9,2023-05-13 00:00:00,2023,5,0.0
9,2023-05-15 00:00:00,2023,5,0.0
9,2023-05-19 00:00:00,2023,5,0.7598371103
9,2023-05-21 00:00:00,2023,5,3.1508180813
9,2023-05-23 00:00:00,2023,5,1.8689283401
9,2023-05-30 00:00:00,2023,5,2.1879755319
9,2023-05-31 00:00:00,2023,5,9.291272116
9,2023-06-12 00:00:00,2023,6,0.4250367173
9,2023-06-13 00:00:00,2023,6,0.4615206909
9,2023-06-17 00:00:00,2023,6,0.1119503903
9,2023-06-18 00:00:00,2023,6,0.0938209433
9,2023-07-20 00:00:00,2023,7,2.9925004448
9,2023-07-28 00:00:00,2023,7,0.7508939582
9,2023-08-23 00:00:00,2023,8,7.7285505158
9,2023-08-25 00:00:00,2023,8,0.0364798601
9,2023-09-03 00:00:00,2023,9,35.2334463837
9,2023-09-11 00:00:00,2023,9,23.4217705103
9,2023-09-12 00:00:00,2023,9,1.0116214981
9,2023-09-14 00:00:00,2023,9,0.1117552992
9,2023-09-19 00:00:00,2023,9,0.1415858235
9,2023-09-29 00:00:00,2023,9,3.1684202902
9,2023-09-30 00:00:00,2023,9,18.0316940151
9,2023-10-08 00:00:00,2023,10,0.0
9,2023-10-15 00:00:00,2023,10,0.0
9,2023-10-16 00:00:00,2023,10,0.000191316
13,2023-04-04 00:00:00,2023,4,0.2298052158
13,2023-04-07 00:00:00,2023,4,0.2124432739
13,2023-04-13 00:00:00,2023,4,0.0
13,2023-04-19 00:00:00,2023,4,0.0
13,2023-04-20 00:00:00,2023,4,0.0
13,2023-04-24 00:00:00,2023,4,2.5579091247
13,2023-04-25 00:00:00,2023,4,0.1243916234
13,2023-05-02 00:00:00,2023,5,9.9195547632
13,2023-05-05 00:00:00,2023,5,5.4021983769
13,2023-05-14 00:00:00,2023,5,0.0
13,2023-05-15 00:00:00,2023,5,0.0
13,2023-05-22 00:00:00,2023,5,0.0
13,2023-05-26 00:00:00,2023,5,0.8500768623
13,2023-06-01 00:00:00,2023,6,0.0
13,2023-06-04 00:00:00,2023,6,0.0
13,2023-06-09 00:00:00,2023,6,0.0
13,2023-06-17 00:00:00,2023,6,0.0
13,2023-06-23 00:00:00,2023,6,7.3351561375
13,2023-06-25 00:00:00,2023,6,19.6733631505
13,2023-06-27 00:00:00,2023,6,0.9167499366
13,2023-07-05 00:00:00,2023,7,27.0538316938
13,2023-07-20 00:00:00,2023,7,24.2106736558
13,2023-07-21 00:00:00,2023,7,13.6220491472
13,2023-07-24 00:00:00,2023,7,18.7082854264
13,2023-08-01 00:00:00,2023,8,0.5343656778
13,2023-08-04 00:00:00,2023,8,2.0202312529
13,2023-08-05 00:00:00,2023,8,1.2785510766
13,2023-08-07 00:00:00,2023,8,0.0404363306
13,2023-08-09 00:00:00,2023,8,2.07826e-05
13,2023-08-16 00:00:00,2023,8,3.0556295853
13,2023-08-17 00:00:00,2023,8,2.398078101
13,2023-08-27 00:00:00,2023,8,11.1226742115
13,2023-08-31 00:00:00,2023,8,0.0213939492
13,2023-09-08 00:00:00,2023,9,9.3375489812
13,2023-09-16 00:00:00,2023,9,2.1983857053
13,2023-10-01 00:00:00,2023,10,4.6591298845
13,2023-10-05 00:00:00,2023,10,0.0
13,2023-10-11 00:00:00,2023,10,0.0769251051
13,2023-10-12 00:00:00,2023,10,0.3635355058
13,2023-10-15 00:00:00,2023,10,0.0
13,2023-10-23 00:00:00,2023,10,0.0
13,2023-10-27 00:00:00,2023,10,0.6121549487
13,2023-11-03 00:00:00,2023,11,2.1530673366
13,2023-11-09 00:00:00,2023,11,8.7279258816
13,2023-11-11 00:00:00,2023,11,0.0
13,2023-11-15 00:00:00,2023,11,0.0
13,2023-11-17 00:00:00,2023,11,0.0
13,2023-11-26 00:00:00,2023,11,0.0001034726
13,2023-11-30 00:00:00,2023,11,0.0
13,2023-12-08 00:00:00,2023,12,0.0
13,2023-12-13 00:00:00,2023,12,0.0
13,2023-12-14 00:00:00,2023,12,0.0
13,2023-12-18 00:00:00,2023,12,0.0
13,2023-12-19 00:00:00,2023,12,0.0
13,2023-12-21 00:00:00,2023,12,0.0
13,2023-12-24 00:00:00,2023,12,0.0
13,2023-12-25 00:00:00,2023,12,0.0
13,2023-12-29 00:00:00,2023,12,0.0
5,2023-01-22 00:00:00,2023,1,0.0
5,2023-01-27 00:00:00,2023,1,0.0
5,2023-01-30 00:00:00,2023,1,0.140419717
5,2023-02-06 00:00:00,2023,2,0.0
5,2023-02-14 00:00:00,2023,2,0.0
5,2023-03-04 00:00:00,2023,3,0.0
5,2023-03-11 00:00:00,2023,3,0.0
5,2023-03-21 00:00:00,2023,3,0.1070964458
5,2023-03-30 00:00:00,2023,3,0.0021888635
5,2023-04-20 00:00:00,2023,4,0.0
5,2023-04-22 00:00:00,2023,4,3.4442681404
5,2023-05-09 00:00:00,2023,5,4.9147857827
5,2023-05-10 00:00:00,2023,5,0.0052372574
5,2023-05-21 00:00:00,2023,5,0.0020398436
5,2023-05-22 00:00:00,2023,5,3.2625525323
5,2023-05-27 00:00:00,2023,5,0.0
5,2023-05-30 00:00:00,2023,5,0.6716040452
5,2023-06-02 00:00:00,2023,6,0.0
5,2023-06-08 00:00:00,2023,6,0.3366312684
5,2023-06-15 00:00:00,2023,6,0.0
5,2023-06-17 00:00:00,2023,6,1.1266220758
5,2023-06-25 00:00:00,2023,6,0.7565673103
5,2023-07-04 00:00:00,2023,7,8.1948658032
5,2023-07-07 00:00:00,2023,7,0.0944509138
5,2023-07-14 00:00:00,2023,7,2.7627735635
5,2023-07-17 00:00:00,2023,7,0.0006758197
5,2023-07-25 00:00:00,2023,7,8.2909440944
5,2023-07-27 00:00:00,2023,7,12.2292736014
5,2023-07-28 00:00:00,2023,7,0.9702245869
5,2023-08-02 00:00:00,2023,8,0.0
5,2023-08-08 00:00:00,2023,8,0.1930567838
5,2023-08-13 00:00:00,2023,8,0.2965834389
5,2023-08-21 00:00:00,2023,8,1.5725809093
5,2023-08-23 00:00:00,2023,8,1.0022421993
5,2023-09-04 00:00:00,2023,9,5.5714735322
5,2023-09-05 00:00:00,2023,9,5.1611920414
5,2023-09-06 00:00:00,2023,9,1.9910966672
5,2023-09-10 00:00:00,2023,9,1.8577237798
5,2023-09-30 00:00:00,2023,9,6.9904654288
5,2023-10-01 00:00:00,2023,10,2.4506695825
5,2023-10-03 00:00:00,2023,10,0.0
5,2023-10-08 00:00:00,2023,10,0.0
5,2023-10-10 00:00:00,2023,10,0.1187701272
5,2023-10-11 00:00:00,2023,10,0.0
5,2023-10-16 00:00:00,2023,10,0.0
5,2023-10-22 00:00:00,2023,10,1.8479149279
5,2023-10-24 00:00:00,2023,10,0.0
5,2023-11-06 00:00:00,2023,11,13.2832578962
5,2023-11-14 00:00:00,2023,11,0.0
5,2023-11-23 00:00:00,2023,11,5.1767491249
5,2023-11-24 00:00:00,2023,11,2.2224630368
5,2023-11-30 00:00:00,2023,11,6.5308250357
5,2023-12-01 00:00:00,2023,12,6.1278528598
5,2023-12-02 00:00:00,2023,12,0.5398113513
5,2023-12-04 00:00:00,2023,12,9.5466197713
5,2023-12-12 00:00:00,2023,12,0.0
5,2023-12-18 00:00:00,2023,12,0.0
5,2023-12-24 00:00:00,2023,12,0.0
5,2023-12-28 00:00:00,2023,12,0.0
13,2023-01-02 00:00:00,2023,1,0.0138271665
13,2023-01-10 00:00:00,2023,1,0.0
13,2023-01-20 00:00:00,2023,1,0.0
13,2023-01-27 00:00:00,2023,1,0.0
13,2023-01-30 00:00:00,2023,1,0.0
13,2023-02-05 00:00:00,2023,2,0.0
13,2023-02-06 00:00:00,2023,2,0.0
13,2023-02-19 00:00:00,2023,2,0.0
13,2023-02-28 00:00:00,2023,2,0.0
13,2023-03-05 00:00:00,2023,3,0.0
13,2023-03-19 00:00:00,2023,3,30.528640902
13,2023-03-25 00:00:00,2023,3,0.3181826603
13,2023-03-26 00:00:00,2023,3,0.5851633578
13,2023-03-27 00:00:00,2023,3,0.0
13,2023-03-29 00:00:00,2023,3,0.0
2,2023-05-21 00:00:00,2023,5,1.0656193541
2,2023-05-27 00:00:00,2023,5,1.6009e-06
2,2023-05-31 00:00:00,2023,5,7.6961121696
2,2023-06-05 00:00:00,2023,6,0.0026989541
2,2023-06-15 00:00:00,2023,6,0.0
2,2023-06-17 00:00:00,2023,6,0.3933160796
2,2023-06-20 00:00:00,2023,6,11.7767640699
2,2023-06-22 00:00:00,2023,6,7.9195818283
2,2023-06-26 00:00:00,2023,6,0.9247769141
2,2023-06-27 00:00:00,2023,6,0.0926540588
2,2023-07-02 00:00:00,2023,7,0.7019710739
2,2023-07-10 00:00:00,2023,7,0.8721159572
2,2023-07-11 00:00:00,2023,7,1.1218311696
2,2023-07-16 00:00:00,2023,7,0.2127577094
2,2023-07-18 00:00:00,2023,7,1.0664566079
2,2023-07-24 00:00:00,2023,7,2.0717531341
2,2023-07-31 00:00:00,2023,7,0.0
2,2023-08-04 00:00:00,2023,8,0.0
2,2023-08-11 00:00:00,2023,8,9.3211322639
2,2023-08-14 00:00:00,2023,8,1.4480096955
2,2023-08-18 00:00:00,2023,8,0.2163224929
2,2023-08-21 00:00:00,2023,8,0.1333336091
2,2023-08-22 00:00:00,2023,8,0.0027325737
2,2023-08-24 00:00:00,2023,8,9.1392153029
2,2023-08-26 00:00:00,2023,8,2.003103958
2,2023-08-29 00:00:00,2023,8,2.0654514033
2,2023-08-30 00:00:00,2023,8,2.3410317202
2,2023-09-24 00:00:00,2023,9,19.9222597736
2,2023-10-07 00:00:00,2023,10,0.2301932567
2,2023-10-08 00:00:00,2023,10,0.1295292483
2,2023-10-20 00:00:00,2023,10,0.001903679
2,2023-11-02 00:00:00,2023,11,0.3540742655
2,2023-11-06 00:00:00,2023,11,13.1046677988
2,2023-11-07 00:00:00,2023,11,4.3949751145
2,2023-11-15 00:00:00,2023,11,1.8493441658
2,2023-11-18 00:00:00,2023,11,0.4104173188
2,2023-11-19 00:00:00,2023,11,0.0
2,2023-11-22 00:00:00,2023,11,5.517029935
2,2023-11-23 00:00:00,2023,11,8.177225861
2,2023-11-25 00:00:00,2023,11,4.189523314
2,2023-11-27 00:00:00,2023,11,6.176537656
2,2023-12-05 00:00:00,2023,12,82.112051447
2,2023-12-10 00:00:00,2023,12,0.0605534597
2,2023-12-26 00:00:00,2023,12,0.0
2,2023-12-28 00:00:00,2023,12,0.0
3,2023-01-01 00:00:00,2023,1,0.0
3,2023-01-04 00:00:00,2023,1,0.0
3,2023-01-07 00:00:00,2023,1,0.0
3,2023-01-08 00:00:00,2023,1,0.0
3,2023-01-11 00:00:00,2023,1,0.0
3,2023-01-17 00:00:00,2023,1,0.0
3,2023-01-20 00:00:00,2023,1,0.0
3,2023-01-22 00:00:00,2023,1,0.0
3,2023-01-26 00:00:00,2023,1,0.0
3,2023-01-27 00:00:00,2023,1,0.0
3,2023-02-02 00:00:00,2023,2,0.0
3,2023-02-03 00:00:00,2023,2,0.0
3,2023-02-04 00:00:00,2023,2,0.0
3,2023-02-05 00:00:00,2023,2,0.0
3,2023-02-06 00:00:00,2023,2,0.0
3,2023-02-08 00:00:00,2023,2,0.0
3,2023-02-10 00:00:00,2023,2,0.0
3,2023-02-13 00:00:00,2023,2,0.0
3,2023-02-15 00:00:00,2023,2,0.0
3,2023-02-16 00:00:00,2023,2,0.0
3,2023-02-17 00:00:00,2023,2,0.0
3,2023-03-05 00:00:00,2023,3,0.0
3,2023-03-09 00:00:00,2023,3,0.0
3,2023-03-10 00:00:00,2023,3,0.0
3,2023-03-21 00:00:00,2023,3,2.5347133533
3,2023-03-23 00:00:00,2023,3,1.252237775
3,2023-03-26 00:00:00,2023,3,6.017800408
3,2023-03-31 00:00:00,2023,3,0.0
3,2023-04-03 00:00:00,2023,4,6.5741585973
3,2023-04-11 00:00:00,2023,4,0.5568019729
3,2023-04-14 00:00:00,2023,4,0.0912171632
3,2023-04-15 00:00:00,2023,4,0.0408329321
3,2023-04-20 00:00:00,2023,4,0.0
3,2023-05-03 00:00:00,2023,5,6.9817768864
3,2023-05-09 00:00:00,2023,5,0.00144435
3,2023-05-10 00:00:00,2023,5,0.0
3,2023-05-13 00:00:00,2023,5,0.0
3,2023-05-16 00:00:00,2023,5,0.0
3,2023-05-29 00:00:00,2023,5,6.8551357417
3,2023-05-30 00:00:00,2023,5,1.3631089884
3,2023-06-04 00:00:00,2023,6,0.0
3,2023-06-08 00:00:00,2023,6,0.3632237416
3,2023-06-10 00:00:00,2023,6,0.0
3,2023-06-13 00:00:00,2023,6,0.019683981
3,2023-06-15 00:00:00,2023,6,0.9622690198
3,2023-06-20 00:00:00,2023,6,0.3812091931
3,2023-06-21 00:00:00,2023,6,1.9763885425
3,2023-06-24 00:00:00,2023,6,2.9402706534
3,2023-06-25 00:00:00,2023,6,18.5200687319
3,2023-06-26 00:00:00,2023,6,12.0187040174
3,2023-07-07 00:00:00,2023,7,10.1531608193
3,2023-07-08 00:00:00,2023,7,3.118136918
3,2023-07-13 00:00:00,2023,7,11.5065864513
3,2023-07-18 00:00:00,2023,7,13.5747561027
3,2023-07-19 00:00:00,2023,7,25.5860238601
3,2023-07-20 00:00:00,2023,7,19.400616834
3,2023-07-29 00:00:00,2023,7,0.331567531
3,2023-08-08 00:00:00,2023,8,0.0111541236
3,2023-08-15 00:00:00,2023,8,2.3673862059
3,2023-08-30 00:00:00,2023,8,0.0
3,2023-08-31 00:00:00,2023,8,0.3819231879
3,2023-09-11 00:00:00,2023,9,3.1566426242
3,2023-09-12 00:00:00,2023,9,6.3371558766
3,2023-09-19 00:00:00,2023,9,1.9850794995
3,2023-09-20 00:00:00,2023,9,1.1734131835
3,2023-10-04 00:00:00,2023,10,3.8209898789
3,2023-10-11 00:00:00,2023,10,0.3284514112
3,2023-10-13 00:00:00,2023,10,0.0
3,2023-10-15 00:00:00,2023,10,0.0
3,2023-10-17 00:00:00,2023,10,0.0
3,2023-10-23 00:00:00,2023,10,0.0
3,2023-10-26 00:00:00,2023,10,0.0
3,2023-10-27 00:00:00,2023,10,0.1021790143
3,2023-11-01 00:00:00,2023,11,0.0
3,2023-11-05 00:00:00,2023,11,2.0026640083
3,2023-11-08 00:00:00,2023,11,2.9420827283
3,2023-11-11 00:00:00,2023,11,0.0
3,2023-11-13 00:00:00,2023,11,0.0
3,2023-11-15 00:00:00,2023,11,0.0
3,2023-11-17 00:00:00,2023,11,0.0
3,2023-11-19 00:00:00,2023,11,0.0
3,2023-11-22 00:00:00,2023,11,1.4135686638
3,2023-11-25 00:00:00,2023,11,2.7906719989
3,2023-11-26 00:00:00,2023,11,0.0136490803
3,2023-11-27 00:00:00,2023,11,0.0
3,2023-12-09 00:00:00,2023,12,0.0317760172
3,2023-12-12 00:00:00,2023,12,0.0
3,2023-12-26 00:00:00,2023,12,0.0
3,2023-12-31 00:00:00,2023,12,0.0
4,2023-01-01 00:00:00,2023,1,0.0
4,2023-01-11 00:00:00,2023,1,0.0
4,2023-01-14 00:00:00,2023,1,0.0
4,2023-01-15 00:00:00,2023,1,0.0
4,2023-01-17 00:00:00,2023,1,0.0
4,2023-01-22 00:00:00,2023,1,0.0
4,2023-01-26 00:00:00,2023,1,0.0
4,2023-02-07 00:00:00,2023,2,0.0
4,2023-02-11 00:00:00,2023,2,0.0
4,2023-02-12 00:00:00,2023,2,0.0
4,2023-02-17 00:00:00,2023,2,0.0
4,2023-02-18 00:00:00,2023,2,0.0
4,2023-02-21 00:00:00,2023,2,0.0
4,2023-03-13 00:00:00,2023,3,0.0
4,2023-03-20 00:00:00,2023,3,3.4997353885
4,2023-03-25 00:00:00,2023,3,0.1814531897
4,2023-03-26 00:00:00,2023,3,4.9061630606
4,2023-03-28 00:00:00,2023,3,1.5776932888
4,2023-03-31 00:00:00,2023,3,0.0
4,2023-04-02 00:00:00,2023,4,0.254499819
4,2023-04-12 00:00:00,2023,4,0.0
4,2023-04-27 00:00:00,2023,4,0.0
4,2023-04-29 00:00:00,2023,4,0.0
4,2023-04-30 00:00:00,2023,4,8.6098517188
4,2023-05-07 00:00:00,2023,5,1.8680840349
4,2023-05-09 00:00:00,2023,5,0.0006182138
4,2023-05-11 00:00:00,2023,5,0.0
4,2023-05-13 00:00:00,2023,5,0.0
4,2023-05-14 00:00:00,2023,5,0.0
4,2023-05-31 00:00:00,2023,5,12.1299517802
4,2023-06-25 00:00:00,2023,6,18.3566802072
4,2023-06-26 00:00:00,2023,6,2.8867835494
4,2023-06-27 00:00:00,2023,6,0.8271255144
4,2023-06-30 00:00:00,2023,6,0.0
4,2023-07-01 00:00:00,2023,7,0.0099604666
4,2023-07-03 00:00:00,2023,7,1.0140122158
4,2023-07-07 00:00:00,2023,7,3.230010073
4,2023-07-09 00:00:00,2023,7,0.5144132486
4,2023-07-13 00:00:00,2023,7,7.8141078054
4,2023-07-25 00:00:00,2023,7,24.1818448415
4,2023-08-03 00:00:00,2023,8,0.0148041624
4,2023-08-11 00:00:00,2023,8,4.8794277853
4,2023-08-27 00:00:00,2023,8,1.2317715246
4,2023-09-05 00:00:00,2023,9,3.0609688346
4,2023-09-07 00:00:00,2023,9,5.076482065
4,2023-09-12 00:00:00,2023,9,1.9640483292
4,2023-09-13 00:00:00,2023,9,1.3979255158
4,2023-09-16 00:00:00,2023,9,0.8304432512
4,2023-09-28 00:00:00,2023,9,2.6243890981
4,2023-09-30 00:00:00,2023,9,14.4010994635
4,2023-10-19 00:00:00,2023,10,0.0
4,2023-10-20 00:00:00,2023,10,0.2373927722
4,2023-10-22 00:00:00,2023,10,0.0
9,2023-04-27 00:00:00,2023,4,0.0
9,2023-04-29 00:00:00,2023,4,0.0147463028
9,2023-05-02 00:00:00,2023,5,0.4060970272
9,2023-05-03 00:00:00,2023,5,6.4847535033
9,2023-05-04 00:00:00,2023,5,13.011017464
9,2023-05-07 00:00:00,2023,5,3.4428925249
9,2023-05-09 00:00:00,2023,5,0.003164914
9,2023-05-11 00:00:00,2023,5,0.0
9,2023-05-12 00:00:00,2023,5,0.1086072023
9,2023-05-22 00:00:00,2023,5,0.1145526043
9,2023-05-27 00:00:00,2023,5,0.7282657042
9,2023-05-28 00:00:00,2023,5,1.5977637237
9,2023-06-02 00:00:00,2023,6,0.7857547439
9,2023-06-04 00:00:00,2023,6,0.0132388152
9,2023-06-09 00:00:00,2023,6,0.3661721438
9,2023-06-10 00:00:00,2023,6,0.0629299547
9,2023-06-21 00:00:00,2023,6,7.9901431742
9,2023-06-22 00:00:00,2023,6,13.0185745871
9,2023-07-07 00:00:00,2023,7,1.2798774888
9,2023-07-08 00:00:00,2023,7,1.9375531388
9,2023-07-10 00:00:00,2023,7,4.1845626616
9,2023-07-12 00:00:00,2023,7,4.4414902468
9,2023-07-19 00:00:00,2023,7,4.8067476459
9,2023-07-21 00:00:00,2023,7,2.2382584758
9,2023-07-22 00:00:00,2023,7,2.9554125454
9,2023-07-24 00:00:00,2023,7,8.5488452322
9,2023-07-25 00:00:00,2023,7,8.9230958369
9,2023-07-29 00:00:00,2023,7,0.0571266569
9,2023-08-11 00:00:00,2023,8,5.247719065
9,2023-08-21 00:00:00,2023,8,1.4080377259
9,2023-08-29 00:00:00,2023,8,1.9286210724
9,2023-08-30 00:00:00,2023,8,1.439219086
9,2023-09-02 00:00:00,2023,9,9.7160681557
9,2023-09-15 00:00:00,2023,9,0.9886956759
9,2023-10-05 00:00:00,2023,10,0.5063643466
9,2023-10-17 00:00:00,2023,10,0.0
9,2023-10-22 00:00:00,2023,10,0.0
9,2023-10-30 00:00:00,2023,10,0.3791176611
9,2023-10-31 00:00:00,2023,10,0.0192123502
9,2023-11-07 00:00:00,2023,11,4.2434806146
9,2023-11-12 00:00:00,2023,11,0.0
9,2023-11-27 00:00:00,2023,11,0.0
9,2023-11-29 00:00:00,2023,11,0.3789149338
9,2023-12-03 00:00:00,2023,12,1.6151405598
9,2023-12-04 00:00:00,2023,12,1.8499257262
9,2023-12-12 00:00:00,2023,12,0.0
9,2023-12-24 00:00:00,2023,12,0.0
9,2023-12-31 00:00:00,2023,12,0.0
8,2023-01-02 00:00:00,2023,1,0.0
8,2023-01-18 00:00:00,2023,1,0.0
8,2023-01-22 00:00:00,2023,1,0.0
8,2023-01-23 00:00:00,2023,1,0.0
8,2023-01-28 00:00:00,2023,1,0.0
8,2023-01-30 00:00:00,2023,1,0.1633870406
8,2023-02-11 00:00:00,2023,2,0.0
8,2023-02-13 00:00:00,2023,2,0.0
8,2023-02-19 00:00:00,2023,2,0.0
8,2023-02-21 00:00:00,2023,2,0.0
8,2023-03-04 00:00:00,2023,3,0.0
8,2023-03-05 00:00:00,2023,3,0.0
8,2023-03-11 00:00:00,2023,3,0.0
8,2023-03-14 00:00:00,2023,3,0.0
8,2023-03-25 00:00:00,2023,3,0.0
8,2023-03-29 00:00:00,2023,3,0.0
8,2023-04-03 00:00:00,2023,4,0.2300501818
8,2023-04-09 00:00:00,2023,4,0.0
8,2023-04-21 00:00:00,2023,4,0.0
8,2023-04-23 00:00:00,2023,4,0.2773285224
8,2023-04-24 00:00:00,2023,4,20.6187004693
8,2023-04-27 00:00:00,2023,4,0.26080824
8,2023-04-28 00:00:00,2023,4,0.0
8,2023-04-29 00:00:00,2023,4,0.0
8,2023-05-01 00:00:00,2023,5,9.0462526471
8,2023-05-03 00:00:00,2023,5,1.0349106046
8,2023-05-05 00:00:00,2023,5,0.6840770782
8,2023-05-17 00:00:00,2023,5,0.0
8,2023-05-18 00:00:00,2023,5,0.0
8,2023-05-27 00:00:00,2023,5,1.3023709176
8,2023-06-03 00:00:00,2023,6,0.0
8,2023-06-08 00:00:00,2023,6,0.0
8,2023-06-23 00:00:00,2023,6,0.6114578739
8,2023-06-24 00:00:00,2023,6,0.4064720844
8,2023-07-12 00:00:00,2023,7,3.5305408154
8,2023-07-19 00:00:00,2023,7,0.6178981171
8,2023-07-22 00:00:00,2023,7,0.0518767817
8,2023-07-27 00:00:00,2023,7,4.6307119785
8,2023-07-30 00:00:00,2023,7,0.0
8,2023-07-31 00:00:00,2023,7,0.1532089991
8,2023-08-04 00:00:00,2023,8,0.0
8,2023-08-20 00:00:00,2023,8,1.8903014384
8,2023-08-28 00:00:00,2023,8,0.0
8,2023-08-31 00:00:00,2023,8,9.3569347373
8,2023-09-02 00:00:00,2023,9,0.2054255874
8,2023-09-01 00:00:00,2023,9,4.3117798155
8,2023-09-04 00:00:00,2023,9,2.4851991921
8,2023-09-07 00:00:00,2023,9,0.5530562299
8,2023-09-12 00:00:00,2023,9,0.0
8,2023-09-13 00:00:00,2023,9,0.0
8,2023-09-21 00:00:00,2023,9,0.1481289295
8,2023-09-27 00:00:00,2023,9,0.8894571284
8,2023-10-01 00:00:00,2023,10,1.4222266427
8,2023-10-04 00:00:00,2023,10,0.4902506857
8,2023-10-20 00:00:00,2023,10,0.0022734359
8,2023-10-22 00:00:00,2023,10,0.0679149507
8,2023-10-23 00:00:00,2023,10,0.0
8,2023-10-26 00:00:00,2023,10,0.0
8,2023-10-28 00:00:00,2023,10,0.0294013046
8,2023-11-10 00:00:00,2023,11,3.9766666665
8,2023-11-26 00:00:00,2023,11,0.1472506471
8,2023-12-01 00:00:00,2023,12,19.5545605822
8,2023-12-03 00:00:00,2023,12,25.1045920433
8,2023-12-05 00:00:00,2023,12,141.0618216495
8,2023-12-23 00:00:00,2023,12,0.0
8,2023-12-31 00:00:00,2023,12,0.0
10,2023-01-07 00:00:00,2023,1,0.0
10,2023-01-16 00:00:00,2023,1,0.0
10,2023-01-23 00:00:00,2023,1,0.0
10,2023-01-24 00:00:00,2023,1,0.0
10,2023-01-27 00:00:00,2023,1,0.0
10,2023-01-28 00:00:00,2023,1,0.0
10,2023-01-31 00:00:00,2023,1,0.0
10,2023-02-20 00:00:00,2023,2,0.0
10,2023-02-22 00:00:00,2023,2,0.0
10,2023-02-24 00:00:00,2023,2,0.0
10,2023-02-28 00:00:00,2023,2,0.0
10,2023-03-09 00:00:00,2023,3,0.0
10,2023-03-13 00:00:00,2023,3,0.0
10,2023-03-15 00:00:00,2023,3,0.0
10,2023-03-19 00:00:00,2023,3,25.2471042392
10,2023-03-23 00:00:00,2023,3,6.9621047864
10,2023-03-26 00:00:00,2023,3,1.5035499779
10,2023-03-30 00:00:00,2023,3,0.833430782
10,2023-04-01 00:00:00,2023,4,0.0053846738
10,2023-04-03 00:00:00,2023,4,1.9083460905
10,2023-04-06 00:00:00,2023,4,0.4587254913
10,2023-04-14 00:00:00,2023,4,0.0
10,2023-04-17 00:00:00,2023,4,0.0
10,2023-04-21 00:00:00,2023,4,0.0
10,2023-04-22 00:00:00,2023,4,0.0
10,2023-04-26 00:00:00,2023,4,3.8863520515
10,2023-04-27 00:00:00,2023,4,0.0
10,2023-05-02 00:00:00,2023,5,8.8856494043
10,2023-05-11 00:00:00,2023,5,0.000330696
10,2023-05-19 00:00:00,2023,5,0.2174755704
10,2023-05-28 00:00:00,2023,5,0.032479776
10,2023-06-01 00:00:00,2023,6,0.360988363
10,2023-06-18 00:00:00,2023,6,0.1351335806
10,2023-06-26 00:00:00,2023,6,15.2232072752
10,2023-07-02 00:00:00,2023,7,2.9267184311
10,2023-07-05 00:00:00,2023,7,9.132404508
10,2023-07-12 00:00:00,2023,7,24.7106316916
10,2023-07-15 00:00:00,2023,7,1.1854036294
10,2023-07-24 00:00:00,2023,7,5.7825313144
10,2023-07-26 00:00:00,2023,7,26.4086800772
10,2023-07-28 00:00:00,2023,7,0.0526155144
10,2023-08-03 00:00:00,2023,8,2.9129583363
10,2023-08-07 00:00:00,2023,8,4.3536153957
10,2023-08-13 00:00:00,2023,8,3.9148055189
10,2023-08-14 00:00:00,2023,8,4.0945341949
10,2023-08-18 00:00:00,2023,8,7.886120154
10,2023-08-26 00:00:00,2023,8,16.169693158
10,2023-09-02 00:00:00,2023,9,2.9973935865
10,2023-09-06 00:00:00,2023,9,9.3308483174
10,2023-09-08 00:00:00,2023,9,8.2398579471
10,2023-09-09 00:00:00,2023,9,0.0739853084
10,2023-09-12 00:00:00,2023,9,6.8570667979
10,2023-09-16 00:00:00,2023,9,0.4776065587
10,2023-09-17 00:00:00,2023,9,0.3269112381
10,2023-09-18 00:00:00,2023,9,7.660357727
10,2023-09-28 00:00:00,2023,9,1.0064885012
10,2023-10-01 00:00:00,2023,10,1.2586354914
10,2023-10-05 00:00:00,2023,10,0.0
10,2023-10-10 00:00:00,2023,10,0.0
4,2023-11-09 00:00:00,2023,11,12.5947650049
4,2023-11-15 00:00:00,2023,11,0.0
4,2023-11-19 00:00:00,2023,11,0.0
4,2023-11-24 00:00:00,2023,11,6.8411011049
4,2023-11-26 00:00:00,2023,11,0.0714553575
4,2023-11-28 00:00:00,2023,11,0.0
4,2023-12-08 00:00:00,2023,12,0.0
4,2023-12-11 00:00:00,2023,12,0.0
4,2023-12-23 00:00:00,2023,12,0.0
4,2023-12-25 00:00:00,2023,12,0.0
4,2023-12-30 00:00:00,2023,12,0.0
6,2023-01-05 00:00:00,2023,1,0.5505665944
6,2023-01-10 00:00:00,2023,1,0.0
6,2023-01-11 00:00:00,2023,1,0.0
6,2023-01-13 00:00:00,2023,1,0.0
6,2023-01-14 00:00:00,2023,1,0.0
6,2023-01-19 00:00:00,2023,1,0.0
6,2023-02-02 00:00:00,2023,2,0.0
6,2023-02-05 00:00:00,2023,2,0.0
6,2023-02-08 00:00:00,2023,2,0.0
6,2023-02-21 00:00:00,2023,2,0.0
6,2023-02-22 00:00:00,2023,2,0.0
6,2023-02-24 00:00:00,2023,2,0.0
6,2023-02-26 00:00:00,2023,2,0.0
6,2023-03-12 00:00:00,2023,3,0.0
6,2023-03-24 00:00:00,2023,3,3.9271907667
6,2023-03-30 00:00:00,2023,3,0.0
6,2023-04-02 00:00:00,2023,4,5.6997439865
6,2023-04-14 00:00:00,2023,4,0.0
6,2023-04-17 00:00:00,2023,4,0.0
6,2023-04-27 00:00:00,2023,4,0.0
6,2023-05-08 00:00:00,2023,5,0.2082657892
6,2023-05-14 00:00:00,2023,5,0.0
6,2023-05-16 00:00:00,2023,5,0.0
6,2023-05-17 00:00:00,2023,5,0.0
6,2023-05-19 00:00:00,2023,5,0.3179072238
6,2023-05-21 00:00:00,2023,5,6.3493188264
6,2023-06-16 00:00:00,2023,6,0.0
6,2023-06-17 00:00:00,2023,6,0.0
6,2023-06-21 00:00:00,2023,6,3.914966022
6,2023-06-24 00:00:00,2023,6,18.4607520133
6,2023-06-27 00:00:00,2023,6,1.6427874332
6,2023-07-06 00:00:00,2023,7,6.8831843322
6,2023-07-11 00:00:00,2023,7,2.5454592028
6,2023-07-16 00:00:00,2023,7,8.0242498288
6,2023-07-19 00:00:00,2023,7,15.6250857248
6,2023-07-23 00:00:00,2023,7,16.3879101107
6,2023-07-24 00:00:00,2023,7,33.1504713214
6,2023-07-25 00:00:00,2023,7,32.0443051093
6,2023-07-26 00:00:00,2023,7,71.4054183254
6,2023-07-27 00:00:00,2023,7,35.7589733282
6,2023-07-29 00:00:00,2023,7,1.0249007121
6,2023-08-04 00:00:00,2023,8,0.1343662378
6,2023-08-13 00:00:00,2023,8,8.062785363
6,2023-08-15 00:00:00,2023,8,0.935722452
6,2023-08-28 00:00:00,2023,8,1.06581526
6,2023-09-05 00:00:00,2023,9,5.3234079319
6,2023-09-07 00:00:00,2023,9,18.634933998
6,2023-09-16 00:00:00,2023,9,1.8536623304
6,2023-09-17 00:00:00,2023,9,7.3590593726
6,2023-09-23 00:00:00,2023,9,2.5081140035
6,2023-10-21 00:00:00,2023,10,0.7715518432
6,2023-10-22 00:00:00,2023,10,0.0
6,2023-11-10 00:00:00,2023,11,0.0
6,2023-11-14 00:00:00,2023,11,0.0
6,2023-11-16 00:00:00,2023,11,0.0
6,2023-11-22 00:00:00,2023,11,0.6702300024
6,2023-11-27 00:00:00,2023,11,0.0
6,2023-11-28 00:00:00,2023,11,0.0
6,2023-11-30 00:00:00,2023,11,0.0010495444
6,2023-12-13 00:00:00,2023,12,0.0102950371
6,2023-12-15 00:00:00,2023,12,0.0
6,2023-12-28 00:00:00,2023,12,0.0
6,2023-12-29 00:00:00,2023,12,0.0
7,2023-01-04 00:00:00,2023,1,0.0
7,2023-01-05 00:00:00,2023,1,0.0
7,2023-01-06 00:00:00,2023,1,0.0004538474
7,2023-01-09 00:00:00,2023,1,0.0
7,2023-01-12 00:00:00,2023,1,0.0
7,2023-01-13 00:00:00,2023,1,0.0
7,2023-01-24 00:00:00,2023,1,0.0
7,2023-01-25 00:00:00,2023,1,0.0
7,2023-01-28 00:00:00,2023,1,0.0
7,2023-02-04 00:00:00,2023,2,0.0
7,2023-02-10 00:00:00,2023,2,0.0
7,2023-02-16 00:00:00,2023,2,0.0
7,2023-02-18 00:00:00,2023,2,0.0
7,2023-02-22 00:00:00,2023,2,0.0
7,2023-02-24 00:00:00,2023,2,0.0
7,2023-03-05 00:00:00,2023,3,0.0
7,2023-03-12 00:00:00,2023,3,0.0
7,2023-03-13 00:00:00,2023,3,0.0
7,2023-03-15 00:00:00,2023,3,0.0
7,2023-03-18 00:00:00,2023,3,1.6661754849
7,2023-03-22 00:00:00,2023,3,0.0
7,2023-03-23 00:00:00,2023,3,0.0
7,2023-03-26 00:00:00,2023,3,0.0384004729
7,2023-04-07 00:00:00,2023,4,0.3951699644
7,2023-04-12 00:00:00,2023,4,0.0
7,2023-04-13 00:00:00,2023,4,0.0
7,2023-04-16 00:00:00,2023,4,0.0
7,2023-04-26 00:00:00,2023,4,21.5714225472
7,2023-05-04 00:00:00,2023,5,2.0598982726
7,2023-05-08 00:00:00,2023,5,2.2261673824
7,2023-05-09 00:00:00,2023,5,1.7860788079
7,2023-05-16 00:00:00,2023,5,0.0
7,2023-05-18 00:00:00,2023,5,0.0
7,2023-05-20 00:00:00,2023,5,0.3241214369
7,2023-06-08 00:00:00,2023,6,6.7513104252
7,2023-06-10 00:00:00,2023,6,4.7482216305
7,2023-06-15 00:00:00,2023,6,0.0045198047
7,2023-06-19 00:00:00,2023,6,0.8922609426
7,2023-06-23 00:00:00,2023,6,1.4077063902
7,2023-06-26 00:00:00,2023,6,4.5111268801
7,2023-07-04 00:00:00,2023,7,1.0347955818
7,2023-07-08 00:00:00,2023,7,2.8972104333
7,2023-07-14 00:00:00,2023,7,0.8607251703
7,2023-07-16 00:00:00,2023,7,4.2756406913
7,2023-07-22 00:00:00,2023,7,8.2133000015
7,2023-07-24 00:00:00,2023,7,3.4182684019
7,2023-07-29 00:00:00,2023,7,1.7926333435
7,2023-07-31 00:00:00,2023,7,0.0571494659
7,2023-08-06 00:00:00,2023,8,0.882927554
7,2023-09-09 00:00:00,2023,9,0.0007551797
7,2023-09-15 00:00:00,2023,9,0.0
7,2023-09-20 00:00:00,2023,9,0.0590585364
7,2023-09-23 00:00:00,2023,9,4.0784158803
7,2023-09-25 00:00:00,2023,9,6.7602982306
7,2023-09-26 00:00:00,2023,9,3.8063102019
7,2023-09-28 00:00:00,2023,9,1.228259451
7,2023-09-29 00:00:00,2023,9,2.8277762457
7,2023-09-30 00:00:00,2023,9,4.7709439905
7,2023-10-02 00:00:00,2023,10,0.2358592184
7,2023-10-09 00:00:00,2023,10,0.0
7,2023-10-17 00:00:00,2023,10,0.0
7,2023-10-21 00:00:00,2023,10,0.0570811937
7,2023-10-29 00:00:00,2023,10,0.0232797933
7,2023-10-30 00:00:00,2023,10,3.19441e-05
7,2023-11-05 00:00:00,2023,11,3.4247648481
7,2023-11-10 00:00:00,2023,11,0.2707123269
7,2023-11-16 00:00:00,2023,11,0.0
7,2023-11-18 00:00:00,2023,11,0.0
7,2023-11-19 00:00:00,2023,11,0.0
7,2023-11-23 00:00:00,2023,11,0.9890950194
7,2023-11-26 00:00:00,2023,11,0.0
7,2023-12-01 00:00:00,2023,12,0.1306730564
7,2023-12-04 00:00:00,2023,12,0.0202711035
7,2023-12-06 00:00:00,2023,12,3.0206828399
7,2023-12-22 00:00:00,2023,12,0.0
7,2023-12-26 00:00:00,2023,12,0.0
9,2023-01-05 00:00:00,2023,1,0.2722199709
9,2023-01-07 00:00:00,2023,1,0.0
9,2023-01-12 00:00:00,2023,1,0.0
9,2023-01-16 00:00:00,2023,1,0.0
9,2023-01-22 00:00:00,2023,1,0.0
9,2023-01-23 00:00:00,2023,1,0.0
9,2023-01-24 00:00:00,2023,1,0.0
9,2023-02-05 00:00:00,2023,2,0.0
9,2023-02-07 00:00:00,2023,2,0.0
9,2023-02-10 00:00:00,2023,2,0.0
9,2023-02-12 00:00:00,2023,2,0.0
9,2023-02-15 00:00:00,2023,2,0.0
9,2023-02-20 00:00:00,2023,2,0.0
9,2023-02-27 00:00:00,2023,2,0.0
9,2023-03-01 00:00:00,2023,3,0.0
9,2023-03-06 00:00:00,2023,3,0.0
9,2023-03-13 00:00:00,2023,3,0.0
9,2023-03-14 00:00:00,2023,3,0.0
9,2023-03-17 00:00:00,2023,3,13.6950992463
9,2023-03-29 00:00:00,2023,3,2.9576158358
9,2023-04-03 00:00:00,2023,4,1.6254090599
9,2023-04-05 00:00:00,2023,4,1.6221480753
9,2023-04-15 00:00:00,2023,4,0.0
9,2023-04-17 00:00:00,2023,4,0.0
9,2023-04-22 00:00:00,2023,4,2.1840562751
1,2023-04-17 00:00:00,2023,4,0.0012248469
1,2023-04-18 00:00:00,2023,4,0.0
1,2023-04-21 00:00:00,2023,4,0.0
1,2023-05-11 00:00:00,2023,5,0.1392232236
1,2023-05-12 00:00:00,2023,5,2.4158914561
1,2023-05-25 00:00:00,2023,5,3.5238747088
1,2023-05-28 00:00:00,2023,5,0.0003786517
1,2023-05-30 00:00:00,2023,5,0.2715008066
1,2023-06-05 00:00:00,2023,6,0.2163354989
1,2023-06-07 00:00:00,2023,6,0.8508011143
1,2023-06-10 00:00:00,2023,6,1.6252825806
1,2023-06-11 00:00:00,2023,6,4.6719056711
1,2023-06-14 00:00:00,2023,6,0.0
1,2023-06-20 00:00:00,2023,6,0.4042102186
1,2023-06-27 00:00:00,2023,6,0.0009526587
1,2023-06-29 00:00:00,2023,6,0.0
1,2023-07-01 00:00:00,2023,7,0.0813965959
1,2023-07-11 00:00:00,2023,7,0.0633414963
1,2023-07-29 00:00:00,2023,7,0.2568484876
1,2023-07-30 00:00:00,2023,7,0.4551071325
1,2023-08-06 00:00:00,2023,8,0.0918771361
1,2023-08-07 00:00:00,2023,8,0.1567214383
1,2023-08-18 00:00:00,2023,8,0.0
1,2023-08-21 00:00:00,2023,8,0.2664476768
1,2023-08-27 00:00:00,2023,8,2.834775056
1,2023-09-10 00:00:00,2023,9,0.0140721996
1,2023-09-12 00:00:00,2023,9,0.0517612374
1,2023-09-13 00:00:00,2023,9,0.0370307479
1,2023-09-22 00:00:00,2023,9,3.4084533766
1,2023-09-27 00:00:00,2023,9,3.0951917411
1,2023-09-28 00:00:00,2023,9,2.747596107
1,2023-09-29 00:00:00,2023,9,15.584729344
1,2023-10-01 00:00:00,2023,10,0.7025529008
1,2023-10-02 00:00:00,2023,10,0.0022969259
1,2023-10-07 00:00:00,2023,10,0.0
1,2023-10-08 00:00:00,2023,10,0.0
1,2023-10-19 00:00:00,2023,10,0.0
1,2023-10-23 00:00:00,2023,10,0.0
1,2023-10-26 00:00:00,2023,10,0.0
1,2023-10-29 00:00:00,2023,10,0.0588421813
1,2023-10-31 00:00:00,2023,10,0.4438811165
1,2023-11-01 00:00:00,2023,11,0.0068616953
1,2023-11-06 00:00:00,2023,11,6.7611622499
1,2023-11-07 00:00:00,2023,11,6.6447974423
1,2023-11-08 00:00:00,2023,11,0.5572019846
1,2023-11-10 00:00:00,2023,11,0.2883378693
1,2023-11-26 00:00:00,2023,11,0.033302626
1,2023-11-27 00:00:00,2023,11,0.0
1,2023-11-29 00:00:00,2023,11,0.0
1,2023-12-01 00:00:00,2023,12,0.148569633
1,2023-12-10 00:00:00,2023,12,0.1446381686
1,2023-12-27 00:00:00,2023,12,0.0
1,2023-12-30 00:00:00,2023,12,0.0
2,2023-01-02 00:00:00,2023,1,0.0
2,2023-01-03 00:00:00,2023,1,0.0
2,2023-01-04 00:00:00,2023,1,0.0004958022
2,2023-01-08 00:00:00,2023,1,0.0005092961
2,2023-01-09 00:00:00,2023,1,0.0
2,2023-01-18 00:00:00,2023,1,0.0
2,2023-01-19 00:00:00,2023,1,0.0
2,2023-01-26 00:00:00,2023,1,0.0
2,2023-01-28 00:00:00,2023,1,0.0
2,2023-01-31 00:00:00,2023,1,0.6101268158
2,2023-02-02 00:00:00,2023,2,0.0
2,2023-02-05 00:00:00,2023,2,0.0
2,2023-02-06 00:00:00,2023,2,0.0
2,2023-02-07 00:00:00,2023,2,0.0
2,2023-02-21 00:00:00,2023,2,0.0
2,2023-02-28 00:00:00,2023,2,0.0
2,2023-03-03 00:00:00,2023,3,0.0
2,2023-03-04 00:00:00,2023,3,0.0
2,2023-03-07 00:00:00,2023,3,0.0
2,2023-03-13 00:00:00,2023,3,0.0
2,2023-03-27 00:00:00,2023,3,1.3894977437
2,2023-04-02 00:00:00,2023,4,0.8660223895
2,2023-04-03 00:00:00,2023,4,1.4477546921
2,2023-04-05 00:00:00,2023,4,1.8561428828
2,2023-04-06 00:00:00,2023,4,0.0
2,2023-04-07 00:00:00,2023,4,0.0
2,2023-04-11 00:00:00,2023,4,0.0
2,2023-04-13 00:00:00,2023,4,0.0
2,2023-04-14 00:00:00,2023,4,0.0
2,2023-04-21 00:00:00,2023,4,0.0
2,2023-05-01 00:00:00,2023,5,10.4476887811
2,2023-05-04 00:00:00,2023,5,2.9755827488
1,2023-01-02 00:00:00,2023,1,0.0
1,2023-01-04 00:00:00,2023,1,0.0
1,2023-01-12 00:00:00,2023,1,0.0
1,2023-01-27 00:00:00,2023,1,0.0
1,2023-02-02 00:00:00,2023,2,0.0
1,2023-02-14 00:00:00,2023,2,0.0
1,2023-02-15 00:00:00,2023,2,0.0
1,2023-02-25 00:00:00,2023,2,0.0
1,2023-02-26 00:00:00,2023,2,0.0
1,2023-02-28 00:00:00,2023,2,0.0
1,2023-03-05 00:00:00,2023,3,0.0
1,2023-03-06 00:00:00,2023,3,0.0
1,2023-03-12 00:00:00,2023,3,0.0
1,2023-03-19 00:00:00,2023,3,13.5549785068
1,2023-03-30 00:00:00,2023,3,0.0208154591
1,2023-04-04 00:00:00,2023,4,0.0
1,2023-04-05 00:00:00,2023,4,0.2694642406
1,2023-04-06 00:00:00,2023,4,0.0
1,2023-04-11 00:00:00,2023,4,0.0
10,2023-10-13 00:00:00,2023,10,0.0
10,2023-10-22 00:00:00,2023,10,0.0
10,2023-10-26 00:00:00,2023,10,0.3702455801
10,2023-10-29 00:00:00,2023,10,0.0
10,2023-11-03 00:00:00,2023,11,6.9603762233
10,2023-11-05 00:00:00,2023,11,0.0730280952
10,2023-11-22 00:00:00,2023,11,0.1213514072
10,2023-11-23 00:00:00,2023,11,0.1533998366
10,2023-11-24 00:00:00,2023,11,0.0
10,2023-11-27 00:00:00,2023,11,0.0
10,2023-11-29 00:00:00,2023,11,0.0
10,2023-12-01 00:00:00,2023,12,0.0
10,2023-12-07 00:00:00,2023,12,9.6953448657
10,2023-12-17 00:00:00,2023,12,0.0
10,2023-12-24 00:00:00,2023,12,0.0
11,2023-01-01 00:00:00,2023,1,0.0
11,2023-01-08 00:00:00,2023,1,0.0
11,2023-01-17 00:00:00,2023,1,0.0
11,2023-01-19 00:00:00,2023,1,0.0
11,2023-01-23 00:00:00,2023,1,0.0
11,2023-01-28 00:00:00,2023,1,0.0
11,2023-01-30 00:00:00,2023,1,0.0
11,2023-02-03 00:00:00,2023,2,0.0
11,2023-02-07 00:00:00,2023,2,0.0
11,2023-02-12 00:00:00,2023,2,0.0
11,2023-02-13 00:00:00,2023,2,0.0
11,2023-02-14 00:00:00,2023,2,0.0
11,2023-02-16 00:00:00,2023,2,0.0
11,2023-02-23 00:00:00,2023,2,0.0
11,2023-02-26 00:00:00,2023,2,0.0
11,2023-03-10 00:00:00,2023,3,0.0
11,2023-03-19 00:00:00,2023,3,23.1439698768
11,2023-03-23 00:00:00,2023,3,5.4740486784
11,2023-04-02 00:00:00,2023,4,2.5902336948
11,2023-04-04 00:00:00,2023,4,0.0
11,2023-04-07 00:00:00,2023,4,6.035066098
11,2023-04-10 00:00:00,2023,4,0.3318271
11,2023-04-09 00:00:00,2023,4,1.4422983166
11,2023-04-14 00:00:00,2023,4,0.2575880116
11,2023-04-25 00:00:00,2023,4,6.5985841345
11,2023-04-27 00:00:00,2023,4,0.0
11,2023-04-29 00:00:00,2023,4,1.036943578
11,2023-05-05 00:00:00,2023,5,0.8164831631
11,2023-05-07 00:00:00,2023,5,6.0700476055
11,2023-05-20 00:00:00,2023,5,6.7420954178
11,2023-05-23 00:00:00,2023,5,3.4235794312
11,2023-05-31 00:00:00,2023,5,4.7868540592
11,2023-06-12 00:00:00,2023,6,0.1601759998
11,2023-06-21 00:00:00,2023,6,15.5706152436
11,2023-07-12 00:00:00,2023,7,12.5179020853
11,2023-07-17 00:00:00,2023,7,8.8602853329
11,2023-07-20 00:00:00,2023,7,1.4009199603
11,2023-07-22 00:00:00,2023,7,6.8340621487
11,2023-07-25 00:00:00,2023,7,20.0860190541
11,2023-08-01 00:00:00,2023,8,1.8457196314
11,2023-08-07 00:00:00,2023,8,2.494255622
11,2023-08-09 00:00:00,2023,8,0.1004105016
11,2023-08-11 00:00:00,2023,8,2.6732320906
11,2023-08-12 00:00:00,2023,8,0.1370959488
11,2023-08-13 00:00:00,2023,8,0.0785297001
11,2023-08-25 00:00:00,2023,8,8.0399005294
11,2023-08-27 00:00:00,2023,8,3.555542977
11,2023-08-28 00:00:00,2023,8,2.728669962
11,2023-09-03 00:00:00,2023,9,15.4947566541
11,2023-09-08 00:00:00,2023,9,8.7709097574
11,2023-09-11 00:00:00,2023,9,8.8142893341
11,2023-09-13 00:00:00,2023,9,10.1196122606
11,2023-09-14 00:00:00,2023,9,8.4112560336
11,2023-09-15 00:00:00,2023,9,1.5711951419
11,2023-09-24 00:00:00,2023,9,10.7630413398
11,2023-09-30 00:00:00,2023,9,11.5736551163
11,2023-10-11 00:00:00,2023,10,0.1778570968
11,2023-10-12 00:00:00,2023,10,0.0
11,2023-10-13 00:00:00,2023,10,0.0
11,2023-10-15 00:00:00,2023,10,0.0
11,2023-10-17 00:00:00,2023,10,0.0
11,2023-10-21 00:00:00,2023,10,2.4453533227
11,2023-10-23 00:00:00,2023,10,0.0
11,2023-10-31 00:00:00,2023,10,0.0
11,2023-11-05 00:00:00,2023,11,2.0229902411
11,2023-11-12 00:00:00,2023,11,0.0
11,2023-11-14 00:00:00,2023,11,0.0
11,2023-11-17 00:00:00,2023,11,0.0
11,2023-11-21 00:00:00,2023,11,1.1071519109
11,2023-11-26 00:00:00,2023,11,0.0
11,2023-11-29 00:00:00,2023,11,0.0
11,2023-12-07 00:00:00,2023,12,32.7162065388
11,2023-12-08 00:00:00,2023,12,0.1455626892
11,2023-12-10 00:00:00,2023,12,0.0
11,2023-12-18 00:00:00,2023,12,0.0
11,2023-12-28 00:00:00,2023,12,0.0
11,2023-12-30 00:00:00,2023,12,0.0
12,2023-01-12 00:00:00,2023,1,0.0
12,2023-01-16 00:00:00,2023,1,0.0
12,2023-02-01 00:00:00,2023,2,0.0
12,2023-02-04 00:00:00,2023,2,0.0
12,2023-02-17 00:00:00,2023,2,0.0
12,2023-02-20 00:00:00,2023,2,0.0
12,2023-02-22 00:00:00,2023,2,0.0
12,2023-02-23 00:00:00,2023,2,0.0
12,2023-02-25 00:00:00,2023,2,0.0
12,2023-03-04 00:00:00,2023,3,0.0
12,2023-03-05 00:00:00,2023,3,0.0
12,2023-03-09 00:00:00,2023,3,0.0
12,2023-03-13 00:00:00,2023,3,0.0
12,2023-03-18 00:00:00,2023,3,0.0628332514
12,2023-03-19 00:00:00,2023,3,28.897284818
12,2023-03-21 00:00:00,2023,3,6.4853248019
12,2023-03-26 00:00:00,2023,3,0.8220938774
12,2023-03-28 00:00:00,2023,3,12.3296016541
12,2023-03-29 00:00:00,2023,3,0.6501103298
12,2023-04-02 00:00:00,2023,4,9.9814263186
12,2023-04-22 00:00:00,2023,4,0.2488697954
12,2023-04-23 00:00:00,2023,4,3.0421403796
12,2023-04-26 00:00:00,2023,4,14.9195533463
12,2023-05-05 00:00:00,2023,5,2.7850626252
12,2023-05-08 00:00:00,2023,5,6.9569864565
12,2023-05-19 00:00:00,2023,5,3.0470246102
12,2023-05-23 00:00:00,2023,5,2.7396096117
12,2023-05-25 00:00:00,2023,5,9.9853824023
12,2023-06-02 00:00:00,2023,6,0.0
12,2023-06-16 00:00:00,2023,6,0.0
12,2023-06-20 00:00:00,2023,6,1.4006974571
12,2023-07-03 00:00:00,2023,7,6.4009208922
12,2023-07-05 00:00:00,2023,7,2.9830594564
12,2023-07-06 00:00:00,2023,7,34.1222671998
12,2023-07-07 00:00:00,2023,7,2.7454767293
12,2023-07-08 00:00:00,2023,7,2.1045495824
12,2023-07-12 00:00:00,2023,7,16.7516278815
12,2023-07-15 00:00:00,2023,7,2.4894656944
12,2023-07-21 00:00:00,2023,7,9.1320337308
12,2023-07-25 00:00:00,2023,7,37.9399392274
12,2023-07-29 00:00:00,2023,7,0.0889868755
12,2023-07-31 00:00:00,2023,7,1.0012492413
12,2023-08-01 00:00:00,2023,8,4.8213827891
12,2023-08-08 00:00:00,2023,8,0.1923809445
12,2023-08-10 00:00:00,2023,8,1.088442246
12,2023-08-24 00:00:00,2023,8,7.2899074736
12,2023-08-28 00:00:00,2023,8,3.5712005783
12,2023-08-29 00:00:00,2023,8,0.089792023
12,2023-08-31 00:00:00,2023,8,0.7804707234
12,2023-09-07 00:00:00,2023,9,33.1932200911
12,2023-09-09 00:00:00,2023,9,0.5496774107
12,2023-09-12 00:00:00,2023,9,10.2630812103
12,2023-09-15 00:00:00,2023,9,0.2075390346
12,2023-09-17 00:00:00,2023,9,1.0481283938
12,2023-09-18 00:00:00,2023,9,5.2351192776
12,2023-09-21 00:00:00,2023,9,6.2271314148
12,2023-09-22 00:00:00,2023,9,4.7760532768
12,2023-09-23 00:00:00,2023,9,0.4725937763
12,2023-10-07 00:00:00,2023,10,0.0
12,2023-10-10 00:00:00,2023,10,0.0
12,2023-10-11 00:00:00,2023,10,0.0
12,2023-10-22 00:00:00,2023,10,0.0
12,2023-10-23 00:00:00,2023,10,0.0
12,2023-10-26 00:00:00,2023,10,0.1707456392
12,2023-10-28 00:00:00,2023,10,0.0
12,2023-10-31 00:00:00,2023,10,0.0
12,2023-11-05 00:00:00,2023,11,0.4298182658
12,2023-11-07 00:00:00,2023,11,2.277375467
12,2023-11-12 00:00:00,2023,11,0.0
12,2023-11-13 00:00:00,2023,11,0.0
12,2023-11-17 00:00:00,2023,11,0.0
12,2023-11-22 00:00:00,2023,11,0.9638858514
12,2023-12-03 00:00:00,2023,12,0.0020653224
12,2023-12-08 00:00:00,2023,12,0.0
12,2023-12-13 00:00:00,2023,12,0.0
12,2023-12-17 00:00:00,2023,12,0.0
13,2023-04-11 00:00:00,2023,4,0.0
13,2023-04-14 00:00:00,2023,4,0.0
13,2023-04-18 00:00:00,2023,4,0.0
13,2023-04-21 00:00:00,2023,4,0.3220756559
13,2023-04-26 00:00:00,2023,4,0.0936022295
13,2023-04-27 00:00:00,2023,4,0.0
13,2023-04-28 00:00:00,2023,4,0.4981276535
13,2023-05-03 00:00:00,2023,5,10.9359388064
13,2023-05-06 00:00:00,2023,5,0.983637693
13,2023-05-09 00:00:00,2023,5,0.0
13,2023-05-19 00:00:00,2023,5,5.78713e-05
13,2023-05-20 00:00:00,2023,5,3.5494482236
13,2023-05-21 00:00:00,2023,5,0.2374140694
13,2023-05-25 00:00:00,2023,5,0.0
13,2023-06-02 00:00:00,2023,6,0.0
13,2023-06-03 00:00:00,2023,6,3.96865e-05
13,2023-06-05 00:00:00,2023,6,15.6622594565
13,2023-06-11 00:00:00,2023,6,0.0
13,2023-06-13 00:00:00,2023,6,0.0948735811
13,2023-06-14 00:00:00,2023,6,0.0244450076
13,2023-06-19 00:00:00,2023,6,2.2631105674
13,2023-06-24 00:00:00,2023,6,9.8118554672
13,2023-06-26 00:00:00,2023,6,18.2489224501
13,2023-06-28 00:00:00,2023,6,10.5040645551
13,2023-07-01 00:00:00,2023,7,0.0
13,2023-07-02 00:00:00,2023,7,0.0003440277
13,2023-07-03 00:00:00,2023,7,0.0005590451
13,2023-07-10 00:00:00,2023,7,5.4452723184
13,2023-07-25 00:00:00,2023,7,21.4249770279
13,2023-07-26 00:00:00,2023,7,54.1362014188
13,2023-07-29 00:00:00,2023,7,1.3487053422
13,2023-07-31 00:00:00,2023,7,0.5970494627
13,2023-08-03 00:00:00,2023,8,0.0256049125
13,2023-08-19 00:00:00,2023,8,7.8725232044
13,2023-08-21 00:00:00,2023,8,2.8887116832
13,2023-08-25 00:00:00,2023,8,2.1696868947
13,2023-08-26 00:00:00,2023,8,22.8557100946
13,2023-09-09 00:00:00,2023,9,0.4429512856
13,2023-09-11 00:00:00,2023,9,9.4092534066
13,2023-10-04 00:00:00,2023,10,2.8837741436
13,2023-10-16 00:00:00,2023,10,0.0
13,2023-10-17 00:00:00,2023,10,0.0
13,2023-10-20 00:00:00,2023,10,0.032843443
13,2023-10-21 00:00:00,2023,10,0.0092601787
13,2023-10-22 00:00:00,2023,10,0.0
13,2023-10-25 00:00:00,2023,10,0.0
13,2023-10-26 00:00:00,2023,10,0.0
13,2023-11-04 00:00:00,2023,11,0.9249430014
13,2023-11-05 00:00:00,2023,11,0.6846403868
13,2023-11-18 00:00:00,2023,11,0.0
13,2023-11-20 00:00:00,2023,11,0.0
13,2023-12-05 00:00:00,2023,12,46.8574008558
13,2023-12-12 00:00:00,2023,12,0.0
13,2023-12-22 00:00:00,2023,12,0.0
13,2023-12-26 00:00:00,2023,12,0.0
13,2023-12-28 00:00:00,2023,12,0.0
13,2023-12-30 00:00:00,2023,12,0.0
5,2023-01-04 00:00:00,2023,1,0.0
5,2023-01-11 00:00:00,2023,1,0.0
5,2023-01-14 00:00:00,2023,1,0.0
5,2023-01-19 00:00:00,2023,1,0.0
5,2023-01-20 00:00:00,2023,1,0.0
5,2023-01-28 00:00:00,2023,1,0.0
5,2023-01-29 00:00:00,2023,1,0.0
5,2023-01-31 00:00:00,2023,1,0.2681297553
5,2023-02-17 00:00:00,2023,2,0.0
5,2023-02-22 00:00:00,2023,2,0.0
5,2023-03-02 00:00:00,2023,3,0.0
5,2023-03-05 00:00:00,2023,3,0.0
5,2023-03-08 00:00:00,2023,3,0.0
5,2023-03-13 00:00:00,2023,3,0.0
5,2023-03-17 00:00:00,2023,3,9.606137745
5,2023-03-22 00:00:00,2023,3,0.0
5,2023-03-26 00:00:00,2023,3,0.0
5,2023-04-04 00:00:00,2023,4,0.1698807118
5,2023-04-07 00:00:00,2023,4,0.0
5,2023-04-14 00:00:00,2023,4,0.0
5,2023-04-15 00:00:00,2023,4,0.0
5,2023-04-17 00:00:00,2023,4,0.0
5,2023-04-19 00:00:00,2023,4,0.0138342839
5,2023-04-28 00:00:00,2023,4,0.0
5,2023-05-03 00:00:00,2023,5,0.3750150448
5,2023-05-07 00:00:00,2023,5,3.3049462747
5,2023-05-11 00:00:00,2023,5,0.0
5,2023-05-18 00:00:00,2023,5,0.0
5,2023-05-19 00:00:00,2023,5,1.3778074002
5,2023-05-25 00:00:00,2023,5,1.2869148489
5,2023-05-29 00:00:00,2023,5,1.2510952544
5,2023-06-03 00:00:00,2023,6,0.0814282061
5,2023-06-04 00:00:00,2023,6,0.3429228754
5,2023-06-11 00:00:00,2023,6,1.6535219432
5,2023-06-12 00:00:00,2023,6,0.0284741773
5,2023-06-13 00:00:00,2023,6,0.0334443339
5,2023-06-20 00:00:00,2023,6,4.9918103084
5,2023-06-28 00:00:00,2023,6,0.1053317346
5,2023-06-30 00:00:00,2023,6,0.3471600345
5,2023-07-10 00:00:00,2023,7,1.8288610491
5,2023-07-11 00:00:00,2023,7,0.0
5,2023-07-30 00:00:00,2023,7,0.0699047166
5,2023-08-14 00:00:00,2023,8,0.0018863497
5,2023-08-19 00:00:00,2023,8,0.092994259
5,2023-08-27 00:00:00,2023,8,3.7758812812
5,2023-09-03 00:00:00,2023,9,56.1233860557
5,2023-09-08 00:00:00,2023,9,0.6577049866
5,2023-09-16 00:00:00,2023,9,4.1790113131
5,2023-09-18 00:00:00,2023,9,1.2788454332
5,2023-09-23 00:00:00,2023,9,6.5249290601
5,2023-09-27 00:00:00,2023,9,7.2986513161
5,2023-10-04 00:00:00,2023,10,0.0417192157
5,2023-10-07 00:00:00,2023,10,0.0
5,2023-10-09 00:00:00,2023,10,0.0
5,2023-10-13 00:00:00,2023,10,0.0
5,2023-10-17 00:00:00,2023,10,0.0
5,2023-10-19 00:00:00,2023,10,0.0
5,2023-11-05 00:00:00,2023,11,3.022382624
5,2023-11-08 00:00:00,2023,11,5.70660186
5,2023-11-09 00:00:00,2023,11,1.6171122588
5,2023-11-10 00:00:00,2023,11,0.6139802295
5,2023-11-12 00:00:00,2023,11,0.0
5,2023-12-03 00:00:00,2023,12,14.0190080809
5,2023-12-07 00:00:00,2023,12,0.5257113631
5,2023-12-09 00:00:00,2023,12,0.0204487432
5,2023-12-16 00:00:00,2023,12,1.3689659856
5,2023-12-19 00:00:00,2023,12,0.0
5,2023-12-21 00:00:00,2023,12,0.0
5,2023-12-22 00:00:00,2023,12,0.0
5,2023-12-26 00:00:00,2023,12,0.0
5,2023-12-30 00:00:00,2023,12,0.0
12,2023-12-26 00:00:00,2023,12,0.0
12,2023-12-28 00:00:00,2023,12,0.0
12,2023-12-29 00:00:00,2023,12,0.0
13,2023-01-01 00:00:00,2023,1,0.0
13,2023-01-06 00:00:00,2023,1,0.478887383
13,2023-01-07 00:00:00,2023,1,0.0
13,2023-01-08 00:00:00,2023,1,0.0
13,2023-01-09 00:00:00,2023,1,0.0
13,2023-01-12 00:00:00,2023,1,0.0
13,2023-01-14 00:00:00,2023,1,0.0
13,2023-01-21 00:00:00,2023,1,0.0
13,2023-01-23 00:00:00,2023,1,0.0
13,2023-01-24 00:00:00,2023,1,0.0
13,2023-01-25 00:00:00,2023,1,0.0
13,2023-01-28 00:00:00,2023,1,0.0
13,2023-02-01 00:00:00,2023,2,0.0
13,2023-02-02 00:00:00,2023,2,0.0
13,2023-02-11 00:00:00,2023,2,0.0
13,2023-02-13 00:00:00,2023,2,0.0
13,2023-02-14 00:00:00,2023,2,0.0
13,2023-02-20 00:00:00,2023,2,0.0
13,2023-02-23 00:00:00,2023,2,0.0
13,2023-02-25 00:00:00,2023,2,0.0
13,2023-02-26 00:00:00,2023,2,0.0
13,2023-03-02 00:00:00,2023,3,0.0
13,2023-03-09 00:00:00,2023,3,0.0
13,2023-03-12 00:00:00,2023,3,0.0
13,2023-03-13 00:00:00,2023,3,0.0
13,2023-03-17 00:00:00,2023,3,3.0500029136
13,2023-03-20 00:00:00,2023,3,6.9324277365
4,2023-01-12 00:00:00,2023,1,0.0
4,2023-01-13 00:00:00,2023,1,0.0
4,2023-01-19 00:00:00,2023,1,0.0
4,2023-01-30 00:00:00,2023,1,0.0
4,2023-02-02 00:00:00,2023,2,0.0
4,2023-02-03 00:00:00,2023,2,0.0
4,2023-02-05 00:00:00,2023,2,0.0
4,2023-02-06 00:00:00,2023,2,0.0
4,2023-02-15 00:00:00,2023,2,0.0
4,2023-02-23 00:00:00,2023,2,0.0
4,2023-02-27 00:00:00,2023,2,0.0
4,2023-03-11 00:00:00,2023,3,0.0
4,2023-03-14 00:00:00,2023,3,0.0
4,2023-03-21 00:00:00,2023,3,0.3786112908
4,2023-03-23 00:00:00,2023,3,0.2962106522
4,2023-04-01 00:00:00,2023,4,0.6088957669
4,2023-04-08 00:00:00,2023,4,0.0
4,2023-04-09 00:00:00,2023,4,0.0
4,2023-04-18 00:00:00,2023,4,0.0019181599
4,2023-04-19 00:00:00,2023,4,0.0
4,2023-04-22 00:00:00,2023,4,0.192726847
4,2023-04-23 00:00:00,2023,4,0.0088383112
4,2023-04-24 00:00:00,2023,4,3.8042294061
4,2023-05-04 00:00:00,2023,5,8.1802729697
4,2023-05-08 00:00:00,2023,5,0.1856735554
4,2023-05-10 00:00:00,2023,5,0.0
4,2023-05-16 00:00:00,2023,5,0.0
4,2023-05-22 00:00:00,2023,5,0.0
4,2023-05-25 00:00:00,2023,5,0.0
4,2023-05-27 00:00:00,2023,5,0.0513670472
4,2023-05-29 00:00:00,2023,5,0.0533062567
4,2023-06-05 00:00:00,2023,6,3.1795412496
4,2023-06-07 00:00:00,2023,6,0.693591767
4,2023-06-08 00:00:00,2023,6,0.4835437483
4,2023-06-16 00:00:00,2023,6,0.0
4,2023-06-21 00:00:00,2023,6,5.151396029
4,2023-07-14 00:00:00,2023,7,1.0474826895
4,2023-07-15 00:00:00,2023,7,0.832141717
4,2023-07-20 00:00:00,2023,7,1.9236685587
4,2023-07-23 00:00:00,2023,7,7.1318718228
4,2023-07-26 00:00:00,2023,7,36.3291417651
4,2023-07-31 00:00:00,2023,7,0.1100194921
4,2023-08-08 00:00:00,2023,8,0.0067481617
4,2023-08-13 00:00:00,2023,8,9.0306250689
4,2023-08-14 00:00:00,2023,8,0.1350570367
4,2023-08-15 00:00:00,2023,8,0.0547021595
4,2023-08-16 00:00:00,2023,8,7.4434950743
4,2023-08-17 00:00:00,2023,8,0.8805774021
4,2023-08-19 00:00:00,2023,8,1.4468586093
4,2023-08-22 00:00:00,2023,8,0.0093307184
4,2023-08-24 00:00:00,2023,8,10.2794992811
4,2023-08-28 00:00:00,2023,8,3.4230035793
4,2023-09-08 00:00:00,2023,9,0.8679837572
4,2023-09-09 00:00:00,2023,9,0.0
4,2023-09-18 00:00:00,2023,9,1.4399967705
4,2023-10-11 00:00:00,2023,10,4.2176185351
4,2023-10-13 00:00:00,2023,10,0.0
4,2023-10-14 00:00:00,2023,10,0.0049132783
4,2023-10-16 00:00:00,2023,10,0.0513404602
4,2023-10-17 00:00:00,2023,10,0.000755889
4,2023-10-24 00:00:00,2023,10,0.0
4,2023-10-30 00:00:00,2023,10,0.1039627106
4,2023-11-10 00:00:00,2023,11,0.0
4,2023-11-14 00:00:00,2023,11,0.0
4,2023-11-22 00:00:00,2023,11,0.9889450134
4,2023-11-23 00:00:00,2023,11,7.1480526594
4,2023-11-29 00:00:00,2023,11,0.0
4,2023-12-01 00:00:00,2023,12,0.0
4,2023-12-02 00:00:00,2023,12,0.0
4,2023-12-15 00:00:00,2023,12,0.0
4,2023-12-19 00:00:00,2023,12,0.0
4,2023-12-24 00:00:00,2023,12,0.0
4,2023-12-26 00:00:00,2023,12,0.0
4,2023-12-28 00:00:00,2023,12,0.0
6,2023-01-02 00:00:00,2023,1,0.0
6,2023-01-03 00:00:00,2023,1,0.0050042024
6,2023-01-12 00:00:00,2023,1,0.0
6,2023-01-22 00:00:00,2023,1,0.0
6,2023-01-27 00:00:00,2023,1,0.0
6,2023-02-01 00:00:00,2023,2,0.0
6,2023-02-12 00:00:00,2023,2,0.0
6,2023-02-17 00:00:00,2023,2,0.0
6,2023-02-25 00:00:00,2023,2,0.0
6,2023-02-27 00:00:00,2023,2,0.0
6,2023-03-03 00:00:00,2023,3,0.0
6,2023-03-07 00:00:00,2023,3,0.0
6,2023-03-19 00:00:00,2023,3,26.1593999491
6,2023-03-22 00:00:00,2023,3,0.5207429925
6,2023-03-26 00:00:00,2023,3,6.8748508929
6,2023-04-07 00:00:00,2023,4,1.58249e-05
6,2023-04-09 00:00:00,2023,4,0.0
6,2023-04-13 00:00:00,2023,4,0.0
6,2023-04-24 00:00:00,2023,4,3.189307839
6,2023-04-26 00:00:00,2023,4,4.534246174
6,2023-04-28 00:00:00,2023,4,0.1093084767
6,2023-05-01 00:00:00,2023,5,44.6837990366
6,2023-05-10 00:00:00,2023,5,0.0
6,2023-05-11 00:00:00,2023,5,0.0139108046
6,2023-05-12 00:00:00,2023,5,0.332017312
6,2023-05-23 00:00:00,2023,5,3.9369951036
6,2023-05-25 00:00:00,2023,5,0.000294057
6,2023-05-26 00:00:00,2023,5,0.5015263818
6,2023-05-27 00:00:00,2023,5,0.153541335
6,2023-06-10 00:00:00,2023,6,0.2096843484
6,2023-06-12 00:00:00,2023,6,0.0
6,2023-06-29 00:00:00,2023,6,3.3021639208
6,2023-06-30 00:00:00,2023,6,0.0012191006
6,2023-07-01 00:00:00,2023,7,0.003833172
6,2023-07-07 00:00:00,2023,7,3.1058095484
6,2023-07-08 00:00:00,2023,7,0.9481082163
6,2023-07-15 00:00:00,2023,7,7.2492124983
6,2023-07-21 00:00:00,2023,7,14.6571735707
6,2023-07-30 00:00:00,2023,7,0.8478875901
6,2023-08-01 00:00:00,2023,8,1.9287407594
6,2023-08-09 00:00:00,2023,8,0.0584593993
6,2023-08-10 00:00:00,2023,8,0.0210613449
6,2023-08-16 00:00:00,2023,8,0.4665574499
6,2023-08-18 00:00:00,2023,8,7.4700327322
6,2023-09-08 00:00:00,2023,9,3.3685266863
6,2023-09-09 00:00:00,2023,9,0.0220360158
6,2023-09-11 00:00:00,2023,9,19.5897567956
6,2023-09-13 00:00:00,2023,9,2.8078241281
6,2023-09-14 00:00:00,2023,9,1.7067846356
6,2023-09-19 00:00:00,2023,9,1.2985168244
6,2023-10-03 00:00:00,2023,10,0.136671909
6,2023-10-07 00:00:00,2023,10,0.0
6,2023-10-08 00:00:00,2023,10,0.0
6,2023-10-11 00:00:00,2023,10,7.1126465805
6,2023-10-12 00:00:00,2023,10,0.0846281137
6,2023-10-14 00:00:00,2023,10,0.3343652502
6,2023-10-15 00:00:00,2023,10,0.0
6,2023-10-18 00:00:00,2023,10,0.0
6,2023-10-19 00:00:00,2023,10,0.0
6,2023-10-23 00:00:00,2023,10,0.0
6,2023-10-27 00:00:00,2023,10,0.0265994538
6,2023-10-28 00:00:00,2023,10,1.1603412674
6,2023-10-30 00:00:00,2023,10,2.5363911871
6,2023-11-02 00:00:00,2023,11,6.7067082847
6,2023-11-04 00:00:00,2023,11,1.7618662814
6,2023-11-03 00:00:00,2023,11,1.6771162092
6,2023-11-06 00:00:00,2023,11,3.1604921915
6,2023-11-15 00:00:00,2023,11,0.0
6,2023-11-24 00:00:00,2023,11,8.4379154058
6,2023-12-01 00:00:00,2023,12,0.0
6,2023-12-02 00:00:00,2023,12,0.0
6,2023-12-04 00:00:00,2023,12,3.9387572003
6,2023-12-09 00:00:00,2023,12,0.0
6,2023-12-14 00:00:00,2023,12,0.0
6,2023-12-18 00:00:00,2023,12,0.0
6,2023-12-19 00:00:00,2023,12,0.0
6,2023-12-21 00:00:00,2023,12,0.0
6,2023-12-25 00:00:00,2023,12,0.0
6,2023-12-31 00:00:00,2023,12,0.0
7,2023-01-16 00:00:00,2023,1,0.0
7,2023-01-19 00:00:00,2023,1,0.0
7,2023-01-21 00:00:00,2023,1,0.0
7,2023-01-30 00:00:00,2023,1,0.0167573522
7,2023-02-02 00:00:00,2023,2,0.0
7,2023-02-05 00:00:00,2023,2,0.0
7,2023-02-07 00:00:00,2023,2,0.0
7,2023-02-14 00:00:00,2023,2,0.0
7,2023-02-15 00:00:00,2023,2,0.0
7,2023-02-25 00:00:00,2023,2,0.0
7,2023-02-27 00:00:00,2023,2,0.0
7,2023-02-28 00:00:00,2023,2,0.0
7,2023-03-09 00:00:00,2023,3,0.0
7,2023-03-21 00:00:00,2023,3,0.0
7,2023-03-27 00:00:00,2023,3,0.1008378522
7,2023-04-02 00:00:00,2023,4,0.0074263484
7,2023-04-11 00:00:00,2023,4,0.0
7,2023-04-14 00:00:00,2023,4,0.2475624764
7,2023-04-18 00:00:00,2023,4,0.0
7,2023-04-21 00:00:00,2023,4,0.0
7,2023-04-23 00:00:00,2023,4,0.4615536455
7,2023-04-24 00:00:00,2023,4,0.0052721392
7,2023-04-28 00:00:00,2023,4,0.0371444353
7,2023-05-01 00:00:00,2023,5,31.5823028623
7,2023-05-03 00:00:00,2023,5,5.8519737949
7,2023-05-25 00:00:00,2023,5,3.4314455589
7,2023-05-27 00:00:00,2023,5,0.0
7,2023-05-28 00:00:00,2023,5,0.0581904088
7,2023-06-09 00:00:00,2023,6,1.8094430519
7,2023-06-13 00:00:00,2023,6,0.0
7,2023-06-17 00:00:00,2023,6,0.0817864739
7,2023-06-18 00:00:00,2023,6,0.4102744344
7,2023-06-29 00:00:00,2023,6,0.1215708471
7,2023-07-10 00:00:00,2023,7,2.688481205
7,2023-07-11 00:00:00,2023,7,0.0337377327
7,2023-07-12 00:00:00,2023,7,0.0339985783
7,2023-07-23 00:00:00,2023,7,3.1701773778
7,2023-07-30 00:00:00,2023,7,0.1563617163
7,2023-08-04 00:00:00,2023,8,0.005961904
7,2023-08-08 00:00:00,2023,8,0.082503786
7,2023-08-09 00:00:00,2023,8,0.1792022067
7,2023-08-21 00:00:00,2023,8,0.8957659531
7,2023-08-28 00:00:00,2023,8,0.0072838538
7,2023-08-29 00:00:00,2023,8,1.8019242525
7,2023-09-02 00:00:00,2023,9,6.20674422
7,2023-09-01 00:00:00,2023,9,0.0990002105
7,2023-09-05 00:00:00,2023,9,10.1015182929
7,2023-09-07 00:00:00,2023,9,0.0
7,2023-09-08 00:00:00,2023,9,0.1307515366
7,2023-09-11 00:00:00,2023,9,2.8686324522
7,2023-09-18 00:00:00,2023,9,0.4460628055
7,2023-10-11 00:00:00,2023,10,0.0
7,2023-10-12 00:00:00,2023,10,0.6933735375
7,2023-10-14 00:00:00,2023,10,0.0
7,2023-10-18 00:00:00,2023,10,0.0
7,2023-10-19 00:00:00,2023,10,0.0
7,2023-10-20 00:00:00,2023,10,0.008965808
7,2023-10-24 00:00:00,2023,10,0.0
7,2023-10-27 00:00:00,2023,10,0.0
7,2023-10-31 00:00:00,2023,10,0.0551975661
7,2023-11-02 00:00:00,2023,11,0.1639523612
7,2023-11-04 00:00:00,2023,11,0.3097642796
7,2023-11-12 00:00:00,2023,11,0.0
7,2023-11-14 00:00:00,2023,11,0.0
7,2023-11-27 00:00:00,2023,11,0.0
7,2023-12-12 00:00:00,2023,12,0.0
7,2023-12-27 00:00:00,2023,12,0.0
7,2023-12-29 00:00:00,2023,12,0.0
7,2023-12-30 00:00:00,2023,12,0.0
7,2023-12-31 00:00:00,2023,12,0.0
9,2023-01-02 00:00:00,2023,1,0.0
9,2023-01-09 00:00:00,2023,1,0.0
9,2023-01-13 00:00:00,2023,1,0.0
9,2023-01-15 00:00:00,2023,1,0.0
9,2023-01-18 00:00:00,2023,1,0.0
9,2023-01-21 00:00:00,2023,1,0.0
9,2023-01-28 00:00:00,2023,1,0.0
9,2023-01-31 00:00:00,2023,1,0.0133499834
9,2023-02-11 00:00:00,2023,2,0.0
9,2023-02-14 00:00:00,2023,2,0.0
9,2023-02-26 00:00:00,2023,2,0.0
9,2023-03-02 00:00:00,2023,3,0.0
9,2023-03-16 00:00:00,2023,3,0.0
9,2023-03-24 00:00:00,2023,3,5.3481661456
9,2023-03-25 00:00:00,2023,3,0.0052535586
9,2023-03-30 00:00:00,2023,3,0.0
9,2023-04-10 00:00:00,2023,4,0.0
9,2023-04-16 00:00:00,2023,4,0.0
9,2023-04-18 00:00:00,2023,4,0.0
9,2023-04-23 00:00:00,2023,4,0.1109944837
9,2023-04-26 00:00:00,2023,4,0.0159255421
9,2023-04-30 00:00:00,2023,4,1.5047862124
9,2023-05-01 00:00:00,2023,5,34.3951020565
9,2023-05-10 00:00:00,2023,5,0.0067216153
9,2023-05-14 00:00:00,2023,5,0.0
9,2023-05-16 00:00:00,2023,5,0.0
9,2023-05-26 00:00:00,2023,5,2.278780448
9,2023-06-05 00:00:00,2023,6,1.2184317757
9,2023-06-06 00:00:00,2023,6,0.0
9,2023-06-14 00:00:00,2023,6,0.5084785823
9,2023-06-15 00:00:00,2023,6,0.0
9,2023-06-19 00:00:00,2023,6,1.3424607735
9,2023-06-28 00:00:00,2023,6,0.0503646182
9,2023-06-30 00:00:00,2023,6,1.4235110586
9,2023-07-05 00:00:00,2023,7,3.9172146924
9,2023-07-06 00:00:00,2023,7,5.5055455166
9,2023-07-11 00:00:00,2023,7,0.6032075517
9,2023-07-16 00:00:00,2023,7,1.7224693509
9,2023-07-26 00:00:00,2023,7,9.9585760635
9,2023-07-30 00:00:00,2023,7,0.0634463826
9,2023-08-08 00:00:00,2023,8,0.0329023776
9,2023-08-13 00:00:00,2023,8,1.2730704656
9,2023-08-16 00:00:00,2023,8,2.1930117343
9,2023-08-20 00:00:00,2023,8,0.8381393789
9,2023-08-31 00:00:00,2023,8,1.5474483225
9,2023-09-04 00:00:00,2023,9,16.1183065682
9,2023-09-27 00:00:00,2023,9,5.6022177297
9,2023-09-28 00:00:00,2023,9,2.6678285684
9,2023-10-01 00:00:00,2023,10,8.2419867183
9,2023-10-04 00:00:00,2023,10,2.7787629306
9,2023-10-07 00:00:00,2023,10,0.0
9,2023-10-10 00:00:00,2023,10,0.0248280392
9,2023-10-11 00:00:00,2023,10,0.4127619993
9,2023-10-13 00:00:00,2023,10,0.0146271964
9,2023-10-19 00:00:00,2023,10,0.0
9,2023-10-20 00:00:00,2023,10,0.2029678682
9,2023-10-27 00:00:00,2023,10,0.0
9,2023-10-28 00:00:00,2023,10,0.2722034796
9,2023-11-01 00:00:00,2023,11,0.0
9,2023-11-09 00:00:00,2023,11,4.2150979571
9,2023-11-15 00:00:00,2023,11,0.0114440376
9,2023-11-18 00:00:00,2023,11,0.0064275908
9,2023-11-20 00:00:00,2023,11,0.0
9,2023-11-24 00:00:00,2023,11,8.4497271917
9,2023-11-30 00:00:00,2023,11,5.3138749062
9,2023-12-07 00:00:00,2023,12,0.3080834885
9,2023-12-08 00:00:00,2023,12,0.0
9,2023-12-17 00:00:00,2023,12,0.0064275908
9,2023-12-20 00:00:00,2023,12,0.0
9,2023-12-21 00:00:00,2023,12,0.0
9,2023-12-25 00:00:00,2023,12,0.0
9,2023-12-30 00:00:00,2023,12,0.0
8,2023-01-03 00:00:00,2023,1,0.0
8,2023-01-04 00:00:00,2023,1,0.0
8,2023-01-06 00:00:00,2023,1,0.2741305598
8,2023-01-13 00:00:00,2023,1,0.0
8,2023-01-17 00:00:00,2023,1,0.0
8,2023-01-19 00:00:00,2023,1,0.0
8,2023-01-24 00:00:00,2023,1,0.0
8,2023-01-29 00:00:00,2023,1,0.0
8,2023-01-31 00:00:00,2023,1,0.4378895153
8,2023-02-01 00:00:00,2023,2,0.0
8,2023-02-03 00:00:00,2023,2,0.0
8,2023-02-09 00:00:00,2023,2,0.0
8,2023-02-15 00:00:00,2023,2,0.0
8,2023-02-22 00:00:00,2023,2,0.0
8,2023-02-28 00:00:00,2023,2,0.0
8,2023-03-01 00:00:00,2023,3,0.0
8,2023-03-06 00:00:00,2023,3,0.0
8,2023-03-08 00:00:00,2023,3,0.0
8,2023-03-16 00:00:00,2023,3,0.0
8,2023-03-19 00:00:00,2023,3,34.8231576087
8,2023-03-20 00:00:00,2023,3,2.3941151321
8,2023-03-24 00:00:00,2023,3,7.6821037408
8,2023-03-31 00:00:00,2023,3,0.0
8,2023-04-01 00:00:00,2023,4,0.0
8,2023-04-04 00:00:00,2023,4,0.0
8,2023-04-05 00:00:00,2023,4,0.0
8,2023-04-11 00:00:00,2023,4,0.0
8,2023-04-14 00:00:00,2023,4,0.0
8,2023-04-19 00:00:00,2023,4,0.0
8,2023-04-26 00:00:00,2023,4,0.0
8,2023-04-30 00:00:00,2023,4,0.0059248804
8,2023-05-13 00:00:00,2023,5,0.0
8,2023-05-14 00:00:00,2023,5,0.0
8,2023-05-22 00:00:00,2023,5,0.0794100215
8,2023-05-28 00:00:00,2023,5,0.9783211082
8,2023-06-04 00:00:00,2023,6,0.546793957
8,2023-06-07 00:00:00,2023,6,0.0910000252
8,2023-06-09 00:00:00,2023,6,0.7884900741
8,2023-06-12 00:00:00,2023,6,0.0461370868
8,2023-06-15 00:00:00,2023,6,0.0
8,2023-06-16 00:00:00,2023,6,0.0
8,2023-06-21 00:00:00,2023,6,6.0806876765
8,2023-06-26 00:00:00,2023,6,1.5918458164
8,2023-06-27 00:00:00,2023,6,0.0189114586
8,2023-06-28 00:00:00,2023,6,0.0
8,2023-06-29 00:00:00,2023,6,0.0058497179
8,2023-07-02 00:00:00,2023,7,0.0410905336
8,2023-07-08 00:00:00,2023,7,0.37061295
8,2023-07-10 00:00:00,2023,7,2.6543599475
8,2023-07-11 00:00:00,2023,7,0.1707654976
8,2023-07-16 00:00:00,2023,7,0.9470341398
8,2023-08-01 00:00:00,2023,8,3.5858251444
8,2023-08-09 00:00:00,2023,8,0.0
8,2023-08-11 00:00:00,2023,8,7.2522237789
8,2023-08-12 00:00:00,2023,8,2.1844421154
8,2023-08-13 00:00:00,2023,8,1.3009953071
8,2023-08-16 00:00:00,2023,8,1.1988745697
8,2023-08-17 00:00:00,2023,8,1.3715185102
8,2023-09-09 00:00:00,2023,9,0.1854217058
8,2023-09-10 00:00:00,2023,9,1.4081295383
8,2023-09-16 00:00:00,2023,9,2.7636380693
8,2023-09-18 00:00:00,2023,9,0.4294736744
8,2023-09-19 00:00:00,2023,9,0.5174973847
8,2023-09-20 00:00:00,2023,9,2.4508003434
8,2023-09-22 00:00:00,2023,9,0.8179772015
8,2023-09-25 00:00:00,2023,9,0.8420213854
8,2023-09-29 00:00:00,2023,9,4.0923575376
8,2023-10-09 00:00:00,2023,10,0.0
8,2023-10-13 00:00:00,2023,10,0.0
8,2023-10-17 00:00:00,2023,10,0.0
8,2023-10-19 00:00:00,2023,10,0.0
8,2023-10-30 00:00:00,2023,10,1.9916474971
8,2023-11-05 00:00:00,2023,11,6.9030769854
8,2023-11-09 00:00:00,2023,11,0.8383290076
8,2023-11-20 00:00:00,2023,11,0.187640283
8,2023-11-23 00:00:00,2023,11,8.3429669333
8,2023-12-04 00:00:00,2023,12,62.0515662231
8,2023-12-12 00:00:00,2023,12,0.0
8,2023-12-14 00:00:00,2023,12,0.0
3,2023-12-02 00:00:00,2023,12,0.0
3,2023-12-05 00:00:00,2023,12,39.3239773805
3,2023-12-06 00:00:00,2023,12,128.0002103721
3,2023-12-11 00:00:00,2023,12,0.0
3,2023-12-20 00:00:00,2023,12,0.0
3,2023-12-24 00:00:00,2023,12,0.0
4,2023-01-03 00:00:00,2023,1,0.0155435706
4,2023-01-04 00:00:00,2023,1,0.0
4,2023-01-06 00:00:00,2023,1,0.1264305851
4,2023-01-08 00:00:00,2023,1,0.0
4,2023-01-09 00:00:00,2023,1,0.0
13,2023-04-09 00:00:00,2023,4,0.0
13,2023-04-12 00:00:00,2023,4,0.0
13,2023-04-22 00:00:00,2023,4,4.81501e-05
13,2023-04-23 00:00:00,2023,4,6.957064707
13,2023-04-29 00:00:00,2023,4,0.0
13,2023-05-01 00:00:00,2023,5,40.5396177506
13,2023-05-04 00:00:00,2023,5,9.5870285448
13,2023-05-07 00:00:00,2023,5,2.5820911156
13,2023-05-08 00:00:00,2023,5,2.7443882318
13,2023-05-10 00:00:00,2023,5,0.0
13,2023-05-30 00:00:00,2023,5,0.1273329122
13,2023-05-31 00:00:00,2023,5,2.2897053417
13,2023-06-06 00:00:00,2023,6,0.0
13,2023-06-07 00:00:00,2023,6,0.3308138597
13,2023-07-04 00:00:00,2023,7,6.8990522097
13,2023-07-06 00:00:00,2023,7,22.8606477528
13,2023-07-11 00:00:00,2023,7,1.6506138182
13,2023-07-12 00:00:00,2023,7,3.4365682564
13,2023-07-15 00:00:00,2023,7,10.3079676964
13,2023-07-17 00:00:00,2023,7,3.7740710621
13,2023-07-23 00:00:00,2023,7,14.7183447423
13,2023-07-27 00:00:00,2023,7,32.2092244908
13,2023-07-28 00:00:00,2023,7,2.127172849
13,2023-08-06 00:00:00,2023,8,1.8105212822
13,2023-08-10 00:00:00,2023,8,1.1574360817
13,2023-08-13 00:00:00,2023,8,1.0431749778
13,2023-08-15 00:00:00,2023,8,0.6919554912
13,2023-08-24 00:00:00,2023,8,6.7260116197
13,2023-08-29 00:00:00,2023,8,0.1192987849
13,2023-08-30 00:00:00,2023,8,0.0
13,2023-09-10 00:00:00,2023,9,15.3341980992
13,2023-09-12 00:00:00,2023,9,10.8413777754
13,2023-09-14 00:00:00,2023,9,0.6293431005
13,2023-09-18 00:00:00,2023,9,0.4786828065
13,2023-09-19 00:00:00,2023,9,0.950137642
13,2023-09-20 00:00:00,2023,9,0.0553860656
13,2023-09-21 00:00:00,2023,9,18.9844540816
13,2023-09-22 00:00:00,2023,9,14.3226591854
13,2023-09-25 00:00:00,2023,9,7.3307154449
13,2023-09-28 00:00:00,2023,9,7.0580799666
13,2023-09-30 00:00:00,2023,9,3.0725851424
13,2023-10-06 00:00:00,2023,10,0.0
13,2023-11-01 00:00:00,2023,11,0.0
13,2023-11-10 00:00:00,2023,11,0.0
13,2023-11-13 00:00:00,2023,11,0.0
13,2023-11-21 00:00:00,2023,11,2.0134583137
13,2023-11-24 00:00:00,2023,11,0.6725822231
13,2023-11-27 00:00:00,2023,11,0.0
13,2023-11-28 00:00:00,2023,11,0.0
13,2023-12-02 00:00:00,2023,12,0.0
13,2023-12-06 00:00:00,2023,12,188.5136234367
13,2023-12-09 00:00:00,2023,12,0.0
13,2023-12-10 00:00:00,2023,12,0.0
13,2023-12-11 00:00:00,2023,12,0.0
13,2023-12-15 00:00:00,2023,12,0.0
13,2023-12-16 00:00:00,2023,12,0.0
13,2023-12-20 00:00:00,2023,12,0.0
5,2023-01-07 00:00:00,2023,1,0.0
5,2023-01-13 00:00:00,2023,1,0.0
5,2023-01-26 00:00:00,2023,1,0.0
5,2023-02-02 00:00:00,2023,2,0.0
5,2023-02-03 00:00:00,2023,2,0.0
5,2023-02-08 00:00:00,2023,2,0.0
5,2023-02-10 00:00:00,2023,2,0.0
5,2023-02-13 00:00:00,2023,2,0.0
5,2023-02-15 00:00:00,2023,2,0.0
5,2023-02-16 00:00:00,2023,2,0.0
5,2023-02-18 00:00:00,2023,2,0.0
5,2023-02-19 00:00:00,2023,2,0.0
5,2023-02-23 00:00:00,2023,2,0.0
5,2023-02-26 00:00:00,2023,2,0.0
5,2023-02-28 00:00:00,2023,2,0.0
5,2023-03-01 00:00:00,2023,3,0.0
5,2023-03-06 00:00:00,2023,3,0.0
5,2023-03-07 00:00:00,2023,3,0.0
5,2023-03-14 00:00:00,2023,3,0.0
5,2023-03-15 00:00:00,2023,3,0.0
5,2023-03-19 00:00:00,2023,3,32.4338997992
5,2023-03-23 00:00:00,2023,3,0.0
5,2023-03-25 00:00:00,2023,3,0.0018863497
5,2023-03-31 00:00:00,2023,3,2.4978833995
5,2023-04-01 00:00:00,2023,4,0.0
5,2023-04-11 00:00:00,2023,4,0.0
5,2023-04-12 00:00:00,2023,4,0.0
5,2023-04-13 00:00:00,2023,4,0.0
5,2023-04-16 00:00:00,2023,4,0.0
5,2023-04-18 00:00:00,2023,4,0.0
5,2023-04-21 00:00:00,2023,4,0.0
5,2023-04-23 00:00:00,2023,4,0.0735312097
5,2023-04-29 00:00:00,2023,4,0.3726431982
5,2023-04-30 00:00:00,2023,4,1.5167482122
5,2023-05-17 00:00:00,2023,5,0.0390467207
5,2023-05-20 00:00:00,2023,5,0.3594359289
5,2023-05-31 00:00:00,2023,5,8.7421548922
5,2023-06-21 00:00:00,2023,6,6.2112947631
5,2023-06-29 00:00:00,2023,6,0.0724137792
5,2023-07-01 00:00:00,2023,7,0.090245398
5,2023-07-02 00:00:00,2023,7,1.3461104326
5,2023-07-08 00:00:00,2023,7,1.3323945617
5,2023-07-15 00:00:00,2023,7,0.0386040996
5,2023-07-16 00:00:00,2023,7,1.0600652066
5,2023-07-18 00:00:00,2023,7,3.5736472892
5,2023-07-22 00:00:00,2023,7,0.413932581
5,2023-07-26 00:00:00,2023,7,12.896529185
5,2023-08-03 00:00:00,2023,8,0.0
5,2023-08-06 00:00:00,2023,8,0.2360592176
5,2023-08-07 00:00:00,2023,8,0.1099425903
5,2023-08-12 00:00:00,2023,8,0.0
1,2023-01-01 00:00:00,2023,1,0.0
1,2023-01-06 00:00:00,2023,1,0.0
1,2023-01-14 00:00:00,2023,1,0.0
1,2023-01-17 00:00:00,2023,1,0.0
1,2023-01-20 00:00:00,2023,1,0.0
1,2023-01-25 00:00:00,2023,1,0.0
1,2023-02-03 00:00:00,2023,2,0.0
1,2023-02-07 00:00:00,2023,2,0.0
1,2023-02-22 00:00:00,2023,2,0.0
1,2023-03-01 00:00:00,2023,3,0.0
1,2023-03-09 00:00:00,2023,3,0.0
1,2023-03-26 00:00:00,2023,3,0.0007375986
1,2023-03-31 00:00:00,2023,3,0.145763131
1,2023-04-01 00:00:00,2023,4,0.0022127957
1,2023-04-03 00:00:00,2023,4,0.0
1,2023-04-09 00:00:00,2023,4,0.0
1,2023-04-14 00:00:00,2023,4,0.0
12,2023-02-28 00:00:00,2023,2,0.0
12,2023-03-08 00:00:00,2023,3,0.0
12,2023-03-16 00:00:00,2023,3,0.0
12,2023-04-01 00:00:00,2023,4,0.6717743704
12,2023-04-05 00:00:00,2023,4,3.3030041794
12,2023-04-09 00:00:00,2023,4,0.0
12,2023-04-10 00:00:00,2023,4,0.1857124965
12,2023-04-13 00:00:00,2023,4,0.0
12,2023-04-14 00:00:00,2023,4,0.0
12,2023-04-17 00:00:00,2023,4,0.0007252234
12,2023-04-24 00:00:00,2023,4,3.4344705452
12,2023-04-27 00:00:00,2023,4,0.1704119752
12,2023-05-03 00:00:00,2023,5,3.6294066557
12,2023-05-06 00:00:00,2023,5,5.4301680017
12,2023-05-07 00:00:00,2023,5,8.2595549747
12,2023-05-09 00:00:00,2023,5,0.0438599978
12,2023-05-30 00:00:00,2023,5,0.8511307364
12,2023-06-03 00:00:00,2023,6,0.0
12,2023-06-30 00:00:00,2023,6,2.3623054039
12,2023-07-02 00:00:00,2023,7,7.0124911812
12,2023-07-09 00:00:00,2023,7,0.2683639845
12,2023-07-10 00:00:00,2023,7,0.0019785966
12,2023-07-13 00:00:00,2023,7,3.3331811154
12,2023-07-18 00:00:00,2023,7,20.7707109697
12,2023-07-23 00:00:00,2023,7,6.8994595144
12,2023-07-24 00:00:00,2023,7,9.1963763545
12,2023-07-27 00:00:00,2023,7,40.9437600515
12,2023-08-04 00:00:00,2023,8,0.9241929269
12,2023-08-05 00:00:00,2023,8,0.799148796
12,2023-08-07 00:00:00,2023,8,2.2967895213
12,2023-08-13 00:00:00,2023,8,0.5727906415
12,2023-08-14 00:00:00,2023,8,7.3926262292
12,2023-08-19 00:00:00,2023,8,5.5270111835
12,2023-08-20 00:00:00,2023,8,1.3380601443
12,2023-08-22 00:00:00,2023,8,18.1758409875
12,2023-08-27 00:00:00,2023,8,8.4806653968
12,2023-09-06 00:00:00,2023,9,16.8485734737
12,2023-09-13 00:00:00,2023,9,13.6990164372
12,2023-09-14 00:00:00,2023,9,10.1015056778
12,2023-09-16 00:00:00,2023,9,3.7624704833
12,2023-09-25 00:00:00,2023,9,5.1064673784
12,2023-10-06 00:00:00,2023,10,0.0
12,2023-10-15 00:00:00,2023,10,0.0
12,2023-10-17 00:00:00,2023,10,0.0
12,2023-10-20 00:00:00,2023,10,0.1513543377
12,2023-10-21 00:00:00,2023,10,0.0496776668
12,2023-11-03 00:00:00,2023,11,0.2922118418
12,2023-11-06 00:00:00,2023,11,0.0017683067
12,2023-11-08 00:00:00,2023,11,1.2814217047
12,2023-11-18 00:00:00,2023,11,0.0
12,2023-11-19 00:00:00,2023,11,0.0
12,2023-11-26 00:00:00,2023,11,0.0
12,2023-11-30 00:00:00,2023,11,0.0
12,2023-12-05 00:00:00,2023,12,16.5969429859
12,2023-12-06 00:00:00,2023,12,47.62927719
12,2023-12-10 00:00:00,2023,12,0.0
12,2023-12-11 00:00:00,2023,12,0.0
12,2023-12-14 00:00:00,2023,12,0.0
12,2023-12-23 00:00:00,2023,12,0.0
12,2023-12-24 00:00:00,2023,12,0.0
13,2023-01-05 00:00:00,2023,1,0.3837171021
13,2023-01-11 00:00:00,2023,1,0.0
13,2023-01-15 00:00:00,2023,1,0.0
13,2023-01-17 00:00:00,2023,1,0.0
13,2023-01-18 00:00:00,2023,1,0.0
13,2023-01-22 00:00:00,2023,1,0.0
13,2023-02-08 00:00:00,2023,2,0.0
13,2023-02-10 00:00:00,2023,2,0.0
13,2023-02-15 00:00:00,2023,2,0.0
13,2023-02-16 00:00:00,2023,2,0.0
13,2023-02-17 00:00:00,2023,2,0.0
13,2023-02-22 00:00:00,2023,2,0.0
13,2023-02-27 00:00:00,2023,2,0.0
13,2023-03-04 00:00:00,2023,3,0.0
13,2023-03-14 00:00:00,2023,3,0.0
13,2023-03-16 00:00:00,2023,3,0.0894374468
13,2023-03-22 00:00:00,2023,3,0.3753845273
13,2023-03-30 00:00:00,2023,3,0.0
1,2023-04-20 00:00:00,2023,4,0.0
1,2023-04-25 00:00:00,2023,4,0.5864791519
1,2023-04-26 00:00:00,2023,4,2.3888253376
1,2023-04-27 00:00:00,2023,4,1.2557681332
1,2023-05-04 00:00:00,2023,5,3.4136729692
1,2023-05-05 00:00:00,2023,5,14.5923296151
1,2023-05-07 00:00:00,2023,5,9.7713583915
1,2023-05-14 00:00:00,2023,5,0.0
1,2023-05-16 00:00:00,2023,5,0.0
1,2023-05-18 00:00:00,2023,5,0.0
1,2023-05-22 00:00:00,2023,5,6.1383681419
1,2023-05-31 00:00:00,2023,5,4.7461118442
1,2023-06-17 00:00:00,2023,6,0.0458435705
1,2023-06-23 00:00:00,2023,6,2.1250603553
1,2023-07-02 00:00:00,2023,7,1.1175563292
1,2023-07-03 00:00:00,2023,7,3.421007191
1,2023-07-04 00:00:00,2023,7,1.0651198429
1,2023-07-10 00:00:00,2023,7,0.5511231086
1,2023-07-14 00:00:00,2023,7,1.0601099645
1,2023-07-20 00:00:00,2023,7,3.163082321
1,2023-07-22 00:00:00,2023,7,0.4313434764
1,2023-07-24 00:00:00,2023,7,1.2577934463
5,2023-08-16 00:00:00,2023,8,0.5442719212
5,2023-08-18 00:00:00,2023,8,0.0
5,2023-08-20 00:00:00,2023,8,4.7002434645
5,2023-08-25 00:00:00,2023,8,0.0
5,2023-08-26 00:00:00,2023,8,9.5536515533
5,2023-08-28 00:00:00,2023,8,0.0
5,2023-08-30 00:00:00,2023,8,0.0088723083
5,2023-09-01 00:00:00,2023,9,1.0030050128
5,2023-09-13 00:00:00,2023,9,0.0236009348
5,2023-09-20 00:00:00,2023,9,0.3412974498
5,2023-09-22 00:00:00,2023,9,4.954324491
5,2023-09-24 00:00:00,2023,9,20.5674737895
5,2023-09-25 00:00:00,2023,9,11.3999697261
5,2023-09-26 00:00:00,2023,9,9.9721195866
5,2023-09-28 00:00:00,2023,9,1.3893291348
5,2023-10-14 00:00:00,2023,10,0.0
5,2023-10-23 00:00:00,2023,10,0.0
5,2023-10-25 00:00:00,2023,10,0.0
5,2023-10-26 00:00:00,2023,10,0.0
5,2023-10-28 00:00:00,2023,10,0.0
5,2023-10-29 00:00:00,2023,10,0.6999987901
5,2023-10-30 00:00:00,2023,10,0.0380756588
5,2023-10-31 00:00:00,2023,10,3.4394569134
5,2023-11-16 00:00:00,2023,11,0.0018863497
5,2023-11-17 00:00:00,2023,11,0.0
5,2023-11-20 00:00:00,2023,11,0.0
5,2023-11-27 00:00:00,2023,11,0.9024124808
5,2023-11-29 00:00:00,2023,11,1.48249503
5,2023-12-08 00:00:00,2023,12,0.1462326722
5,2023-12-20 00:00:00,2023,12,0.0
5,2023-12-27 00:00:00,2023,12,0.0
5,2023-12-29 00:00:00,2023,12,0.0
8,2023-12-17 00:00:00,2023,12,0.2980990105
8,2023-12-22 00:00:00,2023,12,0.0
8,2023-12-26 00:00:00,2023,12,0.0
10,2023-01-04 00:00:00,2023,1,0.7825081274
10,2023-01-15 00:00:00,2023,1,0.0
10,2023-01-18 00:00:00,2023,1,0.0
10,2023-01-21 00:00:00,2023,1,0.0
10,2023-01-30 00:00:00,2023,1,0.0
10,2023-01-29 00:00:00,2023,1,0.0
10,2023-02-05 00:00:00,2023,2,0.0
10,2023-02-10 00:00:00,2023,2,0.0
10,2023-02-14 00:00:00,2023,2,0.0
10,2023-02-15 00:00:00,2023,2,0.0
10,2023-02-16 00:00:00,2023,2,0.0
10,2023-02-18 00:00:00,2023,2,0.0
10,2023-02-21 00:00:00,2023,2,0.0
10,2023-02-25 00:00:00,2023,2,0.0
10,2023-02-27 00:00:00,2023,2,0.0
10,2023-03-01 00:00:00,2023,3,0.0
10,2023-03-02 00:00:00,2023,3,0.0
10,2023-03-04 00:00:00,2023,3,0.0
10,2023-03-06 00:00:00,2023,3,0.0
10,2023-03-21 00:00:00,2023,3,0.6053294923
10,2023-03-31 00:00:00,2023,3,0.1040851727
10,2023-04-12 00:00:00,2023,4,0.0
10,2023-04-18 00:00:00,2023,4,0.0
10,2023-04-19 00:00:00,2023,4,0.0
10,2023-04-25 00:00:00,2023,4,0.1641613583
10,2023-04-28 00:00:00,2023,4,0.1482409332
10,2023-05-01 00:00:00,2023,5,2.3815377314
10,2023-05-09 00:00:00,2023,5,0.0162284656
10,2023-05-13 00:00:00,2023,5,0.0
10,2023-05-17 00:00:00,2023,5,1.7195009781
10,2023-05-23 00:00:00,2023,5,0.2582161517
10,2023-05-25 00:00:00,2023,5,1.2500085867
10,2023-06-04 00:00:00,2023,6,1.6220487687
10,2023-06-08 00:00:00,2023,6,1.5179046557
10,2023-06-13 00:00:00,2023,6,1.3541597612
10,2023-06-16 00:00:00,2023,6,0.0
10,2023-06-22 00:00:00,2023,6,1.5503269198
10,2023-07-04 00:00:00,2023,7,2.4680234482
10,2023-07-08 00:00:00,2023,7,11.5702136704
10,2023-07-09 00:00:00,2023,7,0.0306482645
10,2023-07-11 00:00:00,2023,7,5.6058328867
10,2023-07-18 00:00:00,2023,7,28.2613715966
10,2023-07-19 00:00:00,2023,7,22.4466120731
10,2023-07-20 00:00:00,2023,7,8.2950229225
10,2023-07-25 00:00:00,2023,7,26.7645663559
10,2023-08-06 00:00:00,2023,8,0.6763813228
10,2023-08-16 00:00:00,2023,8,6.6410485785
10,2023-08-21 00:00:00,2023,8,0.1122643335
10,2023-08-25 00:00:00,2023,8,18.9854460876
10,2023-08-27 00:00:00,2023,8,5.0153997459
10,2023-09-03 00:00:00,2023,9,9.0943930689
10,2023-09-13 00:00:00,2023,9,16.7041541428
10,2023-09-24 00:00:00,2023,9,4.9998007209
10,2023-09-27 00:00:00,2023,9,1.3413663856
10,2023-09-29 00:00:00,2023,9,2.3451520878
10,2023-10-25 00:00:00,2023,10,0.0729661344
10,2023-10-31 00:00:00,2023,10,0.0
10,2023-11-06 00:00:00,2023,11,0.4212418483
10,2023-11-15 00:00:00,2023,11,0.0
10,2023-11-26 00:00:00,2023,11,0.0
10,2023-12-05 00:00:00,2023,12,9.860051689
10,2023-12-11 00:00:00,2023,12,0.0
10,2023-12-12 00:00:00,2023,12,0.0
10,2023-12-23 00:00:00,2023,12,0.0
11,2023-01-04 00:00:00,2023,1,0.397398976
11,2023-01-13 00:00:00,2023,1,0.0
11,2023-01-14 00:00:00,2023,1,0.0
11,2023-01-16 00:00:00,2023,1,0.0
11,2023-01-18 00:00:00,2023,1,0.0
11,2023-01-20 00:00:00,2023,1,0.0
11,2023-02-01 00:00:00,2023,2,0.0
11,2023-02-02 00:00:00,2023,2,0.0
11,2023-02-06 00:00:00,2023,2,0.0
11,2023-02-09 00:00:00,2023,2,0.0
11,2023-02-17 00:00:00,2023,2,0.0
11,2023-02-19 00:00:00,2023,2,0.0103358804
11,2023-02-20 00:00:00,2023,2,0.0
11,2023-02-27 00:00:00,2023,2,0.0
11,2023-03-02 00:00:00,2023,3,0.0
11,2023-03-09 00:00:00,2023,3,0.0
11,2023-03-16 00:00:00,2023,3,0.8064518345
11,2023-03-25 00:00:00,2023,3,4.3395802001
11,2023-03-26 00:00:00,2023,3,6.5961336547
11,2023-03-31 00:00:00,2023,3,0.0
11,2023-04-03 00:00:00,2023,4,2.3345652889
11,2023-04-05 00:00:00,2023,4,0.6426239592
11,2023-04-06 00:00:00,2023,4,0.6843440916
11,2023-04-18 00:00:00,2023,4,0.0
11,2023-04-19 00:00:00,2023,4,0.0
11,2023-04-21 00:00:00,2023,4,0.1094613256
11,2023-04-22 00:00:00,2023,4,0.0
11,2023-05-01 00:00:00,2023,5,2.1888391913
11,2023-05-04 00:00:00,2023,5,15.3395111596
11,2023-05-12 00:00:00,2023,5,0.8324777229
11,2023-05-13 00:00:00,2023,5,0.0
11,2023-05-15 00:00:00,2023,5,0.0
11,2023-05-27 00:00:00,2023,5,0.0024899453
11,2023-05-28 00:00:00,2023,5,0.1214471684
11,2023-05-29 00:00:00,2023,5,3.004246958
11,2023-06-01 00:00:00,2023,6,1.2720109516
11,2023-06-04 00:00:00,2023,6,0.0
11,2023-06-07 00:00:00,2023,6,1.2087027008
11,2023-06-26 00:00:00,2023,6,11.1502146223
11,2023-06-27 00:00:00,2023,6,0.8403982675
11,2023-06-30 00:00:00,2023,6,0.3670819577
11,2023-07-04 00:00:00,2023,7,17.9202759829
11,2023-07-05 00:00:00,2023,7,12.2496707735
11,2023-07-08 00:00:00,2023,7,2.3135165989
11,2023-07-09 00:00:00,2023,7,0.6369283836
11,2023-07-10 00:00:00,2023,7,2.6612671588
11,2023-07-18 00:00:00,2023,7,20.9786448872
11,2023-07-26 00:00:00,2023,7,44.8344798653
11,2023-08-05 00:00:00,2023,8,1.1439562218
11,2023-08-10 00:00:00,2023,8,0.3010295417
11,2023-08-18 00:00:00,2023,8,15.183663977
11,2023-08-22 00:00:00,2023,8,15.2167171411
11,2023-08-26 00:00:00,2023,8,20.7793565194
11,2023-08-31 00:00:00,2023,8,0.2790295753
11,2023-09-04 00:00:00,2023,9,2.1662088006
11,2023-09-10 00:00:00,2023,9,0.5075866233
11,2023-09-12 00:00:00,2023,9,14.1791652978
11,2023-09-16 00:00:00,2023,9,1.7175629562
11,2023-09-17 00:00:00,2023,9,1.1407142726
11,2023-09-19 00:00:00,2023,9,9.5077527126
11,2023-09-20 00:00:00,2023,9,26.5757785624
11,2023-09-22 00:00:00,2023,9,3.1590050608
11,2023-09-27 00:00:00,2023,9,2.5625144786
11,2023-09-28 00:00:00,2023,9,8.0481719702
11,2023-10-03 00:00:00,2023,10,0.5796667058
11,2023-10-06 00:00:00,2023,10,0.0097655709
11,2023-10-19 00:00:00,2023,10,0.130561249
11,2023-10-24 00:00:00,2023,10,0.0
11,2023-10-27 00:00:00,2023,10,0.1499528244
11,2023-11-07 00:00:00,2023,11,2.0895959338
11,2023-11-24 00:00:00,2023,11,3.720868205
11,2023-12-01 00:00:00,2023,12,0.0
11,2023-12-02 00:00:00,2023,12,0.0
11,2023-12-05 00:00:00,2023,12,24.5095296625
11,2023-12-17 00:00:00,2023,12,0.0
11,2023-12-21 00:00:00,2023,12,0.0
11,2023-12-27 00:00:00,2023,12,0.0
11,2023-12-29 00:00:00,2023,12,0.0
12,2023-01-09 00:00:00,2023,1,0.0
12,2023-01-13 00:00:00,2023,1,0.0
12,2023-01-14 00:00:00,2023,1,0.0
12,2023-01-19 00:00:00,2023,1,0.0
12,2023-01-24 00:00:00,2023,1,0.0
12,2023-01-25 00:00:00,2023,1,0.0
12,2023-01-26 00:00:00,2023,1,0.0
12,2023-02-10 00:00:00,2023,2,0.0
12,2023-02-12 00:00:00,2023,2,0.0
12,2023-02-14 00:00:00,2023,2,0.0
12,2023-02-18 00:00:00,2023,2,0.0
12,2023-02-21 00:00:00,2023,2,0.0
1,2023-08-10 00:00:00,2023,8,3.2772073662
1,2023-08-19 00:00:00,2023,8,0.2439370955
1,2023-08-24 00:00:00,2023,8,0.0
1,2023-08-31 00:00:00,2023,8,0.6897952379
1,2023-09-15 00:00:00,2023,9,0.2327836642
1,2023-09-17 00:00:00,2023,9,2.6761418632
1,2023-09-24 00:00:00,2023,9,13.8615477266
1,2023-10-04 00:00:00,2023,10,0.0028491476
1,2023-10-25 00:00:00,2023,10,0.0
1,2023-11-02 00:00:00,2023,11,0.0
1,2023-11-15 00:00:00,2023,11,0.0
1,2023-11-18 00:00:00,2023,11,0.0
1,2023-11-23 00:00:00,2023,11,0.3847236214
1,2023-11-24 00:00:00,2023,11,0.955880793
1,2023-11-30 00:00:00,2023,11,0.0572261984
1,2023-12-05 00:00:00,2023,12,6.6211685438
1,2023-12-16 00:00:00,2023,12,0.000765642
1,2023-12-17 00:00:00,2023,12,0.0
1,2023-12-21 00:00:00,2023,12,0.0
1,2023-12-23 00:00:00,2023,12,0.0
1,2023-12-25 00:00:00,2023,12,0.0
1,2023-12-29 00:00:00,2023,12,0.120409705
1,2023-12-31 00:00:00,2023,12,0.0
2,2023-01-01 00:00:00,2023,1,0.0
2,2023-01-06 00:00:00,2023,1,0.0
2,2023-01-12 00:00:00,2023,1,0.0
2,2023-01-13 00:00:00,2023,1,0.0
2,2023-01-23 00:00:00,2023,1,0.0
2,2023-02-03 00:00:00,2023,2,0.0
2,2023-02-04 00:00:00,2023,2,0.0
2,2023-02-11 00:00:00,2023,2,0.0
2,2023-02-22 00:00:00,2023,2,0.0
2,2023-03-08 00:00:00,2023,3,0.0
2,2023-03-17 00:00:00,2023,3,3.2466849845
2,2023-03-19 00:00:00,2023,3,29.1382925432
2,2023-03-20 00:00:00,2023,3,8.3174438667
2,2023-03-28 00:00:00,2023,3,0.0682819325
2,2023-03-30 00:00:00,2023,3,0.0
2,2023-04-10 00:00:00,2023,4,0.0
2,2023-04-20 00:00:00,2023,4,0.0
2,2023-04-22 00:00:00,2023,4,3.874423948
2,2023-04-26 00:00:00,2023,4,0.0143760122
2,2023-04-29 00:00:00,2023,4,0.3675477255
2,2023-05-03 00:00:00,2023,5,0.2473631798
2,2023-05-08 00:00:00,2023,5,14.520705063
2,2023-05-14 00:00:00,2023,5,0.0
2,2023-05-17 00:00:00,2023,5,0.1994325455
2,2023-05-26 00:00:00,2023,5,5.1361939133
2,2023-05-29 00:00:00,2023,5,4.5514995198
2,2023-05-30 00:00:00,2023,5,0.1133477016
2,2023-06-09 00:00:00,2023,6,1.6667954678
2,2023-06-11 00:00:00,2023,6,2.369509106
2,2023-06-16 00:00:00,2023,6,0.0
2,2023-06-19 00:00:00,2023,6,1.203322151
2,2023-06-21 00:00:00,2023,6,11.7555022095
2,2023-07-03 00:00:00,2023,7,3.5180195172
2,2023-07-06 00:00:00,2023,7,0.5760900306
2,2023-07-07 00:00:00,2023,7,0.0353906424
2,2023-07-15 00:00:00,2023,7,0.0021416416
2,2023-07-17 00:00:00,2023,7,0.0342662654
2,2023-07-19 00:00:00,2023,7,0.1193526159
2,2023-07-20 00:00:00,2023,7,0.8962142206
2,2023-07-21 00:00:00,2023,7,0.4354493888
2,2023-08-03 00:00:00,2023,8,0.0
2,2023-08-08 00:00:00,2023,8,0.0008488268
2,2023-08-09 00:00:00,2023,8,0.001250088
2,2023-08-17 00:00:00,2023,8,5.5979209714
2,2023-08-27 00:00:00,2023,8,18.7471570051
2,2023-09-06 00:00:00,2023,9,0.4298045191
2,2023-09-11 00:00:00,2023,9,0.0
2,2023-09-12 00:00:00,2023,9,0.0139087783
2,2023-09-19 00:00:00,2023,9,2.0657056289
2,2023-09-27 00:00:00,2023,9,8.3409576217
2,2023-09-30 00:00:00,2023,9,10.1340811847
2,2023-10-04 00:00:00,2023,10,0.00312522
2,2023-10-14 00:00:00,2023,10,0.0117902266
2,2023-10-22 00:00:00,2023,10,1.7255681988
2,2023-10-24 00:00:00,2023,10,0.0
2,2023-10-26 00:00:00,2023,10,0.0
2,2023-11-05 00:00:00,2023,11,6.6735144141
2,2023-11-10 00:00:00,2023,11,2.2776381332
2,2023-11-11 00:00:00,2023,11,0.0004958022
2,2023-11-16 00:00:00,2023,11,0.5489293877
2,2023-11-17 00:00:00,2023,11,0.0
2,2023-11-24 00:00:00,2023,11,7.2509810431
2,2023-11-26 00:00:00,2023,11,0.9382445409
2,2023-12-02 00:00:00,2023,12,0.6214177399
2,2023-12-03 00:00:00,2023,12,45.1507200915
2,2023-12-06 00:00:00,2023,12,1.1143214182
2,2023-12-19 00:00:00,2023,12,0.0
3,2023-01-05 00:00:00,2023,1,4.0431575599
3,2023-01-10 00:00:00,2023,1,0.0
3,2023-01-12 00:00:00,2023,1,0.0
3,2023-01-18 00:00:00,2023,1,0.0
3,2023-02-07 00:00:00,2023,2,0.0
3,2023-02-12 00:00:00,2023,2,0.0
3,2023-02-14 00:00:00,2023,2,0.0
3,2023-02-19 00:00:00,2023,2,0.0
3,2023-02-20 00:00:00,2023,2,0.0
3,2023-02-26 00:00:00,2023,2,0.0
3,2023-03-12 00:00:00,2023,3,0.0
3,2023-03-15 00:00:00,2023,3,0.0
3,2023-03-29 00:00:00,2023,3,1.6958788579
3,2023-04-02 00:00:00,2023,4,0.8327371534
3,2023-04-04 00:00:00,2023,4,0.0
3,2023-04-13 00:00:00,2023,4,0.0175401173
3,2023-04-19 00:00:00,2023,4,0.0
3,2023-04-22 00:00:00,2023,4,0.0220580045
3,2023-05-11 00:00:00,2023,5,0.1806967179
3,2023-05-15 00:00:00,2023,5,0.0
3,2023-05-19 00:00:00,2023,5,0.1593252985
3,2023-05-20 00:00:00,2023,5,4.4983223784
3,2023-05-24 00:00:00,2023,5,0.0
3,2023-06-02 00:00:00,2023,6,0.323187027
3,2023-06-17 00:00:00,2023,6,0.3287608712
3,2023-07-01 00:00:00,2023,7,0.0
3,2023-07-09 00:00:00,2023,7,1.9692819927
3,2023-07-24 00:00:00,2023,7,22.2332528355
3,2023-07-27 00:00:00,2023,7,22.7263535575
3,2023-07-30 00:00:00,2023,7,0.0190893239
3,2023-08-01 00:00:00,2023,8,0.4380217015
3,2023-08-02 00:00:00,2023,8,3.530929142
3,2023-08-11 00:00:00,2023,8,4.1074709455
3,2023-08-18 00:00:00,2023,8,10.4781226029
3,2023-08-20 00:00:00,2023,8,2.4473872157
3,2023-08-22 00:00:00,2023,8,4.6178247422
3,2023-08-23 00:00:00,2023,8,15.2784136701
3,2023-08-28 00:00:00,2023,8,5.6661550974
3,2023-09-10 00:00:00,2023,9,4.9385025807
3,2023-09-15 00:00:00,2023,9,5.8322571447
3,2023-09-16 00:00:00,2023,9,3.4088701142
3,2023-09-22 00:00:00,2023,9,9.3888704016
3,2023-09-30 00:00:00,2023,9,9.9720053843
3,2023-10-08 00:00:00,2023,10,0.0
3,2023-10-21 00:00:00,2023,10,1.0680561428
3,2023-10-24 00:00:00,2023,10,0.0
3,2023-10-25 00:00:00,2023,10,0.0
3,2023-10-28 00:00:00,2023,10,0.1009069668
3,2023-11-04 00:00:00,2023,11,4.8618965895
3,2023-11-18 00:00:00,2023,11,0.0
3,2023-11-21 00:00:00,2023,11,4.1510534652
3,2023-11-24 00:00:00,2023,11,0.2639622654
3,2023-11-28 00:00:00,2023,11,0.0
3,2023-12-01 00:00:00,2023,12,0.0
13,2023-04-02 00:00:00,2023,4,4.4914768938
13,2023-04-03 00:00:00,2023,4,7.9535427219
13,2023-04-05 00:00:00,2023,4,0.0
13,2023-04-06 00:00:00,2023,4,0.0
13,2023-04-08 00:00:00,2023,4,0.0
13,2023-04-10 00:00:00,2023,4,0.0
13,2023-04-17 00:00:00,2023,4,0.0
13,2023-04-30 00:00:00,2023,4,1.1141324644
13,2023-05-13 00:00:00,2023,5,0.0
13,2023-05-16 00:00:00,2023,5,0.0
13,2023-05-18 00:00:00,2023,5,0.1654245824
13,2023-05-29 00:00:00,2023,5,3.648712816
13,2023-06-08 00:00:00,2023,6,1.4221652904
13,2023-06-12 00:00:00,2023,6,0.0
13,2023-06-15 00:00:00,2023,6,0.0
13,2023-07-07 00:00:00,2023,7,10.5189833364
13,2023-07-08 00:00:00,2023,7,1.1314698687
13,2023-07-09 00:00:00,2023,7,1.0524393021
13,2023-07-19 00:00:00,2023,7,19.7448349786
13,2023-07-30 00:00:00,2023,7,0.0172339125
13,2023-08-12 00:00:00,2023,8,3.6858631141
13,2023-08-14 00:00:00,2023,8,1.95892204
13,2023-08-18 00:00:00,2023,8,16.1781625628
13,2023-08-28 00:00:00,2023,8,4.6561928076
13,2023-09-07 00:00:00,2023,9,24.3242339033
13,2023-09-13 00:00:00,2023,9,7.5571654601
13,2023-09-15 00:00:00,2023,9,3.8916052092
13,2023-09-23 00:00:00,2023,9,3.6123593961
13,2023-09-24 00:00:00,2023,9,3.345306168
13,2023-09-26 00:00:00,2023,9,0.5509165359
13,2023-09-27 00:00:00,2023,9,4.4545444239
13,2023-09-29 00:00:00,2023,9,2.369755543
13,2023-10-08 00:00:00,2023,10,0.0
13,2023-10-13 00:00:00,2023,10,0.0
13,2023-10-19 00:00:00,2023,10,0.0
13,2023-10-24 00:00:00,2023,10,0.0
13,2023-10-29 00:00:00,2023,10,3.3460552106
13,2023-11-06 00:00:00,2023,11,2.6357939634
13,2023-11-08 00:00:00,2023,11,3.6552039026
13,2023-11-14 00:00:00,2023,11,0.0
13,2023-11-16 00:00:00,2023,11,0.0
13,2023-11-22 00:00:00,2023,11,0.7145402317
13,2023-11-25 00:00:00,2023,11,1.7470423809
13,2023-12-03 00:00:00,2023,12,1.239399502
13,2023-12-23 00:00:00,2023,12,0.0
13,2023-12-27 00:00:00,2023,12,0.0
13,2023-12-31 00:00:00,2023,12,0.0
5,2023-01-01 00:00:00,2023,1,0.0
5,2023-01-02 00:00:00,2023,1,0.0
5,2023-01-05 00:00:00,2023,1,0.1373949084
5,2023-01-21 00:00:00,2023,1,0.0037160371
5,2023-01-23 00:00:00,2023,1,0.0
5,2023-01-24 00:00:00,2023,1,0.0
5,2023-01-25 00:00:00,2023,1,0.0
5,2023-02-01 00:00:00,2023,2,0.0
5,2023-02-07 00:00:00,2023,2,0.0
5,2023-02-09 00:00:00,2023,2,0.0
5,2023-02-24 00:00:00,2023,2,0.0
5,2023-03-09 00:00:00,2023,3,0.0
5,2023-03-28 00:00:00,2023,3,0.0
5,2023-04-02 00:00:00,2023,4,0.3684269185
5,2023-04-03 00:00:00,2023,4,0.1432458016
5,2023-04-06 00:00:00,2023,4,0.0246596231
5,2023-04-08 00:00:00,2023,4,0.0
5,2023-04-25 00:00:00,2023,4,0.0227692241
5,2023-04-27 00:00:00,2023,4,0.2116243567
5,2023-05-01 00:00:00,2023,5,26.2634958
5,2023-05-04 00:00:00,2023,5,1.9385689173
5,2023-05-12 00:00:00,2023,5,0.3014007474
5,2023-05-13 00:00:00,2023,5,0.0
5,2023-05-15 00:00:00,2023,5,0.0
5,2023-05-16 00:00:00,2023,5,0.0
5,2023-05-24 00:00:00,2023,5,0.3976297218
5,2023-05-28 00:00:00,2023,5,1.8613588302
5,2023-06-01 00:00:00,2023,6,0.0
5,2023-06-05 00:00:00,2023,6,0.0069669711
5,2023-06-09 00:00:00,2023,6,0.0
5,2023-06-16 00:00:00,2023,6,0.0
5,2023-06-22 00:00:00,2023,6,9.5797906792
5,2023-06-23 00:00:00,2023,6,0.3343375738
5,2023-06-24 00:00:00,2023,6,0.1286339624
5,2023-06-26 00:00:00,2023,6,1.7899311897
5,2023-06-27 00:00:00,2023,6,0.0315084864
5,2023-07-05 00:00:00,2023,7,1.0850926337
5,2023-07-06 00:00:00,2023,7,0.0070586814
5,2023-07-12 00:00:00,2023,7,2.1000013262
5,2023-07-13 00:00:00,2023,7,2.329439806
5,2023-07-20 00:00:00,2023,7,2.4566975542
5,2023-07-24 00:00:00,2023,7,2.5894338788
5,2023-07-29 00:00:00,2023,7,0.3507259789
5,2023-07-31 00:00:00,2023,7,0.0007773939
5,2023-08-05 00:00:00,2023,8,1.3347521506
5,2023-08-10 00:00:00,2023,8,7.9900642746
5,2023-08-24 00:00:00,2023,8,0.727803913
5,2023-09-02 00:00:00,2023,9,0.0105642705
5,2023-09-07 00:00:00,2023,9,0.0
5,2023-09-09 00:00:00,2023,9,0.0022082596
5,2023-09-17 00:00:00,2023,9,2.1312977261
5,2023-09-21 00:00:00,2023,9,1.6473027141
5,2023-09-29 00:00:00,2023,9,9.4932595873
5,2023-10-18 00:00:00,2023,10,0.0
5,2023-10-20 00:00:00,2023,10,0.0
5,2023-10-21 00:00:00,2023,10,0.2721179288
5,2023-11-02 00:00:00,2023,11,0.0235067264
5,2023-11-07 00:00:00,2023,11,0.3727298007
5,2023-11-11 00:00:00,2023,11,0.0
5,2023-11-13 00:00:00,2023,11,0.0
5,2023-11-15 00:00:00,2023,11,0.0470332354
5,2023-11-19 00:00:00,2023,11,0.0
5,2023-11-21 00:00:00,2023,11,3.4155512974
5,2023-11-22 00:00:00,2023,11,6.2067545776
5,2023-11-25 00:00:00,2023,11,13.1048150623
5,2023-11-28 00:00:00,2023,11,10.2335724139
5,2023-12-13 00:00:00,2023,12,0.0
5,2023-12-15 00:00:00,2023,12,0.003010452
5,2023-12-23 00:00:00,2023,12,0.0
12,2023-12-31 00:00:00,2023,12,0.0
13,2023-01-04 00:00:00,2023,1,0.0
13,2023-01-13 00:00:00,2023,1,0.0
13,2023-01-16 00:00:00,2023,1,0.0
13,2023-01-26 00:00:00,2023,1,0.0
13,2023-01-29 00:00:00,2023,1,0.0
13,2023-02-24 00:00:00,2023,2,0.0
13,2023-03-01 00:00:00,2023,3,0.0
13,2023-03-06 00:00:00,2023,3,0.0
13,2023-03-08 00:00:00,2023,3,0.0
13,2023-03-11 00:00:00,2023,3,0.0
13,2023-03-21 00:00:00,2023,3,3.598644694
13,2023-03-23 00:00:00,2023,3,0.3017650596
2,2023-02-14 00:00:00,2023,2,0.0
2,2023-02-16 00:00:00,2023,2,0.0
2,2023-02-17 00:00:00,2023,2,0.0
2,2023-02-20 00:00:00,2023,2,0.0
2,2023-02-23 00:00:00,2023,2,0.0
2,2023-02-25 00:00:00,2023,2,0.0
2,2023-02-27 00:00:00,2023,2,0.0
2,2023-03-02 00:00:00,2023,3,0.0
2,2023-03-09 00:00:00,2023,3,0.0
2,2023-03-11 00:00:00,2023,3,0.0
2,2023-03-14 00:00:00,2023,3,0.0
2,2023-03-15 00:00:00,2023,3,0.0
2,2023-03-16 00:00:00,2023,3,0.0
2,2023-03-22 00:00:00,2023,3,0.3365679951
2,2023-03-26 00:00:00,2023,3,0.8762145638
2,2023-03-29 00:00:00,2023,3,0.0521722866
2,2023-04-01 00:00:00,2023,4,0.4999808435
2,2023-04-12 00:00:00,2023,4,0.0
2,2023-04-09 00:00:00,2023,4,0.0
2,2023-04-17 00:00:00,2023,4,0.0
2,2023-04-19 00:00:00,2023,4,0.0
2,2023-04-23 00:00:00,2023,4,0.3033400507
2,2023-04-24 00:00:00,2023,4,4.5844650103
2,2023-04-25 00:00:00,2023,4,0.3324438734
2,2023-04-30 00:00:00,2023,4,1.2062377496
2,2023-05-02 00:00:00,2023,5,11.0024039647
2,2023-05-06 00:00:00,2023,5,11.3260336304
2,2023-05-09 00:00:00,2023,5,2.7363342833
2,2023-05-12 00:00:00,2023,5,0.9153677472
2,2023-05-18 00:00:00,2023,5,0.0
2,2023-05-19 00:00:00,2023,5,0.8971838238
2,2023-05-22 00:00:00,2023,5,0.4464591425
2,2023-05-24 00:00:00,2023,5,1.2564870458
2,2023-05-25 00:00:00,2023,5,0.3336593435
2,2023-06-02 00:00:00,2023,6,5.1331976576
2,2023-06-03 00:00:00,2023,6,0.0
2,2023-06-06 00:00:00,2023,6,0.0
2,2023-06-07 00:00:00,2023,6,0.2256001843
2,2023-06-14 00:00:00,2023,6,3.0566837881
2,2023-06-24 00:00:00,2023,6,3.3881008449
2,2023-06-28 00:00:00,2023,6,0.0393412228
2,2023-06-30 00:00:00,2023,6,4.241326009
2,2023-07-12 00:00:00,2023,7,2.5721156595
2,2023-07-14 00:00:00,2023,7,1.5242748253
2,2023-07-22 00:00:00,2023,7,0.0080586449
2,2023-07-26 00:00:00,2023,7,8.3384622528
2,2023-07-28 00:00:00,2023,7,0.002849078
2,2023-07-30 00:00:00,2023,7,0.1216786255
2,2023-08-05 00:00:00,2023,8,0.3435868655
2,2023-08-06 00:00:00,2023,8,0.0061605368
2,2023-08-19 00:00:00,2023,8,0.0001697654
2,2023-08-20 00:00:00,2023,8,3.4243666328
2,2023-08-25 00:00:00,2023,8,0.0
2,2023-08-31 00:00:00,2023,8,2.9047742499
2,2023-09-01 00:00:00,2023,9,7.5692423737
2,2023-09-07 00:00:00,2023,9,2.1601286293
2,2023-09-08 00:00:00,2023,9,7.3665147372
2,2023-09-14 00:00:00,2023,9,1.5073996625
2,2023-09-15 00:00:00,2023,9,0.9861742638
2,2023-09-17 00:00:00,2023,9,21.1932255561
2,2023-09-20 00:00:00,2023,9,3.5222198324
2,2023-09-23 00:00:00,2023,9,6.4922539585
2,2023-09-29 00:00:00,2023,9,10.9644077504
2,2023-10-02 00:00:00,2023,10,0.0055885277
2,2023-10-09 00:00:00,2023,10,5.8951199705
2,2023-10-10 00:00:00,2023,10,4.2238140781
2,2023-10-13 00:00:00,2023,10,0.0
2,2023-10-15 00:00:00,2023,10,0.1684511696
2,2023-10-17 00:00:00,2023,10,0.0707065696
2,2023-10-27 00:00:00,2023,10,0.0
2,2023-10-28 00:00:00,2023,10,0.0167220873
2,2023-10-29 00:00:00,2023,10,2.3295915911
2,2023-10-30 00:00:00,2023,10,0.6657091981
2,2023-11-01 00:00:00,2023,11,0.620446885
2,2023-11-03 00:00:00,2023,11,1.9486096459
2,2023-11-14 00:00:00,2023,11,0.6481723505
2,2023-11-13 00:00:00,2023,11,0.0009916043
2,2023-11-20 00:00:00,2023,11,0.1246080154
2,2023-12-12 00:00:00,2023,12,0.0
2,2023-12-17 00:00:00,2023,12,0.7712165557
2,2023-12-22 00:00:00,2023,12,0.0
2,2023-12-30 00:00:00,2023,12,0.0
3,2023-01-03 00:00:00,2023,1,0.0
3,2023-01-06 00:00:00,2023,1,0.1388222389
3,2023-01-09 00:00:00,2023,1,0.0
3,2023-01-14 00:00:00,2023,1,0.0
3,2023-01-16 00:00:00,2023,1,0.0
3,2023-01-19 00:00:00,2023,1,0.0
3,2023-01-21 00:00:00,2023,1,0.0
3,2023-01-25 00:00:00,2023,1,0.0
3,2023-01-30 00:00:00,2023,1,0.0
3,2023-02-18 00:00:00,2023,2,0.0
3,2023-02-22 00:00:00,2023,2,0.0
3,2023-03-01 00:00:00,2023,3,0.0
3,2023-03-02 00:00:00,2023,3,0.0
3,2023-03-04 00:00:00,2023,3,0.0
3,2023-03-07 00:00:00,2023,3,0.0
3,2023-03-08 00:00:00,2023,3,0.0
3,2023-03-14 00:00:00,2023,3,0.0
3,2023-03-16 00:00:00,2023,3,0.006147791
3,2023-03-19 00:00:00,2023,3,45.6009407003
3,2023-03-28 00:00:00,2023,3,1.148298983
3,2023-03-30 00:00:00,2023,3,0.8064332455
3,2023-04-05 00:00:00,2023,4,0.0101797558
3,2023-04-09 00:00:00,2023,4,0.0090993869
3,2023-04-10 00:00:00,2023,4,0.0044023558
3,2023-04-12 00:00:00,2023,4,0.6210579894
3,2023-04-16 00:00:00,2023,4,0.0
3,2023-04-17 00:00:00,2023,4,0.0
3,2023-05-12 00:00:00,2023,5,1.5340287373
3,2023-05-17 00:00:00,2023,5,0.1352682264
3,2023-05-23 00:00:00,2023,5,4.8060558457
3,2023-05-25 00:00:00,2023,5,1.0226531539
3,2023-05-28 00:00:00,2023,5,0.0673670585
3,2023-05-31 00:00:00,2023,5,4.2675803698
3,2023-06-03 00:00:00,2023,6,0.0
3,2023-06-06 00:00:00,2023,6,0.0
3,2023-06-07 00:00:00,2023,6,1.1965579188
3,2023-06-14 00:00:00,2023,6,0.2688146591
3,2023-06-30 00:00:00,2023,6,1.1678898997
3,2023-07-02 00:00:00,2023,7,0.249758523
3,2023-07-06 00:00:00,2023,7,16.463184953
3,2023-07-21 00:00:00,2023,7,9.0687727442
3,2023-07-22 00:00:00,2023,7,2.3515879512
3,2023-07-31 00:00:00,2023,7,0.9321415919
3,2023-08-06 00:00:00,2023,8,1.822170382
3,2023-08-10 00:00:00,2023,8,0.2417353536
3,2023-08-24 00:00:00,2023,8,3.2730647764
3,2023-08-25 00:00:00,2023,8,5.0678704144
3,2023-08-26 00:00:00,2023,8,16.626470548
3,2023-08-29 00:00:00,2023,8,0.5614257498
3,2023-09-03 00:00:00,2023,9,6.0366493931
3,2023-09-07 00:00:00,2023,9,23.5308782922
3,2023-09-13 00:00:00,2023,9,7.1984216599
3,2023-09-14 00:00:00,2023,9,4.3052031434
3,2023-09-21 00:00:00,2023,9,6.4007287291
3,2023-09-23 00:00:00,2023,9,1.3372917247
3,2023-09-26 00:00:00,2023,9,6.2760797697
3,2023-09-29 00:00:00,2023,9,5.8970289731
3,2023-10-01 00:00:00,2023,10,3.8387667863
3,2023-10-03 00:00:00,2023,10,0.1622335355
3,2023-10-05 00:00:00,2023,10,0.0
3,2023-10-07 00:00:00,2023,10,0.0
3,2023-10-09 00:00:00,2023,10,0.7103691942
3,2023-10-12 00:00:00,2023,10,0.4350104464
3,2023-10-16 00:00:00,2023,10,0.0
3,2023-10-20 00:00:00,2023,10,2.4425150624
3,2023-10-22 00:00:00,2023,10,0.0506608975
3,2023-11-06 00:00:00,2023,11,1.3593437753
3,2023-11-07 00:00:00,2023,11,6.8595277567
3,2023-11-16 00:00:00,2023,11,0.0
3,2023-11-20 00:00:00,2023,11,0.0
3,2023-11-29 00:00:00,2023,11,0.0
3,2023-12-10 00:00:00,2023,12,0.0
3,2023-12-13 00:00:00,2023,12,0.0
3,2023-12-14 00:00:00,2023,12,0.0
3,2023-12-17 00:00:00,2023,12,0.0
3,2023-12-18 00:00:00,2023,12,0.0
3,2023-12-22 00:00:00,2023,12,0.0
3,2023-12-29 00:00:00,2023,12,0.0
3,2023-12-30 00:00:00,2023,12,0.0
4,2023-01-02 00:00:00,2023,1,0.0
4,2023-01-07 00:00:00,2023,1,0.0
4,2023-01-16 00:00:00,2023,1,0.0
4,2023-01-23 00:00:00,2023,1,0.0
4,2023-01-29 00:00:00,2023,1,0.0
4,2023-02-01 00:00:00,2023,2,0.1298122449
4,2023-02-08 00:00:00,2023,2,0.0
4,2023-02-19 00:00:00,2023,2,0.0
4,2023-02-20 00:00:00,2023,2,0.0
4,2023-02-25 00:00:00,2023,2,0.0
4,2023-03-09 00:00:00,2023,3,0.0
4,2023-03-12 00:00:00,2023,3,0.0
4,2023-03-16 00:00:00,2023,3,0.0
4,2023-03-24 00:00:00,2023,3,8.0082579124
4,2023-03-27 00:00:00,2023,3,0.0
4,2023-04-03 00:00:00,2023,4,1.8323671827
4,2023-04-04 00:00:00,2023,4,0.0040666748
4,2023-04-15 00:00:00,2023,4,0.0
4,2023-04-16 00:00:00,2023,4,0.0
4,2023-04-20 00:00:00,2023,4,0.0
4,2023-04-28 00:00:00,2023,4,0.8472136043
4,2023-05-15 00:00:00,2023,5,0.0
4,2023-05-18 00:00:00,2023,5,0.0
4,2023-05-19 00:00:00,2023,5,0.0
4,2023-05-21 00:00:00,2023,5,3.6372696214
4,2023-05-24 00:00:00,2023,5,0.0
4,2023-05-30 00:00:00,2023,5,0.0
4,2023-06-02 00:00:00,2023,6,0.0
4,2023-06-03 00:00:00,2023,6,0.0
4,2023-06-06 00:00:00,2023,6,0.0
4,2023-06-09 00:00:00,2023,6,0.7366486564
4,2023-06-11 00:00:00,2023,6,5.7021479773
4,2023-06-12 00:00:00,2023,6,0.0020896663
4,2023-06-14 00:00:00,2023,6,0.0321448156
4,2023-06-17 00:00:00,2023,6,0.0
4,2023-06-20 00:00:00,2023,6,1.7384210252
4,2023-06-22 00:00:00,2023,6,11.9869397579
4,2023-06-23 00:00:00,2023,6,17.8352055263
4,2023-07-10 00:00:00,2023,7,25.0192395667
4,2023-07-16 00:00:00,2023,7,2.581082826
4,2023-07-18 00:00:00,2023,7,0.742073597
4,2023-07-19 00:00:00,2023,7,6.8273626227
4,2023-07-21 00:00:00,2023,7,5.9517789387
4,2023-07-28 00:00:00,2023,7,0.224471157
9,2023-01-19 00:00:00,2023,1,0.0
9,2023-01-27 00:00:00,2023,1,0.0
9,2023-01-30 00:00:00,2023,1,0.132005785
9,2023-01-29 00:00:00,2023,1,0.0
9,2023-02-01 00:00:00,2023,2,0.0103800096
9,2023-02-02 00:00:00,2023,2,0.0
9,2023-02-04 00:00:00,2023,2,0.0
9,2023-02-08 00:00:00,2023,2,0.0
9,2023-02-09 00:00:00,2023,2,0.0
9,2023-02-13 00:00:00,2023,2,0.0
9,2023-02-17 00:00:00,2023,2,0.0
9,2023-02-22 00:00:00,2023,2,0.0
9,2023-02-28 00:00:00,2023,2,0.0
9,2023-03-05 00:00:00,2023,3,0.0
9,2023-03-07 00:00:00,2023,3,0.0
9,2023-03-12 00:00:00,2023,3,0.0
9,2023-03-18 00:00:00,2023,3,2.1323756419
9,2023-03-19 00:00:00,2023,3,5.9639413491
9,2023-03-22 00:00:00,2023,3,0.0
9,2023-03-26 00:00:00,2023,3,4.9907119991
9,2023-03-27 00:00:00,2023,3,1.4122330892
9,2023-03-31 00:00:00,2023,3,0.0
9,2023-04-01 00:00:00,2023,4,0.3726358719
9,2023-04-12 00:00:00,2023,4,0.0
9,2023-04-21 00:00:00,2023,4,0.0
9,2023-04-24 00:00:00,2023,4,4.8785185288
9,2023-04-25 00:00:00,2023,4,0.0747891318
9,2023-04-28 00:00:00,2023,4,0.0144157281
9,2023-05-05 00:00:00,2023,5,0.185090019
9,2023-05-08 00:00:00,2023,5,2.1202404145
9,2023-05-18 00:00:00,2023,5,0.0
9,2023-05-20 00:00:00,2023,5,2.4179515409
9,2023-05-25 00:00:00,2023,5,0.0
9,2023-06-11 00:00:00,2023,6,0.8022041505
9,2023-06-16 00:00:00,2023,6,0.0
9,2023-06-24 00:00:00,2023,6,5.3574161964
9,2023-06-25 00:00:00,2023,6,4.7209093056
9,2023-06-27 00:00:00,2023,6,0.7129695487
9,2023-07-01 00:00:00,2023,7,0.0095424086
9,2023-07-02 00:00:00,2023,7,0.5927255599
9,2023-07-03 00:00:00,2023,7,2.46589765
9,2023-07-04 00:00:00,2023,7,17.0984653369
9,2023-07-14 00:00:00,2023,7,3.2195646302
9,2023-07-15 00:00:00,2023,7,0.074144598
9,2023-07-23 00:00:00,2023,7,2.133622621
9,2023-07-27 00:00:00,2023,7,8.9957839829
9,2023-07-31 00:00:00,2023,7,0.1197462496
9,2023-08-03 00:00:00,2023,8,0.0492774721
9,2023-08-05 00:00:00,2023,8,1.0690533439
9,2023-08-06 00:00:00,2023,8,0.3710151398
9,2023-08-07 00:00:00,2023,8,0.0866460003
9,2023-08-17 00:00:00,2023,8,0.2913073272
9,2023-08-19 00:00:00,2023,8,0.6543510368
9,2023-08-26 00:00:00,2023,8,5.0584116471
9,2023-08-27 00:00:00,2023,8,1.1431584641
9,2023-08-28 00:00:00,2023,8,1.0879170542
9,2023-09-01 00:00:00,2023,9,0.1411355781
9,2023-09-10 00:00:00,2023,9,3.9622625318
9,2023-09-13 00:00:00,2023,9,0.6867692695
9,2023-09-16 00:00:00,2023,9,0.6841236376
9,2023-09-17 00:00:00,2023,9,0.3856879821
9,2023-09-20 00:00:00,2023,9,0.0770059545
9,2023-09-22 00:00:00,2023,9,14.1631299614
9,2023-09-24 00:00:00,2023,9,12.562788417
9,2023-10-02 00:00:00,2023,10,0.2646390106
9,2023-10-03 00:00:00,2023,10,1.3042622242
9,2023-10-09 00:00:00,2023,10,0.0
9,2023-11-04 00:00:00,2023,11,4.2918513098
9,2023-11-11 00:00:00,2023,11,0.0
9,2023-11-16 00:00:00,2023,11,0.0585668689
9,2023-11-22 00:00:00,2023,11,5.6198929376
9,2023-11-23 00:00:00,2023,11,13.3098046712
9,2023-11-26 00:00:00,2023,11,0.0
9,2023-11-28 00:00:00,2023,11,0.0789029054
9,2023-12-01 00:00:00,2023,12,0.8132685078
9,2023-12-05 00:00:00,2023,12,84.2332613168
9,2023-12-09 00:00:00,2023,12,0.0
9,2023-12-11 00:00:00,2023,12,0.0
9,2023-12-13 00:00:00,2023,12,0.0
9,2023-12-14 00:00:00,2023,12,0.0
9,2023-12-15 00:00:00,2023,12,0.0
9,2023-12-18 00:00:00,2023,12,0.0114440376
9,2023-12-26 00:00:00,2023,12,0.0
8,2023-01-01 00:00:00,2023,1,0.0
8,2023-01-07 00:00:00,2023,1,0.0
8,2023-01-09 00:00:00,2023,1,0.0
8,2023-01-11 00:00:00,2023,1,0.0
8,2023-01-14 00:00:00,2023,1,0.0
8,2023-01-25 00:00:00,2023,1,0.0
8,2023-02-04 00:00:00,2023,2,0.0
8,2023-02-07 00:00:00,2023,2,0.0
8,2023-02-08 00:00:00,2023,2,0.0
8,2023-02-16 00:00:00,2023,2,0.0
8,2023-02-17 00:00:00,2023,2,0.0
8,2023-02-24 00:00:00,2023,2,0.0
8,2023-02-25 00:00:00,2023,2,0.0
8,2023-02-26 00:00:00,2023,2,0.0
8,2023-02-27 00:00:00,2023,2,0.0
8,2023-03-02 00:00:00,2023,3,0.0
8,2023-03-17 00:00:00,2023,3,2.9645513626
8,2023-03-18 00:00:00,2023,3,4.1245160457
8,2023-03-22 00:00:00,2023,3,0.0140043142
8,2023-03-23 00:00:00,2023,3,0.0469722786
8,2023-03-28 00:00:00,2023,3,0.0
8,2023-03-30 00:00:00,2023,3,0.0
8,2023-04-12 00:00:00,2023,4,0.0
8,2023-04-13 00:00:00,2023,4,0.0
8,2023-04-15 00:00:00,2023,4,0.0
8,2023-04-16 00:00:00,2023,4,0.0
8,2023-04-17 00:00:00,2023,4,0.0
8,2023-04-18 00:00:00,2023,4,0.0
8,2023-04-25 00:00:00,2023,4,0.1188049616
8,2023-05-09 00:00:00,2023,5,1.2810692658
8,2023-05-12 00:00:00,2023,5,0.0
8,2023-05-15 00:00:00,2023,5,0.0
8,2023-05-16 00:00:00,2023,5,0.0
8,2023-05-19 00:00:00,2023,5,4.9388259198
8,2023-05-21 00:00:00,2023,5,0.0207787005
8,2023-06-02 00:00:00,2023,6,0.1441328664
8,2023-06-06 00:00:00,2023,6,0.0
8,2023-06-10 00:00:00,2023,6,0.0407179452
8,2023-06-18 00:00:00,2023,6,1.0425214607
8,2023-07-06 00:00:00,2023,7,0.2901739944
8,2023-07-13 00:00:00,2023,7,6.9850077641
8,2023-07-24 00:00:00,2023,7,3.6886389409
8,2023-07-29 00:00:00,2023,7,0.0024009062
8,2023-08-03 00:00:00,2023,8,0.0
8,2023-08-19 00:00:00,2023,8,0.8213726369
8,2023-09-05 00:00:00,2023,9,0.5873378779
8,2023-09-06 00:00:00,2023,9,0.2188325205
8,2023-09-14 00:00:00,2023,9,0.1507555285
8,2023-09-17 00:00:00,2023,9,3.1810381789
8,2023-09-24 00:00:00,2023,9,3.5051882871
8,2023-09-26 00:00:00,2023,9,5.4509418272
8,2023-09-28 00:00:00,2023,9,9.8102462275
8,2023-10-05 00:00:00,2023,10,0.2205699033
8,2023-10-11 00:00:00,2023,10,0.1283757545
8,2023-10-14 00:00:00,2023,10,0.0111365382
8,2023-10-24 00:00:00,2023,10,0.0
8,2023-11-04 00:00:00,2023,11,4.6728300084
8,2023-11-07 00:00:00,2023,11,6.2245180195
8,2023-11-08 00:00:00,2023,11,21.1834430895
8,2023-11-11 00:00:00,2023,11,0.0
8,2023-11-13 00:00:00,2023,11,0.1319855145
8,2023-11-19 00:00:00,2023,11,0.0
8,2023-11-21 00:00:00,2023,11,25.8585938051
8,2023-11-22 00:00:00,2023,11,26.6865461043
8,2023-11-27 00:00:00,2023,11,1.458435829
8,2023-11-28 00:00:00,2023,11,8.7136716357
8,2023-12-07 00:00:00,2023,12,0.332385721
8,2023-12-09 00:00:00,2023,12,0.0057494534
8,2023-12-27 00:00:00,2023,12,0.0
10,2023-01-06 00:00:00,2023,1,0.0
10,2023-01-25 00:00:00,2023,1,0.0
10,2023-01-26 00:00:00,2023,1,0.0
10,2023-02-09 00:00:00,2023,2,0.0
10,2023-02-12 00:00:00,2023,2,0.0
10,2023-02-13 00:00:00,2023,2,0.0
10,2023-02-17 00:00:00,2023,2,0.0
10,2023-02-23 00:00:00,2023,2,0.0
10,2023-03-07 00:00:00,2023,3,0.0
10,2023-03-10 00:00:00,2023,3,0.0
10,2023-03-16 00:00:00,2023,3,0.0003151251
10,2023-03-20 00:00:00,2023,3,2.595495197
10,2023-03-25 00:00:00,2023,3,8.0647902589
10,2023-03-29 00:00:00,2023,3,0.4271701233
10,2023-04-02 00:00:00,2023,4,8.7570558767
10,2023-04-08 00:00:00,2023,4,0.0362163472
10,2023-04-09 00:00:00,2023,4,0.0
10,2023-04-11 00:00:00,2023,4,2.0716310254
10,2023-04-15 00:00:00,2023,4,0.0
10,2023-04-16 00:00:00,2023,4,0.0
10,2023-04-20 00:00:00,2023,4,0.0
10,2023-04-29 00:00:00,2023,4,3.6095425978
10,2023-04-30 00:00:00,2023,4,2.28448e-05
10,2023-05-05 00:00:00,2023,5,0.0
10,2023-05-10 00:00:00,2023,5,5.65582e-05
10,2023-05-15 00:00:00,2023,5,0.0
10,2023-05-18 00:00:00,2023,5,11.1645761867
10,2023-05-20 00:00:00,2023,5,7.0956368145
10,2023-06-10 00:00:00,2023,6,0.1490356979
10,2023-06-11 00:00:00,2023,6,0.2028791091
10,2023-06-15 00:00:00,2023,6,3.258250707
10,2023-06-21 00:00:00,2023,6,0.0
10,2023-06-27 00:00:00,2023,6,0.1189353231
10,2023-06-30 00:00:00,2023,6,0.7344524008
10,2023-07-07 00:00:00,2023,7,2.3483390681
10,2023-07-10 00:00:00,2023,7,0.5281662779
10,2023-07-13 00:00:00,2023,7,0.7251366816
10,2023-07-14 00:00:00,2023,7,3.208700826
10,2023-07-21 00:00:00,2023,7,8.076668973
10,2023-07-23 00:00:00,2023,7,4.434085291
10,2023-07-27 00:00:00,2023,7,28.1344746504
10,2023-07-30 00:00:00,2023,7,0.1051235978
10,2023-07-31 00:00:00,2023,7,1.7750991887
10,2023-08-05 00:00:00,2023,8,2.0135090844
10,2023-08-08 00:00:00,2023,8,0.0515481155
10,2023-08-10 00:00:00,2023,8,0.0003073724
10,2023-08-15 00:00:00,2023,8,3.7411084417
10,2023-08-20 00:00:00,2023,8,0.0675132061
10,2023-09-04 00:00:00,2023,9,1.3097066628
10,2023-09-07 00:00:00,2023,9,32.9335000114
10,2023-09-26 00:00:00,2023,9,0.3972974933
10,2023-10-03 00:00:00,2023,10,0.1257233256
10,2023-10-07 00:00:00,2023,10,0.0
10,2023-10-09 00:00:00,2023,10,0.1135439055
10,2023-10-11 00:00:00,2023,10,0.0
10,2023-10-12 00:00:00,2023,10,0.1390138218
10,2023-10-16 00:00:00,2023,10,0.0
10,2023-10-18 00:00:00,2023,10,0.0
10,2023-10-19 00:00:00,2023,10,0.0848625056
10,2023-11-07 00:00:00,2023,11,2.9410139735
10,2023-11-12 00:00:00,2023,11,0.0
10,2023-11-17 00:00:00,2023,11,0.0
10,2023-11-20 00:00:00,2023,11,0.0
10,2023-11-25 00:00:00,2023,11,0.0143527
10,2023-12-02 00:00:00,2023,12,0.0
10,2023-12-03 00:00:00,2023,12,0.0461495044
10,2023-12-15 00:00:00,2023,12,0.0
10,2023-12-16 00:00:00,2023,12,0.0
10,2023-12-18 00:00:00,2023,12,0.0
10,2023-12-26 00:00:00,2023,12,0.0
10,2023-12-27 00:00:00,2023,12,0.0
10,2023-12-29 00:00:00,2023,12,0.0
11,2023-01-03 00:00:00,2023,1,0.2961240201
11,2023-01-07 00:00:00,2023,1,0.0
11,2023-01-11 00:00:00,2023,1,0.0
11,2023-01-15 00:00:00,2023,1,0.0
11,2023-01-24 00:00:00,2023,1,0.0
11,2023-01-26 00:00:00,2023,1,0.0
11,2023-01-27 00:00:00,2023,1,0.0
11,2023-01-29 00:00:00,2023,1,0.0
11,2023-01-31 00:00:00,2023,1,0.0
11,2023-02-05 00:00:00,2023,2,0.0
11,2023-02-10 00:00:00,2023,2,0.0
11,2023-02-25 00:00:00,2023,2,0.0
11,2023-02-28 00:00:00,2023,2,0.0
11,2023-03-04 00:00:00,2023,3,0.0
11,2023-03-05 00:00:00,2023,3,0.0
11,2023-03-06 00:00:00,2023,3,0.0
11,2023-03-08 00:00:00,2023,3,0.0
11,2023-03-15 00:00:00,2023,3,0.0
11,2023-04-01 00:00:00,2023,4,1.4707280998
11,2023-04-08 00:00:00,2023,4,0.0
11,2023-04-11 00:00:00,2023,4,1.1668189672
11,2023-04-13 00:00:00,2023,4,1.1037330285
11,2023-04-17 00:00:00,2023,4,0.0
11,2023-04-23 00:00:00,2023,4,6.1785131801
11,2023-04-24 00:00:00,2023,4,1.5773086945
11,2023-04-28 00:00:00,2023,4,1.0868883477
11,2023-05-10 00:00:00,2023,5,1.8240036583
11,2023-05-17 00:00:00,2023,5,1.2798463806
11,2023-05-19 00:00:00,2023,5,0.8335250058
11,2023-06-03 00:00:00,2023,6,0.0
11,2023-06-08 00:00:00,2023,6,3.8197840093
11,2023-06-15 00:00:00,2023,6,3.1808095615
11,2023-06-16 00:00:00,2023,6,1.13688e-05
11,2023-06-19 00:00:00,2023,6,11.1473349923
11,2023-06-22 00:00:00,2023,6,8.4003079107
11,2023-06-28 00:00:00,2023,6,3.4261812405
11,2023-07-07 00:00:00,2023,7,6.7251613724
11,2023-07-11 00:00:00,2023,7,19.7978213341
11,2023-07-13 00:00:00,2023,7,5.8966072042
11,2023-07-24 00:00:00,2023,7,7.0224185298
11,2023-07-30 00:00:00,2023,7,1.0782904102
11,2023-08-06 00:00:00,2023,8,1.248959832
11,2023-08-23 00:00:00,2023,8,4.2516317224
11,2023-09-02 00:00:00,2023,9,13.1363080604
11,2023-09-07 00:00:00,2023,9,41.6607223725
11,2023-09-09 00:00:00,2023,9,0.9902361627
11,2023-09-18 00:00:00,2023,9,3.3070407762
11,2023-09-21 00:00:00,2023,9,4.4506468595
11,2023-09-25 00:00:00,2023,9,8.1404915344
11,2023-09-29 00:00:00,2023,9,4.389156098
11,2023-10-02 00:00:00,2023,10,5.9695817516
11,2023-10-09 00:00:00,2023,10,0.3427221956
11,2023-10-14 00:00:00,2023,10,0.0
11,2023-10-16 00:00:00,2023,10,0.0
11,2023-10-25 00:00:00,2023,10,0.0250639674
11,2023-10-29 00:00:00,2023,10,0.0
11,2023-11-04 00:00:00,2023,11,2.5016437354
11,2023-11-11 00:00:00,2023,11,0.0
11,2023-11-18 00:00:00,2023,11,0.0
11,2023-11-20 00:00:00,2023,11,0.0
11,2023-11-27 00:00:00,2023,11,0.0239765492
11,2023-11-30 00:00:00,2023,11,0.0
11,2023-12-03 00:00:00,2023,12,0.0
11,2023-12-04 00:00:00,2023,12,2.9209178691
11,2023-12-06 00:00:00,2023,12,109.8905921857
11,2023-12-15 00:00:00,2023,12,0.0
11,2023-12-25 00:00:00,2023,12,0.0
11,2023-12-31 00:00:00,2023,12,0.0
12,2023-01-01 00:00:00,2023,1,0.2217050887
12,2023-01-02 00:00:00,2023,1,0.443300925
12,2023-01-06 00:00:00,2023,1,0.0
12,2023-01-15 00:00:00,2023,1,0.0
12,2023-01-18 00:00:00,2023,1,0.0
12,2023-01-23 00:00:00,2023,1,0.0
12,2023-01-27 00:00:00,2023,1,0.0
12,2023-01-28 00:00:00,2023,1,0.0
12,2023-01-30 00:00:00,2023,1,0.0
12,2023-01-29 00:00:00,2023,1,0.0
12,2023-02-06 00:00:00,2023,2,0.0
12,2023-02-07 00:00:00,2023,2,0.0
12,2023-02-15 00:00:00,2023,2,0.0
12,2023-02-16 00:00:00,2023,2,0.0
12,2023-02-24 00:00:00,2023,2,0.0
12,2023-02-26 00:00:00,2023,2,0.0
12,2023-03-02 00:00:00,2023,3,0.0
12,2023-03-06 00:00:00,2023,3,0.0
12,2023-03-07 00:00:00,2023,3,0.0
12,2023-03-11 00:00:00,2023,3,0.0101531277
12,2023-03-12 00:00:00,2023,3,0.0
12,2023-03-25 00:00:00,2023,3,2.3562939102
12,2023-03-27 00:00:00,2023,3,0.8159229102
12,2023-04-06 00:00:00,2023,4,1.5418029814
12,2023-04-16 00:00:00,2023,4,0.0
12,2023-04-21 00:00:00,2023,4,0.4236003472
12,2023-04-25 00:00:00,2023,4,1.1171911623
12,2023-04-29 00:00:00,2023,4,1.694013638
12,2023-05-10 00:00:00,2023,5,0.0
12,2023-05-11 00:00:00,2023,5,0.0601996662
12,2023-05-12 00:00:00,2023,5,0.8116581365
12,2023-05-14 00:00:00,2023,5,0.0
12,2023-05-16 00:00:00,2023,5,0.0
12,2023-05-17 00:00:00,2023,5,0.7221735801
12,2023-05-26 00:00:00,2023,5,4.3896435828
12,2023-06-13 00:00:00,2023,6,0.0218607682
12,2023-06-14 00:00:00,2023,6,0.0
12,2023-06-17 00:00:00,2023,6,0.0672911002
12,2023-06-18 00:00:00,2023,6,0.0934403625
12,2023-06-22 00:00:00,2023,6,0.2064636378
12,2023-06-24 00:00:00,2023,6,1.5544224105
12,2023-07-04 00:00:00,2023,7,10.9248060387
12,2023-07-14 00:00:00,2023,7,2.1235590314
12,2023-07-20 00:00:00,2023,7,3.0976829591
12,2023-07-22 00:00:00,2023,7,9.901900629
12,2023-07-26 00:00:00,2023,7,31.1497049215
12,2023-08-06 00:00:00,2023,8,3.7759752418
12,2023-08-11 00:00:00,2023,8,1.7006370079
12,2023-08-12 00:00:00,2023,8,1.2890241955
12,2023-08-21 00:00:00,2023,8,0.3017204686
12,2023-08-23 00:00:00,2023,8,10.5047997083
12,2023-09-03 00:00:00,2023,9,16.1488394809
12,2023-09-04 00:00:00,2023,9,4.2575864044
12,2023-09-05 00:00:00,2023,9,18.6138282484
12,2023-09-11 00:00:00,2023,9,1.9769957134
12,2023-09-19 00:00:00,2023,9,1.7100598306
12,2023-09-20 00:00:00,2023,9,19.9642320434
12,2023-09-26 00:00:00,2023,9,3.4371659847
12,2023-09-29 00:00:00,2023,9,1.7373648596
12,2023-10-03 00:00:00,2023,10,1.7807751453
12,2023-10-12 00:00:00,2023,10,0.2917138215
12,2023-10-16 00:00:00,2023,10,0.0
12,2023-10-19 00:00:00,2023,10,0.0846837101
12,2023-10-30 00:00:00,2023,10,0.0
12,2023-11-14 00:00:00,2023,11,0.0
12,2023-11-20 00:00:00,2023,11,0.0
12,2023-11-25 00:00:00,2023,11,0.3953639814
12,2023-12-01 00:00:00,2023,12,0.0
12,2023-12-04 00:00:00,2023,12,0.3916172961
12,2023-12-09 00:00:00,2023,12,0.0877032346
12,2023-12-12 00:00:00,2023,12,0.0
12,2023-12-15 00:00:00,2023,12,0.0
12,2023-12-18 00:00:00,2023,12,0.0
12,2023-12-20 00:00:00,2023,12,0.0
4,2023-08-06 00:00:00,2023,8,2.3287198047
4,2023-08-12 00:00:00,2023,8,15.1484424161
4,2023-08-18 00:00:00,2023,8,15.3114286328
4,2023-08-25 00:00:00,2023,8,1.4520411489
4,2023-08-26 00:00:00,2023,8,4.2064535589
4,2023-08-31 00:00:00,2023,8,0.0
4,2023-09-02 00:00:00,2023,9,1.0077194469
4,2023-09-03 00:00:00,2023,9,36.9470004759
4,2023-09-10 00:00:00,2023,9,5.4697703425
4,2023-09-14 00:00:00,2023,9,1.8385575191
4,2023-09-15 00:00:00,2023,9,1.7106441408
4,2023-09-19 00:00:00,2023,9,0.0733443902
4,2023-09-20 00:00:00,2023,9,0.0062456566
4,2023-09-27 00:00:00,2023,9,10.8094714261
4,2023-10-02 00:00:00,2023,10,1.6599510322
4,2023-10-04 00:00:00,2023,10,4.609981104
4,2023-10-06 00:00:00,2023,10,0.0
4,2023-10-08 00:00:00,2023,10,0.0
4,2023-10-09 00:00:00,2023,10,0.2425278715
4,2023-10-10 00:00:00,2023,10,0.3486757433
4,2023-10-23 00:00:00,2023,10,0.0
4,2023-10-28 00:00:00,2023,10,0.0990724164
4,2023-10-29 00:00:00,2023,10,0.0870210203
4,2023-11-03 00:00:00,2023,11,1.3040753899
4,2023-11-06 00:00:00,2023,11,6.7000966376
4,2023-11-12 00:00:00,2023,11,0.0
4,2023-11-16 00:00:00,2023,11,0.0022778691
4,2023-11-17 00:00:00,2023,11,0.0
4,2023-11-21 00:00:00,2023,11,0.3323417775
4,2023-11-25 00:00:00,2023,11,0.0618415233
4,2023-11-30 00:00:00,2023,11,0.914451361
4,2023-12-03 00:00:00,2023,12,0.0234049547
4,2023-12-07 00:00:00,2023,12,0.0728894768
4,2023-12-12 00:00:00,2023,12,0.0226332882
4,2023-12-16 00:00:00,2023,12,0.0
4,2023-12-18 00:00:00,2023,12,0.0
4,2023-12-21 00:00:00,2023,12,0.0
4,2023-12-22 00:00:00,2023,12,0.0
4,2023-12-31 00:00:00,2023,12,0.0
6,2023-01-04 00:00:00,2023,1,0.0
6,2023-01-06 00:00:00,2023,1,0.0154555765
6,2023-01-08 00:00:00,2023,1,0.0
6,2023-01-09 00:00:00,2023,1,0.0
6,2023-01-20 00:00:00,2023,1,0.0
6,2023-01-26 00:00:00,2023,1,0.0
6,2023-01-29 00:00:00,2023,1,0.0
6,2023-02-09 00:00:00,2023,2,0.0
6,2023-02-10 00:00:00,2023,2,0.0
6,2023-02-13 00:00:00,2023,2,0.0
6,2023-03-02 00:00:00,2023,3,0.0
6,2023-03-15 00:00:00,2023,3,0.0
6,2023-03-16 00:00:00,2023,3,0.013518516
6,2023-03-17 00:00:00,2023,3,6.8908885715
6,2023-03-18 00:00:00,2023,3,5.3245787831
6,2023-03-20 00:00:00,2023,3,3.9482665883
6,2023-03-21 00:00:00,2023,3,5.8169531069
6,2023-03-23 00:00:00,2023,3,3.1476149184
6,2023-03-27 00:00:00,2023,3,0.0
6,2023-03-31 00:00:00,2023,3,0.0
6,2023-04-03 00:00:00,2023,4,4.3572316261
6,2023-04-06 00:00:00,2023,4,0.0050584744
6,2023-04-30 00:00:00,2023,4,5.1380484328
6,2023-05-05 00:00:00,2023,5,1.8242958624
6,2023-05-18 00:00:00,2023,5,0.0
6,2023-05-28 00:00:00,2023,5,0.7587012115
6,2023-05-29 00:00:00,2023,5,0.6302975388
6,2023-06-02 00:00:00,2023,6,0.0
6,2023-06-11 00:00:00,2023,6,0.6608817894
6,2023-06-20 00:00:00,2023,6,1.0467716034
6,2023-07-09 00:00:00,2023,7,0.030987467
6,2023-08-02 00:00:00,2023,8,0.060272442
6,2023-08-03 00:00:00,2023,8,0.0
6,2023-08-17 00:00:00,2023,8,5.9830626293
6,2023-08-23 00:00:00,2023,8,11.1088004955
6,2023-08-29 00:00:00,2023,8,0.3223804124
6,2023-09-06 00:00:00,2023,9,11.7425061226
6,2023-09-10 00:00:00,2023,9,8.1736655913
6,2023-09-15 00:00:00,2023,9,2.0135117039
6,2023-09-21 00:00:00,2023,9,18.1340139645
6,2023-09-22 00:00:00,2023,9,9.4707287488
6,2023-09-26 00:00:00,2023,9,0.9756557267
6,2023-09-27 00:00:00,2023,9,12.1755294146
6,2023-09-30 00:00:00,2023,9,3.7318807554
6,2023-10-04 00:00:00,2023,10,6.2895543214
6,2023-10-05 00:00:00,2023,10,0.0
6,2023-10-10 00:00:00,2023,10,0.2705816666
6,2023-10-17 00:00:00,2023,10,0.0555067735
6,2023-10-20 00:00:00,2023,10,0.8778470611
6,2023-10-29 00:00:00,2023,10,1.060044436
6,2023-11-07 00:00:00,2023,11,4.1594837029
6,2023-11-08 00:00:00,2023,11,8.9962802744
6,2023-11-11 00:00:00,2023,11,0.0
6,2023-11-23 00:00:00,2023,11,1.3272148825
6,2023-11-29 00:00:00,2023,11,0.0
6,2023-12-08 00:00:00,2023,12,0.0
6,2023-12-10 00:00:00,2023,12,0.0
6,2023-12-11 00:00:00,2023,12,0.0
6,2023-12-12 00:00:00,2023,12,0.0695250531
6,2023-12-17 00:00:00,2023,12,0.0
6,2023-12-22 00:00:00,2023,12,0.0
6,2023-12-26 00:00:00,2023,12,0.0
6,2023-12-27 00:00:00,2023,12,0.0
7,2023-01-10 00:00:00,2023,1,0.0
7,2023-01-11 00:00:00,2023,1,0.0
7,2023-01-14 00:00:00,2023,1,0.0
7,2023-01-18 00:00:00,2023,1,0.0
7,2023-01-22 00:00:00,2023,1,0.0
7,2023-01-23 00:00:00,2023,1,0.0
7,2023-02-08 00:00:00,2023,2,0.0
7,2023-02-12 00:00:00,2023,2,0.0
7,2023-02-17 00:00:00,2023,2,0.0
7,2023-02-19 00:00:00,2023,2,0.0
7,2023-03-06 00:00:00,2023,3,0.0
7,2023-03-07 00:00:00,2023,3,0.0
7,2023-03-08 00:00:00,2023,3,0.0
7,2023-03-29 00:00:00,2023,3,0.4694525541
7,2023-04-01 00:00:00,2023,4,0.0
7,2023-04-04 00:00:00,2023,4,0.2922118691
7,2023-04-06 00:00:00,2023,4,0.0419093237
7,2023-04-08 00:00:00,2023,4,0.0
7,2023-04-09 00:00:00,2023,4,0.0
7,2023-04-17 00:00:00,2023,4,0.0882447171
7,2023-04-19 00:00:00,2023,4,0.0455012791
7,2023-04-27 00:00:00,2023,4,0.3754796907
7,2023-05-02 00:00:00,2023,5,3.6714626947
7,2023-05-05 00:00:00,2023,5,5.6647451628
7,2023-05-06 00:00:00,2023,5,0.1883703388
7,2023-05-10 00:00:00,2023,5,0.6742561911
7,2023-05-12 00:00:00,2023,5,0.6866115637
7,2023-05-14 00:00:00,2023,5,0.0
7,2023-05-17 00:00:00,2023,5,0.0
7,2023-05-19 00:00:00,2023,5,0.0
7,2023-05-24 00:00:00,2023,5,0.0832369221
7,2023-05-30 00:00:00,2023,5,2.6548226281
7,2023-06-02 00:00:00,2023,6,0.6065615515
7,2023-06-05 00:00:00,2023,6,0.1113025536
7,2023-06-27 00:00:00,2023,6,1.3838576288
7,2023-07-03 00:00:00,2023,7,7.8152079946
7,2023-07-18 00:00:00,2023,7,3.0099170322
7,2023-07-20 00:00:00,2023,7,4.0418371408
7,2023-08-02 00:00:00,2023,8,0.0209478253
7,2023-08-05 00:00:00,2023,8,2.3701203377
7,2023-08-07 00:00:00,2023,8,0.2933146304
7,2023-08-11 00:00:00,2023,8,2.2209544522
7,2023-08-13 00:00:00,2023,8,0.0550087403
7,2023-08-16 00:00:00,2023,8,0.0261020759
7,2023-08-17 00:00:00,2023,8,0.0042622054
7,2023-08-20 00:00:00,2023,8,1.3179220786
7,2023-08-23 00:00:00,2023,8,0.3851385183
7,2023-08-27 00:00:00,2023,8,1.4187709762
7,2023-09-04 00:00:00,2023,9,24.2373020559
7,2023-09-21 00:00:00,2023,9,1.0054225151
7,2023-09-27 00:00:00,2023,9,3.5260519332
7,2023-10-01 00:00:00,2023,10,1.2949647625
7,2023-10-06 00:00:00,2023,10,0.0
7,2023-10-10 00:00:00,2023,10,0.0
7,2023-10-15 00:00:00,2023,10,0.0
7,2023-10-23 00:00:00,2023,10,0.0
7,2023-11-03 00:00:00,2023,11,0.6721451849
7,2023-11-07 00:00:00,2023,11,0.2130147036
7,2023-11-08 00:00:00,2023,11,6.6527972937
7,2023-11-09 00:00:00,2023,11,5.5081227201
7,2023-11-11 00:00:00,2023,11,0.0
7,2023-11-15 00:00:00,2023,11,0.0
7,2023-11-17 00:00:00,2023,11,0.0
7,2023-11-29 00:00:00,2023,11,0.0
7,2023-12-03 00:00:00,2023,12,0.1024489195
7,2023-12-13 00:00:00,2023,12,0.0
7,2023-12-17 00:00:00,2023,12,0.0
7,2023-12-18 00:00:00,2023,12,0.0
7,2023-12-19 00:00:00,2023,12,0.0
7,2023-12-20 00:00:00,2023,12,0.0
7,2023-12-23 00:00:00,2023,12,0.0
9,2023-01-04 00:00:00,2023,1,0.0
9,2023-01-08 00:00:00,2023,1,0.0
9,2023-01-10 00:00:00,2023,1,0.0
1,2023-01-03 00:00:00,2023,1,0.0
1,2023-01-07 00:00:00,2023,1,0.0
1,2023-01-15 00:00:00,2023,1,0.0
1,2023-01-22 00:00:00,2023,1,0.0
1,2023-01-24 00:00:00,2023,1,0.0
1,2023-01-26 00:00:00,2023,1,0.0
1,2023-01-29 00:00:00,2023,1,0.0
1,2023-01-31 00:00:00,2023,1,0.0
1,2023-02-11 00:00:00,2023,2,0.0
1,2023-02-12 00:00:00,2023,2,0.0
1,2023-02-13 00:00:00,2023,2,0.0
1,2023-02-16 00:00:00,2023,2,0.0
1,2023-02-18 00:00:00,2023,2,0.0
1,2023-03-07 00:00:00,2023,3,0.0
1,2023-03-10 00:00:00,2023,3,0.0
1,2023-03-11 00:00:00,2023,3,0.0
1,2023-03-13 00:00:00,2023,3,0.0
1,2023-03-14 00:00:00,2023,3,0.0
1,2023-03-18 00:00:00,2023,3,0.6915550159
1,2023-03-28 00:00:00,2023,3,0.0
1,2023-04-13 00:00:00,2023,4,0.0
1,2023-04-19 00:00:00,2023,4,0.0
1,2023-05-01 00:00:00,2023,5,27.7200556288
1,2023-05-13 00:00:00,2023,5,0.0
1,2023-05-20 00:00:00,2023,5,0.0222364859
1,2023-05-23 00:00:00,2023,5,0.1581884674
1,2023-06-01 00:00:00,2023,6,0.3846465457
1,2023-06-04 00:00:00,2023,6,2.4491670405
1,2023-06-06 00:00:00,2023,6,0.1900821798
1,2023-06-08 00:00:00,2023,6,13.2615282299
1,2023-06-09 00:00:00,2023,6,1.1796492166
1,2023-06-12 00:00:00,2023,6,1.9962092181
1,2023-06-16 00:00:00,2023,6,0.0037097868
1,2023-06-21 00:00:00,2023,6,8.2663667775
1,2023-06-24 00:00:00,2023,6,0.6392885531
1,2023-07-12 00:00:00,2023,7,1.7468276227
1,2023-07-15 00:00:00,2023,7,0.0388146444
1,2023-07-18 00:00:00,2023,7,3.1616671654
1,2023-07-27 00:00:00,2023,7,21.1665834811
1,2023-07-31 00:00:00,2023,7,0.0183907744
1,2023-08-02 00:00:00,2023,8,0.009462315
1,2023-08-11 00:00:00,2023,8,6.1751039675
1,2023-08-14 00:00:00,2023,8,0.0318274289
1,2023-08-26 00:00:00,2023,8,0.6086115114
1,2023-08-30 00:00:00,2023,8,0.1724057545
1,2023-09-03 00:00:00,2023,9,24.8318927466
1,2023-09-05 00:00:00,2023,9,7.0643065523
1,2023-09-06 00:00:00,2023,9,2.8882525148
1,2023-09-09 00:00:00,2023,9,0.0182074954
1,2023-09-30 00:00:00,2023,9,4.2372015201
1,2023-10-05 00:00:00,2023,10,1.4098631652
1,2023-10-12 00:00:00,2023,10,2.0793584995
1,2023-10-14 00:00:00,2023,10,0.0
1,2023-10-15 00:00:00,2023,10,0.0
1,2023-10-20 00:00:00,2023,10,0.0
1,2023-10-21 00:00:00,2023,10,0.000266981
1,2023-10-24 00:00:00,2023,10,0.0
1,2023-10-27 00:00:00,2023,10,0.0
1,2023-10-30 00:00:00,2023,10,0.0
1,2023-11-04 00:00:00,2023,11,0.258400831
1,2023-11-16 00:00:00,2023,11,0.0
1,2023-11-19 00:00:00,2023,11,0.0
1,2023-11-21 00:00:00,2023,11,0.0
1,2023-11-22 00:00:00,2023,11,0.2723944838
1,2023-11-25 00:00:00,2023,11,1.2512292689
1,2023-12-02 00:00:00,2023,12,1.7350699081
1,2023-12-07 00:00:00,2023,12,0.032516096
1,2023-12-13 00:00:00,2023,12,0.0
1,2023-12-14 00:00:00,2023,12,0.0
1,2023-12-15 00:00:00,2023,12,0.0
1,2023-12-20 00:00:00,2023,12,0.0
1,2023-12-22 00:00:00,2023,12,0.0
2,2023-01-15 00:00:00,2023,1,0.0
2,2023-01-16 00:00:00,2023,1,0.0
2,2023-01-20 00:00:00,2023,1,0.0
2,2023-01-25 00:00:00,2023,1,0.0
2,2023-01-30 00:00:00,2023,1,0.0815434097
2,2023-02-09 00:00:00,2023,2,0.0
4,2023-01-25 00:00:00,2023,1,0.0
4,2023-02-04 00:00:00,2023,2,0.0
4,2023-02-09 00:00:00,2023,2,0.0
4,2023-02-16 00:00:00,2023,2,0.0
4,2023-02-24 00:00:00,2023,2,0.0
4,2023-02-28 00:00:00,2023,2,0.0
4,2023-03-01 00:00:00,2023,3,0.0
4,2023-03-02 00:00:00,2023,3,0.0
4,2023-03-04 00:00:00,2023,3,0.0
4,2023-03-05 00:00:00,2023,3,0.0
4,2023-03-07 00:00:00,2023,3,0.0
4,2023-03-10 00:00:00,2023,3,0.0
4,2023-03-15 00:00:00,2023,3,0.0
4,2023-03-29 00:00:00,2023,3,1.9338155388
4,2023-03-30 00:00:00,2023,3,0.0
4,2023-04-05 00:00:00,2023,4,0.1865713422
4,2023-04-14 00:00:00,2023,4,0.0
4,2023-04-17 00:00:00,2023,4,0.0
4,2023-04-21 00:00:00,2023,4,0.0
4,2023-04-25 00:00:00,2023,4,1.2545017958
4,2023-05-03 00:00:00,2023,5,19.0501825111
4,2023-05-05 00:00:00,2023,5,2.2989353771
4,2023-05-06 00:00:00,2023,5,10.3440129581
4,2023-05-17 00:00:00,2023,5,0.0
4,2023-05-23 00:00:00,2023,5,5.4363669205
4,2023-06-04 00:00:00,2023,6,0.0
4,2023-06-18 00:00:00,2023,6,0.2267878482
4,2023-06-19 00:00:00,2023,6,0.0041954045
4,2023-06-28 00:00:00,2023,6,0.0093638397
4,2023-06-29 00:00:00,2023,6,1.1313348033
4,2023-07-04 00:00:00,2023,7,17.3773294951
4,2023-07-05 00:00:00,2023,7,4.2469235858
4,2023-07-06 00:00:00,2023,7,5.8383684961
4,2023-07-08 00:00:00,2023,7,1.1276909488
4,2023-07-11 00:00:00,2023,7,1.1949352719
4,2023-07-27 00:00:00,2023,7,22.3372449593
4,2023-07-29 00:00:00,2023,7,0.0693082719
4,2023-07-30 00:00:00,2023,7,0.1596911522
4,2023-08-01 00:00:00,2023,8,5.7510661122
4,2023-08-02 00:00:00,2023,8,0.0555134607
4,2023-08-07 00:00:00,2023,8,0.119560705
4,2023-08-10 00:00:00,2023,8,0.4270311298
4,2023-08-29 00:00:00,2023,8,1.0248315183
4,2023-08-30 00:00:00,2023,8,0.2360549616
4,2023-09-04 00:00:00,2023,9,2.7680910218
4,2023-09-11 00:00:00,2023,9,51.7745982001
4,2023-09-21 00:00:00,2023,9,6.5300835238
4,2023-09-24 00:00:00,2023,9,8.1494815268
4,2023-09-26 00:00:00,2023,9,0.9899140433
4,2023-09-29 00:00:00,2023,9,2.7116675157
4,2023-10-01 00:00:00,2023,10,6.767511285
4,2023-10-03 00:00:00,2023,10,1.5684364239
4,2023-10-15 00:00:00,2023,10,0.0
4,2023-10-21 00:00:00,2023,10,1.9916247379
4,2023-10-26 00:00:00,2023,10,0.0
4,2023-10-31 00:00:00,2023,10,0.0
4,2023-11-11 00:00:00,2023,11,0.0
4,2023-11-18 00:00:00,2023,11,0.0
4,2023-11-20 00:00:00,2023,11,0.0
4,2023-12-05 00:00:00,2023,12,61.3079839169
4,2023-12-06 00:00:00,2023,12,86.6593844692
4,2023-12-09 00:00:00,2023,12,0.0
4,2023-12-10 00:00:00,2023,12,0.0
4,2023-12-17 00:00:00,2023,12,0.0
4,2023-12-20 00:00:00,2023,12,0.0
6,2023-01-01 00:00:00,2023,1,0.0
6,2023-01-07 00:00:00,2023,1,0.0
6,2023-01-16 00:00:00,2023,1,0.0
6,2023-01-18 00:00:00,2023,1,0.0
6,2023-01-25 00:00:00,2023,1,0.0
6,2023-01-31 00:00:00,2023,1,0.0
6,2023-02-03 00:00:00,2023,2,0.0
6,2023-02-04 00:00:00,2023,2,0.0
6,2023-02-06 00:00:00,2023,2,0.0
6,2023-02-07 00:00:00,2023,2,0.0
6,2023-02-11 00:00:00,2023,2,0.0
6,2023-02-14 00:00:00,2023,2,0.0
6,2023-02-18 00:00:00,2023,2,0.0
6,2023-02-19 00:00:00,2023,2,0.0
6,2023-02-28 00:00:00,2023,2,0.0
6,2023-03-08 00:00:00,2023,3,0.0
6,2023-03-09 00:00:00,2023,3,0.0
6,2023-03-11 00:00:00,2023,3,0.0
6,2023-03-13 00:00:00,2023,3,0.0
6,2023-03-25 00:00:00,2023,3,2.9778721755
6,2023-03-29 00:00:00,2023,3,0.0
6,2023-04-05 00:00:00,2023,4,0.0
6,2023-04-12 00:00:00,2023,4,0.0
6,2023-04-16 00:00:00,2023,4,0.0
6,2023-04-18 00:00:00,2023,4,0.0
6,2023-04-19 00:00:00,2023,4,0.0
6,2023-04-21 00:00:00,2023,4,0.0
6,2023-04-23 00:00:00,2023,4,2.04396766
6,2023-04-29 00:00:00,2023,4,0.0
6,2023-05-04 00:00:00,2023,5,9.5739574577
6,2023-05-06 00:00:00,2023,5,4.234800278
6,2023-05-07 00:00:00,2023,5,4.2003788085
6,2023-05-09 00:00:00,2023,5,0.0
6,2023-05-13 00:00:00,2023,5,0.0
6,2023-05-20 00:00:00,2023,5,2.2290391604
6,2023-05-22 00:00:00,2023,5,0.0
6,2023-06-01 00:00:00,2023,6,0.0
6,2023-06-05 00:00:00,2023,6,9.8166751239
6,2023-06-06 00:00:00,2023,6,0.0
6,2023-06-07 00:00:00,2023,6,0.5070057128
6,2023-06-15 00:00:00,2023,6,0.0
6,2023-06-18 00:00:00,2023,6,1.0188045114
6,2023-06-23 00:00:00,2023,6,11.1812885923
6,2023-06-26 00:00:00,2023,6,6.1873824318
6,2023-07-03 00:00:00,2023,7,0.7083322641
6,2023-07-04 00:00:00,2023,7,11.6901469345
6,2023-07-05 00:00:00,2023,7,5.734175526
6,2023-07-12 00:00:00,2023,7,2.2065755396
6,2023-07-14 00:00:00,2023,7,10.1396707943
6,2023-07-17 00:00:00,2023,7,1.556440528
6,2023-07-18 00:00:00,2023,7,3.9303385831
6,2023-07-22 00:00:00,2023,7,6.2124287479
6,2023-08-08 00:00:00,2023,8,0.0
6,2023-08-14 00:00:00,2023,8,0.539380539
6,2023-08-20 00:00:00,2023,8,2.1806244149
6,2023-08-21 00:00:00,2023,8,3.6038416035
6,2023-08-22 00:00:00,2023,8,8.1734787416
6,2023-08-24 00:00:00,2023,8,9.227876813
6,2023-08-26 00:00:00,2023,8,18.545804719
6,2023-08-27 00:00:00,2023,8,2.7721522032
6,2023-09-03 00:00:00,2023,9,9.8453049012
6,2023-09-01 00:00:00,2023,9,0.0
6,2023-09-12 00:00:00,2023,9,3.9609663707
6,2023-09-20 00:00:00,2023,9,0.0
6,2023-10-06 00:00:00,2023,10,0.0
6,2023-10-25 00:00:00,2023,10,0.0
6,2023-10-26 00:00:00,2023,10,0.0
6,2023-10-31 00:00:00,2023,10,0.0
6,2023-11-05 00:00:00,2023,11,2.7172132355
6,2023-11-12 00:00:00,2023,11,0.0
6,2023-11-13 00:00:00,2023,11,0.0
6,2023-11-17 00:00:00,2023,11,0.0
6,2023-11-19 00:00:00,2023,11,0.0
6,2023-11-20 00:00:00,2023,11,0.0
6,2023-11-21 00:00:00,2023,11,1.3048946789
6,2023-11-25 00:00:00,2023,11,0.0
6,2023-11-26 00:00:00,2023,11,0.1149020908
6,2023-12-06 00:00:00,2023,12,144.7911777704
6,2023-12-07 00:00:00,2023,12,0.3426097349
6,2023-12-30 00:00:00,2023,12,0.0
7,2023-01-01 00:00:00,2023,1,0.0
7,2023-01-07 00:00:00,2023,1,0.0
7,2023-01-08 00:00:00,2023,1,0.0
7,2023-01-15 00:00:00,2023,1,0.0
7,2023-01-17 00:00:00,2023,1,0.0
7,2023-01-20 00:00:00,2023,1,0.0
7,2023-01-26 00:00:00,2023,1,0.0
7,2023-01-27 00:00:00,2023,1,0.0
7,2023-02-03 00:00:00,2023,2,0.0
7,2023-02-09 00:00:00,2023,2,0.0
7,2023-02-23 00:00:00,2023,2,0.0
7,2023-02-26 00:00:00,2023,2,0.0
7,2023-03-01 00:00:00,2023,3,0.0
7,2023-03-02 00:00:00,2023,3,0.0
7,2023-03-03 00:00:00,2023,3,0.0
7,2023-03-10 00:00:00,2023,3,0.0
7,2023-03-11 00:00:00,2023,3,0.0
7,2023-03-14 00:00:00,2023,3,0.0
7,2023-03-17 00:00:00,2023,3,10.1058365998
7,2023-03-20 00:00:00,2023,3,0.0
7,2023-03-24 00:00:00,2023,3,0.0
7,2023-03-25 00:00:00,2023,3,0.0
7,2023-04-03 00:00:00,2023,4,0.0
7,2023-04-10 00:00:00,2023,4,0.0
7,2023-04-25 00:00:00,2023,4,0.0241345031
7,2023-04-30 00:00:00,2023,4,5.5949894005
7,2023-05-07 00:00:00,2023,5,5.9442304422
7,2023-05-11 00:00:00,2023,5,0.0
7,2023-05-15 00:00:00,2023,5,0.0
7,2023-05-22 00:00:00,2023,5,1.0590035424
7,2023-05-26 00:00:00,2023,5,0.1109887665
7,2023-06-03 00:00:00,2023,6,0.0
7,2023-06-06 00:00:00,2023,6,0.0371250789
7,2023-06-12 00:00:00,2023,6,0.9165489359
7,2023-06-14 00:00:00,2023,6,0.0
7,2023-06-16 00:00:00,2023,6,0.0
7,2023-06-21 00:00:00,2023,6,7.7888234644
7,2023-06-22 00:00:00,2023,6,14.1907070325
7,2023-06-24 00:00:00,2023,6,1.0565505886
7,2023-06-25 00:00:00,2023,6,0.6462179616
7,2023-06-28 00:00:00,2023,6,0.7053297345
7,2023-07-01 00:00:00,2023,7,0.0
7,2023-07-02 00:00:00,2023,7,1.5945893085
7,2023-07-05 00:00:00,2023,7,3.8041321776
7,2023-07-06 00:00:00,2023,7,2.3892935204
7,2023-07-25 00:00:00,2023,7,13.769569287
7,2023-07-26 00:00:00,2023,7,17.8408835074
7,2023-08-15 00:00:00,2023,8,1.1653230543
7,2023-08-18 00:00:00,2023,8,0.006143543
7,2023-08-19 00:00:00,2023,8,1.1174975757
7,2023-08-25 00:00:00,2023,8,0.0
7,2023-08-30 00:00:00,2023,8,1.000570954
7,2023-09-06 00:00:00,2023,9,8.1085387026
7,2023-09-12 00:00:00,2023,9,1.0129158361
7,2023-09-16 00:00:00,2023,9,0.6324299007
7,2023-09-17 00:00:00,2023,9,0.3267542972
7,2023-10-04 00:00:00,2023,10,0.2055626453
7,2023-10-05 00:00:00,2023,10,0.3260389465
7,2023-10-07 00:00:00,2023,10,0.0
7,2023-10-13 00:00:00,2023,10,0.2493976074
7,2023-10-16 00:00:00,2023,10,0.0
7,2023-10-22 00:00:00,2023,10,0.1089635534
7,2023-11-01 00:00:00,2023,11,0.16941194
7,2023-11-20 00:00:00,2023,11,0.0
7,2023-11-22 00:00:00,2023,11,0.4352159156
7,2023-11-24 00:00:00,2023,11,0.425838195
7,2023-11-28 00:00:00,2023,11,0.8709891168
7,2023-11-30 00:00:00,2023,11,0.0887917127
7,2023-12-02 00:00:00,2023,12,0.3604903568
7,2023-12-11 00:00:00,2023,12,0.0
7,2023-12-14 00:00:00,2023,12,0.0
7,2023-12-16 00:00:00,2023,12,0.0
7,2023-12-25 00:00:00,2023,12,0.0
9,2023-01-03 00:00:00,2023,1,0.0
9,2023-01-11 00:00:00,2023,1,0.0
9,2023-01-14 00:00:00,2023,1,0.0
9,2023-01-25 00:00:00,2023,1,0.0
9,2023-02-03 00:00:00,2023,2,0.0
9,2023-02-18 00:00:00,2023,2,0.0
9,2023-02-19 00:00:00,2023,2,0.0
9,2023-02-25 00:00:00,2023,2,0.0
9,2023-03-08 00:00:00,2023,3,0.0
9,2023-03-09 00:00:00,2023,3,0.0
9,2023-03-11 00:00:00,2023,3,0.0
9,2023-03-15 00:00:00,2023,3,0.0
9,2023-03-20 00:00:00,2023,3,1.5546565136
9,2023-03-23 00:00:00,2023,3,0.0052535586
9,2023-04-02 00:00:00,2023,4,8.9237182832
9,2023-04-04 00:00:00,2023,4,0.1706173009
9,2023-04-06 00:00:00,2023,4,0.0256759391
9,2023-04-08 00:00:00,2023,4,0.0
9,2023-04-13 00:00:00,2023,4,0.0
9,2023-04-14 00:00:00,2023,4,0.0
9,2023-04-19 00:00:00,2023,4,1.125304641
9,2023-05-17 00:00:00,2023,5,0.0
9,2023-05-24 00:00:00,2023,5,0.0048926685
9,2023-05-29 00:00:00,2023,5,0.0067310584
9,2023-06-01 00:00:00,2023,6,0.0
9,2023-06-03 00:00:00,2023,6,0.0
9,2023-06-07 00:00:00,2023,6,0.0050786876
9,2023-06-08 00:00:00,2023,6,0.3810404021
9,2023-06-20 00:00:00,2023,6,2.2336673269
9,2023-06-23 00:00:00,2023,6,5.6251339755
9,2023-06-26 00:00:00,2023,6,5.5786899387
9,2023-06-29 00:00:00,2023,6,0.147517429
9,2023-07-09 00:00:00,2023,7,0.2122479513
9,2023-07-13 00:00:00,2023,7,6.854476649
9,2023-07-17 00:00:00,2023,7,0.183448838
9,2023-07-18 00:00:00,2023,7,0.3629194917
9,2023-08-01 00:00:00,2023,8,7.4060603434
9,2023-08-02 00:00:00,2023,8,0.0768713154
9,2023-08-04 00:00:00,2023,8,0.0384920974
9,2023-08-09 00:00:00,2023,8,0.0250636429
9,2023-08-10 00:00:00,2023,8,1.0564129765
9,2023-08-12 00:00:00,2023,8,5.9031501893
9,2023-08-14 00:00:00,2023,8,0.0312541682
9,2023-08-15 00:00:00,2023,8,0.0250636429
9,2023-08-18 00:00:00,2023,8,3.5552850677
9,2023-08-22 00:00:00,2023,8,0.0033170897
9,2023-08-24 00:00:00,2023,8,2.0888560898
9,2023-09-05 00:00:00,2023,9,5.5523541437
9,2023-09-06 00:00:00,2023,9,9.9169597857
9,2023-09-07 00:00:00,2023,9,2.4525978072
9,2023-09-08 00:00:00,2023,9,0.0305185109
9,2023-09-09 00:00:00,2023,9,0.0064275908
9,2023-09-18 00:00:00,2023,9,0.6504730504
9,2023-09-21 00:00:00,2023,9,0.2885679566
9,2023-09-23 00:00:00,2023,9,1.3553520936
9,2023-09-25 00:00:00,2023,9,1.8297661901
9,2023-09-26 00:00:00,2023,9,1.8340854879
9,2023-10-06 00:00:00,2023,10,0.0
9,2023-10-12 00:00:00,2023,10,0.6494749913
9,2023-10-14 00:00:00,2023,10,0.0
9,2023-10-18 00:00:00,2023,10,0.0
9,2023-10-23 00:00:00,2023,10,0.0
9,2023-11-05 00:00:00,2023,11,3.8744917499
9,2023-11-06 00:00:00,2023,11,19.6068357869
9,2023-11-08 00:00:00,2023,11,21.6604436794
9,2023-11-14 00:00:00,2023,11,0.0
9,2023-11-19 00:00:00,2023,11,0.0
9,2023-11-21 00:00:00,2023,11,0.1355590421
9,2023-12-02 00:00:00,2023,12,0.0
9,2023-12-06 00:00:00,2023,12,57.5852012996
9,2023-12-16 00:00:00,2023,12,0.0028222879
9,2023-12-19 00:00:00,2023,12,0.0
9,2023-12-29 00:00:00,2023,12,0.0
8,2023-01-05 00:00:00,2023,1,0.1192467189
8,2023-01-08 00:00:00,2023,1,0.1439475412
8,2023-01-15 00:00:00,2023,1,0.0
8,2023-01-16 00:00:00,2023,1,0.0
8,2023-01-21 00:00:00,2023,1,0.0513177695
8,2023-01-20 00:00:00,2023,1,0.0
8,2023-02-05 00:00:00,2023,2,0.0
8,2023-02-06 00:00:00,2023,2,0.0
8,2023-02-10 00:00:00,2023,2,0.0
8,2023-02-12 00:00:00,2023,2,0.0
8,2023-02-14 00:00:00,2023,2,0.0
8,2023-02-18 00:00:00,2023,2,0.0
8,2023-02-23 00:00:00,2023,2,0.0
8,2023-03-03 00:00:00,2023,3,0.0
8,2023-03-07 00:00:00,2023,3,0.0
8,2023-03-13 00:00:00,2023,3,0.0
8,2023-03-15 00:00:00,2023,3,0.0
8,2023-03-27 00:00:00,2023,3,2.3535339648
8,2023-04-06 00:00:00,2023,4,0.0
8,2023-04-10 00:00:00,2023,4,0.0
8,2023-04-22 00:00:00,2023,4,0.5693032933
8,2023-05-04 00:00:00,2023,5,1.8266551765
8,2023-05-08 00:00:00,2023,5,1.4695343398
8,2023-05-10 00:00:00,2023,5,0.1052989613
8,2023-05-23 00:00:00,2023,5,0.0
8,2023-05-26 00:00:00,2023,5,0.034638692
8,2023-05-29 00:00:00,2023,5,1.5752217837
8,2023-06-01 00:00:00,2023,6,0.0
8,2023-06-05 00:00:00,2023,6,0.0
8,2023-06-14 00:00:00,2023,6,1.1242577552
8,2023-06-17 00:00:00,2023,6,0.0249878337
8,2023-06-22 00:00:00,2023,6,4.6080457392
8,2023-06-25 00:00:00,2023,6,0.8587204911
8,2023-07-04 00:00:00,2023,7,13.7004279303
8,2023-07-07 00:00:00,2023,7,0.0158896484
8,2023-07-14 00:00:00,2023,7,1.1503720601
8,2023-07-17 00:00:00,2023,7,0.0
8,2023-07-18 00:00:00,2023,7,0.9362448942
8,2023-07-21 00:00:00,2023,7,2.3508176827
8,2023-07-25 00:00:00,2023,7,10.7321884193
8,2023-07-28 00:00:00,2023,7,0.3620997592
8,2023-08-05 00:00:00,2023,8,1.7211748641
8,2023-08-06 00:00:00,2023,8,0.226507854
8,2023-08-14 00:00:00,2023,8,0.0057494534
8,2023-08-21 00:00:00,2023,8,0.375327917
8,2023-08-24 00:00:00,2023,8,1.8945051058
8,2023-08-27 00:00:00,2023,8,2.8784687493
8,2023-08-29 00:00:00,2023,8,1.8580742639
8,2023-08-30 00:00:00,2023,8,0.0637709774
8,2023-09-08 00:00:00,2023,9,0.5135667394
8,2023-09-11 00:00:00,2023,9,1.1621171342
8,2023-09-15 00:00:00,2023,9,4.22251e-05
8,2023-09-23 00:00:00,2023,9,2.5523936864
8,2023-09-30 00:00:00,2023,9,11.281082997
8,2023-10-02 00:00:00,2023,10,0.6692762239
8,2023-10-07 00:00:00,2023,10,0.0
8,2023-10-10 00:00:00,2023,10,0.9612937646
8,2023-10-12 00:00:00,2023,10,0.0191549573
8,2023-10-15 00:00:00,2023,10,0.0991149569
8,2023-10-16 00:00:00,2023,10,0.2508645629
8,2023-10-18 00:00:00,2023,10,0.0
8,2023-10-27 00:00:00,2023,10,0.0
8,2023-10-29 00:00:00,2023,10,1.1544722545
8,2023-11-17 00:00:00,2023,11,0.1163280883
8,2023-11-24 00:00:00,2023,11,6.1510799909
8,2023-11-29 00:00:00,2023,11,6.3200344666
8,2023-11-30 00:00:00,2023,11,22.4814104624
8,2023-12-02 00:00:00,2023,12,0.4643567988
8,2023-12-06 00:00:00,2023,12,17.7460228959
8,2023-12-08 00:00:00,2023,12,0.0057043001
8,2023-12-11 00:00:00,2023,12,0.0
8,2023-12-16 00:00:00,2023,12,1.4764808996
1,2023-07-26 00:00:00,2023,7,5.3748848797
1,2023-08-01 00:00:00,2023,8,4.5330761045
1,2023-08-04 00:00:00,2023,8,0.0
1,2023-08-05 00:00:00,2023,8,0.6255300731
1,2023-08-08 00:00:00,2023,8,0.0391584449
1,2023-08-09 00:00:00,2023,8,0.1567802958
1,2023-08-15 00:00:00,2023,8,0.0460393534
1,2023-08-16 00:00:00,2023,8,0.1216057829
1,2023-08-17 00:00:00,2023,8,0.1077838424
1,2023-08-28 00:00:00,2023,8,0.0
1,2023-09-02 00:00:00,2023,9,1.6563777731
1,2023-09-01 00:00:00,2023,9,4.3674935032
1,2023-09-07 00:00:00,2023,9,0.0677602159
1,2023-09-08 00:00:00,2023,9,0.0158184486
1,2023-09-16 00:00:00,2023,9,1.3268624036
1,2023-09-18 00:00:00,2023,9,0.4272194017
1,2023-09-25 00:00:00,2023,9,19.07468761
1,2023-09-26 00:00:00,2023,9,10.3805089546
1,2023-10-09 00:00:00,2023,10,0.5167332593
1,2023-10-17 00:00:00,2023,10,0.0
1,2023-10-18 00:00:00,2023,10,0.0
1,2023-11-05 00:00:00,2023,11,0.8280136599
1,2023-11-09 00:00:00,2023,11,9.7063170937
1,2023-11-12 00:00:00,2023,11,0.0
1,2023-11-14 00:00:00,2023,11,0.0
1,2023-11-17 00:00:00,2023,11,0.0
1,2023-11-28 00:00:00,2023,11,0.5414383824
1,2023-12-06 00:00:00,2023,12,1.0158333311
1,2023-12-09 00:00:00,2023,12,1.262480012
1,2023-12-12 00:00:00,2023,12,0.0
1,2023-12-18 00:00:00,2023,12,0.0
1,2023-12-28 00:00:00,2023,12,0.0
2,2023-01-05 00:00:00,2023,1,0.0281901536
2,2023-01-11 00:00:00,2023,1,0.0
2,2023-01-27 00:00:00,2023,1,0.0
2,2023-02-01 00:00:00,2023,2,0.0
2,2023-02-08 00:00:00,2023,2,0.0
2,2023-02-13 00:00:00,2023,2,0.0
2,2023-02-15 00:00:00,2023,2,0.0
2,2023-02-24 00:00:00,2023,2,0.0
2,2023-03-05 00:00:00,2023,3,0.0
2,2023-03-10 00:00:00,2023,3,0.0
2,2023-03-25 00:00:00,2023,3,0.3739728413
2,2023-04-04 00:00:00,2023,4,0.6754153446
2,2023-04-18 00:00:00,2023,4,0.0
2,2023-04-27 00:00:00,2023,4,0.3135481943
2,2023-04-28 00:00:00,2023,4,0.0
2,2023-05-07 00:00:00,2023,5,5.2622832125
2,2023-05-10 00:00:00,2023,5,0.0968606669
2,2023-05-15 00:00:00,2023,5,0.0
2,2023-05-16 00:00:00,2023,5,0.0792347719
2,2023-05-28 00:00:00,2023,5,2.2807771148
2,2023-06-01 00:00:00,2023,6,0.0
2,2023-06-10 00:00:00,2023,6,1.189272709
2,2023-06-12 00:00:00,2023,6,0.8180612321
2,2023-06-13 00:00:00,2023,6,2.0068135426
2,2023-06-23 00:00:00,2023,6,2.6039994457
2,2023-06-25 00:00:00,2023,6,1.1764437303
2,2023-07-01 00:00:00,2023,7,0.0320771297
2,2023-07-05 00:00:00,2023,7,7.6178153736
2,2023-07-08 00:00:00,2023,7,0.6847797112
2,2023-07-09 00:00:00,2023,7,3.7647942578
2,2023-07-13 00:00:00,2023,7,1.5498522683
2,2023-07-25 00:00:00,2023,7,5.8292559765
2,2023-07-27 00:00:00,2023,7,6.5530307962
2,2023-08-02 00:00:00,2023,8,0.0
2,2023-08-12 00:00:00,2023,8,1.6661881808
2,2023-08-13 00:00:00,2023,8,2.0510653366
2,2023-08-15 00:00:00,2023,8,8.0948403467
2,2023-08-23 00:00:00,2023,8,10.4560282955
2,2023-09-03 00:00:00,2023,9,46.7668168184
2,2023-09-09 00:00:00,2023,9,0.0009802328
2,2023-09-13 00:00:00,2023,9,0.0001514798
2,2023-09-22 00:00:00,2023,9,1.8262103395
2,2023-09-26 00:00:00,2023,9,8.2386191393
2,2023-10-01 00:00:00,2023,10,5.2343478437
2,2023-10-03 00:00:00,2023,10,0.0
2,2023-10-05 00:00:00,2023,10,1.1872151326
2,2023-10-06 00:00:00,2023,10,0.1304928671
2,2023-10-11 00:00:00,2023,10,3.1442541839
2,2023-10-12 00:00:00,2023,10,0.0
2,2023-10-16 00:00:00,2023,10,0.3232383306
2,2023-10-18 00:00:00,2023,10,0.0
2,2023-10-19 00:00:00,2023,10,0.0
2,2023-10-23 00:00:00,2023,10,0.0
2,2023-10-31 00:00:00,2023,10,4.0505827797
2,2023-11-04 00:00:00,2023,11,1.2736698615
2,2023-11-28 00:00:00,2023,11,10.6645909476
2,2023-11-30 00:00:00,2023,11,16.5748767729
2,2023-12-07 00:00:00,2023,12,1.3932873158
2,2023-12-08 00:00:00,2023,12,0.2467731881
2,2023-12-11 00:00:00,2023,12,0.0
2,2023-12-14 00:00:00,2023,12,0.0
2,2023-12-18 00:00:00,2023,12,0.0
2,2023-12-20 00:00:00,2023,12,0.0
2,2023-12-21 00:00:00,2023,12,0.0
2,2023-12-23 00:00:00,2023,12,0.0
2,2023-12-25 00:00:00,2023,12,0.0
2,2023-12-27 00:00:00,2023,12,0.0
3,2023-01-02 00:00:00,2023,1,0.0332286408
3,2023-01-13 00:00:00,2023,1,0.0
3,2023-01-23 00:00:00,2023,1,0.0
3,2023-01-28 00:00:00,2023,1,0.0
3,2023-02-09 00:00:00,2023,2,0.0
3,2023-02-11 00:00:00,2023,2,0.0
3,2023-02-21 00:00:00,2023,2,0.0
3,2023-02-27 00:00:00,2023,2,0.0
3,2023-02-28 00:00:00,2023,2,0.0
3,2023-03-03 00:00:00,2023,3,0.0
3,2023-03-06 00:00:00,2023,3,0.0
3,2023-03-11 00:00:00,2023,3,0.0
3,2023-03-13 00:00:00,2023,3,0.0
3,2023-03-20 00:00:00,2023,3,9.1727823045
3,2023-03-22 00:00:00,2023,3,1.6545410355
3,2023-03-25 00:00:00,2023,3,3.7518161172
3,2023-03-27 00:00:00,2023,3,0.3198790127
3,2023-04-01 00:00:00,2023,4,0.5493786331
3,2023-04-06 00:00:00,2023,4,0.0
3,2023-04-25 00:00:00,2023,4,0.1393211931
3,2023-04-28 00:00:00,2023,4,0.0602719992
3,2023-04-29 00:00:00,2023,4,0.0
3,2023-04-30 00:00:00,2023,4,1.5775560808
3,2023-05-02 00:00:00,2023,5,21.025053224
3,2023-05-05 00:00:00,2023,5,0.7966318882
3,2023-05-06 00:00:00,2023,5,1.8295254275
3,2023-05-21 00:00:00,2023,5,1.1504420734
3,2023-05-27 00:00:00,2023,5,0.260589861
3,2023-06-01 00:00:00,2023,6,0.0544666755
3,2023-06-05 00:00:00,2023,6,8.217663355
3,2023-06-16 00:00:00,2023,6,0.0
3,2023-06-19 00:00:00,2023,6,7.7838506903
3,2023-06-22 00:00:00,2023,6,11.2959903524
3,2023-06-28 00:00:00,2023,6,9.6432980687
3,2023-06-29 00:00:00,2023,6,3.4430177417
3,2023-07-03 00:00:00,2023,7,1.6379816966
3,2023-07-05 00:00:00,2023,7,9.5007928578
3,2023-07-12 00:00:00,2023,7,3.0494448837
3,2023-07-15 00:00:00,2023,7,4.3919775115
3,2023-07-28 00:00:00,2023,7,1.5390697429
3,2023-08-09 00:00:00,2023,8,0.0
3,2023-08-14 00:00:00,2023,8,5.7180677688
3,2023-08-19 00:00:00,2023,8,7.3183438208
3,2023-08-21 00:00:00,2023,8,0.7796537747
3,2023-08-27 00:00:00,2023,8,9.4036670603
3,2023-09-02 00:00:00,2023,9,8.8002273615
3,2023-09-01 00:00:00,2023,9,0.9610127601
3,2023-09-08 00:00:00,2023,9,14.9910231866
3,2023-09-17 00:00:00,2023,9,0.1447256299
3,2023-09-18 00:00:00,2023,9,1.5960606281
3,2023-09-25 00:00:00,2023,9,8.3689730983
3,2023-09-28 00:00:00,2023,9,11.9926418387
3,2023-10-06 00:00:00,2023,10,0.0195665665
3,2023-10-10 00:00:00,2023,10,0.0496428564
3,2023-10-30 00:00:00,2023,10,0.0
3,2023-11-02 00:00:00,2023,11,0.7164224568
3,2023-11-12 00:00:00,2023,11,0.0
3,2023-11-14 00:00:00,2023,11,0.0
3,2023-12-03 00:00:00,2023,12,0.6852076547
3,2023-12-08 00:00:00,2023,12,0.0138573961
3,2023-12-27 00:00:00,2023,12,0.0
3,2023-12-28 00:00:00,2023,12,0.0
8,2023-12-21 00:00:00,2023,12,0.0
8,2023-12-24 00:00:00,2023,12,0.0
8,2023-12-28 00:00:00,2023,12,0.0
8,2023-12-29 00:00:00,2023,12,0.0
10,2023-01-01 00:00:00,2023,1,0.1086675687
10,2023-01-02 00:00:00,2023,1,1.2493164861
10,2023-01-03 00:00:00,2023,1,8.57784e-05
10,2023-01-10 00:00:00,2023,1,0.0
10,2023-01-11 00:00:00,2023,1,0.0
10,2023-01-14 00:00:00,2023,1,0.0
10,2023-01-17 00:00:00,2023,1,0.0
10,2023-02-02 00:00:00,2023,2,0.0
10,2023-02-03 00:00:00,2023,2,0.0
10,2023-02-06 00:00:00,2023,2,0.0
10,2023-02-07 00:00:00,2023,2,0.0
10,2023-02-08 00:00:00,2023,2,0.0
10,2023-02-11 00:00:00,2023,2,0.0
10,2023-02-26 00:00:00,2023,2,0.0
10,2023-03-05 00:00:00,2023,3,0.0
10,2023-03-08 00:00:00,2023,3,0.0
10,2023-03-12 00:00:00,2023,3,0.0
10,2023-03-14 00:00:00,2023,3,0.0
10,2023-03-27 00:00:00,2023,3,0.0714509383
10,2023-03-28 00:00:00,2023,3,14.9198512531
10,2023-04-04 00:00:00,2023,4,0.025117225
10,2023-04-10 00:00:00,2023,4,0.0
10,2023-04-23 00:00:00,2023,4,0.14849203
10,2023-04-24 00:00:00,2023,4,1.243773124
10,2023-05-06 00:00:00,2023,5,0.8092958187
10,2023-05-16 00:00:00,2023,5,0.0
10,2023-05-30 00:00:00,2023,5,0.0
10,2023-05-31 00:00:00,2023,5,3.6555009311
10,2023-06-06 00:00:00,2023,6,0.0
10,2023-06-12 00:00:00,2023,6,0.0084174915
10,2023-06-19 00:00:00,2023,6,11.878612566
10,2023-06-24 00:00:00,2023,6,1.9630966079
10,2023-06-28 00:00:00,2023,6,0.2444167518
10,2023-07-06 00:00:00,2023,7,17.0218084866
10,2023-07-17 00:00:00,2023,7,25.9288650429
10,2023-07-22 00:00:00,2023,7,0.9462441341
10,2023-08-02 00:00:00,2023,8,3.9012106396
10,2023-08-04 00:00:00,2023,8,0.5736799088
10,2023-08-22 00:00:00,2023,8,6.1131355631
10,2023-08-23 00:00:00,2023,8,2.3157837034
10,2023-08-28 00:00:00,2023,8,0.5934626084
10,2023-08-29 00:00:00,2023,8,0.0095970323
10,2023-09-05 00:00:00,2023,9,10.5930542406
10,2023-09-10 00:00:00,2023,9,0.0008681031
10,2023-09-11 00:00:00,2023,9,0.1590389629
10,2023-09-14 00:00:00,2023,9,12.539429711
10,2023-09-22 00:00:00,2023,9,2.3885480782
10,2023-09-30 00:00:00,2023,9,3.9945670095
10,2023-10-04 00:00:00,2023,10,5.0948560416
10,2023-10-08 00:00:00,2023,10,0.0327994131
10,2023-10-14 00:00:00,2023,10,0.0
10,2023-10-15 00:00:00,2023,10,0.0
10,2023-10-17 00:00:00,2023,10,0.0
10,2023-10-21 00:00:00,2023,10,0.0089704375
10,2023-10-28 00:00:00,2023,10,0.0
10,2023-10-30 00:00:00,2023,10,0.0
10,2023-11-04 00:00:00,2023,11,4.5226438871
10,2023-11-09 00:00:00,2023,11,0.0
10,2023-11-10 00:00:00,2023,11,0.0
10,2023-11-14 00:00:00,2023,11,0.0
10,2023-11-18 00:00:00,2023,11,0.0
10,2023-11-19 00:00:00,2023,11,0.0
10,2023-11-21 00:00:00,2023,11,1.488427974
10,2023-12-06 00:00:00,2023,12,15.685363636
10,2023-12-20 00:00:00,2023,12,0.0
10,2023-12-25 00:00:00,2023,12,0.0
10,2023-12-28 00:00:00,2023,12,0.0
11,2023-01-02 00:00:00,2023,1,0.4696564676
11,2023-01-05 00:00:00,2023,1,0.093599567
11,2023-01-12 00:00:00,2023,1,0.0
11,2023-01-21 00:00:00,2023,1,0.0
11,2023-01-22 00:00:00,2023,1,0.0
11,2023-02-04 00:00:00,2023,2,0.0
11,2023-02-11 00:00:00,2023,2,0.0
11,2023-02-21 00:00:00,2023,2,0.0
11,2023-02-22 00:00:00,2023,2,0.0
11,2023-03-01 00:00:00,2023,3,0.0
11,2023-03-12 00:00:00,2023,3,0.0
11,2023-03-13 00:00:00,2023,3,0.0
11,2023-03-14 00:00:00,2023,3,0.0
11,2023-03-18 00:00:00,2023,3,1.0887558549
11,2023-03-20 00:00:00,2023,3,5.6293939009
11,2023-03-21 00:00:00,2023,3,5.7547091276
11,2023-03-30 00:00:00,2023,3,0.8874437191
11,2023-04-12 00:00:00,2023,4,1.1247920926
11,2023-04-16 00:00:00,2023,4,0.1834167898
11,2023-04-20 00:00:00,2023,4,0.0
11,2023-05-06 00:00:00,2023,5,8.0140668819
11,2023-05-11 00:00:00,2023,5,0.1043642009
11,2023-05-16 00:00:00,2023,5,0.0
11,2023-05-21 00:00:00,2023,5,0.522316644
11,2023-05-22 00:00:00,2023,5,3.3524031772
11,2023-05-24 00:00:00,2023,5,0.0
11,2023-05-25 00:00:00,2023,5,3.9484360704
11,2023-05-30 00:00:00,2023,5,0.2819645279
11,2023-06-09 00:00:00,2023,6,1.5513877662
11,2023-06-10 00:00:00,2023,6,0.0
11,2023-06-14 00:00:00,2023,6,0.0297701876
11,2023-06-25 00:00:00,2023,6,0.774463748
11,2023-06-29 00:00:00,2023,6,0.5772472086
11,2023-07-06 00:00:00,2023,7,16.5945313757
11,2023-07-14 00:00:00,2023,7,1.6145497217
11,2023-07-16 00:00:00,2023,7,4.4220160866
11,2023-07-21 00:00:00,2023,7,1.8636544593
11,2023-07-23 00:00:00,2023,7,10.154291289
11,2023-07-31 00:00:00,2023,7,1.1872754474
11,2023-08-03 00:00:00,2023,8,8.9854329821
11,2023-08-14 00:00:00,2023,8,8.4457074882
11,2023-08-15 00:00:00,2023,8,4.2546702532
11,2023-08-21 00:00:00,2023,8,0.0
11,2023-08-30 00:00:00,2023,8,0.0934804551
11,2023-10-08 00:00:00,2023,10,0.0
11,2023-10-22 00:00:00,2023,10,0.0583211422
11,2023-10-30 00:00:00,2023,10,0.0
11,2023-11-03 00:00:00,2023,11,0.8070764355
11,2023-11-10 00:00:00,2023,11,0.0
11,2023-11-13 00:00:00,2023,11,0.0
11,2023-11-15 00:00:00,2023,11,0.0
11,2023-11-19 00:00:00,2023,11,0.0
11,2023-11-23 00:00:00,2023,11,1.2045257936
11,2023-11-25 00:00:00,2023,11,0.9525205651
11,2023-11-28 00:00:00,2023,11,0.0
11,2023-12-09 00:00:00,2023,12,0.0548962678
11,2023-12-12 00:00:00,2023,12,0.0
11,2023-12-13 00:00:00,2023,12,0.0
11,2023-12-14 00:00:00,2023,12,0.0
11,2023-12-16 00:00:00,2023,12,0.0
11,2023-12-20 00:00:00,2023,12,0.0
11,2023-12-22 00:00:00,2023,12,0.0
11,2023-12-23 00:00:00,2023,12,0.0
11,2023-12-24 00:00:00,2023,12,0.0
11,2023-12-26 00:00:00,2023,12,0.0
12,2023-01-03 00:00:00,2023,1,0.0935167391
12,2023-01-04 00:00:00,2023,1,0.0883655379
12,2023-01-05 00:00:00,2023,1,0.0
12,2023-01-07 00:00:00,2023,1,0.0
12,2023-01-08 00:00:00,2023,1,0.0
12,2023-01-21 00:00:00,2023,1,0.0
12,2023-01-20 00:00:00,2023,1,0.0
12,2023-01-31 00:00:00,2023,1,0.0
12,2023-02-03 00:00:00,2023,2,0.0
12,2023-02-09 00:00:00,2023,2,0.0
12,2023-02-13 00:00:00,2023,2,0.0
12,2023-02-19 00:00:00,2023,2,0.3371595202
1,2023-01-05 00:00:00,2023,1,0.0
1,2023-01-09 00:00:00,2023,1,0.0
1,2023-01-10 00:00:00,2023,1,0.0
1,2023-01-11 00:00:00,2023,1,0.0
1,2023-01-13 00:00:00,2023,1,0.0
1,2023-01-18 00:00:00,2023,1,0.0
1,2023-01-30 00:00:00,2023,1,0.0
1,2023-02-01 00:00:00,2023,2,0.0
1,2023-02-05 00:00:00,2023,2,0.0
1,2023-02-06 00:00:00,2023,2,0.0
1,2023-02-08 00:00:00,2023,2,0.0
1,2023-02-10 00:00:00,2023,2,0.0
1,2023-02-17 00:00:00,2023,2,0.0
1,2023-02-19 00:00:00,2023,2,0.0
1,2023-02-20 00:00:00,2023,2,0.0
1,2023-02-23 00:00:00,2023,2,0.0
1,2023-02-27 00:00:00,2023,2,0.0
1,2023-03-16 00:00:00,2023,3,0.0
1,2023-03-20 00:00:00,2023,3,0.0288054424
1,2023-03-24 00:00:00,2023,3,0.0
1,2023-03-27 00:00:00,2023,3,0.1430386993
1,2023-03-29 00:00:00,2023,3,0.0
1,2023-04-02 00:00:00,2023,4,0.0
1,2023-04-15 00:00:00,2023,4,0.0
13,2023-04-01 00:00:00,2023,4,0.5828886587
13,2023-04-15 00:00:00,2023,4,0.0
13,2023-04-16 00:00:00,2023,4,0.0
13,2023-05-11 00:00:00,2023,5,0.0
13,2023-05-12 00:00:00,2023,5,0.4539512892
13,2023-05-17 00:00:00,2023,5,0.0
13,2023-05-23 00:00:00,2023,5,2.9036517546
13,2023-05-24 00:00:00,2023,5,0.0
13,2023-05-27 00:00:00,2023,5,0.7912150402
13,2023-05-28 00:00:00,2023,5,0.0008741489
13,2023-06-10 00:00:00,2023,6,0.044256749
13,2023-06-16 00:00:00,2023,6,0.0
13,2023-06-18 00:00:00,2023,6,2.1897875395
13,2023-06-20 00:00:00,2023,6,2.1118754677
13,2023-06-21 00:00:00,2023,6,2.1356348179
13,2023-06-22 00:00:00,2023,6,10.1320720557
13,2023-06-29 00:00:00,2023,6,1.9975035714
13,2023-06-30 00:00:00,2023,6,0.1663054336
13,2023-07-13 00:00:00,2023,7,22.8333255098
13,2023-07-14 00:00:00,2023,7,25.3396896299
13,2023-07-16 00:00:00,2023,7,11.7387625387
13,2023-07-18 00:00:00,2023,7,7.3344151839
13,2023-07-22 00:00:00,2023,7,2.7234276821
13,2023-08-02 00:00:00,2023,8,0.6158582597
13,2023-08-08 00:00:00,2023,8,0.0
13,2023-08-11 00:00:00,2023,8,6.6824148763
13,2023-08-20 00:00:00,2023,8,1.8377519596
13,2023-08-22 00:00:00,2023,8,10.2862007572
13,2023-08-23 00:00:00,2023,8,11.1267843581
13,2023-09-02 00:00:00,2023,9,7.767718012
13,2023-09-03 00:00:00,2023,9,8.2553022294
13,2023-09-01 00:00:00,2023,9,0.2443959746
13,2023-09-04 00:00:00,2023,9,0.8588542187
13,2023-09-05 00:00:00,2023,9,4.9901581739
13,2023-09-06 00:00:00,2023,9,1.0908813602
13,2023-09-17 00:00:00,2023,9,0.9994431696
13,2023-10-02 00:00:00,2023,10,0.8331737623
13,2023-10-03 00:00:00,2023,10,0.0
13,2023-10-07 00:00:00,2023,10,0.0
13,2023-10-09 00:00:00,2023,10,0.0
13,2023-10-10 00:00:00,2023,10,0.0
13,2023-10-14 00:00:00,2023,10,0.0
13,2023-10-18 00:00:00,2023,10,0.0
13,2023-10-28 00:00:00,2023,10,0.8693036252
13,2023-10-30 00:00:00,2023,10,2.3312511946
13,2023-10-31 00:00:00,2023,10,0.0
13,2023-11-02 00:00:00,2023,11,1.3788380549
13,2023-11-07 00:00:00,2023,11,8.8889835533
13,2023-11-12 00:00:00,2023,11,0.0
13,2023-11-19 00:00:00,2023,11,0.0
13,2023-11-23 00:00:00,2023,11,0.2014658963
13,2023-11-29 00:00:00,2023,11,0.0
13,2023-12-01 00:00:00,2023,12,0.0
13,2023-12-04 00:00:00,2023,12,12.2788663564
13,2023-12-07 00:00:00,2023,12,2.9357080153
13,2023-12-17 00:00:00,2023,12,0.0
5,2023-01-03 00:00:00,2023,1,0.0
5,2023-01-06 00:00:00,2023,1,0.0
5,2023-01-08 00:00:00,2023,1,0.0008021925
5,2023-01-09 00:00:00,2023,1,0.0
5,2023-01-10 00:00:00,2023,1,0.0
5,2023-01-12 00:00:00,2023,1,0.0
5,2023-01-15 00:00:00,2023,1,0.0
5,2023-01-16 00:00:00,2023,1,0.0
5,2023-01-17 00:00:00,2023,1,0.0
5,2023-01-18 00:00:00,2023,1,0.0
5,2023-02-04 00:00:00,2023,2,0.0
5,2023-02-05 00:00:00,2023,2,0.0
5,2023-02-11 00:00:00,2023,2,0.0
5,2023-02-12 00:00:00,2023,2,0.0
5,2023-02-20 00:00:00,2023,2,0.0
5,2023-02-21 00:00:00,2023,2,0.0
5,2023-02-25 00:00:00,2023,2,0.0
5,2023-02-27 00:00:00,2023,2,0.0
5,2023-03-03 00:00:00,2023,3,0.0
5,2023-03-10 00:00:00,2023,3,0.0
5,2023-03-12 00:00:00,2023,3,0.0
5,2023-03-16 00:00:00,2023,3,0.0
5,2023-03-18 00:00:00,2023,3,1.6365705667
5,2023-03-20 00:00:00,2023,3,1.2473453418
5,2023-03-24 00:00:00,2023,3,0.0
5,2023-03-27 00:00:00,2023,3,1.3063629942
5,2023-03-29 00:00:00,2023,3,0.0
5,2023-04-05 00:00:00,2023,4,0.9485725437
5,2023-04-10 00:00:00,2023,4,0.0
5,2023-04-09 00:00:00,2023,4,0.0
5,2023-04-24 00:00:00,2023,4,2.4215705347
5,2023-04-26 00:00:00,2023,4,0.0934188484
5,2023-05-02 00:00:00,2023,5,3.346544071
5,2023-05-05 00:00:00,2023,5,1.2573481639
5,2023-05-06 00:00:00,2023,5,2.3525062996
5,2023-05-08 00:00:00,2023,5,3.058878796
5,2023-05-14 00:00:00,2023,5,0.0
5,2023-05-23 00:00:00,2023,5,0.0
5,2023-05-26 00:00:00,2023,5,0.1199469144
5,2023-06-06 00:00:00,2023,6,0.0
5,2023-06-07 00:00:00,2023,6,0.0004166624
5,2023-06-10 00:00:00,2023,6,0.1139691869
5,2023-06-14 00:00:00,2023,6,0.3103740912
5,2023-06-18 00:00:00,2023,6,2.1819372283
5,2023-06-19 00:00:00,2023,6,1.790463233
5,2023-07-03 00:00:00,2023,7,7.0220157573
5,2023-07-09 00:00:00,2023,7,0.1775505504
5,2023-07-19 00:00:00,2023,7,1.1060351858
5,2023-07-21 00:00:00,2023,7,3.0251769701
5,2023-07-23 00:00:00,2023,7,4.0103461481
5,2023-08-01 00:00:00,2023,8,1.9198798551
5,2023-08-04 00:00:00,2023,8,0.0
5,2023-08-09 00:00:00,2023,8,0.3255449835
5,2023-08-11 00:00:00,2023,8,16.170668866
12,2023-03-01 00:00:00,2023,3,0.0
12,2023-03-03 00:00:00,2023,3,0.0
12,2023-03-10 00:00:00,2023,3,0.0
12,2023-03-15 00:00:00,2023,3,0.0
12,2023-03-20 00:00:00,2023,3,2.9396403193
12,2023-03-24 00:00:00,2023,3,3.0031506974
12,2023-03-30 00:00:00,2023,3,1.8726177282
12,2023-04-03 00:00:00,2023,4,5.8923186536
12,2023-04-04 00:00:00,2023,4,1.100564252
12,2023-04-07 00:00:00,2023,4,7.7613337071
12,2023-04-12 00:00:00,2023,4,0.0
12,2023-04-15 00:00:00,2023,4,0.0
12,2023-04-28 00:00:00,2023,4,0.2092751719
12,2023-04-30 00:00:00,2023,4,0.0980795639
12,2023-05-02 00:00:00,2023,5,18.3001358606
12,2023-05-15 00:00:00,2023,5,0.0
12,2023-05-18 00:00:00,2023,5,1.7781035075
12,2023-05-24 00:00:00,2023,5,0.0
12,2023-05-28 00:00:00,2023,5,0.0866967281
12,2023-05-31 00:00:00,2023,5,10.2251565757
12,2023-06-04 00:00:00,2023,6,5.07422e-05
12,2023-06-06 00:00:00,2023,6,0.0083536207
12,2023-06-07 00:00:00,2023,6,0.0
12,2023-06-10 00:00:00,2023,6,0.0072539994
12,2023-06-12 00:00:00,2023,6,0.0
12,2023-06-15 00:00:00,2023,6,4.8294319594
12,2023-06-21 00:00:00,2023,6,1.1918116554
12,2023-06-23 00:00:00,2023,6,13.6733543597
12,2023-06-27 00:00:00,2023,6,0.3342493046
12,2023-07-01 00:00:00,2023,7,0.0
12,2023-07-17 00:00:00,2023,7,15.4685811841
12,2023-07-28 00:00:00,2023,7,0.4583440563
12,2023-07-30 00:00:00,2023,7,0.0419317851
12,2023-08-02 00:00:00,2023,8,7.1630997204
12,2023-08-03 00:00:00,2023,8,8.0296700097
12,2023-09-08 00:00:00,2023,9,9.8275558234
12,2023-09-27 00:00:00,2023,9,4.0151510901
12,2023-09-28 00:00:00,2023,9,3.6471173301
12,2023-10-01 00:00:00,2023,10,5.4055844685
12,2023-10-08 00:00:00,2023,10,0.353292908
12,2023-10-09 00:00:00,2023,10,1.2010756357
12,2023-10-13 00:00:00,2023,10,0.0
12,2023-10-14 00:00:00,2023,10,0.0
12,2023-10-18 00:00:00,2023,10,0.0
12,2023-11-01 00:00:00,2023,11,0.0
12,2023-11-02 00:00:00,2023,11,0.0
12,2023-11-09 00:00:00,2023,11,0.0
12,2023-11-10 00:00:00,2023,11,0.0
12,2023-11-15 00:00:00,2023,11,0.0
12,2023-11-16 00:00:00,2023,11,0.0
12,2023-11-21 00:00:00,2023,11,0.3829233281
12,2023-11-23 00:00:00,2023,11,0.5420911806
12,2023-11-28 00:00:00,2023,11,0.0
12,2023-12-19 00:00:00,2023,12,0.0
12,2023-12-21 00:00:00,2023,12,0.0
12,2023-12-22 00:00:00,2023,12,0.0
12,2023-12-25 00:00:00,2023,12,0.0
12,2023-12-27 00:00:00,2023,12,0.0
12,2023-12-30 00:00:00,2023,12,0.0
13,2023-01-03 00:00:00,2023,1,0.0
13,2023-01-19 00:00:00,2023,1,0.0
13,2023-01-31 00:00:00,2023,1,0.0
13,2023-02-03 00:00:00,2023,2,0.0
13,2023-02-04 00:00:00,2023,2,0.0
13,2023-02-07 00:00:00,2023,2,0.0
13,2023-02-09 00:00:00,2023,2,0.0
13,2023-02-12 00:00:00,2023,2,0.0
13,2023-02-18 00:00:00,2023,2,0.0
13,2023-02-21 00:00:00,2023,2,0.0
13,2023-03-03 00:00:00,2023,3,0.0
13,2023-03-07 00:00:00,2023,3,0.0
13,2023-03-10 00:00:00,2023,3,0.0
13,2023-03-15 00:00:00,2023,3,0.0
13,2023-03-18 00:00:00,2023,3,3.0498794478
13,2023-03-24 00:00:00,2023,3,1.1491892227
13,2023-03-28 00:00:00,2023,3,0.0
13,2023-03-31 00:00:00,2023,3,0.0
1,2023-04-22 00:00:00,2023,4,3.05542572
1,2023-04-23 00:00:00,2023,4,1.7424283857
1,2023-04-24 00:00:00,2023,4,0.0
1,2023-04-29 00:00:00,2023,4,9.1401013433
1,2023-05-02 00:00:00,2023,5,0.7295511081
1,2023-05-03 00:00:00,2023,5,6.2466989989
1,2023-05-08 00:00:00,2023,5,3.8522653601
1,2023-05-17 00:00:00,2023,5,0.0
1,2023-05-21 00:00:00,2023,5,1.8832376741
1,2023-05-24 00:00:00,2023,5,0.3700889965
1,2023-05-26 00:00:00,2023,5,0.2589338176
1,2023-06-02 00:00:00,2023,6,2.0193364877
1,2023-06-18 00:00:00,2023,6,0.009192536
1,2023-06-19 00:00:00,2023,6,0.9819054406
1,2023-06-26 00:00:00,2023,6,5.4170750571
1,2023-06-28 00:00:00,2023,6,0.3175658279
1,2023-07-07 00:00:00,2023,7,0.3503153577
1,2023-07-08 00:00:00,2023,7,0.6845596971
1,2023-07-13 00:00:00,2023,7,2.1181673293
5,2023-08-15 00:00:00,2023,8,0.0951687789
5,2023-08-17 00:00:00,2023,8,0.0926639056
5,2023-08-22 00:00:00,2023,8,0.0598625603
5,2023-08-29 00:00:00,2023,8,2.0671963075
5,2023-08-31 00:00:00,2023,8,0.4255293836
5,2023-09-11 00:00:00,2023,9,0.0048715348
5,2023-09-12 00:00:00,2023,9,0.0
5,2023-09-14 00:00:00,2023,9,0.5786493588
5,2023-09-15 00:00:00,2023,9,0.4237089349
5,2023-09-19 00:00:00,2023,9,1.0989825021
5,2023-10-02 00:00:00,2023,10,0.1388536631
5,2023-10-05 00:00:00,2023,10,0.1208460761
5,2023-10-06 00:00:00,2023,10,0.0
5,2023-10-12 00:00:00,2023,10,0.852157544
5,2023-10-15 00:00:00,2023,10,0.0
5,2023-10-27 00:00:00,2023,10,0.0
5,2023-11-01 00:00:00,2023,11,0.110386554
5,2023-11-03 00:00:00,2023,11,2.269431076
5,2023-11-04 00:00:00,2023,11,3.0253258504
5,2023-11-18 00:00:00,2023,11,0.0825550086
5,2023-11-26 00:00:00,2023,11,0.2856874775
5,2023-12-05 00:00:00,2023,12,87.6731399742
5,2023-12-06 00:00:00,2023,12,3.6296188661
5,2023-12-10 00:00:00,2023,12,0.0
5,2023-12-11 00:00:00,2023,12,0.0
5,2023-12-14 00:00:00,2023,12,0.0
5,2023-12-17 00:00:00,2023,12,0.3598031671
5,2023-12-25 00:00:00,2023,12,0.0
5,2023-12-31 00:00:00,2023,12,0.0
7,2024-05-07 00:00:00,2024,5,2.50118592
7,2024-05-14 00:00:00,2024,5,3.52004479
7,2024-05-22 00:00:00,2024,5,1.528299518
7,2024-05-27 00:00:00,2024,5,0.197279772
7,2024-06-02 00:00:00,2024,6,1.325050756
7,2024-06-05 00:00:00,2024,6,3.603583117
7,2024-06-07 00:00:00,2024,6,4.872968213
7,2024-06-15 00:00:00,2024,6,7.527536575
7,2024-06-20 00:00:00,2024,6,0.436326243
7,2024-06-28 00:00:00,2024,6,3.721795481
7,2024-07-01 00:00:00,2024,7,8.020072168
7,2024-07-02 00:00:00,2024,7,4.966354702
7,2024-07-04 00:00:00,2024,7,1.152019248
7,2024-07-14 00:00:00,2024,7,1.294684142
7,2024-07-21 00:00:00,2024,7,3.977930702
7,2024-07-23 00:00:00,2024,7,0.773353473
7,2024-07-26 00:00:00,2024,7,1.866863202
7,2024-08-01 00:00:00,2024,8,5.342949445
7,2024-08-03 00:00:00,2024,8,0.433604667
7,2024-08-04 00:00:00,2024,8,1.252851281
7,2024-08-09 00:00:00,2024,8,3.280975213
7,2024-08-11 00:00:00,2024,8,3.452790195
7,2024-08-13 00:00:00,2024,8,0.697616539
7,2024-08-20 00:00:00,2024,8,2.104351695
7,2024-08-24 00:00:00,2024,8,3.303771813
7,2024-08-26 00:00:00,2024,8,0.437894204
7,2024-09-01 00:00:00,2024,9,11.41134386
7,2024-09-02 00:00:00,2024,9,1.066094393
7,2024-09-08 00:00:00,2024,9,0.332095433
7,2024-09-10 00:00:00,2024,9,1.16521121
7,2024-09-13 00:00:00,2024,9,0.131906836
7,2024-09-14 00:00:00,2024,9,0.147373591
7,2024-09-17 00:00:00,2024,9,0.047866409
7,2024-09-22 00:00:00,2024,9,7.951796289
7,2024-09-23 00:00:00,2024,9,15.03106583
7,2024-09-29 00:00:00,2024,9,2.417264288
7,2024-10-01 00:00:00,2024,10,0.035008323
7,2024-10-04 00:00:00,2024,10,8.90143966
7,2024-10-05 00:00:00,2024,10,5.338213467
7,2024-10-11 00:00:00,2024,10,1.908667777
7,2024-10-17 00:00:00,2024,10,11.09903565
7,2024-10-18 00:00:00,2024,10,9.263274212
7,2024-10-25 00:00:00,2024,10,0.001097832
7,2024-10-27 00:00:00,2024,10,0.005059954
7,2024-11-01 00:00:00,2024,11,0.528042758
7,2024-11-06 00:00:00,2024,11,0.0
7,2024-11-17 00:00:00,2024,11,0.307432754
7,2024-11-20 00:00:00,2024,11,0.0
7,2024-11-22 00:00:00,2024,11,0.0
7,2024-11-29 00:00:00,2024,11,0.000235062
7,2024-12-12 00:00:00,2024,12,0.002793174
7,2024-12-13 00:00:00,2024,12,0.14011194
7,2024-12-20 00:00:00,2024,12,1.061360045
9,2024-01-11 00:00:00,2024,1,0.000957051
9,2024-01-20 00:00:00,2024,1,0.0
9,2024-01-23 00:00:00,2024,1,0.0
9,2024-01-27 00:00:00,2024,1,0.278992445
9,2024-01-29 00:00:00,2024,1,0.0
9,2024-02-04 00:00:00,2024,2,0.0
9,2024-02-06 00:00:00,2024,2,0.0
9,2024-02-09 00:00:00,2024,2,0.0
9,2024-02-18 00:00:00,2024,2,0.0
9,2024-02-22 00:00:00,2024,2,0.0
9,2024-02-28 00:00:00,2024,2,0.0
9,2024-03-01 00:00:00,2024,3,0.0
9,2024-03-04 00:00:00,2024,3,0.0
9,2024-03-10 00:00:00,2024,3,0.0
9,2024-03-15 00:00:00,2024,3,0.0
9,2024-03-18 00:00:00,2024,3,0.0
9,2024-03-19 00:00:00,2024,3,0.0
9,2024-03-28 00:00:00,2024,3,0.0
9,2024-04-06 00:00:00,2024,4,0.0
9,2024-04-08 00:00:00,2024,4,0.000612046
9,2024-04-12 00:00:00,2024,4,0.045018769
9,2024-04-20 00:00:00,2024,4,0.475244166
9,2024-04-26 00:00:00,2024,4,0.0
9,2024-05-03 00:00:00,2024,5,0.0
9,2024-05-04 00:00:00,2024,5,0.0
9,2024-05-05 00:00:00,2024,5,0.0
9,2024-05-11 00:00:00,2024,5,0.02796352
9,2024-05-22 00:00:00,2024,5,1.635054952
9,2024-05-24 00:00:00,2024,5,1.353984667
9,2024-05-31 00:00:00,2024,5,0.0
9,2024-06-03 00:00:00,2024,6,14.88593502
9,2024-06-06 00:00:00,2024,6,15.42904389
9,2024-06-09 00:00:00,2024,6,13.01832712
9,2024-06-11 00:00:00,2024,6,0.969625584
9,2024-06-20 00:00:00,2024,6,0.457977186
9,2024-06-21 00:00:00,2024,6,0.0
9,2024-06-22 00:00:00,2024,6,0.768891821
9,2024-06-25 00:00:00,2024,6,0.688634626
9,2024-07-07 00:00:00,2024,7,1.624884215
9,2024-07-14 00:00:00,2024,7,0.860368297
9,2024-07-18 00:00:00,2024,7,2.481227492
9,2024-07-19 00:00:00,2024,7,9.540853013
9,2024-07-26 00:00:00,2024,7,2.088385326
9,2024-07-27 00:00:00,2024,7,0.92908578
9,2024-08-01 00:00:00,2024,8,2.434833841
9,2024-08-05 00:00:00,2024,8,0.264491274
9,2024-08-25 00:00:00,2024,8,1.851443647
9,2024-09-15 00:00:00,2024,9,0.016242307
9,2024-09-25 00:00:00,2024,9,7.215537424
9,2024-10-29 00:00:00,2024,10,5.64e-05
9,2024-10-31 00:00:00,2024,10,1.862500567
9,2024-11-18 00:00:00,2024,11,0.094738006
9,2024-11-22 00:00:00,2024,11,0.05841593
9,2024-12-07 00:00:00,2024,12,0.494334882
9,2024-12-09 00:00:00,2024,12,0.025472156
9,2024-12-10 00:00:00,2024,12,0.0
9,2024-12-12 00:00:00,2024,12,0.721284011
9,2024-12-23 00:00:00,2024,12,0.003224456
9,2024-12-31 00:00:00,2024,12,0.0
8,2024-01-03 00:00:00,2024,1,0.013319443
8,2024-01-11 00:00:00,2024,1,0.021716994
8,2024-01-21 00:00:00,2024,1,0.0
8,2024-01-28 00:00:00,2024,1,0.0
8,2024-02-05 00:00:00,2024,2,0.0
8,2024-02-10 00:00:00,2024,2,0.0
8,2024-02-12 00:00:00,2024,2,0.0
8,2024-02-13 00:00:00,2024,2,0.0
8,2024-02-16 00:00:00,2024,2,0.307241379
8,2024-02-18 00:00:00,2024,2,0.0
8,2024-02-24 00:00:00,2024,2,0.0
8,2024-02-25 00:00:00,2024,2,0.0
8,2024-02-29 00:00:00,2024,2,0.0
8,2024-03-01 00:00:00,2024,3,0.0
8,2024-03-06 00:00:00,2024,3,0.0
8,2024-03-10 00:00:00,2024,3,0.0
8,2024-03-12 00:00:00,2024,3,7.21e-05
8,2024-03-14 00:00:00,2024,3,0.009763846
8,2024-03-17 00:00:00,2024,3,0.0
8,2024-03-18 00:00:00,2024,3,0.0
8,2024-03-19 00:00:00,2024,3,0.0
8,2024-03-21 00:00:00,2024,3,0.00079269
8,2024-04-04 00:00:00,2024,4,0.0
8,2024-04-07 00:00:00,2024,4,0.001334076
8,2024-04-09 00:00:00,2024,4,0.0
8,2024-04-14 00:00:00,2024,4,0.0
8,2024-04-15 00:00:00,2024,4,0.0
8,2024-04-20 00:00:00,2024,4,0.000106124
8,2024-04-23 00:00:00,2024,4,0.0
8,2024-04-29 00:00:00,2024,4,0.0
8,2024-05-01 00:00:00,2024,5,0.0
8,2024-05-02 00:00:00,2024,5,0.000282408
8,2024-05-09 00:00:00,2024,5,0.006363662
8,2024-05-11 00:00:00,2024,5,0.0
8,2024-05-19 00:00:00,2024,5,2.316008115
8,2024-06-09 00:00:00,2024,6,20.17303138
8,2024-06-28 00:00:00,2024,6,1.562124989
8,2024-06-29 00:00:00,2024,6,0.821145296
8,2024-06-30 00:00:00,2024,6,8.447563902
8,2024-07-02 00:00:00,2024,7,2.590557259
8,2024-07-03 00:00:00,2024,7,0.185137966
8,2024-07-14 00:00:00,2024,7,3.523288244
8,2024-07-20 00:00:00,2024,7,12.38320935
8,2024-07-24 00:00:00,2024,7,1.406958472
8,2024-07-26 00:00:00,2024,7,1.244845397
8,2024-07-30 00:00:00,2024,7,8.49560748
8,2024-08-01 00:00:00,2024,8,0.73875901
8,2024-08-05 00:00:00,2024,8,1.765635163
8,2024-08-13 00:00:00,2024,8,1.332526918
8,2024-08-20 00:00:00,2024,8,2.1220256
8,2024-08-23 00:00:00,2024,8,3.040997721
8,2024-08-25 00:00:00,2024,8,0.648177524
8,2024-08-26 00:00:00,2024,8,1.012140471
8,2024-08-29 00:00:00,2024,8,8.995965168
8,2024-09-01 00:00:00,2024,9,0.035313364
8,2024-09-02 00:00:00,2024,9,1.108565949
8,2024-09-05 00:00:00,2024,9,4.089085034
8,2024-09-21 00:00:00,2024,9,7.038529727
8,2024-10-06 00:00:00,2024,10,0.278279201
8,2024-10-10 00:00:00,2024,10,7.502667264
8,2024-10-16 00:00:00,2024,10,21.17215441
8,2024-10-21 00:00:00,2024,10,1.866688566
12,2024-01-08 00:00:00,2024,1,0.001890532
12,2024-01-12 00:00:00,2024,1,0.0
12,2024-01-24 00:00:00,2024,1,0.022109975
12,2024-02-01 00:00:00,2024,2,0.0
12,2024-02-10 00:00:00,2024,2,0.0
12,2024-02-17 00:00:00,2024,2,0.000321161
12,2024-02-25 00:00:00,2024,2,0.0
12,2024-02-28 00:00:00,2024,2,5.47e-05
12,2024-03-02 00:00:00,2024,3,0.00019466
12,2024-03-16 00:00:00,2024,3,0.140016833
12,2024-03-17 00:00:00,2024,3,0.075922777
12,2024-03-28 00:00:00,2024,3,3.92e-05
12,2024-03-29 00:00:00,2024,3,0.0
12,2024-03-30 00:00:00,2024,3,0.000430247
12,2024-04-13 00:00:00,2024,4,0.221608019
12,2024-04-26 00:00:00,2024,4,0.778771219
12,2024-04-29 00:00:00,2024,4,1.344044885
12,2024-05-04 00:00:00,2024,5,1.017311381
12,2024-05-06 00:00:00,2024,5,0.056267561
12,2024-05-15 00:00:00,2024,5,4.870727136
12,2024-05-21 00:00:00,2024,5,1.342264996
12,2024-05-25 00:00:00,2024,5,4.915009615
12,2024-06-02 00:00:00,2024,6,1.322221065
12,2024-06-04 00:00:00,2024,6,0.002710154
12,2024-06-09 00:00:00,2024,6,0.066337437
12,2024-06-10 00:00:00,2024,6,0.008826466
12,2024-06-11 00:00:00,2024,6,0.000120124
12,2024-06-21 00:00:00,2024,6,0.740410282
12,2024-06-29 00:00:00,2024,6,1.304739911
12,2024-07-01 00:00:00,2024,7,0.837067423
12,2024-07-13 00:00:00,2024,7,4.817576951
12,2024-07-15 00:00:00,2024,7,4.287117355
12,2024-07-23 00:00:00,2024,7,17.2824036
12,2024-07-26 00:00:00,2024,7,12.25581676
12,2024-08-03 00:00:00,2024,8,2.760230621
12,2024-08-07 00:00:00,2024,8,17.22433412
12,2024-08-13 00:00:00,2024,8,1.341294709
12,2024-08-23 00:00:00,2024,8,6.763462846
12,2024-08-25 00:00:00,2024,8,4.722062756
12,2024-08-28 00:00:00,2024,8,21.0821596
12,2024-09-09 00:00:00,2024,9,8.427561362
12,2024-09-10 00:00:00,2024,9,1.508944793
12,2024-10-02 00:00:00,2024,10,7.437913938
12,2024-10-06 00:00:00,2024,10,1.980722998
12,2024-10-11 00:00:00,2024,10,1.83052057
12,2024-10-16 00:00:00,2024,10,5.550599864
12,2024-10-26 00:00:00,2024,10,3.252584735
12,2024-11-04 00:00:00,2024,11,0.0
12,2024-11-07 00:00:00,2024,11,0.29927733
12,2024-11-12 00:00:00,2024,11,0.174759928
12,2024-11-14 00:00:00,2024,11,4.92e-05
12,2024-11-15 00:00:00,2024,11,0.000269798
12,2024-11-22 00:00:00,2024,11,0.0
12,2024-12-02 00:00:00,2024,12,5.24767787
12,2024-12-05 00:00:00,2024,12,0.0
12,2024-12-10 00:00:00,2024,12,0.0
12,2024-12-17 00:00:00,2024,12,0.000407888
12,2024-12-29 00:00:00,2024,12,0.057134698
13,2024-01-07 00:00:00,2024,1,0.0
13,2024-01-13 00:00:00,2024,1,0.0
13,2024-01-14 00:00:00,2024,1,0.0
13,2024-01-18 00:00:00,2024,1,0.0
13,2024-01-20 00:00:00,2024,1,0.009083801
13,2024-01-27 00:00:00,2024,1,0.129782898
13,2024-02-05 00:00:00,2024,2,0.0
13,2024-02-15 00:00:00,2024,2,0.00874428
13,2024-02-17 00:00:00,2024,2,0.0
13,2024-02-24 00:00:00,2024,2,0.0
13,2024-03-09 00:00:00,2024,3,0.000428576
13,2024-03-15 00:00:00,2024,3,0.00266104
13,2024-03-19 00:00:00,2024,3,0.018452073
13,2024-03-20 00:00:00,2024,3,0.050006457
13,2024-04-04 00:00:00,2024,4,0.049052014
13,2024-04-19 00:00:00,2024,4,0.023347916
13,2024-04-24 00:00:00,2024,4,0.0
13,2024-04-27 00:00:00,2024,4,0.051561068
13,2024-04-28 00:00:00,2024,4,0.000151885
13,2024-05-02 00:00:00,2024,5,3.8e-06
13,2024-05-09 00:00:00,2024,5,0.0
13,2024-05-13 00:00:00,2024,5,2.439303597
13,2024-05-15 00:00:00,2024,5,10.5148319
13,2024-05-18 00:00:00,2024,5,5.79943262
13,2024-05-24 00:00:00,2024,5,1.509371758
13,2024-05-25 00:00:00,2024,5,3.766994484
13,2024-06-01 00:00:00,2024,6,2.349452771
13,2024-06-05 00:00:00,2024,6,0.054457938
13,2024-06-14 00:00:00,2024,6,0.261259028
13,2024-06-19 00:00:00,2024,6,9.592373301
13,2024-06-22 00:00:00,2024,6,16.43519157
13,2024-07-04 00:00:00,2024,7,0.673771062
13,2024-07-05 00:00:00,2024,7,25.53555279
13,2024-07-18 00:00:00,2024,7,12.14588615
13,2024-07-24 00:00:00,2024,7,2.584796077
13,2024-08-05 00:00:00,2024,8,2.249539471
13,2024-08-07 00:00:00,2024,8,12.69034695
13,2024-08-11 00:00:00,2024,8,7.323332622
13,2024-08-15 00:00:00,2024,8,3.249941471
13,2024-08-19 00:00:00,2024,8,2.043411147
13,2024-08-22 00:00:00,2024,8,11.63737185
13,2024-08-23 00:00:00,2024,8,12.27879545
13,2024-08-24 00:00:00,2024,8,20.43689644
13,2024-08-25 00:00:00,2024,8,14.19117101
13,2024-08-26 00:00:00,2024,8,8.688969694
13,2024-09-01 00:00:00,2024,9,5.004147947
13,2024-09-04 00:00:00,2024,9,34.82804432
13,2024-09-09 00:00:00,2024,9,5.053425248
13,2024-09-12 00:00:00,2024,9,2.20200914
13,2024-09-27 00:00:00,2024,9,11.31565631
13,2024-10-01 00:00:00,2024,10,1.856262719
13,2024-10-04 00:00:00,2024,10,0.610217067
13,2024-10-09 00:00:00,2024,10,5.437735262
13,2024-10-12 00:00:00,2024,10,1.935542638
13,2024-10-16 00:00:00,2024,10,6.165050631
13,2024-10-18 00:00:00,2024,10,8.787274672
13,2024-10-21 00:00:00,2024,10,5.327275846
13,2024-10-25 00:00:00,2024,10,0.082100244
13,2024-10-30 00:00:00,2024,10,0.052436195
13,2024-11-09 00:00:00,2024,11,0.631599283
13,2024-11-11 00:00:00,2024,11,0.450128588
13,2024-11-12 00:00:00,2024,11,0.061147744
13,2024-11-19 00:00:00,2024,11,0.0
13,2024-11-20 00:00:00,2024,11,0.0
13,2024-11-24 00:00:00,2024,11,0.0
13,2024-11-25 00:00:00,2024,11,0.053623235
13,2024-11-26 00:00:00,2024,11,0.000111747
13,2024-11-27 00:00:00,2024,11,0.007557379
13,2024-12-02 00:00:00,2024,12,2.407670088
13,2024-12-05 00:00:00,2024,12,0.000270473
13,2024-12-17 00:00:00,2024,12,0.008001751
13,2024-12-19 00:00:00,2024,12,1.837600028
13,2024-12-20 00:00:00,2024,12,0.760681615
13,2024-12-25 00:00:00,2024,12,1.846444586
13,2024-12-26 00:00:00,2024,12,0.198513323
13,2024-12-30 00:00:00,2024,12,0.0
5,2024-01-01 00:00:00,2024,1,0.158536092
5,2024-01-13 00:00:00,2024,1,0.0
5,2024-01-15 00:00:00,2024,1,0.0
5,2024-01-17 00:00:00,2024,1,0.0
5,2024-01-19 00:00:00,2024,1,0.0
5,2024-01-23 00:00:00,2024,1,0.0
5,2024-01-27 00:00:00,2024,1,0.155367807
5,2024-01-30 00:00:00,2024,1,0.017632482
5,2024-02-06 00:00:00,2024,2,0.001151378
5,2024-02-14 00:00:00,2024,2,0.002159952
5,2024-02-17 00:00:00,2024,2,0.0
5,2024-02-18 00:00:00,2024,2,0.007928069
5,2024-03-04 00:00:00,2024,3,0.0
5,2024-03-06 00:00:00,2024,3,0.0
5,2024-03-09 00:00:00,2024,3,0.0
5,2024-03-21 00:00:00,2024,3,6.03e-05
5,2024-03-23 00:00:00,2024,3,0.0
8,2024-10-31 00:00:00,2024,10,0.356673342
8,2024-11-10 00:00:00,2024,11,3.282855194
8,2024-11-11 00:00:00,2024,11,3.900611888
8,2024-11-16 00:00:00,2024,11,5.9332033
8,2024-11-18 00:00:00,2024,11,0.157081282
8,2024-12-02 00:00:00,2024,12,9.92285144
8,2024-12-15 00:00:00,2024,12,0.0
8,2024-12-20 00:00:00,2024,12,4.997188343
8,2024-12-22 00:00:00,2024,12,0.000235939
8,2024-12-26 00:00:00,2024,12,2.644546872
10,2024-01-06 00:00:00,2024,1,0.0
10,2024-01-09 00:00:00,2024,1,4.59e-07
10,2024-01-12 00:00:00,2024,1,0.0
10,2024-01-29 00:00:00,2024,1,0.0
10,2024-02-05 00:00:00,2024,2,0.0
10,2024-02-11 00:00:00,2024,2,0.0
10,2024-02-15 00:00:00,2024,2,0.008578342
10,2024-02-27 00:00:00,2024,2,0.000428955
10,2024-03-16 00:00:00,2024,3,0.109613746
10,2024-03-18 00:00:00,2024,3,0.003386854
10,2024-03-19 00:00:00,2024,3,0.191861902
10,2024-03-29 00:00:00,2024,3,0.0
10,2024-03-30 00:00:00,2024,3,0.000122421
10,2024-04-04 00:00:00,2024,4,0.501297288
10,2024-04-09 00:00:00,2024,4,0.006963468
10,2024-04-18 00:00:00,2024,4,0.127124859
10,2024-04-23 00:00:00,2024,4,0.017240973
10,2024-05-01 00:00:00,2024,5,0.013461933
10,2024-05-03 00:00:00,2024,5,0.000405529
10,2024-05-11 00:00:00,2024,5,0.439431706
10,2024-05-23 00:00:00,2024,5,0.052732212
10,2024-05-28 00:00:00,2024,5,0.0
10,2024-05-30 00:00:00,2024,5,2.03e-07
10,2024-06-04 00:00:00,2024,6,0.0
10,2024-06-06 00:00:00,2024,6,2.417003547
10,2024-06-08 00:00:00,2024,6,4.37e-05
10,2024-06-10 00:00:00,2024,6,2.37e-07
10,2024-06-18 00:00:00,2024,6,0.314471476
10,2024-06-20 00:00:00,2024,6,0.219622889
10,2024-06-22 00:00:00,2024,6,5.741506136
10,2024-07-01 00:00:00,2024,7,4.244118108
10,2024-07-05 00:00:00,2024,7,1.798363411
10,2024-07-07 00:00:00,2024,7,0.976496537
10,2024-07-08 00:00:00,2024,7,5.182230841
10,2024-07-13 00:00:00,2024,7,4.151856334
10,2024-07-17 00:00:00,2024,7,10.37586882
10,2024-07-23 00:00:00,2024,7,15.76948937
10,2024-07-25 00:00:00,2024,7,0.0
10,2024-07-27 00:00:00,2024,7,2.535647047
10,2024-07-29 00:00:00,2024,7,0.006563389
10,2024-08-01 00:00:00,2024,8,3.072961605
10,2024-08-09 00:00:00,2024,8,1.748619822
10,2024-08-12 00:00:00,2024,8,6.627137115
10,2024-08-14 00:00:00,2024,8,7.528713116
10,2024-08-15 00:00:00,2024,8,4.143955857
10,2024-08-18 00:00:00,2024,8,3.003158026
10,2024-09-08 00:00:00,2024,9,0.354175253
10,2024-09-09 00:00:00,2024,9,4.576887929
10,2024-09-13 00:00:00,2024,9,3.196992551
10,2024-09-14 00:00:00,2024,9,4.535097759
10,2024-09-18 00:00:00,2024,9,5.079516597
10,2024-09-19 00:00:00,2024,9,8.935895337
10,2024-09-22 00:00:00,2024,9,5.972794756
10,2024-10-07 00:00:00,2024,10,3.551441913
10,2024-10-10 00:00:00,2024,10,0.000610715
10,2024-10-14 00:00:00,2024,10,0.534857413
10,2024-10-18 00:00:00,2024,10,5.782604794
10,2024-10-20 00:00:00,2024,10,2.350743291
10,2024-10-24 00:00:00,2024,10,0.000136508
10,2024-10-28 00:00:00,2024,10,2.964466455
10,2024-11-03 00:00:00,2024,11,0.0
10,2024-11-18 00:00:00,2024,11,0.0
10,2024-11-20 00:00:00,2024,11,0.0
10,2024-11-23 00:00:00,2024,11,0.0
10,2024-11-29 00:00:00,2024,11,0.053856999
10,2024-12-07 00:00:00,2024,12,0.0
10,2024-12-12 00:00:00,2024,12,0.0
10,2024-12-14 00:00:00,2024,12,0.0
10,2024-12-27 00:00:00,2024,12,0.0
10,2024-12-28 00:00:00,2024,12,0.0
11,2024-01-07 00:00:00,2024,1,0.0
11,2024-01-14 00:00:00,2024,1,0.0
11,2024-01-18 00:00:00,2024,1,0.0
11,2024-01-19 00:00:00,2024,1,3.25e-05
11,2024-01-22 00:00:00,2024,1,0.0
11,2024-01-30 00:00:00,2024,1,4.58e-05
11,2024-02-08 00:00:00,2024,2,5.77e-05
11,2024-02-10 00:00:00,2024,2,0.0
11,2024-02-20 00:00:00,2024,2,0.0
11,2024-02-21 00:00:00,2024,2,0.0
11,2024-02-24 00:00:00,2024,2,0.0
11,2024-03-14 00:00:00,2024,3,0.291365016
11,2024-03-21 00:00:00,2024,3,4.769070913
11,2024-03-22 00:00:00,2024,3,0.0
11,2024-04-04 00:00:00,2024,4,1.050697079
11,2024-04-15 00:00:00,2024,4,0.0
11,2024-04-17 00:00:00,2024,4,0.0
11,2024-04-20 00:00:00,2024,4,1.183276582
11,2024-04-23 00:00:00,2024,4,3.1539556
11,2024-04-26 00:00:00,2024,4,0.52904513
11,2024-05-05 00:00:00,2024,5,0.000303596
11,2024-05-07 00:00:00,2024,5,9.269683281
11,2024-05-14 00:00:00,2024,5,5.009387276
11,2024-05-19 00:00:00,2024,5,8.098162687
11,2024-05-30 00:00:00,2024,5,0.0
11,2024-05-31 00:00:00,2024,5,0.174686559
11,2024-06-05 00:00:00,2024,6,1.291061253
11,2024-06-11 00:00:00,2024,6,0.087839439
11,2024-06-15 00:00:00,2024,6,13.10801944
11,2024-06-17 00:00:00,2024,6,5.418775768
11,2024-06-19 00:00:00,2024,6,1.912355846
11,2024-06-29 00:00:00,2024,6,0.707298663
11,2024-07-01 00:00:00,2024,7,6.465129544
11,2024-07-04 00:00:00,2024,7,2.303834503
11,2024-07-08 00:00:00,2024,7,6.279374888
11,2024-07-14 00:00:00,2024,7,4.319339481
11,2024-07-22 00:00:00,2024,7,14.72643865
11,2024-07-27 00:00:00,2024,7,14.41692752
11,2024-08-17 00:00:00,2024,8,8.48980668
11,2024-08-20 00:00:00,2024,8,3.363800962
11,2024-08-26 00:00:00,2024,8,1.465576656
11,2024-09-02 00:00:00,2024,9,1.219134078
11,2024-09-06 00:00:00,2024,9,15.98070781
11,2024-09-13 00:00:00,2024,9,0.826165488
11,2024-09-14 00:00:00,2024,9,1.895797784
11,2024-09-15 00:00:00,2024,9,0.113401047
11,2024-09-18 00:00:00,2024,9,0.383274891
11,2024-09-21 00:00:00,2024,9,11.89823922
11,2024-09-25 00:00:00,2024,9,8.811845295
11,2024-09-28 00:00:00,2024,9,4.672785444
11,2024-09-30 00:00:00,2024,9,5.883951271
11,2024-10-02 00:00:00,2024,10,6.796137145
11,2024-10-08 00:00:00,2024,10,2.214894814
11,2024-10-19 00:00:00,2024,10,9.035603472
11,2024-10-22 00:00:00,2024,10,8.096679897
11,2024-10-28 00:00:00,2024,10,0.439722594
11,2024-11-02 00:00:00,2024,11,9.780099058
11,2024-11-05 00:00:00,2024,11,0.0
11,2024-11-09 00:00:00,2024,11,0.499697494
11,2024-11-17 00:00:00,2024,11,0.0
11,2024-11-23 00:00:00,2024,11,0.0
11,2024-12-01 00:00:00,2024,12,6.772207759
11,2024-12-05 00:00:00,2024,12,0.053181833
11,2024-12-09 00:00:00,2024,12,0.002171676
11,2024-12-19 00:00:00,2024,12,2.364287512
11,2024-12-20 00:00:00,2024,12,8.075283701
5,2024-07-26 00:00:00,2024,7,1.611294852
5,2024-07-30 00:00:00,2024,7,7.591628741
5,2024-08-09 00:00:00,2024,8,1.323413783
5,2024-08-14 00:00:00,2024,8,2.79031372
5,2024-08-17 00:00:00,2024,8,6.70322907
5,2024-08-22 00:00:00,2024,8,3.352242385
5,2024-08-23 00:00:00,2024,8,2.056326646
5,2024-08-28 00:00:00,2024,8,0.415872514
5,2024-09-06 00:00:00,2024,9,2.635071987
5,2024-09-08 00:00:00,2024,9,0.0
5,2024-09-09 00:00:00,2024,9,0.489550977
5,2024-09-12 00:00:00,2024,9,0.067666059
5,2024-09-13 00:00:00,2024,9,0.037921096
5,2024-09-17 00:00:00,2024,9,0.108371284
5,2024-09-22 00:00:00,2024,9,7.613413448
5,2024-09-24 00:00:00,2024,9,7.072946042
5,2024-10-03 00:00:00,2024,10,11.97005642
5,2024-10-07 00:00:00,2024,10,1.361121246
5,2024-10-10 00:00:00,2024,10,2.603970334
5,2024-10-13 00:00:00,2024,10,0.717182092
5,2024-10-15 00:00:00,2024,10,16.18748277
5,2024-10-19 00:00:00,2024,10,9.935197162
5,2024-10-23 00:00:00,2024,10,1.381395298
5,2024-10-27 00:00:00,2024,10,0.030137609
5,2024-11-05 00:00:00,2024,11,0.10540172
5,2024-11-06 00:00:00,2024,11,0.01908104
5,2024-11-07 00:00:00,2024,11,2.027139038
5,2024-11-13 00:00:00,2024,11,9.821862657
5,2024-11-14 00:00:00,2024,11,7.720382092
5,2024-11-16 00:00:00,2024,11,9.545287374
5,2024-11-27 00:00:00,2024,11,2.30293172
5,2024-11-29 00:00:00,2024,11,0.069334963
5,2024-12-03 00:00:00,2024,12,13.97143593
5,2024-12-04 00:00:00,2024,12,1.366735352
5,2024-12-05 00:00:00,2024,12,18.75956545
5,2024-12-09 00:00:00,2024,12,0.012381321
5,2024-12-11 00:00:00,2024,12,0.003282212
5,2024-12-21 00:00:00,2024,12,0.012005531
5,2024-12-22 00:00:00,2024,12,0.0
5,2024-12-25 00:00:00,2024,12,0.984633038
5,2024-12-26 00:00:00,2024,12,2.078141536
5,2024-12-27 00:00:00,2024,12,5.731596256
5,2024-12-28 00:00:00,2024,12,0.747777451
3,2024-10-31 00:00:00,2024,10,3.192015342
3,2024-11-01 00:00:00,2024,11,0.104736104
3,2024-11-04 00:00:00,2024,11,0.209423524
3,2024-11-05 00:00:00,2024,11,0.015751449
3,2024-11-08 00:00:00,2024,11,0.79208867
3,2024-11-18 00:00:00,2024,11,0.0
3,2024-11-25 00:00:00,2024,11,0.05435522
3,2024-11-26 00:00:00,2024,11,0.002442344
3,2024-12-01 00:00:00,2024,12,9.133749324
3,2024-12-05 00:00:00,2024,12,0.178457086
3,2024-12-06 00:00:00,2024,12,1.591859951
3,2024-12-11 00:00:00,2024,12,0.003585354
3,2024-12-15 00:00:00,2024,12,1.25e-06
3,2024-12-20 00:00:00,2024,12,0.786353706
3,2024-12-30 00:00:00,2024,12,0.0
4,2024-01-08 00:00:00,2024,1,0.005070114
4,2024-01-17 00:00:00,2024,1,0.0
4,2024-01-20 00:00:00,2024,1,0.00897257
4,2024-01-23 00:00:00,2024,1,0.0
4,2024-01-28 00:00:00,2024,1,0.0
4,2024-02-10 00:00:00,2024,2,0.0
4,2024-02-11 00:00:00,2024,2,0.0
4,2024-02-12 00:00:00,2024,2,0.0
4,2024-02-21 00:00:00,2024,2,0.0
4,2024-02-29 00:00:00,2024,2,0.001757877
4,2024-03-07 00:00:00,2024,3,0.000496939
4,2024-03-12 00:00:00,2024,3,0.000186313
4,2024-03-14 00:00:00,2024,3,0.015922576
4,2024-03-23 00:00:00,2024,3,0.0
4,2024-03-25 00:00:00,2024,3,0.009523368
4,2024-03-26 00:00:00,2024,3,0.0
4,2024-03-27 00:00:00,2024,3,0.019040738
4,2024-03-31 00:00:00,2024,3,0.0
4,2024-04-10 00:00:00,2024,4,0.0
4,2024-04-13 00:00:00,2024,4,0.0
4,2024-04-21 00:00:00,2024,4,0.000841699
4,2024-04-30 00:00:00,2024,4,0.0
4,2024-05-02 00:00:00,2024,5,0.139992498
4,2024-05-05 00:00:00,2024,5,0.0
4,2024-05-07 00:00:00,2024,5,4.268615456
4,2024-05-18 00:00:00,2024,5,1.431105777
4,2024-05-25 00:00:00,2024,5,1.181385324
4,2024-05-26 00:00:00,2024,5,3.238077107
4,2024-06-03 00:00:00,2024,6,22.18376686
4,2024-06-09 00:00:00,2024,6,1.009016442
4,2024-06-10 00:00:00,2024,6,1.550571506
4,2024-06-12 00:00:00,2024,6,1.153993202
4,2024-06-13 00:00:00,2024,6,2.470079929
4,2024-06-16 00:00:00,2024,6,0.704286426
4,2024-06-21 00:00:00,2024,6,0.000532024
4,2024-06-25 00:00:00,2024,6,0.09832977
4,2024-06-26 00:00:00,2024,6,0.495025989
4,2024-06-27 00:00:00,2024,6,14.98741637
4,2024-06-28 00:00:00,2024,6,25.30946575
4,2024-06-29 00:00:00,2024,6,2.285844783
4,2024-06-30 00:00:00,2024,6,47.82866439
4,2024-07-06 00:00:00,2024,7,7.460201126
4,2024-07-09 00:00:00,2024,7,2.622392676
4,2024-07-16 00:00:00,2024,7,13.67395116
4,2024-07-18 00:00:00,2024,7,6.870919084
4,2024-07-22 00:00:00,2024,7,14.52866164
4,2024-07-26 00:00:00,2024,7,0.880179221
4,2024-07-28 00:00:00,2024,7,2.414781641
4,2024-08-03 00:00:00,2024,8,0.943539268
4,2024-08-07 00:00:00,2024,8,32.77059331
4,2024-08-09 00:00:00,2024,8,1.750244925
4,2024-08-19 00:00:00,2024,8,1.606323273
4,2024-08-20 00:00:00,2024,8,1.415859181
4,2024-08-21 00:00:00,2024,8,5.892339811
4,2024-08-22 00:00:00,2024,8,10.93682176
4,2024-08-25 00:00:00,2024,8,3.82159377
4,2024-08-26 00:00:00,2024,8,0.773104034
4,2024-08-28 00:00:00,2024,8,1.360292903
4,2024-08-29 00:00:00,2024,8,13.72103801
4,2024-08-30 00:00:00,2024,8,30.41778902
4,2024-09-03 00:00:00,2024,9,6.038697618
4,2024-09-05 00:00:00,2024,9,9.743351325
4,2024-09-11 00:00:00,2024,9,0.166140426
4,2024-09-13 00:00:00,2024,9,0.077491947
4,2024-09-16 00:00:00,2024,9,0.730283638
4,2024-09-17 00:00:00,2024,9,0.095723038
4,2024-09-20 00:00:00,2024,9,6.193536728
4,2024-09-26 00:00:00,2024,9,11.68812911
4,2024-09-28 00:00:00,2024,9,10.71222156
4,2024-09-30 00:00:00,2024,9,0.594139894
4,2024-10-05 00:00:00,2024,10,1.263506958
4,2024-10-13 00:00:00,2024,10,6.673120777
4,2024-10-21 00:00:00,2024,10,7.423547868
4,2024-10-24 00:00:00,2024,10,0.0
4,2024-10-26 00:00:00,2024,10,0.750857273
4,2024-10-29 00:00:00,2024,10,6.21e-05
4,2024-11-10 00:00:00,2024,11,0.785340674
4,2024-11-11 00:00:00,2024,11,0.325017004
4,2024-11-12 00:00:00,2024,11,0.13753896
4,2024-11-25 00:00:00,2024,11,0.001429479
4,2024-11-26 00:00:00,2024,11,9.37e-05
4,2024-11-27 00:00:00,2024,11,0.041141966
4,2024-11-30 00:00:00,2024,11,1.513926889
4,2024-12-06 00:00:00,2024,12,0.285916407
4,2024-12-22 00:00:00,2024,12,0.203618647
4,2024-12-27 00:00:00,2024,12,0.110210261
6,2024-01-11 00:00:00,2024,1,0.023973782
6,2024-01-12 00:00:00,2024,1,0.0
6,2024-01-17 00:00:00,2024,1,0.0
6,2024-01-19 00:00:00,2024,1,0.000371619
6,2024-01-27 00:00:00,2024,1,0.125200122
6,2024-02-06 00:00:00,2024,2,0.0
6,2024-02-16 00:00:00,2024,2,0.04603276
6,2024-02-17 00:00:00,2024,2,0.0
6,2024-02-22 00:00:00,2024,2,0.0
6,2024-02-25 00:00:00,2024,2,0.001449929
6,2024-03-05 00:00:00,2024,3,0.0
6,2024-03-07 00:00:00,2024,3,0.006218631
6,2024-03-08 00:00:00,2024,3,0.0
6,2024-03-10 00:00:00,2024,3,0.0
6,2024-03-13 00:00:00,2024,3,0.000255341
6,2024-03-21 00:00:00,2024,3,0.042635195
6,2024-03-24 00:00:00,2024,3,0.0
6,2024-03-29 00:00:00,2024,3,0.008562321
6,2024-03-31 00:00:00,2024,3,0.0
6,2024-04-07 00:00:00,2024,4,0.000533599
6,2024-04-10 00:00:00,2024,4,0.0
6,2024-04-30 00:00:00,2024,4,0.0
6,2024-05-19 00:00:00,2024,5,4.023042923
6,2024-05-22 00:00:00,2024,5,0.104099472
6,2024-06-10 00:00:00,2024,6,0.035027872
6,2024-06-14 00:00:00,2024,6,7.532400679
6,2024-06-20 00:00:00,2024,6,5.003888639
6,2024-06-30 00:00:00,2024,6,36.33826432
6,2024-07-02 00:00:00,2024,7,0.873985561
6,2024-07-03 00:00:00,2024,7,2.36426314
6,2024-07-13 00:00:00,2024,7,0.503640463
6,2024-07-16 00:00:00,2024,7,9.461757871
6,2024-07-20 00:00:00,2024,7,51.71738583
6,2024-07-23 00:00:00,2024,7,0.916873282
6,2024-07-25 00:00:00,2024,7,0.0
6,2024-07-26 00:00:00,2024,7,0.932295727
6,2024-07-27 00:00:00,2024,7,1.780520984
6,2024-07-28 00:00:00,2024,7,5.253385033
6,2024-08-03 00:00:00,2024,8,2.555908517
6,2024-08-05 00:00:00,2024,8,0.165761555
6,2024-08-12 00:00:00,2024,8,0.236068226
6,2024-08-14 00:00:00,2024,8,1.830469391
6,2024-08-22 00:00:00,2024,8,10.6122083
6,2024-08-30 00:00:00,2024,8,44.73604099
6,2024-09-03 00:00:00,2024,9,7.93931043
6,2024-09-12 00:00:00,2024,9,0.676416629
6,2024-09-16 00:00:00,2024,9,0.791992844
6,2024-09-23 00:00:00,2024,9,10.55332032
6,2024-09-26 00:00:00,2024,9,11.09501786
6,2024-09-29 00:00:00,2024,9,2.578488466
6,2024-10-06 00:00:00,2024,10,3.633394851
6,2024-10-07 00:00:00,2024,10,4.628491237
6,2024-10-11 00:00:00,2024,10,12.12625816
6,2024-10-15 00:00:00,2024,10,6.050735395
6,2024-10-19 00:00:00,2024,10,8.644229745
6,2024-10-23 00:00:00,2024,10,1.274373732
6,2024-11-05 00:00:00,2024,11,0.0
6,2024-11-06 00:00:00,2024,11,0.11047249
6,2024-11-12 00:00:00,2024,11,0.418026057
6,2024-11-13 00:00:00,2024,11,0.60220657
6,2024-11-18 00:00:00,2024,11,0.0
6,2024-11-25 00:00:00,2024,11,0.01482704
6,2024-11-26 00:00:00,2024,11,0.003599511
6,2024-12-04 00:00:00,2024,12,0.334374066
6,2024-12-08 00:00:00,2024,12,7.99e-06
6,2024-12-16 00:00:00,2024,12,0.013596211
6,2024-12-19 00:00:00,2024,12,0.237568546
6,2024-12-20 00:00:00,2024,12,0.252315676
6,2024-12-25 00:00:00,2024,12,1.860929447
6,2024-12-27 00:00:00,2024,12,0.006013671
7,2024-01-01 00:00:00,2024,1,0.018023434
7,2024-01-10 00:00:00,2024,1,0.0
7,2024-01-15 00:00:00,2024,1,0.0
7,2024-01-20 00:00:00,2024,1,0.0
7,2024-02-08 00:00:00,2024,2,7.49e-05
7,2024-02-14 00:00:00,2024,2,0.002138872
7,2024-02-17 00:00:00,2024,2,0.0
7,2024-02-24 00:00:00,2024,2,0.0
7,2024-02-25 00:00:00,2024,2,0.0
7,2024-03-12 00:00:00,2024,3,0.0
7,2024-03-22 00:00:00,2024,3,0.0
7,2024-03-23 00:00:00,2024,3,0.0
7,2024-03-31 00:00:00,2024,3,0.0
7,2024-04-07 00:00:00,2024,4,0.004129867
7,2024-04-14 00:00:00,2024,4,0.165840676
7,2024-04-16 00:00:00,2024,4,0.0
7,2024-04-22 00:00:00,2024,4,0.306600829
1,2024-01-02 00:00:00,2024,1,0.0
1,2024-01-03 00:00:00,2024,1,0.003060003
1,2024-01-06 00:00:00,2024,1,8.29e-05
1,2024-01-11 00:00:00,2024,1,0.0
1,2024-01-16 00:00:00,2024,1,0.0
1,2024-01-21 00:00:00,2024,1,0.0
1,2024-01-22 00:00:00,2024,1,0.0
1,2024-01-24 00:00:00,2024,1,0.0
1,2024-01-31 00:00:00,2024,1,0.0
1,2024-02-01 00:00:00,2024,2,0.0
1,2024-02-07 00:00:00,2024,2,0.0
1,2024-02-08 00:00:00,2024,2,5.25e-05
1,2024-02-09 00:00:00,2024,2,0.0
1,2024-02-13 00:00:00,2024,2,0.000158563
1,2024-02-16 00:00:00,2024,2,0.022577166
1,2024-02-22 00:00:00,2024,2,0.0
1,2024-03-03 00:00:00,2024,3,0.0
1,2024-03-13 00:00:00,2024,3,0.0
1,2024-03-14 00:00:00,2024,3,0.001062014
1,2024-03-17 00:00:00,2024,3,0.0
1,2024-03-24 00:00:00,2024,3,5.56e-05
1,2024-03-25 00:00:00,2024,3,0.000844009
1,2024-03-27 00:00:00,2024,3,0.0
1,2024-03-28 00:00:00,2024,3,0.0
1,2024-04-02 00:00:00,2024,4,0.010922253
1,2024-04-08 00:00:00,2024,4,0.000500414
1,2024-04-09 00:00:00,2024,4,3.43e-05
1,2024-04-10 00:00:00,2024,4,0.0
1,2024-04-14 00:00:00,2024,4,0.114914576
1,2024-04-16 00:00:00,2024,4,0.0
1,2024-04-28 00:00:00,2024,4,8.77e-05
1,2024-04-29 00:00:00,2024,4,0.009657539
1,2024-05-08 00:00:00,2024,5,14.21372454
1,2024-05-25 00:00:00,2024,5,27.0841321
1,2024-05-27 00:00:00,2024,5,0.155431426
1,2024-06-01 00:00:00,2024,6,0.0
1,2024-06-13 00:00:00,2024,6,14.04122151
1,2024-06-20 00:00:00,2024,6,0.817555465
1,2024-06-23 00:00:00,2024,6,0.555736169
1,2024-06-24 00:00:00,2024,6,1.068222095
1,2024-06-25 00:00:00,2024,6,0.778768631
1,2024-06-29 00:00:00,2024,6,0.034566161
1,2024-07-01 00:00:00,2024,7,4.121152013
1,2024-07-07 00:00:00,2024,7,0.388192883
1,2024-07-13 00:00:00,2024,7,0.907860539
1,2024-07-20 00:00:00,2024,7,3.871530706
1,2024-07-24 00:00:00,2024,7,0.303256946
1,2024-08-01 00:00:00,2024,8,0.990417934
1,2024-08-02 00:00:00,2024,8,0.798102975
1,2024-08-16 00:00:00,2024,8,10.27993866
1,2024-08-26 00:00:00,2024,8,0.294461206
1,2024-08-30 00:00:00,2024,8,14.63413146
1,2024-09-05 00:00:00,2024,9,0.787186651
1,2024-09-06 00:00:00,2024,9,0.748548381
1,2024-09-08 00:00:00,2024,9,0.0
1,2024-09-11 00:00:00,2024,9,0.001486776
1,2024-09-14 00:00:00,2024,9,0.033190386
1,2024-09-16 00:00:00,2024,9,0.170183349
1,2024-10-01 00:00:00,2024,10,0.08659916
1,2024-10-03 00:00:00,2024,10,13.88218047
1,2024-10-05 00:00:00,2024,10,11.17017823
1,2024-10-13 00:00:00,2024,10,0.325513074
1,2024-10-21 00:00:00,2024,10,5.663678297
1,2024-10-26 00:00:00,2024,10,0.45070472
1,2024-11-04 00:00:00,2024,11,0.002243187
1,2024-11-06 00:00:00,2024,11,0.0
1,2024-11-12 00:00:00,2024,11,0.020516949
1,2024-11-15 00:00:00,2024,11,10.32255857
1,2024-11-17 00:00:00,2024,11,1.848439006
1,2024-11-18 00:00:00,2024,11,0.395365088
1,2024-11-26 00:00:00,2024,11,0.047357268
1,2024-11-29 00:00:00,2024,11,0.020196115
1,2024-12-04 00:00:00,2024,12,5.508697274
1,2024-12-08 00:00:00,2024,12,0.001292041
1,2024-12-10 00:00:00,2024,12,0.0
1,2024-12-12 00:00:00,2024,12,0.054020115
1,2024-12-15 00:00:00,2024,12,0.0
1,2024-12-28 00:00:00,2024,12,2.053216573
1,2024-12-30 00:00:00,2024,12,0.0
2,2024-01-04 00:00:00,2024,1,0.062390583
2,2024-01-08 00:00:00,2024,1,2.315744187
2,2024-01-15 00:00:00,2024,1,0.0
2,2024-01-16 00:00:00,2024,1,0.0
2,2024-01-20 00:00:00,2024,1,0.0
2,2024-01-23 00:00:00,2024,1,0.0
2,2024-01-27 00:00:00,2024,1,0.213668896
2,2024-01-28 00:00:00,2024,1,0.001786465
2,2024-01-30 00:00:00,2024,1,0.000197196
2,2024-02-05 00:00:00,2024,2,0.0
2,2024-02-07 00:00:00,2024,2,0.0
2,2024-02-09 00:00:00,2024,2,0.0
2,2024-02-20 00:00:00,2024,2,0.0
2,2024-02-21 00:00:00,2024,2,2.69e-06
2,2024-02-27 00:00:00,2024,2,0.0
2,2024-03-01 00:00:00,2024,3,8.95e-05
2,2024-03-04 00:00:00,2024,3,0.0
2,2024-03-07 00:00:00,2024,3,0.000112207
2,2024-03-14 00:00:00,2024,3,0.198193394
2,2024-03-15 00:00:00,2024,3,0.0
2,2024-03-21 00:00:00,2024,3,0.000589801
2,2024-03-25 00:00:00,2024,3,0.0
2,2024-04-02 00:00:00,2024,4,0.0
2,2024-04-03 00:00:00,2024,4,0.001290739
2,2024-04-20 00:00:00,2024,4,0.071235671
2,2024-04-22 00:00:00,2024,4,0.0
2,2024-04-23 00:00:00,2024,4,0.0
2,2024-05-01 00:00:00,2024,5,0.0
2,2024-05-07 00:00:00,2024,5,18.53676042
2,2024-05-12 00:00:00,2024,5,1.255933763
2,2024-05-13 00:00:00,2024,5,1.010059446
2,2024-05-17 00:00:00,2024,5,2.089363073
2,2024-05-21 00:00:00,2024,5,2.845433437
2,2024-06-07 00:00:00,2024,6,7.642112613
2,2024-06-10 00:00:00,2024,6,2.067386863
2,2024-06-15 00:00:00,2024,6,0.323641022
2,2024-06-24 00:00:00,2024,6,9.38916887
2,2024-06-26 00:00:00,2024,6,4.077072548
2,2024-06-28 00:00:00,2024,6,0.882417207
2,2024-06-30 00:00:00,2024,6,0.460015065
2,2024-07-03 00:00:00,2024,7,0.004064325
2,2024-07-06 00:00:00,2024,7,23.81022059
2,2024-07-08 00:00:00,2024,7,10.05407709
2,2024-07-22 00:00:00,2024,7,1.679094722
2,2024-08-02 00:00:00,2024,8,1.289286602
2,2024-08-11 00:00:00,2024,8,0.890968013
2,2024-08-15 00:00:00,2024,8,12.74521623
2,2024-08-24 00:00:00,2024,8,0.78853282
2,2024-08-25 00:00:00,2024,8,0.137153014
2,2024-08-31 00:00:00,2024,8,1.442744806
2,2024-09-09 00:00:00,2024,9,0.387638516
2,2024-09-10 00:00:00,2024,9,0.033635636
2,2024-09-17 00:00:00,2024,9,0.118709988
2,2024-09-26 00:00:00,2024,9,6.773278501
2,2024-09-29 00:00:00,2024,9,2.783503181
2,2024-10-10 00:00:00,2024,10,2.392313709
2,2024-10-13 00:00:00,2024,10,3.400938672
2,2024-10-17 00:00:00,2024,10,13.53948609
2,2024-10-27 00:00:00,2024,10,0.036295348
2,2024-11-01 00:00:00,2024,11,0.18941832
2,2024-11-08 00:00:00,2024,11,6.238245753
2,2024-11-11 00:00:00,2024,11,1.759149941
2,2024-11-13 00:00:00,2024,11,8.361693469
2,2024-11-14 00:00:00,2024,11,2.223444772
2,2024-11-16 00:00:00,2024,11,1.525462295
2,2024-11-20 00:00:00,2024,11,0.0
2,2024-12-11 00:00:00,2024,12,0.004120864
2,2024-12-15 00:00:00,2024,12,0.0
2,2024-12-25 00:00:00,2024,12,0.368068477
2,2024-12-27 00:00:00,2024,12,12.30334384
3,2024-01-04 00:00:00,2024,1,0.0
3,2024-01-05 00:00:00,2024,1,0.0
3,2024-01-06 00:00:00,2024,1,0.013083995
3,2024-01-13 00:00:00,2024,1,0.0
3,2024-01-23 00:00:00,2024,1,0.0
3,2024-01-29 00:00:00,2024,1,0.0
3,2024-01-30 00:00:00,2024,1,0.004032583
3,2024-01-31 00:00:00,2024,1,0.0
3,2024-02-18 00:00:00,2024,2,1.68e-05
3,2024-02-19 00:00:00,2024,2,0.0
3,2024-03-06 00:00:00,2024,3,0.0
3,2024-03-12 00:00:00,2024,3,0.0
3,2024-03-18 00:00:00,2024,3,0.005208561
3,2024-03-23 00:00:00,2024,3,0.000977284
3,2024-03-25 00:00:00,2024,3,3.33e-08
3,2024-03-31 00:00:00,2024,3,0.0
3,2024-04-01 00:00:00,2024,4,0.128258556
3,2024-04-03 00:00:00,2024,4,2.59e-05
3,2024-04-04 00:00:00,2024,4,0.288523479
3,2024-04-15 00:00:00,2024,4,0.0
3,2024-04-24 00:00:00,2024,4,1.97e-05
3,2024-05-10 00:00:00,2024,5,2.13150421
3,2024-05-18 00:00:00,2024,5,4.917442225
3,2024-05-26 00:00:00,2024,5,5.402875794
3,2024-05-27 00:00:00,2024,5,0.0
3,2024-06-02 00:00:00,2024,6,2.037192817
3,2024-06-11 00:00:00,2024,6,0.184916034
3,2024-06-20 00:00:00,2024,6,4.249230421
3,2024-06-22 00:00:00,2024,6,27.16885893
3,2024-07-05 00:00:00,2024,7,13.97642874
3,2024-07-06 00:00:00,2024,7,7.87303301
3,2024-07-07 00:00:00,2024,7,9.053818857
3,2024-07-13 00:00:00,2024,7,0.5694332
3,2024-07-14 00:00:00,2024,7,0.76885573
3,2024-07-18 00:00:00,2024,7,6.467755876
3,2024-07-19 00:00:00,2024,7,67.23442977
3,2024-07-20 00:00:00,2024,7,73.12446716
3,2024-07-27 00:00:00,2024,7,20.73949921
3,2024-08-01 00:00:00,2024,8,9.695010603
3,2024-08-06 00:00:00,2024,8,12.04596475
3,2024-08-07 00:00:00,2024,8,9.84567615
3,2024-08-10 00:00:00,2024,8,4.588300955
3,2024-08-18 00:00:00,2024,8,5.407223352
3,2024-08-19 00:00:00,2024,8,2.631582487
3,2024-08-22 00:00:00,2024,8,12.11349785
3,2024-08-24 00:00:00,2024,8,19.35408866
3,2024-08-26 00:00:00,2024,8,7.622671887
3,2024-08-27 00:00:00,2024,8,8.228210312
3,2024-09-06 00:00:00,2024,9,15.04923719
3,2024-09-11 00:00:00,2024,9,0.660517252
3,2024-09-21 00:00:00,2024,9,9.231576841
3,2024-10-05 00:00:00,2024,10,7.538756102
3,2024-10-06 00:00:00,2024,10,4.441354872
3,2024-10-15 00:00:00,2024,10,4.040187547
3,2024-10-21 00:00:00,2024,10,4.366260752
3,2024-10-22 00:00:00,2024,10,7.244669396
5,2024-04-03 00:00:00,2024,4,4.61e-05
5,2024-04-04 00:00:00,2024,4,0.0
5,2024-04-05 00:00:00,2024,4,0.0
5,2024-04-13 00:00:00,2024,4,0.022291128
5,2024-04-14 00:00:00,2024,4,0.011132228
5,2024-04-23 00:00:00,2024,4,1.72e-05
5,2024-04-29 00:00:00,2024,4,0.005531222
5,2024-04-30 00:00:00,2024,4,0.498167548
5,2024-05-03 00:00:00,2024,5,0.056294601
5,2024-05-04 00:00:00,2024,5,0.000370616
5,2024-05-06 00:00:00,2024,5,0.000179253
5,2024-05-22 00:00:00,2024,5,0.023830001
5,2024-05-26 00:00:00,2024,5,0.341693054
5,2024-05-28 00:00:00,2024,5,0.0
5,2024-06-06 00:00:00,2024,6,20.85349492
5,2024-06-12 00:00:00,2024,6,15.15746091
5,2024-06-13 00:00:00,2024,6,6.321404605
5,2024-06-16 00:00:00,2024,6,0.009076631
5,2024-06-18 00:00:00,2024,6,21.16260728
5,2024-06-20 00:00:00,2024,6,0.902241963
5,2024-07-02 00:00:00,2024,7,4.51809098
5,2024-07-05 00:00:00,2024,7,0.142719592
5,2024-07-19 00:00:00,2024,7,6.57087222
5,2024-07-22 00:00:00,2024,7,2.568087115
5,2024-07-24 00:00:00,2024,7,0.416264111
1,2024-01-12 00:00:00,2024,1,0.0
1,2024-01-15 00:00:00,2024,1,0.0
1,2024-01-23 00:00:00,2024,1,0.0
1,2024-02-03 00:00:00,2024,2,0.0
1,2024-02-10 00:00:00,2024,2,0.0
1,2024-02-15 00:00:00,2024,2,0.0
1,2024-02-20 00:00:00,2024,2,0.0
1,2024-02-24 00:00:00,2024,2,0.0
1,2024-03-01 00:00:00,2024,3,0.0
1,2024-03-04 00:00:00,2024,3,0.0
1,2024-03-19 00:00:00,2024,3,0.000872658
1,2024-04-01 00:00:00,2024,4,0.298122392
1,2024-04-15 00:00:00,2024,4,0.0
1,2024-04-20 00:00:00,2024,4,0.34215541
1,2024-04-30 00:00:00,2024,4,0.001128502
1,2024-05-03 00:00:00,2024,5,0.010999617
1,2024-05-11 00:00:00,2024,5,1.121674525
1,2024-05-16 00:00:00,2024,5,0.08085704
1,2024-05-18 00:00:00,2024,5,2.378767214
1,2024-05-20 00:00:00,2024,5,17.30785797
1,2024-05-24 00:00:00,2024,5,0.091536353
1,2024-05-28 00:00:00,2024,5,0.0
1,2024-06-08 00:00:00,2024,6,15.74718181
1,2024-06-09 00:00:00,2024,6,3.396963567
1,2024-06-12 00:00:00,2024,6,13.774544
1,2024-06-14 00:00:00,2024,6,2.907382722
1,2024-06-21 00:00:00,2024,6,0.045149592
1,2024-06-27 00:00:00,2024,6,0.314227064
1,2024-07-09 00:00:00,2024,7,2.217546941
1,2024-07-16 00:00:00,2024,7,3.619219393
1,2024-07-19 00:00:00,2024,7,1.948309978
1,2024-07-23 00:00:00,2024,7,0.122793475
1,2024-07-26 00:00:00,2024,7,1.545151449
1,2024-07-28 00:00:00,2024,7,0.101309585
1,2024-07-30 00:00:00,2024,7,2.029876237
1,2024-07-31 00:00:00,2024,7,0.491395644
1,2024-08-05 00:00:00,2024,8,0.01353163
1,2024-08-07 00:00:00,2024,8,7.559383466
1,2024-08-15 00:00:00,2024,8,20.49162739
1,2024-08-19 00:00:00,2024,8,4.341766462
1,2024-08-20 00:00:00,2024,8,3.645088995
1,2024-08-27 00:00:00,2024,8,2.352433912
1,2024-08-28 00:00:00,2024,8,0.239575831
1,2024-09-15 00:00:00,2024,9,0.033387193
1,2024-09-19 00:00:00,2024,9,0.207138481
1,2024-09-24 00:00:00,2024,9,8.219795849
1,2024-09-29 00:00:00,2024,9,4.841559915
1,2024-09-30 00:00:00,2024,9,0.443486123
1,2024-10-18 00:00:00,2024,10,11.22329358
1,2024-10-24 00:00:00,2024,10,3.692580479
1,2024-11-03 00:00:00,2024,11,0.081804517
1,2024-11-10 00:00:00,2024,11,0.334997378
1,2024-11-24 00:00:00,2024,11,0.0
1,2024-11-25 00:00:00,2024,11,0.02828295
1,2024-12-07 00:00:00,2024,12,0.011900507
1,2024-12-09 00:00:00,2024,12,9.78e-05
1,2024-12-14 00:00:00,2024,12,0.01824688
1,2024-12-16 00:00:00,2024,12,0.0
1,2024-12-17 00:00:00,2024,12,0.0
1,2024-12-18 00:00:00,2024,12,0.057940265
1,2024-12-22 00:00:00,2024,12,0.244778121
1,2024-12-31 00:00:00,2024,12,0.0
2,2024-01-09 00:00:00,2024,1,6.298506871
2,2024-01-10 00:00:00,2024,1,0.005450844
2,2024-02-03 00:00:00,2024,2,0.0
2,2024-02-04 00:00:00,2024,2,0.0
2,2024-02-15 00:00:00,2024,2,0.0
2,2024-02-16 00:00:00,2024,2,0.037311577
2,2024-02-18 00:00:00,2024,2,0.0
2,2024-02-29 00:00:00,2024,2,2.46e-05
2,2024-03-09 00:00:00,2024,3,0.0
2,2024-03-16 00:00:00,2024,3,0.0
2,2024-03-26 00:00:00,2024,3,0.0
2,2024-03-27 00:00:00,2024,3,0.0
2,2024-04-12 00:00:00,2024,4,0.111105232
2,2024-04-17 00:00:00,2024,4,0.0
2,2024-04-21 00:00:00,2024,4,0.027719405
2,2024-04-28 00:00:00,2024,4,0.0
2,2024-04-30 00:00:00,2024,4,0.0
2,2024-05-04 00:00:00,2024,5,1.348366248
2,2024-05-08 00:00:00,2024,5,15.37651622
2,2024-05-10 00:00:00,2024,5,0.358645614
2,2024-05-25 00:00:00,2024,5,0.366564089
2,2024-05-26 00:00:00,2024,5,1.179617338
2,2024-05-30 00:00:00,2024,5,0.0
2,2024-06-02 00:00:00,2024,6,19.20870688
2,2024-06-11 00:00:00,2024,6,1.51021247
2,2024-06-18 00:00:00,2024,6,20.51076988
2,2024-06-19 00:00:00,2024,6,10.71360703
2,2024-06-22 00:00:00,2024,6,2.645679595
2,2024-07-04 00:00:00,2024,7,7.112884046
2,2024-07-09 00:00:00,2024,7,2.115217506
2,2024-07-15 00:00:00,2024,7,7.782955337
2,2024-07-16 00:00:00,2024,7,5.726372784
2,2024-07-19 00:00:00,2024,7,4.15925209
2,2024-07-20 00:00:00,2024,7,4.99844983
2,2024-07-26 00:00:00,2024,7,0.671340544
2,2024-07-28 00:00:00,2024,7,0.006641593
2,2024-07-29 00:00:00,2024,7,0.0
2,2024-08-03 00:00:00,2024,8,1.377553249
2,2024-08-07 00:00:00,2024,8,14.14992331
2,2024-08-12 00:00:00,2024,8,22.61030954
2,2024-08-13 00:00:00,2024,8,12.0853565
2,2024-08-17 00:00:00,2024,8,10.55401424
2,2024-08-21 00:00:00,2024,8,5.591629141
2,2024-08-23 00:00:00,2024,8,1.568402992
2,2024-09-02 00:00:00,2024,9,1.697441014
2,2024-09-03 00:00:00,2024,9,0.84700986
2,2024-09-05 00:00:00,2024,9,1.285958591
2,2024-09-06 00:00:00,2024,9,2.253111742
2,2024-09-24 00:00:00,2024,9,11.9371797
2,2024-10-01 00:00:00,2024,10,0.346533797
2,2024-10-12 00:00:00,2024,10,1.291914578
2,2024-10-16 00:00:00,2024,10,22.17547229
2,2024-10-19 00:00:00,2024,10,8.722622699
2,2024-11-07 00:00:00,2024,11,4.178550705
2,2024-11-09 00:00:00,2024,11,2.507618084
2,2024-11-10 00:00:00,2024,11,3.046196947
2,2024-11-15 00:00:00,2024,11,12.24994397
2,2024-11-23 00:00:00,2024,11,0.00520538
2,2024-11-27 00:00:00,2024,11,4.819062577
2,2024-11-30 00:00:00,2024,11,11.16804933
2,2024-12-06 00:00:00,2024,12,0.495956874
2,2024-12-13 00:00:00,2024,12,42.67031406
2,2024-12-17 00:00:00,2024,12,0.002033333
2,2024-12-18 00:00:00,2024,12,0.477576264
2,2024-12-21 00:00:00,2024,12,0.095863115
2,2024-12-24 00:00:00,2024,12,0.00091998
2,2024-12-26 00:00:00,2024,12,0.760816213
2,2024-12-31 00:00:00,2024,12,0.003346704
3,2024-01-09 00:00:00,2024,1,0.216338611
3,2024-01-14 00:00:00,2024,1,0.0
3,2024-02-08 00:00:00,2024,2,0.0
3,2024-02-11 00:00:00,2024,2,0.0
3,2024-02-20 00:00:00,2024,2,0.0
3,2024-02-22 00:00:00,2024,2,0.0
3,2024-02-23 00:00:00,2024,2,0.0
3,2024-02-24 00:00:00,2024,2,0.0
3,2024-02-25 00:00:00,2024,2,0.002433811
3,2024-02-27 00:00:00,2024,2,0.0
3,2024-03-09 00:00:00,2024,3,0.000912221
3,2024-03-14 00:00:00,2024,3,0.255459162
3,2024-03-20 00:00:00,2024,3,0.157723126
3,2024-03-22 00:00:00,2024,3,0.0
3,2024-03-26 00:00:00,2024,3,0.0
3,2024-04-02 00:00:00,2024,4,0.0
3,2024-04-05 00:00:00,2024,4,0.0
3,2024-04-08 00:00:00,2024,4,0.000456497
3,2024-04-11 00:00:00,2024,4,0.381745123
3,2024-04-16 00:00:00,2024,4,0.0
3,2024-04-18 00:00:00,2024,4,0.010213724
3,2024-04-20 00:00:00,2024,4,0.237644376
3,2024-04-21 00:00:00,2024,4,0.004708146
3,2024-04-29 00:00:00,2024,4,0.092629559
3,2024-04-30 00:00:00,2024,4,0.004686804
3,2024-05-06 00:00:00,2024,5,0.006147427
3,2024-05-08 00:00:00,2024,5,8.916548078
3,2024-05-14 00:00:00,2024,5,0.304227002
3,2024-05-21 00:00:00,2024,5,2.879437031
3,2024-05-28 00:00:00,2024,5,0.0
3,2024-06-05 00:00:00,2024,6,0.156462619
3,2024-06-07 00:00:00,2024,6,5.607670994
3,2024-06-08 00:00:00,2024,6,3.870415489
3,2024-06-09 00:00:00,2024,6,0.322128501
3,2024-06-10 00:00:00,2024,6,0.122345944
3,2024-06-27 00:00:00,2024,6,17.59317129
3,2024-06-28 00:00:00,2024,6,20.17495291
3,2024-07-01 00:00:00,2024,7,12.17178565
11,2024-03-17 00:00:00,2024,3,0.002431092
11,2024-03-29 00:00:00,2024,3,0.0
11,2024-03-31 00:00:00,2024,3,0.0
11,2024-04-08 00:00:00,2024,4,0.000135786
11,2024-04-09 00:00:00,2024,4,0.051875919
11,2024-04-13 00:00:00,2024,4,0.384908
11,2024-04-16 00:00:00,2024,4,0.0
11,2024-04-28 00:00:00,2024,4,1.321984394
11,2024-05-01 00:00:00,2024,5,0.99702882
11,2024-05-04 00:00:00,2024,5,2.02270602
11,2024-05-10 00:00:00,2024,5,5.945802626
11,2024-05-20 00:00:00,2024,5,2.603225852
11,2024-05-27 00:00:00,2024,5,0.0
11,2024-05-28 00:00:00,2024,5,0.0
11,2024-05-29 00:00:00,2024,5,0.0
11,2024-06-01 00:00:00,2024,6,16.45908659
11,2024-06-02 00:00:00,2024,6,2.354205308
11,2024-06-04 00:00:00,2024,6,0.119352927
11,2024-06-12 00:00:00,2024,6,2.45755343
11,2024-06-14 00:00:00,2024,6,0.059047752
11,2024-06-20 00:00:00,2024,6,4.825877786
11,2024-06-22 00:00:00,2024,6,9.976457326
11,2024-06-23 00:00:00,2024,6,4.574276782
11,2024-06-26 00:00:00,2024,6,8.770556487
11,2024-07-05 00:00:00,2024,7,0.164919662
11,2024-07-09 00:00:00,2024,7,5.083684647
11,2024-07-19 00:00:00,2024,7,36.42625608
11,2024-07-21 00:00:00,2024,7,7.384213064
11,2024-07-23 00:00:00,2024,7,19.03735327
11,2024-07-30 00:00:00,2024,7,2.190426799
11,2024-08-06 00:00:00,2024,8,2.127806489
11,2024-08-10 00:00:00,2024,8,3.135901824
11,2024-08-11 00:00:00,2024,8,1.674958351
11,2024-08-12 00:00:00,2024,8,1.295484996
11,2024-08-19 00:00:00,2024,8,4.951867549
11,2024-08-31 00:00:00,2024,8,18.56749867
11,2024-09-07 00:00:00,2024,9,14.421214
11,2024-09-11 00:00:00,2024,9,0.752698559
3,2024-07-21 00:00:00,2024,7,17.56532123
3,2024-07-30 00:00:00,2024,7,10.24996556
3,2024-07-31 00:00:00,2024,7,7.560805235
3,2024-08-28 00:00:00,2024,8,11.83595846
3,2024-08-29 00:00:00,2024,8,11.69827189
3,2024-08-30 00:00:00,2024,8,29.67818302
3,2024-09-04 00:00:00,2024,9,24.0233872
3,2024-09-15 00:00:00,2024,9,0.140842372
3,2024-09-27 00:00:00,2024,9,12.40319909
3,2024-09-28 00:00:00,2024,9,7.150221358
3,2024-10-01 00:00:00,2024,10,3.818239612
3,2024-10-02 00:00:00,2024,10,5.846044097
3,2024-10-09 00:00:00,2024,10,1.629490623
3,2024-10-11 00:00:00,2024,10,5.331425465
3,2024-10-17 00:00:00,2024,10,10.38761954
3,2024-10-18 00:00:00,2024,10,9.479002047
3,2024-10-23 00:00:00,2024,10,2.931309527
3,2024-10-24 00:00:00,2024,10,0.008160355
3,2024-10-25 00:00:00,2024,10,0.300353923
3,2024-11-02 00:00:00,2024,11,6.783001615
3,2024-11-03 00:00:00,2024,11,1.453698904
3,2024-11-13 00:00:00,2024,11,0.245991448
3,2024-11-16 00:00:00,2024,11,0.023129861
3,2024-11-20 00:00:00,2024,11,0.0
3,2024-11-22 00:00:00,2024,11,0.0
3,2024-11-27 00:00:00,2024,11,0.026718832
3,2024-11-28 00:00:00,2024,11,0.0
3,2024-11-29 00:00:00,2024,11,0.059195837
3,2024-11-30 00:00:00,2024,11,3.158144537
3,2024-12-16 00:00:00,2024,12,1.68e-05
3,2024-12-18 00:00:00,2024,12,0.791164894
3,2024-12-19 00:00:00,2024,12,0.844483927
3,2024-12-25 00:00:00,2024,12,0.868132865
4,2024-01-02 00:00:00,2024,1,0.0
4,2024-01-06 00:00:00,2024,1,0.00016301
4,2024-01-07 00:00:00,2024,1,0.0
4,2024-01-09 00:00:00,2024,1,0.038926807
4,2024-01-11 00:00:00,2024,1,0.000268327
4,2024-01-14 00:00:00,2024,1,0.0
4,2024-01-15 00:00:00,2024,1,0.0
4,2024-01-22 00:00:00,2024,1,0.0
4,2024-01-30 00:00:00,2024,1,0.0
4,2024-02-15 00:00:00,2024,2,0.004827715
4,2024-02-22 00:00:00,2024,2,0.0
4,2024-02-26 00:00:00,2024,2,0.0
4,2024-02-27 00:00:00,2024,2,0.0
4,2024-03-05 00:00:00,2024,3,0.0
4,2024-03-06 00:00:00,2024,3,0.005311021
4,2024-03-11 00:00:00,2024,3,0.0
4,2024-03-19 00:00:00,2024,3,6.82e-05
4,2024-03-20 00:00:00,2024,3,0.002904879
4,2024-03-28 00:00:00,2024,3,8.15e-05
4,2024-04-01 00:00:00,2024,4,0.582193094
4,2024-04-02 00:00:00,2024,4,8.15e-05
4,2024-04-15 00:00:00,2024,4,0.0
4,2024-04-17 00:00:00,2024,4,0.0
4,2024-04-18 00:00:00,2024,4,0.012236695
4,2024-04-19 00:00:00,2024,4,0.019556887
4,2024-04-25 00:00:00,2024,4,0.014471097
4,2024-05-31 00:00:00,2024,5,0.0
4,2024-06-02 00:00:00,2024,6,0.869969068
4,2024-06-04 00:00:00,2024,6,0.013742979
4,2024-06-05 00:00:00,2024,6,1.410389328
4,2024-06-15 00:00:00,2024,6,0.185085966
4,2024-07-23 00:00:00,2024,7,0.836267313
4,2024-07-24 00:00:00,2024,7,2.79845828
4,2024-07-25 00:00:00,2024,7,0.004616016
4,2024-08-06 00:00:00,2024,8,7.08709278
4,2024-09-02 00:00:00,2024,9,1.228557741
4,2024-09-04 00:00:00,2024,9,20.82985414
4,2024-09-12 00:00:00,2024,9,0.061585653
4,2024-09-18 00:00:00,2024,9,0.144612051
4,2024-09-29 00:00:00,2024,9,3.489790076
4,2024-10-02 00:00:00,2024,10,8.116254284
4,2024-10-09 00:00:00,2024,10,3.585784529
4,2024-10-17 00:00:00,2024,10,11.18371588
4,2024-10-22 00:00:00,2024,10,1.049844827
4,2024-10-25 00:00:00,2024,10,0.13399994
4,2024-10-27 00:00:00,2024,10,0.004570551
4,2024-11-07 00:00:00,2024,11,0.977346453
4,2024-11-14 00:00:00,2024,11,2.725156231
4,2024-12-07 00:00:00,2024,12,0.188106406
4,2024-12-11 00:00:00,2024,12,0.008807044
4,2024-12-13 00:00:00,2024,12,0.04123565
4,2024-12-14 00:00:00,2024,12,0.0
4,2024-12-18 00:00:00,2024,12,0.142579973
4,2024-12-21 00:00:00,2024,12,0.245376028
4,2024-12-25 00:00:00,2024,12,3.750057787
6,2024-01-05 00:00:00,2024,1,0.0
6,2024-01-15 00:00:00,2024,1,0.00519295
6,2024-01-22 00:00:00,2024,1,0.0
6,2024-01-24 00:00:00,2024,1,0.0
6,2024-01-29 00:00:00,2024,1,0.0
6,2024-01-30 00:00:00,2024,1,0.0
6,2024-02-07 00:00:00,2024,2,0.0
6,2024-02-11 00:00:00,2024,2,0.0
6,2024-02-12 00:00:00,2024,2,0.0
6,2024-02-28 00:00:00,2024,2,0.0
6,2024-03-04 00:00:00,2024,3,0.0
6,2024-03-06 00:00:00,2024,3,0.0
6,2024-03-22 00:00:00,2024,3,0.0
6,2024-03-30 00:00:00,2024,3,0.0
6,2024-04-03 00:00:00,2024,4,0.0
6,2024-04-08 00:00:00,2024,4,0.0
6,2024-04-12 00:00:00,2024,4,0.007740588
6,2024-04-14 00:00:00,2024,4,0.024521613
6,2024-04-17 00:00:00,2024,4,0.0
6,2024-04-19 00:00:00,2024,4,0.0
6,2024-04-20 00:00:00,2024,4,0.002317912
6,2024-04-26 00:00:00,2024,4,2.14e-06
6,2024-04-27 00:00:00,2024,4,0.002485
6,2024-05-01 00:00:00,2024,5,0.0
6,2024-05-10 00:00:00,2024,5,0.640240103
6,2024-05-12 00:00:00,2024,5,0.007339983
6,2024-05-15 00:00:00,2024,5,7.388871433
6,2024-05-17 00:00:00,2024,5,15.1314344
6,2024-05-25 00:00:00,2024,5,1.498571681
6,2024-06-04 00:00:00,2024,6,0.000349641
6,2024-06-07 00:00:00,2024,6,7.423766032
6,2024-06-21 00:00:00,2024,6,0.058192419
6,2024-06-22 00:00:00,2024,6,6.182225978
6,2024-06-26 00:00:00,2024,6,0.84079041
6,2024-07-09 00:00:00,2024,7,6.000103469
6,2024-07-15 00:00:00,2024,7,3.890064786
6,2024-07-18 00:00:00,2024,7,11.79317308
6,2024-07-22 00:00:00,2024,7,8.914168706
6,2024-08-01 00:00:00,2024,8,11.21653783
6,2024-08-07 00:00:00,2024,8,22.78201044
6,2024-08-11 00:00:00,2024,8,5.533912039
6,2024-08-27 00:00:00,2024,8,7.724902291
6,2024-09-02 00:00:00,2024,9,1.205735911
6,2024-09-06 00:00:00,2024,9,12.73292723
6,2024-09-21 00:00:00,2024,9,8.275100306
6,2024-09-25 00:00:00,2024,9,10.99428228
6,2024-10-10 00:00:00,2024,10,2.040445202
6,2024-10-13 00:00:00,2024,10,3.650485521
6,2024-10-18 00:00:00,2024,10,8.325621805
6,2024-10-22 00:00:00,2024,10,3.299457284
6,2024-10-27 00:00:00,2024,10,0.002285094
6,2024-11-01 00:00:00,2024,11,0.030975961
6,2024-11-04 00:00:00,2024,11,0.781186772
6,2024-11-07 00:00:00,2024,11,0.583404459
6,2024-11-11 00:00:00,2024,11,0.257349393
6,2024-11-27 00:00:00,2024,11,0.066963297
6,2024-12-02 00:00:00,2024,12,1.328149428
6,2024-12-09 00:00:00,2024,12,1.74e-05
6,2024-12-11 00:00:00,2024,12,0.026605658
6,2024-12-13 00:00:00,2024,12,0.018455158
6,2024-12-31 00:00:00,2024,12,0.000990029
7,2024-01-05 00:00:00,2024,1,0.021267462
7,2024-01-06 00:00:00,2024,1,0.002917367
7,2024-01-07 00:00:00,2024,1,0.0
7,2024-01-08 00:00:00,2024,1,0.000379916
7,2024-01-09 00:00:00,2024,1,0.148497528
7,2024-01-11 00:00:00,2024,1,0.0
11,2024-10-07 00:00:00,2024,10,7.199166019
11,2024-10-12 00:00:00,2024,10,1.504469134
11,2024-10-14 00:00:00,2024,10,2.813867863
11,2024-10-16 00:00:00,2024,10,5.036336234
11,2024-10-20 00:00:00,2024,10,2.43364855
11,2024-10-27 00:00:00,2024,10,1.122129093
11,2024-11-03 00:00:00,2024,11,0.388742483
11,2024-11-04 00:00:00,2024,11,0.0
11,2024-11-29 00:00:00,2024,11,0.071501135
11,2024-12-03 00:00:00,2024,12,1.46882566
11,2024-12-04 00:00:00,2024,12,0.063120193
11,2024-12-08 00:00:00,2024,12,1.16e-06
11,2024-12-11 00:00:00,2024,12,0.047127936
11,2024-12-15 00:00:00,2024,12,0.018826793
11,2024-12-17 00:00:00,2024,12,0.000314628
12,2024-01-01 00:00:00,2024,1,0.0
12,2024-01-10 00:00:00,2024,1,0.000147693
12,2024-01-14 00:00:00,2024,1,0.0
12,2024-01-15 00:00:00,2024,1,0.0
12,2024-01-17 00:00:00,2024,1,0.0
12,2024-01-18 00:00:00,2024,1,0.0
12,2024-01-29 00:00:00,2024,1,0.0
12,2024-01-31 00:00:00,2024,1,0.0
12,2024-02-03 00:00:00,2024,2,0.024997125
12,2024-02-05 00:00:00,2024,2,0.0
12,2024-02-13 00:00:00,2024,2,0.0
12,2024-02-16 00:00:00,2024,2,0.0
12,2024-02-20 00:00:00,2024,2,0.001924063
12,2024-02-21 00:00:00,2024,2,0.0
12,2024-02-23 00:00:00,2024,2,0.0
12,2024-03-05 00:00:00,2024,3,0.000287314
12,2024-03-07 00:00:00,2024,3,0.007729939
12,2024-03-11 00:00:00,2024,3,7.29e-05
12,2024-03-15 00:00:00,2024,3,0.002641955
12,2024-03-21 00:00:00,2024,3,2.627391902
12,2024-03-24 00:00:00,2024,3,0.000644981
12,2024-04-03 00:00:00,2024,4,3.46e-05
12,2024-04-04 00:00:00,2024,4,0.837202411
12,2024-04-05 00:00:00,2024,4,0.014151858
12,2024-04-08 00:00:00,2024,4,0.185058026
12,2024-04-14 00:00:00,2024,4,2.138424878
12,2024-04-18 00:00:00,2024,4,0.007354393
12,2024-04-25 00:00:00,2024,4,2.124540625
12,2024-04-27 00:00:00,2024,4,2.696396401
12,2024-04-30 00:00:00,2024,4,1.835676884
12,2024-05-02 00:00:00,2024,5,0.000191542
12,2024-05-20 00:00:00,2024,5,5.773092933
12,2024-05-31 00:00:00,2024,5,0.000376394
12,2024-06-14 00:00:00,2024,6,0.009104028
12,2024-06-15 00:00:00,2024,6,15.36493534
12,2024-06-16 00:00:00,2024,6,18.42904475
12,2024-06-17 00:00:00,2024,6,8.777311367
12,2024-06-23 00:00:00,2024,6,2.517012307
12,2024-06-24 00:00:00,2024,6,0.089229278
12,2024-07-04 00:00:00,2024,7,0.248170403
12,2024-07-08 00:00:00,2024,7,8.918215686
12,2024-07-19 00:00:00,2024,7,37.65399431
12,2024-07-22 00:00:00,2024,7,2.101732164
12,2024-07-28 00:00:00,2024,7,1.059347148
12,2024-08-31 00:00:00,2024,8,20.01725547
12,2024-09-08 00:00:00,2024,9,0.713004451
12,2024-09-13 00:00:00,2024,9,2.988938849
12,2024-09-17 00:00:00,2024,9,4.822184498
12,2024-09-19 00:00:00,2024,9,11.3187075
12,2024-09-24 00:00:00,2024,9,18.10664994
12,2024-09-27 00:00:00,2024,9,7.763625397
12,2024-10-05 00:00:00,2024,10,3.942449776
12,2024-10-10 00:00:00,2024,10,0.207563644
12,2024-10-13 00:00:00,2024,10,0.106138557
12,2024-10-18 00:00:00,2024,10,8.160027674
12,2024-10-19 00:00:00,2024,10,11.88138403
12,2024-10-21 00:00:00,2024,10,9.341624861
12,2024-11-01 00:00:00,2024,11,0.000361026
12,2024-11-05 00:00:00,2024,11,0.0
12,2024-11-08 00:00:00,2024,11,0.343688805
12,2024-11-09 00:00:00,2024,11,0.334636282
12,2024-11-18 00:00:00,2024,11,0.0
12,2024-12-01 00:00:00,2024,12,8.27778828
12,2024-12-03 00:00:00,2024,12,1.483010034
12,2024-12-06 00:00:00,2024,12,0.029113129
12,2024-12-13 00:00:00,2024,12,1.77e-06
12,2024-12-19 00:00:00,2024,12,5.04604702
12,2024-12-20 00:00:00,2024,12,25.43481201
12,2024-12-21 00:00:00,2024,12,49.98379545
12,2024-12-22 00:00:00,2024,12,3.247646063
12,2024-12-27 00:00:00,2024,12,0.0
12,2024-12-28 00:00:00,2024,12,0.0
13,2024-01-02 00:00:00,2024,1,0.0
13,2024-01-03 00:00:00,2024,1,0.0
13,2024-01-09 00:00:00,2024,1,0.370291356
13,2024-01-11 00:00:00,2024,1,0.004430931
13,2024-01-21 00:00:00,2024,1,0.0
13,2024-01-23 00:00:00,2024,1,0.0
13,2024-01-24 00:00:00,2024,1,0.0
13,2024-01-28 00:00:00,2024,1,0.0
13,2024-02-01 00:00:00,2024,2,0.0
13,2024-02-02 00:00:00,2024,2,0.111917551
13,2024-02-04 00:00:00,2024,2,0.0
13,2024-02-06 00:00:00,2024,2,0.0
13,2024-02-10 00:00:00,2024,2,0.0
13,2024-02-16 00:00:00,2024,2,0.014844138
13,2024-02-18 00:00:00,2024,2,0.186079378
13,2024-02-27 00:00:00,2024,2,0.0
13,2024-03-25 00:00:00,2024,3,0.0
13,2024-03-31 00:00:00,2024,3,0.0
13,2024-04-02 00:00:00,2024,4,0.0
13,2024-04-18 00:00:00,2024,4,0.174201893
13,2024-05-14 00:00:00,2024,5,0.011258935
13,2024-05-16 00:00:00,2024,5,1.073191782
13,2024-05-23 00:00:00,2024,5,0.344544903
13,2024-05-26 00:00:00,2024,5,3.590749468
13,2024-06-02 00:00:00,2024,6,0.860936739
13,2024-06-09 00:00:00,2024,6,0.05415525
13,2024-06-11 00:00:00,2024,6,1.052679935
13,2024-06-25 00:00:00,2024,6,3.785851727
13,2024-07-02 00:00:00,2024,7,0.882087452
13,2024-07-14 00:00:00,2024,7,1.326956485
13,2024-07-15 00:00:00,2024,7,0.446555149
13,2024-07-19 00:00:00,2024,7,100.3109594
13,2024-07-26 00:00:00,2024,7,1.033732137
13,2024-07-28 00:00:00,2024,7,15.71827221
13,2024-07-31 00:00:00,2024,7,4.806177897
13,2024-08-14 00:00:00,2024,8,3.504045491
13,2024-08-20 00:00:00,2024,8,2.955495034
13,2024-08-29 00:00:00,2024,8,13.24330164
13,2024-08-31 00:00:00,2024,8,37.79093306
13,2024-09-05 00:00:00,2024,9,11.40685399
13,2024-09-06 00:00:00,2024,9,16.13297742
13,2024-09-14 00:00:00,2024,9,1.411458467
13,2024-09-15 00:00:00,2024,9,0.159744073
13,2024-09-18 00:00:00,2024,9,0.146358217
13,2024-10-05 00:00:00,2024,10,4.836000554
13,2024-10-06 00:00:00,2024,10,4.079462523
13,2024-10-14 00:00:00,2024,10,6.726805947
13,2024-10-17 00:00:00,2024,10,10.67820618
13,2024-10-22 00:00:00,2024,10,4.333932146
13,2024-10-26 00:00:00,2024,10,1.272387324
13,2024-10-27 00:00:00,2024,10,0.007532029
13,2024-10-28 00:00:00,2024,10,0.013400123
13,2024-11-01 00:00:00,2024,11,0.09364472
13,2024-11-02 00:00:00,2024,11,4.85867719
13,2024-11-07 00:00:00,2024,11,0.352059324
13,2024-11-08 00:00:00,2024,11,0.702693893
13,2024-11-14 00:00:00,2024,11,0.05465947
13,2024-12-01 00:00:00,2024,12,6.292599012
13,2024-12-03 00:00:00,2024,12,0.033798444
13,2024-12-04 00:00:00,2024,12,0.005086395
13,2024-12-07 00:00:00,2024,12,0.305923898
13,2024-12-08 00:00:00,2024,12,0.0
13,2024-12-09 00:00:00,2024,12,0.0
13,2024-12-10 00:00:00,2024,12,0.642389396
13,2024-12-11 00:00:00,2024,12,0.016731607
13,2024-12-12 00:00:00,2024,12,0.020366548
5,2024-01-02 00:00:00,2024,1,0.0
5,2024-01-04 00:00:00,2024,1,0.208986083
5,2024-01-05 00:00:00,2024,1,0.048508984
5,2024-01-09 00:00:00,2024,1,3.542218237
5,2024-01-29 00:00:00,2024,1,0.0
5,2024-02-01 00:00:00,2024,2,0.0
5,2024-02-03 00:00:00,2024,2,0.0
5,2024-02-04 00:00:00,2024,2,0.0
5,2024-02-07 00:00:00,2024,2,0.0
5,2024-02-09 00:00:00,2024,2,0.0
5,2024-02-16 00:00:00,2024,2,0.0781989
5,2024-02-19 00:00:00,2024,2,0.0
5,2024-02-22 00:00:00,2024,2,0.0
5,2024-02-29 00:00:00,2024,2,0.00016631
5,2024-03-08 00:00:00,2024,3,0.0
5,2024-03-11 00:00:00,2024,3,0.0
5,2024-03-12 00:00:00,2024,3,0.001803501
5,2024-03-17 00:00:00,2024,3,0.0
5,2024-03-20 00:00:00,2024,3,0.0
5,2024-03-22 00:00:00,2024,3,0.0
5,2024-03-24 00:00:00,2024,3,7.62e-05
5,2024-03-25 00:00:00,2024,3,0.0
5,2024-03-27 00:00:00,2024,3,0.0
5,2024-04-06 00:00:00,2024,4,0.000395102
5,2024-04-11 00:00:00,2024,4,0.005350546
5,2024-05-08 00:00:00,2024,5,38.71246399
5,2024-05-11 00:00:00,2024,5,0.006322643
5,2024-05-17 00:00:00,2024,5,0.265288754
5,2024-05-23 00:00:00,2024,5,0.000540266
5,2024-05-31 00:00:00,2024,5,0.000260354
5,2024-06-02 00:00:00,2024,6,12.88720017
5,2024-06-05 00:00:00,2024,6,8.240044339
5,2024-06-11 00:00:00,2024,6,4.85628585
5,2024-06-15 00:00:00,2024,6,1.576021045
5,2024-06-25 00:00:00,2024,6,0.195876039
5,2024-07-01 00:00:00,2024,7,12.17891193
5,2024-07-09 00:00:00,2024,7,2.809684579
5,2024-07-13 00:00:00,2024,7,0.821953025
5,2024-07-17 00:00:00,2024,7,0.725778711
5,2024-07-25 00:00:00,2024,7,0.0
5,2024-08-05 00:00:00,2024,8,0.252864899
5,2024-08-12 00:00:00,2024,8,1.585047764
5,2024-08-13 00:00:00,2024,8,0.77152695
5,2024-08-15 00:00:00,2024,8,11.36626867
5,2024-08-24 00:00:00,2024,8,0.346603253
5,2024-08-31 00:00:00,2024,8,13.24722126
5,2024-09-01 00:00:00,2024,9,0.335730071
5,2024-09-19 00:00:00,2024,9,0.111273393
5,2024-09-21 00:00:00,2024,9,6.790103933
5,2024-09-30 00:00:00,2024,9,0.2476346
5,2024-10-01 00:00:00,2024,10,0.114335556
5,2024-10-02 00:00:00,2024,10,3.824501241
5,2024-10-08 00:00:00,2024,10,0.271288165
5,2024-10-11 00:00:00,2024,10,0.189081141
5,2024-10-12 00:00:00,2024,10,1.136446291
5,2024-11-02 00:00:00,2024,11,1.715515939
5,2024-11-10 00:00:00,2024,11,1.059744395
5,2024-11-21 00:00:00,2024,11,0.008412527
5,2024-11-22 00:00:00,2024,11,7.24e-05
5,2024-11-23 00:00:00,2024,11,4.64e-06
5,2024-11-26 00:00:00,2024,11,0.041367165
5,2024-12-06 00:00:00,2024,12,2.84364575
5,2024-12-07 00:00:00,2024,12,0.344045877
5,2024-12-20 00:00:00,2024,12,6.095627263
5,2024-12-29 00:00:00,2024,12,0.00169809
5,2024-12-30 00:00:00,2024,12,0.0
7,2024-01-17 00:00:00,2024,1,0.0
7,2024-01-23 00:00:00,2024,1,0.0
7,2024-01-24 00:00:00,2024,1,0.0
7,2024-01-27 00:00:00,2024,1,0.000188911
7,2024-01-31 00:00:00,2024,1,3.55e-05
7,2024-02-02 00:00:00,2024,2,0.025148605
7,2024-02-04 00:00:00,2024,2,7.49e-05
7,2024-03-07 00:00:00,2024,3,0.0
7,2024-03-08 00:00:00,2024,3,0.0
7,2024-03-11 00:00:00,2024,3,0.0
7,2024-03-14 00:00:00,2024,3,0.0
7,2024-03-15 00:00:00,2024,3,0.0
7,2024-03-26 00:00:00,2024,3,0.0
7,2024-04-02 00:00:00,2024,4,0.0
7,2024-04-11 00:00:00,2024,4,0.036481782
7,2024-04-15 00:00:00,2024,4,0.0
7,2024-04-20 00:00:00,2024,4,2.154545173
7,2024-05-02 00:00:00,2024,5,7.56e-06
7,2024-05-04 00:00:00,2024,5,0.0
7,2024-05-05 00:00:00,2024,5,0.000672482
7,2024-05-06 00:00:00,2024,5,0.064414007
7,2024-05-08 00:00:00,2024,5,28.07567306
7,2024-05-09 00:00:00,2024,5,0.097328162
7,2024-05-11 00:00:00,2024,5,0.448911969
7,2024-05-12 00:00:00,2024,5,0.00800902
7,2024-05-15 00:00:00,2024,5,2.833539724
7,2024-05-17 00:00:00,2024,5,4.545324717
7,2024-05-28 00:00:00,2024,5,0.0
7,2024-05-29 00:00:00,2024,5,0.003497734
7,2024-06-14 00:00:00,2024,6,0.286001898
7,2024-06-22 00:00:00,2024,6,1.564233905
7,2024-06-26 00:00:00,2024,6,1.729692832
7,2024-07-13 00:00:00,2024,7,0.750480904
7,2024-07-19 00:00:00,2024,7,9.945137428
7,2024-07-22 00:00:00,2024,7,7.398515107
7,2024-07-24 00:00:00,2024,7,1.108705739
7,2024-07-30 00:00:00,2024,7,0.296311907
7,2024-07-31 00:00:00,2024,7,0.35474509
7,2024-08-15 00:00:00,2024,8,11.68754435
7,2024-08-22 00:00:00,2024,8,7.39026288
7,2024-08-23 00:00:00,2024,8,3.208047031
7,2024-09-20 00:00:00,2024,9,1.649912695
7,2024-10-03 00:00:00,2024,10,10.90002887
7,2024-10-07 00:00:00,2024,10,0.942849377
7,2024-10-10 00:00:00,2024,10,3.518939063
7,2024-10-12 00:00:00,2024,10,0.506399098
7,2024-10-13 00:00:00,2024,10,0.037992124
7,2024-10-14 00:00:00,2024,10,5.395107659
7,2024-10-15 00:00:00,2024,10,11.30170806
7,2024-10-21 00:00:00,2024,10,1.22437084
7,2024-11-03 00:00:00,2024,11,0.0
7,2024-11-08 00:00:00,2024,11,0.718822449
7,2024-11-11 00:00:00,2024,11,0.447824779
7,2024-11-12 00:00:00,2024,11,0.028170952
7,2024-11-13 00:00:00,2024,11,0.021186655
7,2024-11-30 00:00:00,2024,11,0.392582792
7,2024-12-01 00:00:00,2024,12,0.661154031
7,2024-12-08 00:00:00,2024,12,0.714616737
7,2024-12-11 00:00:00,2024,12,0.002778341
7,2024-12-17 00:00:00,2024,12,0.003956021
7,2024-12-22 00:00:00,2024,12,0.629606445
7,2024-12-23 00:00:00,2024,12,0.001227688
7,2024-12-27 00:00:00,2024,12,1.178082608
7,2024-12-28 00:00:00,2024,12,0.262843739
9,2024-01-05 00:00:00,2024,1,0.015187818
9,2024-01-12 00:00:00,2024,1,0.0
9,2024-01-14 00:00:00,2024,1,0.0
9,2024-01-16 00:00:00,2024,1,0.0
9,2024-01-18 00:00:00,2024,1,0.0
9,2024-02-20 00:00:00,2024,2,0.0
9,2024-02-25 00:00:00,2024,2,0.0
9,2024-02-26 00:00:00,2024,2,0.0
9,2024-02-27 00:00:00,2024,2,0.0
9,2024-03-05 00:00:00,2024,3,0.0
9,2024-03-07 00:00:00,2024,3,0.0
9,2024-03-12 00:00:00,2024,3,0.0
9,2024-03-13 00:00:00,2024,3,0.0
9,2024-03-14 00:00:00,2024,3,0.033193662
9,2024-03-22 00:00:00,2024,3,0.0
9,2024-03-26 00:00:00,2024,3,0.0
9,2024-03-29 00:00:00,2024,3,0.0
9,2024-03-31 00:00:00,2024,3,0.0
9,2024-04-01 00:00:00,2024,4,0.210934222
9,2024-04-07 00:00:00,2024,4,0.00055216
9,2024-04-11 00:00:00,2024,4,0.0
9,2024-04-16 00:00:00,2024,4,0.0
9,2024-04-23 00:00:00,2024,4,0.0
9,2024-04-24 00:00:00,2024,4,0.0
9,2024-04-27 00:00:00,2024,4,0.0
9,2024-04-30 00:00:00,2024,4,0.0
9,2024-05-06 00:00:00,2024,5,0.63373168
9,2024-05-09 00:00:00,2024,5,0.000663344
9,2024-05-12 00:00:00,2024,5,0.000748309
9,2024-05-13 00:00:00,2024,5,1.005735889
9,2024-05-16 00:00:00,2024,5,0.363755435
9,2024-05-19 00:00:00,2024,5,10.36774935
9,2024-06-01 00:00:00,2024,6,0.000931177
9,2024-06-02 00:00:00,2024,6,6.096122757
9,2024-06-05 00:00:00,2024,6,0.201393937
9,2024-06-23 00:00:00,2024,6,2.446972847
9,2024-06-27 00:00:00,2024,6,4.913555975
9,2024-06-29 00:00:00,2024,6,1.30509142
9,2024-07-03 00:00:00,2024,7,0.806239465
9,2024-07-06 00:00:00,2024,7,4.228750831
9,2024-07-09 00:00:00,2024,7,15.7764681
9,2024-07-13 00:00:00,2024,7,1.186634889
9,2024-07-16 00:00:00,2024,7,3.41763809
9,2024-07-25 00:00:00,2024,7,0.084947679
9,2024-07-30 00:00:00,2024,7,0.95957769
9,2024-08-06 00:00:00,2024,8,6.415688295
9,2024-08-11 00:00:00,2024,8,4.489498631
9,2024-08-19 00:00:00,2024,8,2.187415367
9,2024-08-20 00:00:00,2024,8,1.9710787
9,2024-08-22 00:00:00,2024,8,8.421091366
9,2024-08-27 00:00:00,2024,8,1.209763996
9,2024-08-28 00:00:00,2024,8,0.645875755
9,2024-08-30 00:00:00,2024,8,19.96472314
9,2024-09-02 00:00:00,2024,9,0.529574723
9,2024-09-04 00:00:00,2024,9,4.438120269
9,2024-09-08 00:00:00,2024,9,0.0
9,2024-09-17 00:00:00,2024,9,0.024446594
9,2024-09-18 00:00:00,2024,9,0.100276548
9,2024-09-27 00:00:00,2024,9,6.234221706
9,2024-09-28 00:00:00,2024,9,4.450380585
9,2024-09-29 00:00:00,2024,9,1.881361903
9,2024-10-06 00:00:00,2024,10,1.226041561
9,2024-10-08 00:00:00,2024,10,1.331628925
9,2024-10-11 00:00:00,2024,10,17.5615458
9,2024-10-15 00:00:00,2024,10,13.40524688
9,2024-10-18 00:00:00,2024,10,11.07429883
9,2024-10-20 00:00:00,2024,10,13.58752441
9,2024-10-21 00:00:00,2024,10,11.06615949
9,2024-10-23 00:00:00,2024,10,1.305326115
9,2024-10-28 00:00:00,2024,10,0.0
9,2024-10-30 00:00:00,2024,10,1.169674861
9,2024-11-01 00:00:00,2024,11,0.163107313
9,2024-11-10 00:00:00,2024,11,0.892888384
9,2024-11-13 00:00:00,2024,11,8.72733405
9,2024-11-16 00:00:00,2024,11,3.992428261
9,2024-11-19 00:00:00,2024,11,0.0
9,2024-11-20 00:00:00,2024,11,0.0
9,2024-11-23 00:00:00,2024,11,3.76e-05
9,2024-12-01 00:00:00,2024,12,2.343007446
9,2024-12-04 00:00:00,2024,12,8.121448852
9,2024-12-14 00:00:00,2024,12,0.00012097
9,2024-12-16 00:00:00,2024,12,0.0004584
9,2024-12-18 00:00:00,2024,12,0.926211404
9,2024-12-28 00:00:00,2024,12,0.009976083
8,2024-01-08 00:00:00,2024,1,0.624398651
8,2024-01-10 00:00:00,2024,1,0.000446212
8,2024-01-19 00:00:00,2024,1,0.000360447
8,2024-01-29 00:00:00,2024,1,0.0
8,2024-02-06 00:00:00,2024,2,0.0
8,2024-02-17 00:00:00,2024,2,0.0
8,2024-03-03 00:00:00,2024,3,0.0
8,2024-03-08 00:00:00,2024,3,0.0
8,2024-03-13 00:00:00,2024,3,0.0
8,2024-03-20 00:00:00,2024,3,0.0
8,2024-03-25 00:00:00,2024,3,0.0
8,2024-03-31 00:00:00,2024,3,0.0
8,2024-04-03 00:00:00,2024,4,0.0
8,2024-04-10 00:00:00,2024,4,0.0
8,2024-04-12 00:00:00,2024,4,0.000359667
8,2024-04-22 00:00:00,2024,4,0.0
8,2024-04-24 00:00:00,2024,4,0.0
8,2024-04-26 00:00:00,2024,4,0.0
8,2024-04-30 00:00:00,2024,4,0.0
8,2024-05-05 00:00:00,2024,5,2.59e-05
8,2024-05-08 00:00:00,2024,5,32.50925606
8,2024-05-13 00:00:00,2024,5,0.4911741
8,2024-05-16 00:00:00,2024,5,0.662063982
8,2024-05-18 00:00:00,2024,5,3.895350452
8,2024-05-22 00:00:00,2024,5,0.686517721
8,2024-05-23 00:00:00,2024,5,0.066173008
8,2024-05-25 00:00:00,2024,5,0.002598354
8,2024-05-26 00:00:00,2024,5,1.468731045
8,2024-05-30 00:00:00,2024,5,0.0
8,2024-05-31 00:00:00,2024,5,0.000288969
8,2024-06-05 00:00:00,2024,6,0.629860805
8,2024-06-08 00:00:00,2024,6,17.22869785
8,2024-06-10 00:00:00,2024,6,2.307709263
8,2024-06-16 00:00:00,2024,6,0.011683553
8,2024-06-19 00:00:00,2024,6,0.506672915
8,2024-07-05 00:00:00,2024,7,0.173714493
8,2024-07-06 00:00:00,2024,7,36.94173989
8,2024-07-15 00:00:00,2024,7,9.941256655
8,2024-07-29 00:00:00,2024,7,0.001296841
8,2024-07-31 00:00:00,2024,7,0.004135419
8,2024-08-04 00:00:00,2024,8,3.432866747
8,2024-08-12 00:00:00,2024,8,1.516275896
8,2024-08-14 00:00:00,2024,8,0.513112484
8,2024-08-18 00:00:00,2024,8,2.02662733
8,2024-08-19 00:00:00,2024,8,3.739093931
8,2024-08-28 00:00:00,2024,8,1.174890537
8,2024-08-30 00:00:00,2024,8,10.90850369
8,2024-09-04 00:00:00,2024,9,1.62399518
8,2024-09-09 00:00:00,2024,9,0.710965778
8,2024-09-10 00:00:00,2024,9,0.387173749
8,2024-09-14 00:00:00,2024,9,0.018062981
8,2024-09-27 00:00:00,2024,9,3.927819878
8,2024-10-01 00:00:00,2024,10,0.025687782
8,2024-10-03 00:00:00,2024,10,9.269105228
8,2024-10-22 00:00:00,2024,10,0.913664281
8,2024-10-26 00:00:00,2024,10,1.162829696
8,2024-10-29 00:00:00,2024,10,0.051817808
8,2024-11-04 00:00:00,2024,11,0.644122878
8,2024-11-05 00:00:00,2024,11,0.076589878
8,2024-11-09 00:00:00,2024,11,4.01194932
8,2024-11-12 00:00:00,2024,11,21.64403969
8,2024-11-13 00:00:00,2024,11,35.60196659
8,2024-11-17 00:00:00,2024,11,1.453437108
8,2024-11-20 00:00:00,2024,11,0.0
8,2024-11-24 00:00:00,2024,11,0.031737308
8,2024-11-25 00:00:00,2024,11,0.099354437
8,2024-11-29 00:00:00,2024,11,1.273566569
8,2024-12-01 00:00:00,2024,12,32.79303217
8,2024-12-08 00:00:00,2024,12,0.018963521
8,2024-12-24 00:00:00,2024,12,0.068745494
8,2024-12-25 00:00:00,2024,12,0.880522197
8,2024-12-29 00:00:00,2024,12,0.034205292
10,2024-01-04 00:00:00,2024,1,0.009701632
10,2024-01-15 00:00:00,2024,1,0.0
10,2024-01-21 00:00:00,2024,1,0.0
10,2024-01-23 00:00:00,2024,1,0.003897331
10,2024-01-27 00:00:00,2024,1,0.011406318
10,2024-01-31 00:00:00,2024,1,0.0
10,2024-02-03 00:00:00,2024,2,0.011307188
10,2024-02-20 00:00:00,2024,2,0.000331581
10,2024-02-25 00:00:00,2024,2,0.011708819
10,2024-03-04 00:00:00,2024,3,0.0
10,2024-03-05 00:00:00,2024,3,3.38e-08
10,2024-03-06 00:00:00,2024,3,0.000251887
10,2024-03-17 00:00:00,2024,3,0.001863944
10,2024-03-20 00:00:00,2024,3,10.43293743
10,2024-03-21 00:00:00,2024,3,3.313653505
10,2024-03-22 00:00:00,2024,3,0.015421995
10,2024-03-26 00:00:00,2024,3,0.013978234
10,2024-03-27 00:00:00,2024,3,0.002655139
10,2024-03-28 00:00:00,2024,3,0.0
10,2024-03-31 00:00:00,2024,3,0.002422792
10,2024-04-01 00:00:00,2024,4,0.183561959
10,2024-04-16 00:00:00,2024,4,0.0
10,2024-04-17 00:00:00,2024,4,0.0
10,2024-05-02 00:00:00,2024,5,0.000141793
10,2024-05-07 00:00:00,2024,5,15.92946293
10,2024-05-08 00:00:00,2024,5,1.282894451
10,2024-05-10 00:00:00,2024,5,8.999741592
10,2024-05-12 00:00:00,2024,5,0.719391238
10,2024-05-15 00:00:00,2024,5,0.028467372
10,2024-05-16 00:00:00,2024,5,4.169866579
10,2024-05-17 00:00:00,2024,5,1.37191493
10,2024-05-18 00:00:00,2024,5,0.16511785
10,2024-05-19 00:00:00,2024,5,7.735965543
10,2024-05-22 00:00:00,2024,5,0.62324868
10,2024-05-26 00:00:00,2024,5,0.462884755
10,2024-05-29 00:00:00,2024,5,0.0
10,2024-06-02 00:00:00,2024,6,0.789927001
10,2024-06-05 00:00:00,2024,6,8.157496126
10,2024-06-07 00:00:00,2024,6,0.101100354
10,2024-06-16 00:00:00,2024,6,5.807407038
10,2024-06-21 00:00:00,2024,6,1.056441953
10,2024-06-26 00:00:00,2024,6,6.148831828
10,2024-06-27 00:00:00,2024,6,17.78625333
10,2024-06-28 00:00:00,2024,6,17.42539673
10,2024-07-03 00:00:00,2024,7,0.026935757
10,2024-07-06 00:00:00,2024,7,6.751216916
10,2024-07-15 00:00:00,2024,7,1.700659762
10,2024-07-19 00:00:00,2024,7,24.83601821
10,2024-07-21 00:00:00,2024,7,1.944176596
10,2024-07-28 00:00:00,2024,7,0.125420164
10,2024-07-30 00:00:00,2024,7,0.266077538
10,2024-08-04 00:00:00,2024,8,2.444865062
10,2024-08-23 00:00:00,2024,8,4.917955371
10,2024-08-25 00:00:00,2024,8,5.163094335
10,2024-08-26 00:00:00,2024,8,2.261064815
10,2024-08-29 00:00:00,2024,8,6.748532629
10,2024-09-04 00:00:00,2024,9,4.544011745
10,2024-09-12 00:00:00,2024,9,0.340341964
10,2024-09-17 00:00:00,2024,9,2.619887508
10,2024-09-23 00:00:00,2024,9,10.77329672
10,2024-09-24 00:00:00,2024,9,12.50885834
10,2024-09-26 00:00:00,2024,9,12.63401676
10,2024-10-04 00:00:00,2024,10,0.040285654
10,2024-10-05 00:00:00,2024,10,1.115681039
10,2024-10-09 00:00:00,2024,10,0.043018511
10,2024-10-11 00:00:00,2024,10,0.525072486
10,2024-10-16 00:00:00,2024,10,3.667128496
10,2024-10-17 00:00:00,2024,10,6.151459764
10,2024-10-21 00:00:00,2024,10,8.985922934
10,2024-10-29 00:00:00,2024,10,0.087805529
10,2024-11-05 00:00:00,2024,11,0.0
10,2024-11-06 00:00:00,2024,11,0.179012051
10,2024-11-12 00:00:00,2024,11,0.103554721
10,2024-11-15 00:00:00,2024,11,0.0
10,2024-11-17 00:00:00,2024,11,0.0
10,2024-11-26 00:00:00,2024,11,0.0
10,2024-11-27 00:00:00,2024,11,0.0
10,2024-11-30 00:00:00,2024,11,4.159468522
10,2024-12-18 00:00:00,2024,12,1.62785071
10,2024-12-19 00:00:00,2024,12,2.526818758
10,2024-12-23 00:00:00,2024,12,0.00660703
10,2024-12-29 00:00:00,2024,12,0.0
11,2024-01-02 00:00:00,2024,1,0.0
11,2024-01-05 00:00:00,2024,1,0.0
11,2024-01-10 00:00:00,2024,1,0.000382833
11,2024-01-11 00:00:00,2024,1,0.0
11,2024-01-15 00:00:00,2024,1,0.0
11,2024-01-20 00:00:00,2024,1,1.74e-05
11,2024-01-23 00:00:00,2024,1,0.490438921
11,2024-02-01 00:00:00,2024,2,0.004641505
11,2024-02-04 00:00:00,2024,2,0.0
11,2024-02-06 00:00:00,2024,2,0.0
11,2024-02-07 00:00:00,2024,2,0.0
11,2024-02-11 00:00:00,2024,2,0.0
11,2024-02-15 00:00:00,2024,2,0.000182728
11,2024-02-17 00:00:00,2024,2,0.0
11,2024-02-18 00:00:00,2024,2,0.000121276
11,2024-02-23 00:00:00,2024,2,0.0
11,2024-02-26 00:00:00,2024,2,0.0
11,2024-02-27 00:00:00,2024,2,0.0
11,2024-02-28 00:00:00,2024,2,5.8e-06
11,2024-03-03 00:00:00,2024,3,0.0
11,2024-03-09 00:00:00,2024,3,0.000617336
11,2024-03-11 00:00:00,2024,3,0.001811301
11,2024-03-15 00:00:00,2024,3,3.48e-06
11,2024-03-16 00:00:00,2024,3,0.001986679
7,2024-01-13 00:00:00,2024,1,0.0
7,2024-01-14 00:00:00,2024,1,0.0
7,2024-02-01 00:00:00,2024,2,0.0
7,2024-02-10 00:00:00,2024,2,0.0
7,2024-02-13 00:00:00,2024,2,0.004731734
7,2024-02-15 00:00:00,2024,2,0.0
7,2024-02-22 00:00:00,2024,2,0.0
7,2024-02-26 00:00:00,2024,2,0.0
7,2024-02-27 00:00:00,2024,2,0.0
7,2024-03-02 00:00:00,2024,3,0.0
7,2024-03-05 00:00:00,2024,3,0.0
7,2024-03-06 00:00:00,2024,3,0.0
7,2024-03-09 00:00:00,2024,3,0.0
7,2024-03-17 00:00:00,2024,3,0.0
7,2024-03-18 00:00:00,2024,3,0.0
7,2024-03-19 00:00:00,2024,3,0.076267747
7,2024-03-20 00:00:00,2024,3,0.0
7,2024-03-21 00:00:00,2024,3,0.0
7,2024-03-28 00:00:00,2024,3,0.0
7,2024-03-30 00:00:00,2024,3,0.0
7,2024-04-03 00:00:00,2024,4,0.0
7,2024-04-08 00:00:00,2024,4,0.000654978
7,2024-04-12 00:00:00,2024,4,0.111376241
7,2024-04-18 00:00:00,2024,4,0.0
7,2024-04-19 00:00:00,2024,4,0.141183419
7,2024-04-29 00:00:00,2024,4,0.0
7,2024-04-30 00:00:00,2024,4,0.0
7,2024-05-13 00:00:00,2024,5,12.77849836
7,2024-05-19 00:00:00,2024,5,4.740975295
7,2024-06-01 00:00:00,2024,6,2.51e-05
7,2024-06-03 00:00:00,2024,6,39.82407277
7,2024-06-08 00:00:00,2024,6,11.20718234
7,2024-06-13 00:00:00,2024,6,16.73562067
7,2024-07-03 00:00:00,2024,7,1.254316376
7,2024-07-17 00:00:00,2024,7,0.872548293
7,2024-07-20 00:00:00,2024,7,23.59398666
7,2024-07-25 00:00:00,2024,7,0.237502672
7,2024-07-27 00:00:00,2024,7,0.627342661
7,2024-08-02 00:00:00,2024,8,1.44349815
7,2024-08-05 00:00:00,2024,8,1.345020996
7,2024-08-06 00:00:00,2024,8,2.50213395
7,2024-08-10 00:00:00,2024,8,1.396594175
7,2024-08-14 00:00:00,2024,8,3.502172709
7,2024-08-17 00:00:00,2024,8,7.770843758
7,2024-08-27 00:00:00,2024,8,1.226638748
7,2024-08-29 00:00:00,2024,8,5.538068371
7,2024-09-04 00:00:00,2024,9,1.638128142
7,2024-09-05 00:00:00,2024,9,5.581143772
7,2024-09-18 00:00:00,2024,9,0.061862694
7,2024-09-19 00:00:00,2024,9,0.081621358
7,2024-09-21 00:00:00,2024,9,7.977006776
7,2024-09-25 00:00:00,2024,9,5.941483752
7,2024-09-26 00:00:00,2024,9,11.67694974
7,2024-09-27 00:00:00,2024,9,4.865129525
7,2024-10-02 00:00:00,2024,10,6.694481558
7,2024-10-06 00:00:00,2024,10,1.868624325
7,2024-10-20 00:00:00,2024,10,1.586730288
7,2024-11-14 00:00:00,2024,11,0.007193524
7,2024-11-15 00:00:00,2024,11,5.617364248
7,2024-11-27 00:00:00,2024,11,0.006741765
7,2024-12-10 00:00:00,2024,12,0.0
7,2024-12-19 00:00:00,2024,12,0.028012105
7,2024-12-26 00:00:00,2024,12,0.018551214
9,2024-01-02 00:00:00,2024,1,0.0
9,2024-01-03 00:00:00,2024,1,0.000590252
9,2024-01-09 00:00:00,2024,1,0.358471605
9,2024-01-10 00:00:00,2024,1,0.005192047
9,2024-02-02 00:00:00,2024,2,0.30957409
9,2024-02-05 00:00:00,2024,2,0.0
9,2024-02-12 00:00:00,2024,2,0.0
9,2024-02-13 00:00:00,2024,2,0.0
9,2024-02-19 00:00:00,2024,2,0.0
9,2024-02-21 00:00:00,2024,2,1.63e-06
9,2024-02-29 00:00:00,2024,2,0.0
9,2024-03-03 00:00:00,2024,3,0.0
9,2024-03-06 00:00:00,2024,3,0.0
9,2024-03-08 00:00:00,2024,3,0.0
9,2024-03-20 00:00:00,2024,3,0.000231573
9,2024-03-24 00:00:00,2024,3,0.00015373
9,2024-03-27 00:00:00,2024,3,0.0
9,2024-04-02 00:00:00,2024,4,0.0
9,2024-04-10 00:00:00,2024,4,0.0
9,2024-04-15 00:00:00,2024,4,0.0
9,2024-04-21 00:00:00,2024,4,0.232901616
9,2024-04-29 00:00:00,2024,4,0.0
9,2024-05-01 00:00:00,2024,5,0.0
9,2024-05-02 00:00:00,2024,5,0.215519664
9,2024-05-08 00:00:00,2024,5,56.04280411
9,2024-05-17 00:00:00,2024,5,9.599847224
9,2024-05-21 00:00:00,2024,5,1.619034903
9,2024-05-25 00:00:00,2024,5,0.759239376
9,2024-05-28 00:00:00,2024,5,0.0
9,2024-05-30 00:00:00,2024,5,0.0
9,2024-06-04 00:00:00,2024,6,0.74744997
9,2024-06-08 00:00:00,2024,6,10.48042599
9,2024-06-13 00:00:00,2024,6,0.706356399
9,2024-06-14 00:00:00,2024,6,0.28865809
9,2024-06-16 00:00:00,2024,6,0.495702712
9,2024-06-19 00:00:00,2024,6,2.798886517
9,2024-06-30 00:00:00,2024,6,12.96984339
9,2024-07-02 00:00:00,2024,7,3.858632357
9,2024-07-04 00:00:00,2024,7,1.385604246
9,2024-07-08 00:00:00,2024,7,3.219426442
9,2024-07-15 00:00:00,2024,7,7.921981244
9,2024-07-17 00:00:00,2024,7,1.403153037
9,2024-07-21 00:00:00,2024,7,5.976184503
9,2024-08-04 00:00:00,2024,8,2.716154338
9,2024-08-08 00:00:00,2024,8,3.286621775
9,2024-08-10 00:00:00,2024,8,0.822942055
9,2024-08-12 00:00:00,2024,8,2.281336435
9,2024-08-15 00:00:00,2024,8,5.338211668
9,2024-08-16 00:00:00,2024,8,6.251452412
9,2024-08-17 00:00:00,2024,8,3.344438115
9,2024-08-24 00:00:00,2024,8,1.432696209
9,2024-09-01 00:00:00,2024,9,9.68053222
9,2024-09-12 00:00:00,2024,9,0.0
9,2024-09-13 00:00:00,2024,9,0.030447482
9,2024-09-16 00:00:00,2024,9,0.026853213
9,2024-09-19 00:00:00,2024,9,0.142614275
9,2024-09-22 00:00:00,2024,9,7.687452752
9,2024-09-24 00:00:00,2024,9,6.476516004
9,2024-10-02 00:00:00,2024,10,5.217040691
9,2024-10-03 00:00:00,2024,10,6.3392689
9,2024-10-07 00:00:00,2024,10,1.361352924
9,2024-10-17 00:00:00,2024,10,12.1054726
9,2024-10-22 00:00:00,2024,10,3.253897683
9,2024-10-27 00:00:00,2024,10,0.009770679
9,2024-11-05 00:00:00,2024,11,0.0
9,2024-11-06 00:00:00,2024,11,0.061912959
9,2024-11-11 00:00:00,2024,11,0.963965392
9,2024-11-12 00:00:00,2024,11,3.064603667
9,2024-11-17 00:00:00,2024,11,0.049534799
9,2024-11-21 00:00:00,2024,11,0.0
9,2024-11-24 00:00:00,2024,11,0.002241011
9,2024-11-25 00:00:00,2024,11,0.002507899
9,2024-11-26 00:00:00,2024,11,0.013785086
9,2024-11-28 00:00:00,2024,11,0.0
9,2024-11-29 00:00:00,2024,11,0.025773038
9,2024-12-02 00:00:00,2024,12,8.564637213
9,2024-12-05 00:00:00,2024,12,7.431161027
9,2024-12-06 00:00:00,2024,12,8.027166996
9,2024-12-08 00:00:00,2024,12,0.298125423
9,2024-12-15 00:00:00,2024,12,0.0
9,2024-12-17 00:00:00,2024,12,0.005270592
9,2024-12-20 00:00:00,2024,12,0.830205337
9,2024-12-25 00:00:00,2024,12,4.23662133
8,2024-01-01 00:00:00,2024,1,0.183783458
8,2024-01-06 00:00:00,2024,1,0.0
8,2024-01-09 00:00:00,2024,1,2.920770525
8,2024-01-12 00:00:00,2024,1,0.0
8,2024-01-14 00:00:00,2024,1,0.0
8,2024-01-15 00:00:00,2024,1,0.0
8,2024-02-02 00:00:00,2024,2,0.255786205
8,2024-02-03 00:00:00,2024,2,0.0
8,2024-02-04 00:00:00,2024,2,0.0
8,2024-02-19 00:00:00,2024,2,0.0
8,2024-02-22 00:00:00,2024,2,0.0
8,2024-02-27 00:00:00,2024,2,0.0
8,2024-03-09 00:00:00,2024,3,0.0
8,2024-03-23 00:00:00,2024,3,0.0
8,2024-04-13 00:00:00,2024,4,0.0
8,2024-04-17 00:00:00,2024,4,0.0
8,2024-04-18 00:00:00,2024,4,0.0
8,2024-04-19 00:00:00,2024,4,4.11e-07
8,2024-04-21 00:00:00,2024,4,1.77e-05
8,2024-04-25 00:00:00,2024,4,0.0
8,2024-05-03 00:00:00,2024,5,0.005950472
8,2024-05-06 00:00:00,2024,5,0.002775469
8,2024-05-10 00:00:00,2024,5,0.054262258
8,2024-05-12 00:00:00,2024,5,0.003151667
8,2024-05-28 00:00:00,2024,5,0.000445071
8,2024-06-01 00:00:00,2024,6,0.0
8,2024-06-02 00:00:00,2024,6,8.51367763
8,2024-06-11 00:00:00,2024,6,4.127277903
8,2024-06-17 00:00:00,2024,6,0.002577363
8,2024-06-18 00:00:00,2024,6,2.341043461
8,2024-06-20 00:00:00,2024,6,2.192992251
8,2024-06-26 00:00:00,2024,6,14.23760891
8,2024-06-27 00:00:00,2024,6,3.008200638
8,2024-07-01 00:00:00,2024,7,24.66861133
8,2024-07-08 00:00:00,2024,7,5.771324408
3,2024-07-22 00:00:00,2024,7,28.35131562
3,2024-07-25 00:00:00,2024,7,1.909473949
3,2024-07-28 00:00:00,2024,7,9.443538918
3,2024-07-29 00:00:00,2024,7,2.710338146
3,2024-08-09 00:00:00,2024,8,3.869391144
3,2024-08-12 00:00:00,2024,8,0.790553566
3,2024-08-21 00:00:00,2024,8,8.170912644
3,2024-09-05 00:00:00,2024,9,12.33963153
3,2024-09-09 00:00:00,2024,9,6.102501407
3,2024-09-20 00:00:00,2024,9,11.99408278
3,2024-09-26 00:00:00,2024,9,16.67555494
3,2024-10-03 00:00:00,2024,10,0.71423402
3,2024-10-10 00:00:00,2024,10,3.418833013
3,2024-10-12 00:00:00,2024,10,5.393646271
3,2024-10-16 00:00:00,2024,10,5.827689227
3,2024-10-20 00:00:00,2024,10,6.672997642
3,2024-10-29 00:00:00,2024,10,0.85497203
3,2024-11-07 00:00:00,2024,11,0.606541635
3,2024-11-15 00:00:00,2024,11,0.100606971
3,2024-11-17 00:00:00,2024,11,0.0
3,2024-11-21 00:00:00,2024,11,0.0
3,2024-12-04 00:00:00,2024,12,0.01010537
3,2024-12-13 00:00:00,2024,12,0.180214817
3,2024-12-17 00:00:00,2024,12,0.032699131
3,2024-12-22 00:00:00,2024,12,0.006471211
3,2024-12-23 00:00:00,2024,12,8.53e-05
3,2024-12-27 00:00:00,2024,12,1.87e-07
3,2024-12-29 00:00:00,2024,12,0.001962583
3,2024-12-31 00:00:00,2024,12,0.000450368
4,2024-01-10 00:00:00,2024,1,0.002464347
4,2024-01-12 00:00:00,2024,1,0.0
4,2024-01-13 00:00:00,2024,1,0.0
4,2024-01-16 00:00:00,2024,1,0.0
4,2024-01-21 00:00:00,2024,1,0.0
4,2024-01-24 00:00:00,2024,1,0.0
4,2024-02-03 00:00:00,2024,2,0.005490746
4,2024-02-04 00:00:00,2024,2,0.0
4,2024-02-09 00:00:00,2024,2,0.0
4,2024-02-13 00:00:00,2024,2,0.013133294
4,2024-02-16 00:00:00,2024,2,0.102143652
4,2024-02-19 00:00:00,2024,2,0.0
4,2024-02-20 00:00:00,2024,2,0.0
4,2024-02-25 00:00:00,2024,2,0.021676887
4,2024-02-28 00:00:00,2024,2,0.0
4,2024-03-01 00:00:00,2024,3,0.004871551
4,2024-03-04 00:00:00,2024,3,0.0
4,2024-03-08 00:00:00,2024,3,0.0
4,2024-03-09 00:00:00,2024,3,0.0
4,2024-03-13 00:00:00,2024,3,2.72e-08
4,2024-03-15 00:00:00,2024,3,0.001038875
4,2024-03-16 00:00:00,2024,3,0.001004501
4,2024-03-17 00:00:00,2024,3,8.15e-05
4,2024-03-18 00:00:00,2024,3,5.84e-05
4,2024-03-21 00:00:00,2024,3,0.000968461
4,2024-04-03 00:00:00,2024,4,0.002134565
4,2024-04-05 00:00:00,2024,4,0.0
4,2024-04-11 00:00:00,2024,4,0.0
4,2024-04-12 00:00:00,2024,4,0.010669591
4,2024-04-29 00:00:00,2024,4,0.0
4,2024-05-03 00:00:00,2024,5,0.000721985
4,2024-05-15 00:00:00,2024,5,14.66872059
4,2024-05-17 00:00:00,2024,5,12.21055267
4,2024-05-19 00:00:00,2024,5,9.591187275
4,2024-05-20 00:00:00,2024,5,1.891324631
4,2024-06-11 00:00:00,2024,6,0.429864867
4,2024-06-17 00:00:00,2024,6,2.465254687
4,2024-06-20 00:00:00,2024,6,0.503897601
4,2024-07-03 00:00:00,2024,7,4.459831393
4,2024-07-05 00:00:00,2024,7,1.905211085
4,2024-07-13 00:00:00,2024,7,0.430020679
4,2024-07-17 00:00:00,2024,7,0.418929925
4,2024-07-30 00:00:00,2024,7,1.911263464
4,2024-08-08 00:00:00,2024,8,9.648433341
4,2024-08-11 00:00:00,2024,8,1.53004688
4,2024-08-14 00:00:00,2024,8,1.663314851
4,2024-08-17 00:00:00,2024,8,2.816094527
4,2024-09-08 00:00:00,2024,9,0.120315833
4,2024-09-10 00:00:00,2024,9,0.942828279
4,2024-09-21 00:00:00,2024,9,9.59666427
4,2024-09-23 00:00:00,2024,9,17.44885632
4,2024-09-24 00:00:00,2024,9,8.795522947
4,2024-10-03 00:00:00,2024,10,2.954909473
4,2024-10-06 00:00:00,2024,10,3.04879427
4,2024-10-07 00:00:00,2024,10,4.071735788
4,2024-10-08 00:00:00,2024,10,2.236041769
4,2024-10-31 00:00:00,2024,10,4.453618532
4,2024-11-02 00:00:00,2024,11,3.817260068
4,2024-11-04 00:00:00,2024,11,0.000451084
4,2024-11-05 00:00:00,2024,11,0.0
4,2024-11-08 00:00:00,2024,11,1.221459492
4,2024-11-19 00:00:00,2024,11,0.0
4,2024-11-21 00:00:00,2024,11,0.0
4,2024-11-23 00:00:00,2024,11,0.0
4,2024-12-02 00:00:00,2024,12,0.816736923
4,2024-12-03 00:00:00,2024,12,2.133630858
4,2024-12-04 00:00:00,2024,12,1.497326432
4,2024-12-08 00:00:00,2024,12,0.000138297
4,2024-12-09 00:00:00,2024,12,0.002974094
4,2024-12-15 00:00:00,2024,12,1.2e-05
4,2024-12-19 00:00:00,2024,12,0.545290951
4,2024-12-26 00:00:00,2024,12,1.004740736
4,2024-12-28 00:00:00,2024,12,0.0
4,2024-12-29 00:00:00,2024,12,0.0
4,2024-12-30 00:00:00,2024,12,0.000107206
6,2024-01-01 00:00:00,2024,1,0.0
6,2024-01-06 00:00:00,2024,1,0.007439542
6,2024-01-07 00:00:00,2024,1,0.0
6,2024-01-16 00:00:00,2024,1,0.0
6,2024-01-18 00:00:00,2024,1,0.0
6,2024-01-21 00:00:00,2024,1,0.0
6,2024-02-02 00:00:00,2024,2,0.155005027
6,2024-02-05 00:00:00,2024,2,0.0
6,2024-02-09 00:00:00,2024,2,0.0
6,2024-02-15 00:00:00,2024,2,0.000637905
6,2024-02-18 00:00:00,2024,2,0.009846125
6,2024-02-23 00:00:00,2024,2,0.0
6,2024-02-27 00:00:00,2024,2,0.0
6,2024-03-11 00:00:00,2024,3,0.006962862
6,2024-03-15 00:00:00,2024,3,0.01262157
6,2024-03-17 00:00:00,2024,3,0.0
6,2024-03-19 00:00:00,2024,3,0.013632905
6,2024-03-20 00:00:00,2024,3,0.006483838
6,2024-03-23 00:00:00,2024,3,0.0
6,2024-03-28 00:00:00,2024,3,0.0
6,2024-04-16 00:00:00,2024,4,0.0
6,2024-04-28 00:00:00,2024,4,0.000396155
6,2024-04-29 00:00:00,2024,4,0.0
6,2024-05-04 00:00:00,2024,5,0.232729212
6,2024-05-07 00:00:00,2024,5,0.455043751
6,2024-05-08 00:00:00,2024,5,16.53949034
6,2024-05-11 00:00:00,2024,5,4.726769168
6,2024-05-16 00:00:00,2024,5,0.928017555
6,2024-05-26 00:00:00,2024,5,12.50213404
6,2024-05-28 00:00:00,2024,5,0.0
6,2024-05-29 00:00:00,2024,5,0.0
6,2024-06-01 00:00:00,2024,6,0.06943476
6,2024-06-02 00:00:00,2024,6,0.53387197
6,2024-06-08 00:00:00,2024,6,1.800752519
6,2024-06-24 00:00:00,2024,6,6.219889905
6,2024-07-07 00:00:00,2024,7,10.96195136
6,2024-07-08 00:00:00,2024,7,1.397699261
6,2024-07-31 00:00:00,2024,7,4.022002062
6,2024-08-02 00:00:00,2024,8,5.866862141
6,2024-08-17 00:00:00,2024,8,3.181634616
6,2024-08-24 00:00:00,2024,8,11.41111224
6,2024-08-31 00:00:00,2024,8,51.46734665
6,2024-09-10 00:00:00,2024,9,2.091456727
6,2024-09-15 00:00:00,2024,9,0.122341953
6,2024-09-20 00:00:00,2024,9,6.091518582
6,2024-09-24 00:00:00,2024,9,13.31326944
6,2024-09-30 00:00:00,2024,9,1.318955426
6,2024-10-02 00:00:00,2024,10,7.060837282
6,2024-10-03 00:00:00,2024,10,1.599906316
6,2024-10-04 00:00:00,2024,10,0.497563431
6,2024-10-05 00:00:00,2024,10,2.679430126
6,2024-10-09 00:00:00,2024,10,1.891197537
6,2024-10-12 00:00:00,2024,10,3.075687148
6,2024-10-17 00:00:00,2024,10,8.986467481
6,2024-10-21 00:00:00,2024,10,5.660553314
6,2024-10-25 00:00:00,2024,10,0.151042958
6,2024-10-26 00:00:00,2024,10,0.625877193
6,2024-10-30 00:00:00,2024,10,0.192305566
6,2024-10-31 00:00:00,2024,10,4.061212024
6,2024-11-02 00:00:00,2024,11,5.058544389
6,2024-11-08 00:00:00,2024,11,0.875381852
6,2024-11-10 00:00:00,2024,11,0.46589391
6,2024-11-14 00:00:00,2024,11,0.386182217
6,2024-11-19 00:00:00,2024,11,0.0
6,2024-11-21 00:00:00,2024,11,0.000202253
6,2024-11-23 00:00:00,2024,11,0.0
6,2024-11-28 00:00:00,2024,11,0.0
6,2024-12-18 00:00:00,2024,12,0.469976209
6,2024-12-24 00:00:00,2024,12,1.642209834
6,2024-12-28 00:00:00,2024,12,3.95e-05
6,2024-12-29 00:00:00,2024,12,0.0
11,2024-10-09 00:00:00,2024,10,0.036123592
11,2024-10-18 00:00:00,2024,10,8.697519059
11,2024-10-24 00:00:00,2024,10,1.39e-05
11,2024-10-29 00:00:00,2024,10,0.053529564
11,2024-11-08 00:00:00,2024,11,0.593834231
11,2024-11-12 00:00:00,2024,11,0.225758151
11,2024-11-13 00:00:00,2024,11,1.16949814
11,2024-11-14 00:00:00,2024,11,0.53862489
11,2024-11-25 00:00:00,2024,11,0.017420168
11,2024-11-26 00:00:00,2024,11,0.010227468
11,2024-12-02 00:00:00,2024,12,1.256695293
11,2024-12-18 00:00:00,2024,12,1.275561127
11,2024-12-23 00:00:00,2024,12,0.001257792
11,2024-12-25 00:00:00,2024,12,5.952394948
11,2024-12-27 00:00:00,2024,12,0.0
11,2024-12-29 00:00:00,2024,12,0.223258491
11,2024-12-30 00:00:00,2024,12,0.0
11,2024-12-31 00:00:00,2024,12,7.79e-05
12,2024-01-13 00:00:00,2024,1,0.0
12,2024-01-27 00:00:00,2024,1,0.09813701
12,2024-01-28 00:00:00,2024,1,0.0
12,2024-01-30 00:00:00,2024,1,0.0
12,2024-02-04 00:00:00,2024,2,0.0
12,2024-02-06 00:00:00,2024,2,0.0
12,2024-02-08 00:00:00,2024,2,0.024223165
12,2024-02-09 00:00:00,2024,2,0.004184383
12,2024-02-11 00:00:00,2024,2,0.0
12,2024-02-12 00:00:00,2024,2,0.001123995
12,2024-02-19 00:00:00,2024,2,0.0
12,2024-02-22 00:00:00,2024,2,0.0
12,2024-02-24 00:00:00,2024,2,0.001059429
12,2024-02-26 00:00:00,2024,2,0.000234924
12,2024-03-04 00:00:00,2024,3,0.0
12,2024-03-06 00:00:00,2024,3,0.001177857
12,2024-03-12 00:00:00,2024,3,0.0
12,2024-03-13 00:00:00,2024,3,0.000344617
12,2024-03-19 00:00:00,2024,3,0.047205742
12,2024-03-31 00:00:00,2024,3,0.000349752
12,2024-04-02 00:00:00,2024,4,8.86e-05
12,2024-04-09 00:00:00,2024,4,0.08029334
12,2024-04-10 00:00:00,2024,4,0.000667838
12,2024-04-11 00:00:00,2024,4,0.002133282
12,2024-04-17 00:00:00,2024,4,0.0
12,2024-04-23 00:00:00,2024,4,0.56395962
12,2024-04-24 00:00:00,2024,4,0.206304271
12,2024-05-07 00:00:00,2024,5,14.61212347
12,2024-05-10 00:00:00,2024,5,16.25062823
12,2024-05-17 00:00:00,2024,5,1.436786144
12,2024-05-22 00:00:00,2024,5,6.507595184
12,2024-05-23 00:00:00,2024,5,0.560063169
12,2024-05-28 00:00:00,2024,5,0.0
12,2024-06-03 00:00:00,2024,6,26.96273045
12,2024-06-07 00:00:00,2024,6,0.689505717
12,2024-06-08 00:00:00,2024,6,0.005788639
12,2024-06-12 00:00:00,2024,6,0.622604318
12,2024-06-13 00:00:00,2024,6,0.334685242
12,2024-06-18 00:00:00,2024,6,0.809499573
12,2024-07-09 00:00:00,2024,7,5.435338039
12,2024-07-16 00:00:00,2024,7,4.847521477
12,2024-07-17 00:00:00,2024,7,15.73424605
12,2024-07-24 00:00:00,2024,7,10.98544423
12,2024-07-31 00:00:00,2024,7,2.412679106
12,2024-08-02 00:00:00,2024,8,6.027301785
12,2024-08-05 00:00:00,2024,8,0.759710751
12,2024-08-06 00:00:00,2024,8,0.872633845
12,2024-08-12 00:00:00,2024,8,6.587482262
12,2024-08-21 00:00:00,2024,8,9.746749922
12,2024-08-24 00:00:00,2024,8,5.607344342
12,2024-08-27 00:00:00,2024,8,5.996704444
12,2024-08-29 00:00:00,2024,8,9.053988383
12,2024-09-01 00:00:00,2024,9,7.635059823
12,2024-09-02 00:00:00,2024,9,2.166533761
12,2024-09-03 00:00:00,2024,9,14.71249046
12,2024-09-04 00:00:00,2024,9,13.81604858
12,2024-09-07 00:00:00,2024,9,13.98141967
12,2024-09-21 00:00:00,2024,9,10.27487844
12,2024-09-22 00:00:00,2024,9,10.33367908
12,2024-09-26 00:00:00,2024,9,13.0154965
12,2024-09-29 00:00:00,2024,9,9.738538395
12,2024-09-30 00:00:00,2024,9,9.218700115
12,2024-10-01 00:00:00,2024,10,7.619066399
12,2024-10-08 00:00:00,2024,10,5.351608145
12,2024-10-09 00:00:00,2024,10,0.474399946
12,2024-10-15 00:00:00,2024,10,1.038180451
12,2024-10-20 00:00:00,2024,10,7.612640238
12,2024-10-22 00:00:00,2024,10,0.073973255
12,2024-10-23 00:00:00,2024,10,0.001399548
12,2024-10-30 00:00:00,2024,10,5.19680779
12,2024-11-10 00:00:00,2024,11,0.442242769
12,2024-11-19 00:00:00,2024,11,0.0
12,2024-11-21 00:00:00,2024,11,0.0
12,2024-11-23 00:00:00,2024,11,0.0
12,2024-11-25 00:00:00,2024,11,0.005446543
12,2024-11-27 00:00:00,2024,11,5.87e-05
12,2024-11-28 00:00:00,2024,11,0.0
12,2024-11-29 00:00:00,2024,11,0.015058458
12,2024-12-04 00:00:00,2024,12,0.014779297
12,2024-12-16 00:00:00,2024,12,0.000269065
12,2024-12-30 00:00:00,2024,12,0.0
13,2024-01-05 00:00:00,2024,1,0.0
13,2024-01-06 00:00:00,2024,1,0.163367458
13,2024-01-12 00:00:00,2024,1,0.0
13,2024-01-17 00:00:00,2024,1,0.0
13,2024-01-29 00:00:00,2024,1,0.0
13,2024-01-31 00:00:00,2024,1,0.0
13,2024-02-07 00:00:00,2024,2,0.0
13,2024-02-13 00:00:00,2024,2,0.0
13,2024-02-20 00:00:00,2024,2,0.0
13,2024-02-21 00:00:00,2024,2,0.0
13,2024-02-22 00:00:00,2024,2,0.0
13,2024-02-23 00:00:00,2024,2,0.0
13,2024-03-04 00:00:00,2024,3,0.0
13,2024-03-06 00:00:00,2024,3,0.0
13,2024-03-07 00:00:00,2024,3,0.001221181
13,2024-03-08 00:00:00,2024,3,0.0
13,2024-03-12 00:00:00,2024,3,5.47e-05
13,2024-03-13 00:00:00,2024,3,0.0
13,2024-03-14 00:00:00,2024,3,0.119385428
13,2024-03-21 00:00:00,2024,3,4.543135978
13,2024-03-22 00:00:00,2024,3,0.0
13,2024-03-24 00:00:00,2024,3,0.0
13,2024-03-26 00:00:00,2024,3,0.0
13,2024-03-27 00:00:00,2024,3,0.0
13,2024-03-28 00:00:00,2024,3,0.0
13,2024-04-01 00:00:00,2024,4,0.055467987
13,2024-04-05 00:00:00,2024,4,0.0
13,2024-04-06 00:00:00,2024,4,0.0
13,2024-04-07 00:00:00,2024,4,7.53e-06
13,2024-04-08 00:00:00,2024,4,0.0
13,2024-04-09 00:00:00,2024,4,0.0
13,2024-04-10 00:00:00,2024,4,0.0
13,2024-04-17 00:00:00,2024,4,0.0
13,2024-04-25 00:00:00,2024,4,0.0
13,2024-05-06 00:00:00,2024,5,0.110377292
13,2024-05-12 00:00:00,2024,5,0.007996848
13,2024-05-20 00:00:00,2024,5,7.677491422
13,2024-05-31 00:00:00,2024,5,4.29e-06
13,2024-06-03 00:00:00,2024,6,6.925744269
13,2024-06-04 00:00:00,2024,6,0.000207453
13,2024-06-08 00:00:00,2024,6,1.930960623
13,2024-06-18 00:00:00,2024,6,0.000387227
13,2024-06-27 00:00:00,2024,6,17.83603165
13,2024-07-07 00:00:00,2024,7,22.26207363
13,2024-07-13 00:00:00,2024,7,1.203553741
13,2024-07-21 00:00:00,2024,7,12.64081954
13,2024-07-22 00:00:00,2024,7,15.42963317
13,2024-07-23 00:00:00,2024,7,2.520743049
13,2024-07-27 00:00:00,2024,7,20.29647726
13,2024-08-01 00:00:00,2024,8,13.06841153
13,2024-08-02 00:00:00,2024,8,8.94607544
13,2024-08-06 00:00:00,2024,8,14.55559653
13,2024-08-12 00:00:00,2024,8,1.823466807
13,2024-08-16 00:00:00,2024,8,4.833392698
13,2024-08-27 00:00:00,2024,8,12.83151366
13,2024-09-16 00:00:00,2024,9,0.70907977
13,2024-09-20 00:00:00,2024,9,9.864879938
13,2024-09-22 00:00:00,2024,9,12.42763301
13,2024-09-25 00:00:00,2024,9,19.32373151
13,2024-09-26 00:00:00,2024,9,16.77824463
13,2024-10-15 00:00:00,2024,10,4.711337817
13,2024-10-19 00:00:00,2024,10,10.22546077
13,2024-11-13 00:00:00,2024,11,0.468520824
13,2024-11-16 00:00:00,2024,11,0.056670838
13,2024-11-22 00:00:00,2024,11,0.0
13,2024-12-14 00:00:00,2024,12,0.039765856
13,2024-12-16 00:00:00,2024,12,0.12172871
1,2024-05-01 00:00:00,2024,5,0.018790583
1,2024-05-05 00:00:00,2024,5,2.28e-05
1,2024-05-07 00:00:00,2024,5,0.799877247
1,2024-05-10 00:00:00,2024,5,5.757002721
1,2024-05-13 00:00:00,2024,5,9.517105677
1,2024-05-26 00:00:00,2024,5,0.053184184
1,2024-05-29 00:00:00,2024,5,0.148818227
1,2024-06-04 00:00:00,2024,6,0.252067718
1,2024-06-15 00:00:00,2024,6,0.446181999
1,2024-06-17 00:00:00,2024,6,1.933982446
1,2024-06-26 00:00:00,2024,6,1.2421113
1,2024-07-03 00:00:00,2024,7,0.55095273
1,2024-07-04 00:00:00,2024,7,1.082343821
1,2024-07-06 00:00:00,2024,7,6.992037716
1,2024-07-15 00:00:00,2024,7,3.288698359
1,2024-07-27 00:00:00,2024,7,2.802450881
1,2024-07-29 00:00:00,2024,7,0.000931492
1,2024-08-04 00:00:00,2024,8,1.432692035
1,2024-08-06 00:00:00,2024,8,0.157369988
1,2024-08-08 00:00:00,2024,8,2.898021099
1,2024-08-09 00:00:00,2024,8,6.42519291
1,2024-08-13 00:00:00,2024,8,18.22680808
1,2024-08-24 00:00:00,2024,8,1.069757728
1,2024-08-29 00:00:00,2024,8,0.871675698
1,2024-09-04 00:00:00,2024,9,0.366465106
1,2024-09-10 00:00:00,2024,9,0.032951838
1,2024-09-12 00:00:00,2024,9,0.026105227
1,2024-09-17 00:00:00,2024,9,0.01748632
1,2024-09-27 00:00:00,2024,9,2.626994738
1,2024-10-02 00:00:00,2024,10,4.190431039
1,2024-10-09 00:00:00,2024,10,0.936150737
1,2024-10-10 00:00:00,2024,10,0.933898314
1,2024-10-12 00:00:00,2024,10,3.38689106
1,2024-10-23 00:00:00,2024,10,2.978866029
1,2024-10-27 00:00:00,2024,10,0.0
1,2024-11-05 00:00:00,2024,11,0.073904249
1,2024-11-07 00:00:00,2024,11,0.745761003
1,2024-11-08 00:00:00,2024,11,2.155576664
1,2024-11-09 00:00:00,2024,11,0.557182199
1,2024-11-11 00:00:00,2024,11,0.350527226
1,2024-11-20 00:00:00,2024,11,0.0
1,2024-11-21 00:00:00,2024,11,0.0
1,2024-12-01 00:00:00,2024,12,2.416640506
1,2024-12-24 00:00:00,2024,12,0.0
1,2024-12-25 00:00:00,2024,12,1.05e-05
1,2024-12-27 00:00:00,2024,12,2.366159752
2,2024-01-02 00:00:00,2024,1,0.0
2,2024-01-06 00:00:00,2024,1,6.33e-05
2,2024-01-07 00:00:00,2024,1,0.015452812
2,2024-01-11 00:00:00,2024,1,0.0
2,2024-01-14 00:00:00,2024,1,0.0
2,2024-01-19 00:00:00,2024,1,0.0
2,2024-01-22 00:00:00,2024,1,0.0
2,2024-01-29 00:00:00,2024,1,0.0
2,2024-02-12 00:00:00,2024,2,0.0
2,2024-02-26 00:00:00,2024,2,0.0
2,2024-03-02 00:00:00,2024,3,0.0
2,2024-03-08 00:00:00,2024,3,0.0
2,2024-03-10 00:00:00,2024,3,0.0
2,2024-03-12 00:00:00,2024,3,0.000276377
2,2024-03-17 00:00:00,2024,3,0.0
2,2024-03-18 00:00:00,2024,3,0.0
2,2024-03-22 00:00:00,2024,3,0.002714407
2,2024-03-23 00:00:00,2024,3,0.0
2,2024-03-24 00:00:00,2024,3,0.0
2,2024-03-31 00:00:00,2024,3,0.0
2,2024-04-01 00:00:00,2024,4,0.150371015
2,2024-04-08 00:00:00,2024,4,0.001263852
2,2024-04-14 00:00:00,2024,4,0.022280979
2,2024-04-15 00:00:00,2024,4,0.0
2,2024-04-26 00:00:00,2024,4,0.0
2,2024-05-03 00:00:00,2024,5,4.716271759
2,2024-05-18 00:00:00,2024,5,2.864282264
2,2024-05-20 00:00:00,2024,5,1.13330622
2,2024-05-24 00:00:00,2024,5,0.045826137
2,2024-05-31 00:00:00,2024,5,1.452586622
2,2024-06-04 00:00:00,2024,6,0.855928254
2,2024-06-05 00:00:00,2024,6,4.721393407
2,2024-06-12 00:00:00,2024,6,3.314361604
2,2024-06-14 00:00:00,2024,6,1.838385731
2,2024-06-21 00:00:00,2024,6,2.252263987
2,2024-06-25 00:00:00,2024,6,0.229601336
2,2024-07-02 00:00:00,2024,7,8.945683956
2,2024-07-21 00:00:00,2024,7,1.103769253
2,2024-08-06 00:00:00,2024,8,7.464067197
2,2024-08-10 00:00:00,2024,8,7.177945261
2,2024-08-20 00:00:00,2024,8,3.867888149
2,2024-08-30 00:00:00,2024,8,8.351011
2,2024-09-01 00:00:00,2024,9,0.343699126
2,2024-09-04 00:00:00,2024,9,0.266112145
2,2024-09-07 00:00:00,2024,9,1.745829581
2,2024-09-08 00:00:00,2024,9,0.0
2,2024-09-15 00:00:00,2024,9,0.024857765
2,2024-09-23 00:00:00,2024,9,9.069881611
2,2024-09-28 00:00:00,2024,9,11.30380479
2,2024-10-09 00:00:00,2024,10,1.31365586
2,2024-10-14 00:00:00,2024,10,16.27200442
2,2024-10-18 00:00:00,2024,10,13.62058272
2,2024-10-21 00:00:00,2024,10,2.793168829
2,2024-11-12 00:00:00,2024,11,2.186931156
2,2024-11-17 00:00:00,2024,11,7.173763215
2,2024-11-21 00:00:00,2024,11,0.028374045
2,2024-11-22 00:00:00,2024,11,8.38e-05
2,2024-11-29 00:00:00,2024,11,0.415044034
2,2024-12-01 00:00:00,2024,12,45.64208015
2,2024-12-05 00:00:00,2024,12,8.19356525
2,2024-12-09 00:00:00,2024,12,0.0
2,2024-12-12 00:00:00,2024,12,14.15251292
2,2024-12-14 00:00:00,2024,12,0.118618412
2,2024-12-16 00:00:00,2024,12,0.00286535
3,2024-01-15 00:00:00,2024,1,0.0
3,2024-01-24 00:00:00,2024,1,0.0
3,2024-02-05 00:00:00,2024,2,0.0
3,2024-02-07 00:00:00,2024,2,0.0
3,2024-02-10 00:00:00,2024,2,0.0
3,2024-02-17 00:00:00,2024,2,0.0
3,2024-03-01 00:00:00,2024,3,0.099182283
3,2024-03-04 00:00:00,2024,3,0.0
3,2024-03-08 00:00:00,2024,3,0.0
3,2024-03-15 00:00:00,2024,3,0.0
3,2024-03-16 00:00:00,2024,3,9.75e-05
3,2024-03-19 00:00:00,2024,3,0.040072659
3,2024-03-24 00:00:00,2024,3,0.322182441
3,2024-03-30 00:00:00,2024,3,0.0
3,2024-04-09 00:00:00,2024,4,8.95e-05
3,2024-04-10 00:00:00,2024,4,0.0
3,2024-04-13 00:00:00,2024,4,0.190450036
3,2024-04-14 00:00:00,2024,4,0.366012361
3,2024-04-19 00:00:00,2024,4,0.152517576
3,2024-04-22 00:00:00,2024,4,3.145506482
3,2024-04-25 00:00:00,2024,4,0.022874795
3,2024-04-27 00:00:00,2024,4,0.00303206
3,2024-05-03 00:00:00,2024,5,0.006623384
3,2024-05-07 00:00:00,2024,5,0.02261209
3,2024-05-12 00:00:00,2024,5,1.21296435
3,2024-05-15 00:00:00,2024,5,8.519608796
3,2024-05-19 00:00:00,2024,5,4.6973266
3,2024-05-20 00:00:00,2024,5,2.867120987
3,2024-05-23 00:00:00,2024,5,1.666720059
3,2024-05-25 00:00:00,2024,5,16.52666783
3,2024-05-31 00:00:00,2024,5,0.027251661
3,2024-06-01 00:00:00,2024,6,13.2526837
3,2024-06-03 00:00:00,2024,6,23.41730972
3,2024-06-13 00:00:00,2024,6,1.46898177
3,2024-06-15 00:00:00,2024,6,3.720496496
3,2024-06-17 00:00:00,2024,6,3.260885539
3,2024-06-23 00:00:00,2024,6,22.00161371
3,2024-06-24 00:00:00,2024,6,6.066232182
3,2024-06-25 00:00:00,2024,6,3.690111341
3,2024-06-26 00:00:00,2024,6,3.767792377
3,2024-06-30 00:00:00,2024,6,24.72410249
3,2024-07-02 00:00:00,2024,7,0.764740084
3,2024-07-03 00:00:00,2024,7,6.797682292
3,2024-07-09 00:00:00,2024,7,5.028350421
3,2024-07-15 00:00:00,2024,7,7.374905154
8,2024-07-16 00:00:00,2024,7,0.421368649
8,2024-07-17 00:00:00,2024,7,3.01307054
8,2024-07-18 00:00:00,2024,7,4.639371351
8,2024-07-28 00:00:00,2024,7,0.0847098
8,2024-08-09 00:00:00,2024,8,0.236333781
8,2024-08-17 00:00:00,2024,8,2.978044235
8,2024-08-21 00:00:00,2024,8,1.846640484
8,2024-08-24 00:00:00,2024,8,2.199892476
8,2024-08-31 00:00:00,2024,8,12.08352852
8,2024-09-11 00:00:00,2024,9,0.270953263
8,2024-09-13 00:00:00,2024,9,0.072658233
8,2024-09-17 00:00:00,2024,9,0.094184534
8,2024-09-20 00:00:00,2024,9,2.293358377
8,2024-09-26 00:00:00,2024,9,6.219367913
8,2024-09-28 00:00:00,2024,9,2.063595095
8,2024-09-29 00:00:00,2024,9,0.260096913
8,2024-10-07 00:00:00,2024,10,0.477973551
8,2024-10-11 00:00:00,2024,10,1.649557566
8,2024-10-12 00:00:00,2024,10,2.377694815
8,2024-10-13 00:00:00,2024,10,1.994110484
8,2024-10-14 00:00:00,2024,10,22.22234463
8,2024-10-15 00:00:00,2024,10,23.59269279
8,2024-10-17 00:00:00,2024,10,15.14910574
8,2024-10-23 00:00:00,2024,10,0.111109098
8,2024-10-30 00:00:00,2024,10,0.208192117
8,2024-11-03 00:00:00,2024,11,0.333796934
8,2024-11-23 00:00:00,2024,11,0.012998934
8,2024-11-26 00:00:00,2024,11,1.874880965
8,2024-12-06 00:00:00,2024,12,1.048306024
8,2024-12-07 00:00:00,2024,12,0.128415866
8,2024-12-09 00:00:00,2024,12,0.000337179
8,2024-12-10 00:00:00,2024,12,0.0
8,2024-12-16 00:00:00,2024,12,0.107491125
8,2024-12-23 00:00:00,2024,12,3.16e-05
8,2024-12-28 00:00:00,2024,12,0.029541491
8,2024-12-30 00:00:00,2024,12,1.57e-05
8,2024-12-31 00:00:00,2024,12,0.0
10,2024-01-02 00:00:00,2024,1,0.0
10,2024-01-05 00:00:00,2024,1,0.000586584
10,2024-01-07 00:00:00,2024,1,0.0
10,2024-01-24 00:00:00,2024,1,0.0
10,2024-02-06 00:00:00,2024,2,0.0
10,2024-02-10 00:00:00,2024,2,0.0
10,2024-02-12 00:00:00,2024,2,0.0
10,2024-02-13 00:00:00,2024,2,0.0
10,2024-02-17 00:00:00,2024,2,0.00175809
10,2024-02-18 00:00:00,2024,2,1.28e-05
10,2024-02-22 00:00:00,2024,2,0.0
10,2024-02-24 00:00:00,2024,2,0.003095898
10,2024-02-26 00:00:00,2024,2,0.00692953
10,2024-03-08 00:00:00,2024,3,0.394013176
10,2024-03-11 00:00:00,2024,3,0.196892927
10,2024-03-14 00:00:00,2024,3,0.272245538
10,2024-04-02 00:00:00,2024,4,1.29e-06
10,2024-04-15 00:00:00,2024,4,0.0
10,2024-04-21 00:00:00,2024,4,1.602944793
10,2024-04-22 00:00:00,2024,4,1.49770693
10,2024-04-24 00:00:00,2024,4,0.001090491
10,2024-04-26 00:00:00,2024,4,0.033873488
10,2024-05-04 00:00:00,2024,5,0.0
10,2024-05-21 00:00:00,2024,5,1.518673801
10,2024-06-03 00:00:00,2024,6,69.38746943
10,2024-06-09 00:00:00,2024,6,1.61e-06
10,2024-06-13 00:00:00,2024,6,0.780454953
10,2024-06-14 00:00:00,2024,6,0.000794618
10,2024-06-29 00:00:00,2024,6,0.640284973
10,2024-07-04 00:00:00,2024,7,0.016947217
10,2024-07-09 00:00:00,2024,7,1.654731067
10,2024-07-16 00:00:00,2024,7,3.042514293
10,2024-07-22 00:00:00,2024,7,1.783745263
10,2024-08-05 00:00:00,2024,8,3.952826808
10,2024-08-06 00:00:00,2024,8,2.429745749
10,2024-08-07 00:00:00,2024,8,19.88750819
10,2024-08-10 00:00:00,2024,8,2.784597023
10,2024-08-13 00:00:00,2024,8,0.50711763
10,2024-08-24 00:00:00,2024,8,2.734264214
10,2024-08-27 00:00:00,2024,8,3.744089767
10,2024-08-28 00:00:00,2024,8,11.2623149
10,2024-08-30 00:00:00,2024,8,8.812313456
10,2024-08-31 00:00:00,2024,8,9.483364971
10,2024-09-01 00:00:00,2024,9,7.276653551
10,2024-09-03 00:00:00,2024,9,6.722125133
10,2024-09-11 00:00:00,2024,9,2.433591757
10,2024-09-15 00:00:00,2024,9,0.228820169
10,2024-09-30 00:00:00,2024,9,5.720097724
10,2024-10-03 00:00:00,2024,10,0.123140714
10,2024-10-06 00:00:00,2024,10,1.397701585
10,2024-10-08 00:00:00,2024,10,1.297419245
10,2024-10-25 00:00:00,2024,10,0.395568055
10,2024-11-01 00:00:00,2024,11,0.0
10,2024-11-02 00:00:00,2024,11,2.142417603
10,2024-11-07 00:00:00,2024,11,0.265534949
10,2024-11-08 00:00:00,2024,11,0.222751259
10,2024-11-09 00:00:00,2024,11,0.25270571
10,2024-11-14 00:00:00,2024,11,0.0
10,2024-11-21 00:00:00,2024,11,0.0
10,2024-11-24 00:00:00,2024,11,0.0
10,2024-12-04 00:00:00,2024,12,0.037612112
10,2024-12-17 00:00:00,2024,12,0.0
10,2024-12-20 00:00:00,2024,12,10.94086973
10,2024-12-22 00:00:00,2024,12,4.645960869
10,2024-12-24 00:00:00,2024,12,1.049630359
10,2024-12-31 00:00:00,2024,12,1.28e-05
11,2024-01-01 00:00:00,2024,1,0.0
11,2024-01-03 00:00:00,2024,1,0.0
11,2024-01-06 00:00:00,2024,1,0.006012725
11,2024-01-08 00:00:00,2024,1,0.17039527
11,2024-01-16 00:00:00,2024,1,0.0
11,2024-01-17 00:00:00,2024,1,0.0
11,2024-01-29 00:00:00,2024,1,0.0
11,2024-02-13 00:00:00,2024,2,0.0
11,2024-02-14 00:00:00,2024,2,0.006299928
11,2024-03-06 00:00:00,2024,3,0.0
11,2024-03-07 00:00:00,2024,3,0.0
11,2024-03-12 00:00:00,2024,3,0.0
11,2024-03-24 00:00:00,2024,3,0.137971466
11,2024-04-06 00:00:00,2024,4,0.0
11,2024-04-14 00:00:00,2024,4,3.021621366
11,2024-04-21 00:00:00,2024,4,2.333346319
11,2024-04-24 00:00:00,2024,4,0.203258955
11,2024-04-25 00:00:00,2024,4,1.511385801
11,2024-05-02 00:00:00,2024,5,2.09e-05
11,2024-05-13 00:00:00,2024,5,1.72815709
11,2024-05-17 00:00:00,2024,5,4.329508975
11,2024-05-18 00:00:00,2024,5,1.744867959
11,2024-05-21 00:00:00,2024,5,2.199133192
11,2024-05-23 00:00:00,2024,5,0.516181184
11,2024-06-13 00:00:00,2024,6,1.921326333
11,2024-06-24 00:00:00,2024,6,2.458750309
11,2024-06-25 00:00:00,2024,6,5.915985686
11,2024-06-30 00:00:00,2024,6,3.892921283
11,2024-07-02 00:00:00,2024,7,0.612062936
11,2024-07-06 00:00:00,2024,7,0.285040547
11,2024-07-07 00:00:00,2024,7,0.512040881
11,2024-07-13 00:00:00,2024,7,2.180440114
11,2024-07-15 00:00:00,2024,7,16.23258002
11,2024-07-16 00:00:00,2024,7,5.792813427
11,2024-07-25 00:00:00,2024,7,3.169339157
11,2024-07-29 00:00:00,2024,7,0.286136986
11,2024-07-31 00:00:00,2024,7,1.869527217
11,2024-08-02 00:00:00,2024,8,4.592411023
11,2024-08-03 00:00:00,2024,8,2.174486706
11,2024-08-04 00:00:00,2024,8,6.606303226
11,2024-08-05 00:00:00,2024,8,0.449138813
11,2024-08-16 00:00:00,2024,8,5.492386676
11,2024-08-23 00:00:00,2024,8,8.28145997
11,2024-08-28 00:00:00,2024,8,18.56173393
11,2024-09-01 00:00:00,2024,9,5.218068792
11,2024-09-08 00:00:00,2024,9,0.0
11,2024-09-09 00:00:00,2024,9,4.814156185
11,2024-09-10 00:00:00,2024,9,1.408297865
11,2024-09-27 00:00:00,2024,9,9.911068585
1,2024-01-05 00:00:00,2024,1,0.018768798
1,2024-01-13 00:00:00,2024,1,0.0
1,2024-01-14 00:00:00,2024,1,0.0
1,2024-01-19 00:00:00,2024,1,0.0
1,2024-01-27 00:00:00,2024,1,0.0
1,2024-01-29 00:00:00,2024,1,0.0
1,2024-02-02 00:00:00,2024,2,0.031803508
1,2024-02-12 00:00:00,2024,2,0.0
1,2024-02-17 00:00:00,2024,2,0.0
1,2024-02-21 00:00:00,2024,2,0.003291975
1,2024-02-26 00:00:00,2024,2,0.0
1,2024-03-06 00:00:00,2024,3,0.0
1,2024-03-11 00:00:00,2024,3,0.0
1,2024-03-21 00:00:00,2024,3,0.0
1,2024-03-26 00:00:00,2024,3,0.0
1,2024-03-29 00:00:00,2024,3,0.0
1,2024-03-31 00:00:00,2024,3,0.0
1,2024-04-05 00:00:00,2024,4,0.0
1,2024-04-18 00:00:00,2024,4,0.018751398
1,2024-04-19 00:00:00,2024,4,0.830389257
1,2024-04-21 00:00:00,2024,4,0.533076185
1,2024-04-26 00:00:00,2024,4,0.0
13,2024-12-18 00:00:00,2024,12,1.074035412
13,2024-12-21 00:00:00,2024,12,1.351121024
13,2024-12-28 00:00:00,2024,12,3.49e-05
13,2024-12-29 00:00:00,2024,12,0.0
5,2024-01-03 00:00:00,2024,1,0.010701881
5,2024-01-06 00:00:00,2024,1,0.003300953
5,2024-01-07 00:00:00,2024,1,9.75e-05
5,2024-01-08 00:00:00,2024,1,0.169301704
5,2024-01-14 00:00:00,2024,1,0.0
5,2024-01-22 00:00:00,2024,1,0.0
5,2024-01-24 00:00:00,2024,1,0.0
5,2024-02-02 00:00:00,2024,2,0.120971432
5,2024-02-12 00:00:00,2024,2,0.0
5,2024-02-13 00:00:00,2024,2,0.004672735
5,2024-02-15 00:00:00,2024,2,0.0
5,2024-02-24 00:00:00,2024,2,0.0
5,2024-03-01 00:00:00,2024,3,0.0
5,2024-03-02 00:00:00,2024,3,0.0
5,2024-03-03 00:00:00,2024,3,0.0
5,2024-03-26 00:00:00,2024,3,0.0
5,2024-03-29 00:00:00,2024,3,0.0
5,2024-03-30 00:00:00,2024,3,0.0
5,2024-03-31 00:00:00,2024,3,0.0
5,2024-04-02 00:00:00,2024,4,0.000603524
5,2024-04-18 00:00:00,2024,4,0.009047084
5,2024-04-24 00:00:00,2024,4,0.0
5,2024-04-28 00:00:00,2024,4,0.0
5,2024-05-07 00:00:00,2024,5,7.939648366
5,2024-05-18 00:00:00,2024,5,2.907707138
5,2024-05-19 00:00:00,2024,5,9.394198771
5,2024-05-20 00:00:00,2024,5,1.553838323
5,2024-05-24 00:00:00,2024,5,0.031697536
5,2024-05-25 00:00:00,2024,5,0.756042653
5,2024-05-30 00:00:00,2024,5,0.0
5,2024-06-04 00:00:00,2024,6,0.380064468
5,2024-06-08 00:00:00,2024,6,16.92536005
5,2024-06-21 00:00:00,2024,6,1.54e-05
5,2024-06-24 00:00:00,2024,6,2.431653149
5,2024-06-26 00:00:00,2024,6,3.218706849
5,2024-07-03 00:00:00,2024,7,0.171841851
5,2024-07-04 00:00:00,2024,7,2.469921028
5,2024-07-06 00:00:00,2024,7,13.57539343
5,2024-07-14 00:00:00,2024,7,2.147199628
5,2024-07-18 00:00:00,2024,7,2.336151351
5,2024-07-23 00:00:00,2024,7,0.26577058
5,2024-07-27 00:00:00,2024,7,3.184492414
5,2024-07-28 00:00:00,2024,7,0.013893888
5,2024-08-10 00:00:00,2024,8,2.338303507
5,2024-08-18 00:00:00,2024,8,2.61178832
5,2024-08-26 00:00:00,2024,8,0.21795879
5,2024-08-27 00:00:00,2024,8,1.449513006
5,2024-09-04 00:00:00,2024,9,0.351192965
5,2024-09-07 00:00:00,2024,9,1.791571798
5,2024-09-20 00:00:00,2024,9,1.786149574
5,2024-09-25 00:00:00,2024,9,6.181036444
5,2024-09-27 00:00:00,2024,9,4.625304216
5,2024-09-28 00:00:00,2024,9,3.946921845
5,2024-10-14 00:00:00,2024,10,11.74246238
5,2024-10-21 00:00:00,2024,10,2.174622938
5,2024-10-31 00:00:00,2024,10,2.036994756
5,2024-11-03 00:00:00,2024,11,0.559339766
5,2024-11-17 00:00:00,2024,11,2.330239788
5,2024-11-19 00:00:00,2024,11,0.0
5,2024-11-24 00:00:00,2024,11,0.042183189
5,2024-11-25 00:00:00,2024,11,0.02537508
5,2024-11-28 00:00:00,2024,11,0.00474132
5,2024-11-30 00:00:00,2024,11,2.31890983
5,2024-12-02 00:00:00,2024,12,15.46101959
5,2024-12-10 00:00:00,2024,12,0.0
5,2024-12-12 00:00:00,2024,12,1.956003127
5,2024-12-16 00:00:00,2024,12,0.017052628
5,2024-12-18 00:00:00,2024,12,0.845493008
5,2024-12-19 00:00:00,2024,12,0.704234724
5,2024-12-23 00:00:00,2024,12,0.0
5,2024-12-31 00:00:00,2024,12,0.0
4,2024-12-05 00:00:00,2024,12,0.261941672
4,2024-12-10 00:00:00,2024,12,0.000351542
4,2024-12-24 00:00:00,2024,12,0.646355262
6,2024-01-09 00:00:00,2024,1,0.021570961
6,2024-01-13 00:00:00,2024,1,0.0
6,2024-01-20 00:00:00,2024,1,0.023746824
6,2024-01-31 00:00:00,2024,1,0.0
6,2024-02-01 00:00:00,2024,2,0.0
6,2024-02-03 00:00:00,2024,2,9.39e-05
6,2024-02-10 00:00:00,2024,2,0.0
6,2024-02-14 00:00:00,2024,2,0.0
6,2024-02-19 00:00:00,2024,2,0.0
6,2024-02-21 00:00:00,2024,2,0.0
6,2024-02-24 00:00:00,2024,2,0.069891638
6,2024-02-26 00:00:00,2024,2,0.0
6,2024-02-29 00:00:00,2024,2,0.0
6,2024-03-01 00:00:00,2024,3,0.0
6,2024-03-02 00:00:00,2024,3,0.0
6,2024-03-09 00:00:00,2024,3,2.14e-06
6,2024-03-14 00:00:00,2024,3,0.013630325
6,2024-03-16 00:00:00,2024,3,0.004354128
6,2024-03-18 00:00:00,2024,3,0.000137167
6,2024-03-27 00:00:00,2024,3,0.0
6,2024-04-02 00:00:00,2024,4,0.0
6,2024-04-04 00:00:00,2024,4,0.031920981
6,2024-04-05 00:00:00,2024,4,0.0
6,2024-04-06 00:00:00,2024,4,0.0
6,2024-04-09 00:00:00,2024,4,0.0
6,2024-04-11 00:00:00,2024,4,0.0
6,2024-04-15 00:00:00,2024,4,0.0
6,2024-04-22 00:00:00,2024,4,0.004959354
6,2024-04-23 00:00:00,2024,4,0.0
6,2024-04-24 00:00:00,2024,4,2.4e-05
6,2024-05-02 00:00:00,2024,5,0.003355806
6,2024-05-09 00:00:00,2024,5,0.0
6,2024-05-14 00:00:00,2024,5,0.297706629
6,2024-05-18 00:00:00,2024,5,3.806209899
6,2024-05-20 00:00:00,2024,5,4.861689951
6,2024-05-21 00:00:00,2024,5,1.01671791
6,2024-05-24 00:00:00,2024,5,2.108750914
6,2024-05-27 00:00:00,2024,5,0.0
6,2024-05-31 00:00:00,2024,5,0.0
6,2024-06-06 00:00:00,2024,6,40.2891565
6,2024-06-11 00:00:00,2024,6,3.785498442
6,2024-06-12 00:00:00,2024,6,0.704939084
6,2024-06-13 00:00:00,2024,6,0.073337738
6,2024-06-18 00:00:00,2024,6,0.388326813
6,2024-06-23 00:00:00,2024,6,9.456424609
6,2024-06-25 00:00:00,2024,6,2.950515234
6,2024-06-29 00:00:00,2024,6,6.896003499
6,2024-07-04 00:00:00,2024,7,0.349490964
6,2024-07-05 00:00:00,2024,7,13.98019241
6,2024-07-19 00:00:00,2024,7,33.86454816
6,2024-07-21 00:00:00,2024,7,13.53927411
6,2024-07-24 00:00:00,2024,7,3.022259171
6,2024-07-29 00:00:00,2024,7,7.110233241
6,2024-07-30 00:00:00,2024,7,6.243266948
6,2024-08-04 00:00:00,2024,8,8.184705855
6,2024-08-08 00:00:00,2024,8,14.22393554
6,2024-08-15 00:00:00,2024,8,2.78409114
6,2024-08-16 00:00:00,2024,8,4.121024753
6,2024-08-19 00:00:00,2024,8,1.44611958
6,2024-08-21 00:00:00,2024,8,5.187148378
6,2024-08-25 00:00:00,2024,8,7.971415015
6,2024-08-26 00:00:00,2024,8,4.020930069
6,2024-08-28 00:00:00,2024,8,4.648402662
6,2024-08-29 00:00:00,2024,8,12.85387849
6,2024-09-05 00:00:00,2024,9,10.88063735
6,2024-09-07 00:00:00,2024,9,10.608929
6,2024-09-13 00:00:00,2024,9,0.524038162
6,2024-09-17 00:00:00,2024,9,0.442661893
6,2024-09-27 00:00:00,2024,9,6.573382551
6,2024-10-01 00:00:00,2024,10,0.750294544
6,2024-10-08 00:00:00,2024,10,4.10110083
6,2024-10-16 00:00:00,2024,10,6.98672452
6,2024-10-28 00:00:00,2024,10,0.0
6,2024-11-03 00:00:00,2024,11,1.744148214
6,2024-11-15 00:00:00,2024,11,1.207950003
6,2024-11-16 00:00:00,2024,11,0.092154693
6,2024-11-30 00:00:00,2024,11,0.991584732
6,2024-12-01 00:00:00,2024,12,4.165196431
6,2024-12-03 00:00:00,2024,12,0.184404381
6,2024-12-05 00:00:00,2024,12,0.08400805
6,2024-12-06 00:00:00,2024,12,0.004801248
6,2024-12-07 00:00:00,2024,12,0.039679115
6,2024-12-10 00:00:00,2024,12,0.037619696
6,2024-12-12 00:00:00,2024,12,0.023819706
6,2024-12-14 00:00:00,2024,12,0.002023297
6,2024-12-17 00:00:00,2024,12,0.011281552
6,2024-12-23 00:00:00,2024,12,0.0
6,2024-12-26 00:00:00,2024,12,1.092972873
7,2024-01-04 00:00:00,2024,1,0.016507118
7,2024-01-16 00:00:00,2024,1,4.15e-06
7,2024-01-18 00:00:00,2024,1,0.0
7,2024-01-22 00:00:00,2024,1,0.0
7,2024-01-29 00:00:00,2024,1,0.000252143
7,2024-02-03 00:00:00,2024,2,0.0
7,2024-02-07 00:00:00,2024,2,0.0
7,2024-02-18 00:00:00,2024,2,0.008046108
7,2024-02-21 00:00:00,2024,2,0.0
7,2024-02-23 00:00:00,2024,2,0.0
7,2024-02-28 00:00:00,2024,2,3.97e-05
7,2024-02-29 00:00:00,2024,2,0.0
7,2024-03-10 00:00:00,2024,3,0.0
7,2024-03-13 00:00:00,2024,3,0.0
7,2024-03-16 00:00:00,2024,3,0.002948717
7,2024-03-24 00:00:00,2024,3,0.031712464
7,2024-03-25 00:00:00,2024,3,0.000594612
7,2024-03-27 00:00:00,2024,3,0.0
7,2024-04-04 00:00:00,2024,4,0.028681984
7,2024-04-05 00:00:00,2024,4,0.0
7,2024-04-17 00:00:00,2024,4,0.0
7,2024-05-10 00:00:00,2024,5,9.063933937
7,2024-05-16 00:00:00,2024,5,0.014144259
7,2024-05-20 00:00:00,2024,5,1.665660696
7,2024-05-23 00:00:00,2024,5,3.85e-07
7,2024-05-25 00:00:00,2024,5,7.57670606
7,2024-06-04 00:00:00,2024,6,1.385269462
7,2024-06-09 00:00:00,2024,6,6.574446801
7,2024-06-11 00:00:00,2024,6,8.159930086
7,2024-06-12 00:00:00,2024,6,14.18885925
7,2024-06-16 00:00:00,2024,6,0.002261922
7,2024-06-18 00:00:00,2024,6,7.832309051
7,2024-06-19 00:00:00,2024,6,6.503398705
7,2024-06-21 00:00:00,2024,6,0.0
7,2024-06-24 00:00:00,2024,6,0.211871819
7,2024-06-25 00:00:00,2024,6,0.159363408
7,2024-06-27 00:00:00,2024,6,0.761799222
7,2024-07-08 00:00:00,2024,7,1.231211849
7,2024-07-28 00:00:00,2024,7,0.071273025
7,2024-08-08 00:00:00,2024,8,2.656412176
7,2024-08-16 00:00:00,2024,8,9.619960632
7,2024-08-25 00:00:00,2024,8,4.013309184
7,2024-08-30 00:00:00,2024,8,21.24659835
7,2024-08-31 00:00:00,2024,8,44.42839046
7,2024-09-03 00:00:00,2024,9,7.726861868
7,2024-09-09 00:00:00,2024,9,1.65238365
7,2024-09-11 00:00:00,2024,9,0.051674212
7,2024-09-12 00:00:00,2024,9,0.051702888
7,2024-09-15 00:00:00,2024,9,0.003147853
7,2024-09-16 00:00:00,2024,9,0.0
7,2024-09-28 00:00:00,2024,9,0.346230048
7,2024-10-16 00:00:00,2024,10,12.54756369
7,2024-10-19 00:00:00,2024,10,8.439290552
7,2024-10-22 00:00:00,2024,10,1.511590217
7,2024-10-24 00:00:00,2024,10,1.730099931
7,2024-10-26 00:00:00,2024,10,0.463093974
7,2024-10-29 00:00:00,2024,10,0.001639212
7,2024-10-31 00:00:00,2024,10,0.525715747
7,2024-11-02 00:00:00,2024,11,0.029027365
7,2024-11-04 00:00:00,2024,11,0.003818339
7,2024-11-16 00:00:00,2024,11,1.374012405
7,2024-11-18 00:00:00,2024,11,0.08331923
7,2024-11-19 00:00:00,2024,11,0.0
7,2024-11-21 00:00:00,2024,11,0.0
7,2024-11-24 00:00:00,2024,11,0.0
7,2024-12-03 00:00:00,2024,12,4.111345791
7,2024-12-05 00:00:00,2024,12,2.948685734
7,2024-12-15 00:00:00,2024,12,0.0
7,2024-12-18 00:00:00,2024,12,0.474955288
7,2024-12-21 00:00:00,2024,12,0.0
7,2024-12-24 00:00:00,2024,12,0.0
7,2024-12-25 00:00:00,2024,12,0.006067431
7,2024-12-30 00:00:00,2024,12,0.0
7,2024-12-31 00:00:00,2024,12,0.0
9,2024-01-13 00:00:00,2024,1,0.0
9,2024-01-15 00:00:00,2024,1,0.0
9,2024-01-17 00:00:00,2024,1,0.0
9,2024-01-21 00:00:00,2024,1,0.0
9,2024-01-24 00:00:00,2024,1,0.0
9,2024-01-28 00:00:00,2024,1,0.0
9,2024-02-01 00:00:00,2024,2,0.0
9,2024-02-03 00:00:00,2024,2,0.002143725
9,2024-02-07 00:00:00,2024,2,0.0
9,2024-02-08 00:00:00,2024,2,0.0
9,2024-02-14 00:00:00,2024,2,0.0
9,2024-02-16 00:00:00,2024,2,0.061405948
9,2024-02-17 00:00:00,2024,2,0.0
10,2024-09-02 00:00:00,2024,9,1.953339596
10,2024-09-05 00:00:00,2024,9,11.75703531
10,2024-09-10 00:00:00,2024,9,2.484631549
10,2024-09-21 00:00:00,2024,9,5.789872904
10,2024-09-25 00:00:00,2024,9,13.71799446
10,2024-09-27 00:00:00,2024,9,5.088280149
10,2024-10-01 00:00:00,2024,10,4.595728409
10,2024-10-02 00:00:00,2024,10,4.757366807
10,2024-10-13 00:00:00,2024,10,0.000423231
10,2024-10-22 00:00:00,2024,10,0.000205729
10,2024-10-23 00:00:00,2024,10,0.01332903
10,2024-10-26 00:00:00,2024,10,2.060328374
10,2024-10-27 00:00:00,2024,10,1.02e-06
10,2024-10-31 00:00:00,2024,10,0.000347453
10,2024-11-04 00:00:00,2024,11,0.0
10,2024-11-10 00:00:00,2024,11,0.771942553
10,2024-11-13 00:00:00,2024,11,0.229946841
10,2024-11-19 00:00:00,2024,11,0.0
10,2024-11-25 00:00:00,2024,11,0.017281876
10,2024-12-01 00:00:00,2024,12,3.950623273
10,2024-12-02 00:00:00,2024,12,4.932173537
10,2024-12-06 00:00:00,2024,12,5.94e-07
10,2024-12-10 00:00:00,2024,12,8.14e-06
10,2024-12-13 00:00:00,2024,12,0.0
10,2024-12-16 00:00:00,2024,12,0.003835536
10,2024-12-21 00:00:00,2024,12,30.9822503
10,2024-12-25 00:00:00,2024,12,5.930228791
10,2024-12-26 00:00:00,2024,12,3.991900303
11,2024-01-04 00:00:00,2024,1,0.118591539
11,2024-01-09 00:00:00,2024,1,0.004186333
11,2024-01-13 00:00:00,2024,1,0.0
11,2024-01-21 00:00:00,2024,1,0.0
11,2024-01-24 00:00:00,2024,1,0.0063322
11,2024-02-03 00:00:00,2024,2,0.171648956
11,2024-02-05 00:00:00,2024,2,0.0
11,2024-02-09 00:00:00,2024,2,0.0
11,2024-02-19 00:00:00,2024,2,0.0
11,2024-02-22 00:00:00,2024,2,0.0
11,2024-02-25 00:00:00,2024,2,6.93e-05
11,2024-02-29 00:00:00,2024,2,0.020850311
11,2024-03-05 00:00:00,2024,3,0.0
11,2024-03-08 00:00:00,2024,3,0.019147436
11,2024-03-10 00:00:00,2024,3,0.011191271
11,2024-03-23 00:00:00,2024,3,0.001258655
11,2024-03-26 00:00:00,2024,3,0.001238604
11,2024-03-27 00:00:00,2024,3,6.57e-05
11,2024-03-30 00:00:00,2024,3,0.042691436
11,2024-04-01 00:00:00,2024,4,0.311777379
11,2024-04-02 00:00:00,2024,4,0.0
11,2024-04-05 00:00:00,2024,4,0.0
11,2024-04-07 00:00:00,2024,4,0.004397721
11,2024-04-12 00:00:00,2024,4,0.240776256
11,2024-04-18 00:00:00,2024,4,0.023013776
11,2024-04-27 00:00:00,2024,4,3.121060615
11,2024-05-03 00:00:00,2024,5,0.161671347
11,2024-05-06 00:00:00,2024,5,2.22e-07
11,2024-05-09 00:00:00,2024,5,1.780091103
11,2024-05-11 00:00:00,2024,5,7.173619252
11,2024-05-12 00:00:00,2024,5,2.343992625
11,2024-05-15 00:00:00,2024,5,6.043626156
11,2024-05-16 00:00:00,2024,5,3.193507247
11,2024-05-25 00:00:00,2024,5,13.36470826
11,2024-05-26 00:00:00,2024,5,5.357677126
11,2024-06-03 00:00:00,2024,6,36.68719065
11,2024-06-06 00:00:00,2024,6,127.7208206
11,2024-06-07 00:00:00,2024,6,2.556994403
11,2024-06-09 00:00:00,2024,6,0.070641558
11,2024-06-18 00:00:00,2024,6,0.858312079
11,2024-06-21 00:00:00,2024,6,0.155650734
11,2024-07-17 00:00:00,2024,7,4.29953826
11,2024-07-20 00:00:00,2024,7,65.4178345
11,2024-08-01 00:00:00,2024,8,6.245201692
11,2024-08-07 00:00:00,2024,8,7.535235209
11,2024-08-09 00:00:00,2024,8,2.436699593
11,2024-08-13 00:00:00,2024,8,3.396081254
11,2024-08-21 00:00:00,2024,8,4.199898683
11,2024-08-27 00:00:00,2024,8,2.366069594
11,2024-08-29 00:00:00,2024,8,10.72236738
11,2024-09-03 00:00:00,2024,9,10.92414923
11,2024-09-04 00:00:00,2024,9,22.00844251
11,2024-09-16 00:00:00,2024,9,0.336829033
11,2024-09-20 00:00:00,2024,9,14.56378949
11,2024-09-22 00:00:00,2024,9,9.640415361
11,2024-09-23 00:00:00,2024,9,16.56304305
11,2024-09-24 00:00:00,2024,9,14.64828949
11,2024-09-26 00:00:00,2024,9,12.76427897
11,2024-09-29 00:00:00,2024,9,8.152105995
11,2024-10-01 00:00:00,2024,10,5.740942468
11,2024-10-05 00:00:00,2024,10,8.445790056
11,2024-10-06 00:00:00,2024,10,5.817984659
11,2024-10-11 00:00:00,2024,10,1.547059117
11,2024-10-15 00:00:00,2024,10,1.778083715
11,2024-10-17 00:00:00,2024,10,6.782580615
11,2024-10-26 00:00:00,2024,10,2.751722143
11,2024-11-07 00:00:00,2024,11,0.606718596
11,2024-11-15 00:00:00,2024,11,0.161232869
11,2024-11-18 00:00:00,2024,11,0.0
11,2024-11-19 00:00:00,2024,11,0.01521911
11,2024-11-20 00:00:00,2024,11,0.0
11,2024-11-24 00:00:00,2024,11,0.0
11,2024-11-28 00:00:00,2024,11,0.0
11,2024-11-30 00:00:00,2024,11,5.208923072
11,2024-12-07 00:00:00,2024,12,0.00799979
11,2024-12-10 00:00:00,2024,12,0.000233177
11,2024-12-13 00:00:00,2024,12,0.068219555
11,2024-12-14 00:00:00,2024,12,0.007566709
11,2024-12-16 00:00:00,2024,12,0.0
11,2024-12-21 00:00:00,2024,12,11.83212876
11,2024-12-24 00:00:00,2024,12,1.075972996
12,2024-01-02 00:00:00,2024,1,0.0
12,2024-01-03 00:00:00,2024,1,0.0
12,2024-01-04 00:00:00,2024,1,0.507656278
12,2024-01-05 00:00:00,2024,1,0.0
12,2024-01-06 00:00:00,2024,1,0.0
12,2024-01-07 00:00:00,2024,1,0.0
12,2024-01-20 00:00:00,2024,1,0.0
12,2024-01-23 00:00:00,2024,1,0.320836999
12,2024-02-02 00:00:00,2024,2,0.242223019
12,2024-02-14 00:00:00,2024,2,0.0
12,2024-02-29 00:00:00,2024,2,0.002554364
12,2024-03-08 00:00:00,2024,3,0.14931157
12,2024-03-09 00:00:00,2024,3,3.316421782
12,2024-03-10 00:00:00,2024,3,0.418621111
12,2024-03-14 00:00:00,2024,3,0.234559446
12,2024-03-22 00:00:00,2024,3,0.108172149
12,2024-03-23 00:00:00,2024,3,0.0
12,2024-03-26 00:00:00,2024,3,0.067679262
12,2024-04-06 00:00:00,2024,4,0.003926108
12,2024-04-22 00:00:00,2024,4,2.611852752
12,2024-05-01 00:00:00,2024,5,0.111083422
12,2024-05-09 00:00:00,2024,5,0.056045837
12,2024-05-11 00:00:00,2024,5,4.014988873
12,2024-05-14 00:00:00,2024,5,3.186643891
12,2024-05-16 00:00:00,2024,5,1.221285858
12,2024-05-18 00:00:00,2024,5,0.427784178
12,2024-05-19 00:00:00,2024,5,10.9884336
12,2024-05-24 00:00:00,2024,5,0.004135325
12,2024-05-26 00:00:00,2024,5,1.737381398
12,2024-05-27 00:00:00,2024,5,0.0
12,2024-05-30 00:00:00,2024,5,0.0
12,2024-06-19 00:00:00,2024,6,0.37978394
12,2024-06-20 00:00:00,2024,6,1.761471276
12,2024-06-25 00:00:00,2024,6,6.533944117
12,2024-06-26 00:00:00,2024,6,12.55925682
12,2024-06-27 00:00:00,2024,6,25.92354011
12,2024-06-30 00:00:00,2024,6,1.924200592
12,2024-07-02 00:00:00,2024,7,0.365266156
12,2024-07-05 00:00:00,2024,7,0.485034785
12,2024-07-07 00:00:00,2024,7,4.85841505
12,2024-07-14 00:00:00,2024,7,9.244174344
12,2024-07-18 00:00:00,2024,7,8.980611449
12,2024-07-20 00:00:00,2024,7,45.46166908
12,2024-07-21 00:00:00,2024,7,1.301825014
12,2024-07-25 00:00:00,2024,7,0.114983127
12,2024-08-08 00:00:00,2024,8,6.082908217
12,2024-08-09 00:00:00,2024,8,3.250524447
12,2024-08-16 00:00:00,2024,8,6.901982769
12,2024-08-17 00:00:00,2024,8,9.291248708
12,2024-08-20 00:00:00,2024,8,4.38411747
12,2024-08-26 00:00:00,2024,8,1.867088379
12,2024-08-30 00:00:00,2024,8,17.27740212
12,2024-09-05 00:00:00,2024,9,23.32493315
12,2024-09-06 00:00:00,2024,9,17.81256345
12,2024-09-11 00:00:00,2024,9,2.325279993
12,2024-09-15 00:00:00,2024,9,0.132290099
12,2024-09-20 00:00:00,2024,9,9.476360125
12,2024-10-03 00:00:00,2024,10,0.098340521
12,2024-10-07 00:00:00,2024,10,7.593637264
12,2024-10-14 00:00:00,2024,10,1.196943047
12,2024-10-24 00:00:00,2024,10,0.000123134
12,2024-10-25 00:00:00,2024,10,0.867894077
12,2024-10-27 00:00:00,2024,10,0.021508784
9,2024-02-23 00:00:00,2024,2,0.0
9,2024-02-24 00:00:00,2024,2,0.009393661
9,2024-03-02 00:00:00,2024,3,0.0
9,2024-03-16 00:00:00,2024,3,0.000541053
9,2024-03-21 00:00:00,2024,3,0.041898397
9,2024-03-30 00:00:00,2024,3,0.0
9,2024-04-03 00:00:00,2024,4,0.0
9,2024-04-04 00:00:00,2024,4,0.00014551
9,2024-04-13 00:00:00,2024,4,0.030435736
9,2024-04-14 00:00:00,2024,4,0.02478283
9,2024-04-18 00:00:00,2024,4,7e-05
9,2024-04-25 00:00:00,2024,4,0.0
9,2024-05-10 00:00:00,2024,5,0.134271833
9,2024-05-15 00:00:00,2024,5,0.811648031
9,2024-05-18 00:00:00,2024,5,4.178265958
9,2024-05-23 00:00:00,2024,5,0.0
9,2024-05-26 00:00:00,2024,5,0.315621986
9,2024-05-29 00:00:00,2024,5,0.0
9,2024-06-15 00:00:00,2024,6,0.451674812
9,2024-06-18 00:00:00,2024,6,0.745916374
9,2024-06-26 00:00:00,2024,6,1.131197803
9,2024-07-05 00:00:00,2024,7,0.2038474
9,2024-07-20 00:00:00,2024,7,23.12315345
9,2024-07-23 00:00:00,2024,7,0.424705059
9,2024-07-31 00:00:00,2024,7,0.683101235
9,2024-08-02 00:00:00,2024,8,0.918541327
9,2024-08-09 00:00:00,2024,8,0.324299596
9,2024-08-13 00:00:00,2024,8,8.006487459
9,2024-08-18 00:00:00,2024,8,1.841063996
9,2024-09-03 00:00:00,2024,9,3.430187709
9,2024-09-06 00:00:00,2024,9,7.228585395
9,2024-09-09 00:00:00,2024,9,1.229694576
9,2024-09-11 00:00:00,2024,9,0.085162951
9,2024-09-14 00:00:00,2024,9,0.01172192
9,2024-09-20 00:00:00,2024,9,3.235377005
9,2024-09-21 00:00:00,2024,9,7.500144163
9,2024-09-26 00:00:00,2024,9,9.505843571
9,2024-10-05 00:00:00,2024,10,2.217251029
9,2024-10-09 00:00:00,2024,10,2.635376828
9,2024-10-12 00:00:00,2024,10,10.36561567
9,2024-10-13 00:00:00,2024,10,4.632376159
9,2024-10-14 00:00:00,2024,10,11.00942014
9,2024-10-16 00:00:00,2024,10,13.86266538
9,2024-10-19 00:00:00,2024,10,9.889059783
9,2024-10-25 00:00:00,2024,10,0.03268131
9,2024-11-02 00:00:00,2024,11,0.472248263
9,2024-11-03 00:00:00,2024,11,0.078907996
9,2024-11-07 00:00:00,2024,11,1.635569884
9,2024-11-08 00:00:00,2024,11,2.285970469
9,2024-11-15 00:00:00,2024,11,12.00446547
9,2024-11-27 00:00:00,2024,11,0.091356398
9,2024-11-30 00:00:00,2024,11,1.787653248
9,2024-12-03 00:00:00,2024,12,10.2829115
9,2024-12-19 00:00:00,2024,12,0.519767739
9,2024-12-24 00:00:00,2024,12,0.061244349
9,2024-12-30 00:00:00,2024,12,0.0
8,2024-01-07 00:00:00,2024,1,0.022595294
8,2024-01-16 00:00:00,2024,1,0.0
8,2024-01-17 00:00:00,2024,1,0.0
8,2024-01-22 00:00:00,2024,1,0.0
8,2024-01-23 00:00:00,2024,1,0.0
8,2024-01-24 00:00:00,2024,1,0.0
8,2024-01-31 00:00:00,2024,1,0.0
8,2024-02-08 00:00:00,2024,2,0.0
8,2024-02-14 00:00:00,2024,2,0.0
8,2024-02-20 00:00:00,2024,2,0.0
8,2024-02-23 00:00:00,2024,2,0.0
8,2024-02-26 00:00:00,2024,2,0.0
8,2024-02-28 00:00:00,2024,2,0.0
8,2024-03-02 00:00:00,2024,3,0.0
8,2024-03-11 00:00:00,2024,3,0.0
8,2024-03-22 00:00:00,2024,3,0.0
8,2024-03-24 00:00:00,2024,3,0.0
8,2024-03-27 00:00:00,2024,3,0.0
8,2024-03-28 00:00:00,2024,3,0.0
8,2024-03-29 00:00:00,2024,3,0.0
8,2024-03-30 00:00:00,2024,3,0.0
8,2024-04-08 00:00:00,2024,4,0.0
8,2024-04-11 00:00:00,2024,4,0.0
8,2024-04-16 00:00:00,2024,4,0.0
8,2024-04-27 00:00:00,2024,4,0.0
8,2024-05-04 00:00:00,2024,5,0.041568209
8,2024-05-14 00:00:00,2024,5,9.446805446
8,2024-05-17 00:00:00,2024,5,2.736627188
8,2024-05-21 00:00:00,2024,5,0.167793747
8,2024-06-03 00:00:00,2024,6,7.55628993
8,2024-06-04 00:00:00,2024,6,4.751724621
8,2024-06-07 00:00:00,2024,6,4.089079035
8,2024-06-12 00:00:00,2024,6,12.13149255
8,2024-06-13 00:00:00,2024,6,4.792317135
8,2024-06-15 00:00:00,2024,6,0.323789052
8,2024-06-21 00:00:00,2024,6,0.018190708
8,2024-06-23 00:00:00,2024,6,1.695742195
8,2024-06-24 00:00:00,2024,6,10.06394964
8,2024-07-07 00:00:00,2024,7,5.256145131
8,2024-07-09 00:00:00,2024,7,5.105031427
8,2024-07-13 00:00:00,2024,7,1.469317906
8,2024-07-19 00:00:00,2024,7,10.22587162
8,2024-07-21 00:00:00,2024,7,3.382858264
8,2024-07-23 00:00:00,2024,7,0.032096843
8,2024-08-07 00:00:00,2024,8,15.0017756
8,2024-08-11 00:00:00,2024,8,0.504928986
8,2024-08-15 00:00:00,2024,8,3.215958037
8,2024-08-16 00:00:00,2024,8,3.628505587
8,2024-08-22 00:00:00,2024,8,3.747857837
8,2024-09-06 00:00:00,2024,9,5.311223687
8,2024-09-15 00:00:00,2024,9,0.050989438
8,2024-09-16 00:00:00,2024,9,0.016794113
8,2024-09-22 00:00:00,2024,9,5.322682294
8,2024-09-23 00:00:00,2024,9,13.78887135
8,2024-09-25 00:00:00,2024,9,3.782629281
8,2024-10-02 00:00:00,2024,10,2.482350857
8,2024-10-05 00:00:00,2024,10,3.567464056
8,2024-10-08 00:00:00,2024,10,0.755330887
8,2024-10-19 00:00:00,2024,10,9.189246875
8,2024-10-20 00:00:00,2024,10,15.4619906
8,2024-10-25 00:00:00,2024,10,0.0
8,2024-10-27 00:00:00,2024,10,0.235476439
8,2024-11-08 00:00:00,2024,11,10.50979896
8,2024-11-14 00:00:00,2024,11,24.56036863
8,2024-11-15 00:00:00,2024,11,8.795394594
8,2024-11-22 00:00:00,2024,11,0.002383256
8,2024-12-03 00:00:00,2024,12,9.577551215
8,2024-12-11 00:00:00,2024,12,0.045077534
8,2024-12-13 00:00:00,2024,12,17.02944969
8,2024-12-14 00:00:00,2024,12,0.018256411
8,2024-12-19 00:00:00,2024,12,2.051692613
8,2024-12-27 00:00:00,2024,12,6.632865979
10,2024-01-03 00:00:00,2024,1,0.0
10,2024-01-13 00:00:00,2024,1,0.0
10,2024-01-14 00:00:00,2024,1,0.0
10,2024-01-18 00:00:00,2024,1,0.0
10,2024-01-19 00:00:00,2024,1,0.0
10,2024-01-30 00:00:00,2024,1,0.0
10,2024-02-01 00:00:00,2024,2,1.02e-06
10,2024-02-02 00:00:00,2024,2,0.173975636
10,2024-02-04 00:00:00,2024,2,0.0
10,2024-02-14 00:00:00,2024,2,0.0
10,2024-03-02 00:00:00,2024,3,0.0
10,2024-03-07 00:00:00,2024,3,0.009201688
10,2024-03-12 00:00:00,2024,3,7.05e-05
10,2024-03-15 00:00:00,2024,3,0.009722338
10,2024-03-24 00:00:00,2024,3,0.044469519
10,2024-04-03 00:00:00,2024,4,1.01e-07
10,2024-04-07 00:00:00,2024,4,0.092628214
10,2024-04-08 00:00:00,2024,4,0.098566753
10,2024-04-12 00:00:00,2024,4,0.001277852
10,2024-04-14 00:00:00,2024,4,0.667680383
10,2024-04-20 00:00:00,2024,4,0.018275474
10,2024-04-25 00:00:00,2024,4,1.903954869
10,2024-05-05 00:00:00,2024,5,4.59e-07
10,2024-05-09 00:00:00,2024,5,0.029627316
10,2024-05-13 00:00:00,2024,5,0.093144015
10,2024-05-24 00:00:00,2024,5,8.55e-05
10,2024-05-25 00:00:00,2024,5,1.517897222
10,2024-05-27 00:00:00,2024,5,0.0
10,2024-06-01 00:00:00,2024,6,17.49805055
10,2024-06-11 00:00:00,2024,6,7.03e-05
10,2024-06-15 00:00:00,2024,6,6.35083552
10,2024-06-23 00:00:00,2024,6,1.210685692
10,2024-06-24 00:00:00,2024,6,0.013844142
10,2024-06-25 00:00:00,2024,6,0.370141035
10,2024-06-30 00:00:00,2024,6,0.656866308
10,2024-07-02 00:00:00,2024,7,0.187417579
10,2024-08-02 00:00:00,2024,8,3.568756449
10,2024-08-03 00:00:00,2024,8,2.287469986
10,2024-08-20 00:00:00,2024,8,2.397272788
12,2024-12-07 00:00:00,2024,12,1.77e-06
12,2024-12-08 00:00:00,2024,12,0.446620146
12,2024-12-09 00:00:00,2024,12,0.392212024
12,2024-12-14 00:00:00,2024,12,0.0
12,2024-12-15 00:00:00,2024,12,0.00378072
12,2024-12-18 00:00:00,2024,12,2.573511644
12,2024-12-23 00:00:00,2024,12,0.005204041
12,2024-12-25 00:00:00,2024,12,15.34274646
13,2024-01-10 00:00:00,2024,1,0.056092197
13,2024-01-16 00:00:00,2024,1,0.0
13,2024-01-19 00:00:00,2024,1,0.0
13,2024-01-22 00:00:00,2024,1,0.0
13,2024-02-08 00:00:00,2024,2,0.0
13,2024-02-12 00:00:00,2024,2,0.0
13,2024-02-14 00:00:00,2024,2,1.24e-05
13,2024-02-19 00:00:00,2024,2,0.0
13,2024-02-25 00:00:00,2024,2,0.00017494
13,2024-02-26 00:00:00,2024,2,0.0
13,2024-03-05 00:00:00,2024,3,0.0
13,2024-03-16 00:00:00,2024,3,0.002304848
13,2024-03-17 00:00:00,2024,3,0.000254635
13,2024-03-18 00:00:00,2024,3,0.001588382
13,2024-03-29 00:00:00,2024,3,0.15391108
13,2024-04-11 00:00:00,2024,4,0.036410513
13,2024-04-12 00:00:00,2024,4,0.007506631
13,2024-04-16 00:00:00,2024,4,0.0
13,2024-04-20 00:00:00,2024,4,0.003006628
13,2024-04-22 00:00:00,2024,4,0.424679445
13,2024-05-01 00:00:00,2024,5,0.0
13,2024-05-03 00:00:00,2024,5,0.0
13,2024-05-07 00:00:00,2024,5,0.007647076
13,2024-05-08 00:00:00,2024,5,17.34696822
13,2024-05-10 00:00:00,2024,5,7.098411668
13,2024-05-11 00:00:00,2024,5,7.110425711
13,2024-05-17 00:00:00,2024,5,3.123455181
13,2024-05-21 00:00:00,2024,5,1.599161871
13,2024-05-27 00:00:00,2024,5,0.0
13,2024-05-28 00:00:00,2024,5,0.0
13,2024-05-29 00:00:00,2024,5,0.0
13,2024-05-30 00:00:00,2024,5,0.0
13,2024-06-06 00:00:00,2024,6,35.22867581
13,2024-06-12 00:00:00,2024,6,0.221841705
13,2024-06-13 00:00:00,2024,6,0.034587865
13,2024-06-15 00:00:00,2024,6,5.938107896
13,2024-06-21 00:00:00,2024,6,0.382624776
13,2024-06-24 00:00:00,2024,6,5.469899619
13,2024-06-26 00:00:00,2024,6,0.435710492
13,2024-06-30 00:00:00,2024,6,29.75544945
13,2024-07-03 00:00:00,2024,7,4.32839591
13,2024-07-09 00:00:00,2024,7,4.624639669
13,2024-07-29 00:00:00,2024,7,4.616867041
13,2024-07-30 00:00:00,2024,7,13.24086155
13,2024-08-03 00:00:00,2024,8,5.627898206
13,2024-08-04 00:00:00,2024,8,14.88110765
13,2024-08-09 00:00:00,2024,8,6.344425028
13,2024-09-02 00:00:00,2024,9,1.173686264
13,2024-09-08 00:00:00,2024,9,0.387705593
13,2024-09-10 00:00:00,2024,9,4.971818588
13,2024-09-11 00:00:00,2024,9,0.38615331
13,2024-09-13 00:00:00,2024,9,0.9686657
13,2024-09-17 00:00:00,2024,9,0.860872828
13,2024-09-19 00:00:00,2024,9,0.463209456
13,2024-09-29 00:00:00,2024,9,3.187131631
13,2024-09-30 00:00:00,2024,9,2.923597913
13,2024-10-08 00:00:00,2024,10,7.177495581
13,2024-10-11 00:00:00,2024,10,14.19495127
13,2024-10-13 00:00:00,2024,10,4.578308085
13,2024-10-24 00:00:00,2024,10,0.039862537
13,2024-10-29 00:00:00,2024,10,0.049484093
13,2024-11-05 00:00:00,2024,11,0.001503557
13,2024-11-06 00:00:00,2024,11,0.047464771
13,2024-11-10 00:00:00,2024,11,0.59204713
13,2024-11-15 00:00:00,2024,11,0.172357538
13,2024-11-18 00:00:00,2024,11,0.0
13,2024-11-28 00:00:00,2024,11,0.0
13,2024-11-29 00:00:00,2024,11,0.019150313
13,2024-11-30 00:00:00,2024,11,1.474109668
13,2024-12-13 00:00:00,2024,12,0.186526043
13,2024-12-15 00:00:00,2024,12,0.018664246
13,2024-12-23 00:00:00,2024,12,0.0
13,2024-12-24 00:00:00,2024,12,2.024916706
5,2024-01-10 00:00:00,2024,1,1.54e-05
5,2024-01-12 00:00:00,2024,1,0.0
5,2024-01-21 00:00:00,2024,1,0.0
5,2024-01-31 00:00:00,2024,1,0.0
5,2024-02-08 00:00:00,2024,2,0.0
5,2024-02-11 00:00:00,2024,2,0.000562743
5,2024-02-20 00:00:00,2024,2,0.0
5,2024-02-21 00:00:00,2024,2,0.003808466
5,2024-02-23 00:00:00,2024,2,0.002255146
5,2024-02-25 00:00:00,2024,2,0.0
5,2024-02-28 00:00:00,2024,2,0.0
5,2024-03-05 00:00:00,2024,3,0.0
5,2024-03-10 00:00:00,2024,3,0.0
5,2024-03-15 00:00:00,2024,3,0.0
5,2024-03-19 00:00:00,2024,3,0.0
5,2024-03-28 00:00:00,2024,3,0.0
5,2024-04-07 00:00:00,2024,4,0.003142807
5,2024-04-08 00:00:00,2024,4,0.000402802
5,2024-04-09 00:00:00,2024,4,0.0
5,2024-04-20 00:00:00,2024,4,0.023375248
5,2024-04-21 00:00:00,2024,4,0.071676431
5,2024-04-22 00:00:00,2024,4,0.002963313
5,2024-04-26 00:00:00,2024,4,0.0
5,2024-04-27 00:00:00,2024,4,0.0
5,2024-05-02 00:00:00,2024,5,0.0002681
5,2024-05-05 00:00:00,2024,5,0.003489225
5,2024-05-10 00:00:00,2024,5,0.85953655
5,2024-05-13 00:00:00,2024,5,0.19788774
5,2024-05-15 00:00:00,2024,5,0.096350657
5,2024-06-03 00:00:00,2024,6,6.967809388
5,2024-06-19 00:00:00,2024,6,3.29548783
5,2024-06-27 00:00:00,2024,6,1.447040713
5,2024-07-31 00:00:00,2024,7,0.072074748
5,2024-08-03 00:00:00,2024,8,0.431338816
5,2024-08-07 00:00:00,2024,8,24.36753463
5,2024-08-16 00:00:00,2024,8,8.226671664
5,2024-08-20 00:00:00,2024,8,2.513686623
5,2024-08-21 00:00:00,2024,8,3.478340888
5,2024-08-29 00:00:00,2024,8,4.943893532
5,2024-09-03 00:00:00,2024,9,1.306693815
5,2024-09-10 00:00:00,2024,9,0.069093863
5,2024-09-11 00:00:00,2024,9,0.041518828
5,2024-09-16 00:00:00,2024,9,0.029713464
5,2024-09-18 00:00:00,2024,9,0.02293202
5,2024-09-29 00:00:00,2024,9,1.092788964
5,2024-10-05 00:00:00,2024,10,9.113486933
5,2024-10-06 00:00:00,2024,10,2.394133396
5,2024-10-09 00:00:00,2024,10,0.372313776
5,2024-10-16 00:00:00,2024,10,18.55366882
5,2024-10-18 00:00:00,2024,10,12.24660105
5,2024-10-20 00:00:00,2024,10,12.29948278
5,2024-10-22 00:00:00,2024,10,9.662328699
5,2024-10-24 00:00:00,2024,10,1.82277543
5,2024-10-26 00:00:00,2024,10,0.943693301
5,2024-10-29 00:00:00,2024,10,0.034728844
5,2024-10-30 00:00:00,2024,10,0.727957204
5,2024-11-04 00:00:00,2024,11,0.458226977
5,2024-11-11 00:00:00,2024,11,0.811661003
5,2024-11-15 00:00:00,2024,11,9.801105613
5,2024-11-20 00:00:00,2024,11,0.0
5,2024-12-01 00:00:00,2024,12,15.59372639
5,2024-12-08 00:00:00,2024,12,0.143379118
5,2024-12-13 00:00:00,2024,12,15.42645302
5,2024-12-15 00:00:00,2024,12,0.0
5,2024-12-24 00:00:00,2024,12,0.0
1,2024-01-08 00:00:00,2024,1,0.003445918
1,2024-01-09 00:00:00,2024,1,0.826702352
1,2024-01-18 00:00:00,2024,1,0.0
1,2024-01-30 00:00:00,2024,1,0.0
1,2024-02-05 00:00:00,2024,2,0.0
1,2024-02-11 00:00:00,2024,2,0.000776416
1,2024-02-14 00:00:00,2024,2,7.32e-05
1,2024-02-18 00:00:00,2024,2,0.000305841
1,2024-02-23 00:00:00,2024,2,0.004660182
1,2024-02-25 00:00:00,2024,2,5.43e-05
1,2024-02-27 00:00:00,2024,2,0.0
1,2024-03-02 00:00:00,2024,3,0.0
1,2024-03-05 00:00:00,2024,3,0.00132049
1,2024-03-07 00:00:00,2024,3,0.000477435
1,2024-03-08 00:00:00,2024,3,0.0
1,2024-03-09 00:00:00,2024,3,0.0
1,2024-03-20 00:00:00,2024,3,0.0
1,2024-03-23 00:00:00,2024,3,0.0
1,2024-03-30 00:00:00,2024,3,0.0
1,2024-04-03 00:00:00,2024,4,1.49e-05
1,2024-04-04 00:00:00,2024,4,0.101621146
1,2024-04-07 00:00:00,2024,4,0.00727441
1,2024-04-13 00:00:00,2024,4,0.106443013
1,2024-04-17 00:00:00,2024,4,0.0
1,2024-04-24 00:00:00,2024,4,0.000156163
1,2024-04-25 00:00:00,2024,4,0.000562191
1,2024-05-09 00:00:00,2024,5,0.005021821
1,2024-05-12 00:00:00,2024,5,0.061322195
1,2024-05-14 00:00:00,2024,5,1.222593653
1,2024-05-19 00:00:00,2024,5,7.565627432
1,2024-05-21 00:00:00,2024,5,18.16174515
1,2024-05-22 00:00:00,2024,5,1.743026144
1,2024-05-23 00:00:00,2024,5,0.00106466
1,2024-05-30 00:00:00,2024,5,0.0
1,2024-05-31 00:00:00,2024,5,0.0
1,2024-06-03 00:00:00,2024,6,18.76818507
1,2024-06-11 00:00:00,2024,6,8.127694886
1,2024-06-28 00:00:00,2024,6,0.454982529
1,2024-06-30 00:00:00,2024,6,1.200207291
1,2024-07-02 00:00:00,2024,7,1.468958905
1,2024-07-05 00:00:00,2024,7,0.300768609
1,2024-07-08 00:00:00,2024,7,0.415491098
1,2024-07-14 00:00:00,2024,7,2.750226568
1,2024-07-17 00:00:00,2024,7,0.5130782
1,2024-07-18 00:00:00,2024,7,0.611021694
1,2024-07-21 00:00:00,2024,7,1.610437406
1,2024-07-22 00:00:00,2024,7,2.284808302
1,2024-08-11 00:00:00,2024,8,0.272542775
1,2024-08-12 00:00:00,2024,8,1.47282264
1,2024-08-14 00:00:00,2024,8,8.489387572
1,2024-08-21 00:00:00,2024,8,4.964601921
1,2024-08-23 00:00:00,2024,8,1.781437801
1,2024-09-01 00:00:00,2024,9,1.062442535
1,2024-09-02 00:00:00,2024,9,2.380343131
1,2024-09-07 00:00:00,2024,9,2.246170492
1,2024-09-09 00:00:00,2024,9,0.35964579
1,2024-09-18 00:00:00,2024,9,0.00864766
1,2024-09-21 00:00:00,2024,9,4.355701588
1,2024-09-25 00:00:00,2024,9,4.47662208
1,2024-09-28 00:00:00,2024,9,3.50380954
1,2024-10-04 00:00:00,2024,10,13.42916263
1,2024-10-07 00:00:00,2024,10,3.792190711
1,2024-10-08 00:00:00,2024,10,0.027865051
1,2024-10-14 00:00:00,2024,10,7.823073915
1,2024-10-22 00:00:00,2024,10,38.8959952
1,2024-10-28 00:00:00,2024,10,0.0
1,2024-10-29 00:00:00,2024,10,0.041255129
1,2024-10-30 00:00:00,2024,10,0.340102292
1,2024-10-31 00:00:00,2024,10,0.750378897
1,2024-11-14 00:00:00,2024,11,0.028734676
1,2024-11-16 00:00:00,2024,11,4.01939447
1,2024-11-19 00:00:00,2024,11,0.0
1,2024-11-22 00:00:00,2024,11,0.000217786
1,2024-11-23 00:00:00,2024,11,0.0
1,2024-11-27 00:00:00,2024,11,0.178097285
1,2024-11-30 00:00:00,2024,11,0.394287475
1,2024-12-02 00:00:00,2024,12,4.663144636
1,2024-12-03 00:00:00,2024,12,13.17961421
1,2024-12-05 00:00:00,2024,12,1.284823587
1,2024-12-11 00:00:00,2024,12,0.002134919
1,2024-12-13 00:00:00,2024,12,1.674477847
1,2024-12-19 00:00:00,2024,12,0.00330571
1,2024-12-20 00:00:00,2024,12,1.070758248
1,2024-12-23 00:00:00,2024,12,2.01e-06
1,2024-12-26 00:00:00,2024,12,0.226771627
1,2024-12-29 00:00:00,2024,12,0.0
2,2024-01-01 00:00:00,2024,1,0.307713621
2,2024-01-13 00:00:00,2024,1,0.0
2,2024-01-17 00:00:00,2024,1,0.0
2,2024-01-18 00:00:00,2024,1,0.0
2,2024-01-21 00:00:00,2024,1,0.0
2,2024-02-01 00:00:00,2024,2,0.0
2,2024-02-06 00:00:00,2024,2,5.38e-06
2,2024-02-08 00:00:00,2024,2,0.000363504
2,2024-02-10 00:00:00,2024,2,0.0
2,2024-02-11 00:00:00,2024,2,2.69e-06
2,2024-02-13 00:00:00,2024,2,0.0
2,2024-02-14 00:00:00,2024,2,0.0
2,2024-02-17 00:00:00,2024,2,0.0
2,2024-02-22 00:00:00,2024,2,0.0
2,2024-02-23 00:00:00,2024,2,0.0
2,2024-02-24 00:00:00,2024,2,0.0
2,2024-03-03 00:00:00,2024,3,0.0
2,2024-03-06 00:00:00,2024,3,0.0
2,2024-03-19 00:00:00,2024,3,3.65e-05
2,2024-03-20 00:00:00,2024,3,0.0
2,2024-03-29 00:00:00,2024,3,0.0
2,2024-04-04 00:00:00,2024,4,0.002802771
2,2024-04-06 00:00:00,2024,4,7.1e-06
2,2024-04-09 00:00:00,2024,4,0.0
2,2024-04-13 00:00:00,2024,4,0.060094931
2,2024-04-16 00:00:00,2024,4,0.0
2,2024-04-18 00:00:00,2024,4,2.69e-06
2,2024-04-24 00:00:00,2024,4,0.000197326
2,2024-04-25 00:00:00,2024,4,0.0
2,2024-04-29 00:00:00,2024,4,0.000842794
2,2024-05-02 00:00:00,2024,5,0.0
2,2024-05-05 00:00:00,2024,5,1.924731673
2,2024-05-09 00:00:00,2024,5,0.019939671
2,2024-05-11 00:00:00,2024,5,0.168714321
2,2024-05-15 00:00:00,2024,5,0.281743206
2,2024-05-16 00:00:00,2024,5,0.895709042
2,2024-05-22 00:00:00,2024,5,1.702959829
2,2024-05-23 00:00:00,2024,5,1.138320794
2,2024-05-28 00:00:00,2024,5,0.122447656
2,2024-05-29 00:00:00,2024,5,0.44859553
2,2024-06-03 00:00:00,2024,6,6.162096981
2,2024-06-06 00:00:00,2024,6,21.43041243
2,2024-06-20 00:00:00,2024,6,13.67497635
2,2024-06-27 00:00:00,2024,6,0.674113575
2,2024-06-29 00:00:00,2024,6,0.099042143
2,2024-07-01 00:00:00,2024,7,6.388920611
2,2024-07-13 00:00:00,2024,7,1.140289158
2,2024-07-17 00:00:00,2024,7,1.874895534
2,2024-07-18 00:00:00,2024,7,3.386718217
2,2024-07-23 00:00:00,2024,7,6.96e-05
2,2024-07-24 00:00:00,2024,7,0.710793645
2,2024-07-25 00:00:00,2024,7,0.008932931
2,2024-07-27 00:00:00,2024,7,1.79785908
2,2024-07-30 00:00:00,2024,7,8.267624047
2,2024-07-31 00:00:00,2024,7,0.04017967
2,2024-08-01 00:00:00,2024,8,1.751048167
2,2024-08-04 00:00:00,2024,8,4.5595312
2,2024-08-05 00:00:00,2024,8,5.936755562
2,2024-08-08 00:00:00,2024,8,0.586348162
2,2024-08-09 00:00:00,2024,8,3.450160682
2,2024-08-16 00:00:00,2024,8,8.500074699
2,2024-08-18 00:00:00,2024,8,5.56680934
2,2024-08-19 00:00:00,2024,8,5.961664083
2,2024-08-22 00:00:00,2024,8,2.555174343
2,2024-08-27 00:00:00,2024,8,10.01617199
2,2024-08-29 00:00:00,2024,8,2.983441823
2,2024-09-13 00:00:00,2024,9,0.24042666
2,2024-09-16 00:00:00,2024,9,0.033431747
2,2024-09-18 00:00:00,2024,9,0.157689138
2,2024-09-20 00:00:00,2024,9,1.618562865
2,2024-09-21 00:00:00,2024,9,4.505997024
2,2024-09-25 00:00:00,2024,9,6.994903251
2,2024-09-27 00:00:00,2024,9,7.17711803
2,2024-09-30 00:00:00,2024,9,0.308688241
2,2024-10-02 00:00:00,2024,10,6.608134458
2,2024-10-07 00:00:00,2024,10,6.512666399
2,2024-10-23 00:00:00,2024,10,3.557557235
2,2024-10-25 00:00:00,2024,10,0.0
2,2024-10-26 00:00:00,2024,10,0.218410081
2,2024-10-29 00:00:00,2024,10,0.003863565
2,2024-10-31 00:00:00,2024,10,2.224355589
2,2024-11-18 00:00:00,2024,11,0.400732415
2,2024-11-25 00:00:00,2024,11,0.037428656
2,2024-12-02 00:00:00,2024,12,21.72066847
2,2024-12-03 00:00:00,2024,12,19.90751941
2,2024-12-04 00:00:00,2024,12,0.909426424
2,2024-12-07 00:00:00,2024,12,0.03955418
2,2024-12-10 00:00:00,2024,12,0.0
2,2024-12-19 00:00:00,2024,12,0.903266578
2,2024-12-20 00:00:00,2024,12,1.853557211
2,2024-12-23 00:00:00,2024,12,0.0
2,2024-12-28 00:00:00,2024,12,5.740668538
2,2024-12-29 00:00:00,2024,12,0.009415758
2,2024-12-30 00:00:00,2024,12,0.0
3,2024-01-01 00:00:00,2024,1,0.0
3,2024-01-02 00:00:00,2024,1,0.0
3,2024-01-11 00:00:00,2024,1,4.69e-05
3,2024-01-16 00:00:00,2024,1,0.0
3,2024-01-21 00:00:00,2024,1,0.0
3,2024-01-27 00:00:00,2024,1,0.08743385
3,2024-02-03 00:00:00,2024,2,0.070797201
3,2024-02-09 00:00:00,2024,2,0.0
3,2024-02-12 00:00:00,2024,2,0.0
3,2024-02-16 00:00:00,2024,2,0.015678639
3,2024-02-28 00:00:00,2024,2,0.0
3,2024-03-02 00:00:00,2024,3,0.013463384
3,2024-03-03 00:00:00,2024,3,0.0
3,2024-03-05 00:00:00,2024,3,0.0
3,2024-03-07 00:00:00,2024,3,0.0
3,2024-03-10 00:00:00,2024,3,5.04e-06
3,2024-03-17 00:00:00,2024,3,0.004937087
3,2024-03-28 00:00:00,2024,3,4.88e-06
3,2024-03-29 00:00:00,2024,3,0.000107094
3,2024-04-06 00:00:00,2024,4,0.0
3,2024-04-17 00:00:00,2024,4,0.0
3,2024-04-26 00:00:00,2024,4,0.282684817
3,2024-05-11 00:00:00,2024,5,7.00515871
3,2024-05-16 00:00:00,2024,5,6.342009741
3,2024-05-17 00:00:00,2024,5,3.416781197
3,2024-05-24 00:00:00,2024,5,2.57565802
3,2024-05-29 00:00:00,2024,5,0.0
3,2024-06-04 00:00:00,2024,6,0.065199874
3,2024-06-06 00:00:00,2024,6,21.57743279
3,2024-06-14 00:00:00,2024,6,0.139807204
3,2024-06-16 00:00:00,2024,6,1.431804272
3,2024-06-18 00:00:00,2024,6,0.005909401
3,2024-06-21 00:00:00,2024,6,0.466672055
3,2024-06-29 00:00:00,2024,6,8.499372172
3,2024-07-24 00:00:00,2024,7,5.708553925
3,2024-08-02 00:00:00,2024,8,7.895227759
3,2024-08-03 00:00:00,2024,8,5.802311418
3,2024-08-04 00:00:00,2024,8,11.05937029
3,2024-08-05 00:00:00,2024,8,3.274363822
3,2024-08-08 00:00:00,2024,8,35.93628215
3,2024-08-11 00:00:00,2024,8,3.844582352
3,2024-08-15 00:00:00,2024,8,3.798406668
3,2024-08-23 00:00:00,2024,8,13.76877832
3,2024-09-01 00:00:00,2024,9,5.40961059
3,2024-09-02 00:00:00,2024,9,1.353231027
3,2024-09-07 00:00:00,2024,9,16.91482164
3,2024-09-08 00:00:00,2024,9,0.80115307
3,2024-09-12 00:00:00,2024,9,1.407392251
3,2024-09-17 00:00:00,2024,9,0.972143362
3,2024-09-18 00:00:00,2024,9,0.037485456
3,2024-09-22 00:00:00,2024,9,10.51059951
3,2024-10-04 00:00:00,2024,10,0.588699098
3,2024-10-08 00:00:00,2024,10,4.303070807
3,2024-10-14 00:00:00,2024,10,6.22284774
3,2024-10-19 00:00:00,2024,10,9.690238869
3,2024-10-27 00:00:00,2024,10,0.392350762
3,2024-10-28 00:00:00,2024,10,0.009472539
3,2024-11-06 00:00:00,2024,11,0.216644254
3,2024-11-09 00:00:00,2024,11,0.726064227
3,2024-11-12 00:00:00,2024,11,0.844683864
3,2024-11-14 00:00:00,2024,11,0.373778209
3,2024-11-24 00:00:00,2024,11,0.0
3,2024-12-02 00:00:00,2024,12,7.783359399
3,2024-12-03 00:00:00,2024,12,3.433139726
3,2024-12-08 00:00:00,2024,12,0.0
3,2024-12-09 00:00:00,2024,12,0.016278219
3,2024-12-10 00:00:00,2024,12,0.000609019
3,2024-12-12 00:00:00,2024,12,0.005660947
3,2024-12-21 00:00:00,2024,12,1.174195313
3,2024-12-24 00:00:00,2024,12,1.007442631
3,2024-12-26 00:00:00,2024,12,0.19890835
3,2024-12-28 00:00:00,2024,12,6.23e-08
4,2024-01-18 00:00:00,2024,1,0.0
4,2024-01-19 00:00:00,2024,1,1.91e-07
4,2024-01-27 00:00:00,2024,1,0.210059781
4,2024-01-29 00:00:00,2024,1,0.0
4,2024-02-01 00:00:00,2024,2,0.0
4,2024-02-02 00:00:00,2024,2,0.236020384
4,2024-02-17 00:00:00,2024,2,0.0
4,2024-02-18 00:00:00,2024,2,0.014031628
4,2024-02-23 00:00:00,2024,2,0.0
4,2024-02-24 00:00:00,2024,2,0.211756516
4,2024-03-03 00:00:00,2024,3,0.0
4,2024-03-10 00:00:00,2024,3,0.007094291
4,2024-03-24 00:00:00,2024,3,0.0
4,2024-03-29 00:00:00,2024,3,0.0
4,2024-04-04 00:00:00,2024,4,0.0
4,2024-04-14 00:00:00,2024,4,0.01696648
4,2024-04-20 00:00:00,2024,4,0.807728216
4,2024-04-22 00:00:00,2024,4,0.028927906
4,2024-04-23 00:00:00,2024,4,0.000219735
4,2024-04-28 00:00:00,2024,4,0.0
4,2024-05-04 00:00:00,2024,5,0.001180087
4,2024-05-06 00:00:00,2024,5,0.837531102
4,2024-05-08 00:00:00,2024,5,25.16373006
4,2024-05-09 00:00:00,2024,5,0.0
4,2024-05-10 00:00:00,2024,5,2.139937441
4,2024-05-12 00:00:00,2024,5,0.037763586
4,2024-05-14 00:00:00,2024,5,1.548128688
4,2024-05-27 00:00:00,2024,5,0.0
4,2024-05-28 00:00:00,2024,5,0.0
4,2024-05-29 00:00:00,2024,5,0.0
4,2024-06-01 00:00:00,2024,6,0.007895852
4,2024-06-07 00:00:00,2024,6,6.237988343
4,2024-06-14 00:00:00,2024,6,6.878329429
4,2024-06-18 00:00:00,2024,6,3.817212065
4,2024-06-23 00:00:00,2024,6,1.004091974
4,2024-07-02 00:00:00,2024,7,1.28378551
4,2024-07-04 00:00:00,2024,7,0.409594114
4,2024-07-07 00:00:00,2024,7,2.248394546
4,2024-07-08 00:00:00,2024,7,0.603424778
4,2024-07-14 00:00:00,2024,7,0.364756111
4,2024-07-15 00:00:00,2024,7,2.613759355
4,2024-07-19 00:00:00,2024,7,20.52876578
4,2024-07-20 00:00:00,2024,7,38.67179729
4,2024-07-21 00:00:00,2024,7,9.548247334
4,2024-07-29 00:00:00,2024,7,2.73948713
4,2024-07-31 00:00:00,2024,7,11.78628951
4,2024-08-01 00:00:00,2024,8,5.704836652
4,2024-08-02 00:00:00,2024,8,2.75641898
4,2024-08-04 00:00:00,2024,8,3.647981624
4,2024-08-15 00:00:00,2024,8,3.505497273
4,2024-08-23 00:00:00,2024,8,6.728311137
4,2024-09-06 00:00:00,2024,9,13.80449652
4,2024-09-14 00:00:00,2024,9,0.104851566
4,2024-09-25 00:00:00,2024,9,9.598022132
4,2024-10-11 00:00:00,2024,10,19.79018113
4,2024-10-15 00:00:00,2024,10,9.591420982
4,2024-10-16 00:00:00,2024,10,11.38327712
4,2024-10-19 00:00:00,2024,10,9.881864131
4,2024-10-20 00:00:00,2024,10,15.46328584
4,2024-10-23 00:00:00,2024,10,1.802193711
4,2024-10-28 00:00:00,2024,10,0.0
4,2024-10-30 00:00:00,2024,10,0.000736859
4,2024-11-03 00:00:00,2024,11,0.921818968
4,2024-11-13 00:00:00,2024,11,1.555297221
4,2024-11-15 00:00:00,2024,11,1.137689124
4,2024-11-16 00:00:00,2024,11,0.007261353
4,2024-11-17 00:00:00,2024,11,2.72e-08
4,2024-11-18 00:00:00,2024,11,3.75e-06
4,2024-11-20 00:00:00,2024,11,0.0
4,2024-12-01 00:00:00,2024,12,2.278809977
12,2024-08-01 00:00:00,2024,8,5.509701812
12,2024-08-04 00:00:00,2024,8,4.93482479
12,2024-08-10 00:00:00,2024,8,3.982997792
12,2024-08-11 00:00:00,2024,8,2.221417223
12,2024-08-14 00:00:00,2024,8,12.93713396
12,2024-08-15 00:00:00,2024,8,7.665510929
12,2024-08-18 00:00:00,2024,8,6.933808137
12,2024-08-19 00:00:00,2024,8,5.485569012
12,2024-08-22 00:00:00,2024,8,11.08266356
12,2024-09-12 00:00:00,2024,9,0.617829275
12,2024-09-14 00:00:00,2024,9,5.95276547
12,2024-09-16 00:00:00,2024,9,1.371649791
12,2024-09-18 00:00:00,2024,9,4.213992272
12,2024-09-23 00:00:00,2024,9,17.79615552
12,2024-09-25 00:00:00,2024,9,10.98318508
12,2024-09-28 00:00:00,2024,9,4.21244799
12,2024-10-04 00:00:00,2024,10,0.087557926
12,2024-10-12 00:00:00,2024,10,0.267769752
12,2024-10-17 00:00:00,2024,10,8.032294947
12,2024-10-28 00:00:00,2024,10,11.17178639
12,2024-10-29 00:00:00,2024,10,0.336056502
12,2024-10-31 00:00:00,2024,10,0.002148363
12,2024-11-02 00:00:00,2024,11,4.890935765
12,2024-11-03 00:00:00,2024,11,0.002504283
12,2024-11-06 00:00:00,2024,11,0.183820561
12,2024-11-11 00:00:00,2024,11,0.770107474
12,2024-11-13 00:00:00,2024,11,0.014283266
12,2024-11-16 00:00:00,2024,11,8.21e-05
12,2024-11-17 00:00:00,2024,11,0.0
12,2024-11-20 00:00:00,2024,11,0.0
12,2024-11-24 00:00:00,2024,11,0.0
12,2024-11-26 00:00:00,2024,11,0.0
12,2024-11-30 00:00:00,2024,11,7.369922571
12,2024-12-11 00:00:00,2024,12,0.010622687
12,2024-12-12 00:00:00,2024,12,0.0
12,2024-12-24 00:00:00,2024,12,2.647625233
12,2024-12-26 00:00:00,2024,12,7.462830199
12,2024-12-31 00:00:00,2024,12,0.000291766
13,2024-01-01 00:00:00,2024,1,0.0
13,2024-01-04 00:00:00,2024,1,0.0
13,2024-01-08 00:00:00,2024,1,0.000236712
13,2024-01-15 00:00:00,2024,1,0.103235611
13,2024-01-30 00:00:00,2024,1,0.0001523
13,2024-02-03 00:00:00,2024,2,0.041925159
13,2024-02-09 00:00:00,2024,2,0.0
13,2024-02-11 00:00:00,2024,2,0.0
13,2024-02-28 00:00:00,2024,2,0.0
13,2024-02-29 00:00:00,2024,2,0.0
13,2024-03-01 00:00:00,2024,3,0.001550286
13,2024-03-02 00:00:00,2024,3,0.000630136
13,2024-03-03 00:00:00,2024,3,0.0
13,2024-03-10 00:00:00,2024,3,1.2e-05
13,2024-03-11 00:00:00,2024,3,1.17694263
13,2024-03-23 00:00:00,2024,3,0.0
13,2024-03-30 00:00:00,2024,3,0.0
13,2024-04-03 00:00:00,2024,4,1.94e-06
13,2024-04-13 00:00:00,2024,4,0.014636366
13,2024-04-14 00:00:00,2024,4,0.028262878
13,2024-04-15 00:00:00,2024,4,0.0
13,2024-04-21 00:00:00,2024,4,8e-05
13,2024-04-23 00:00:00,2024,4,0.0
13,2024-04-26 00:00:00,2024,4,0.019547553
13,2024-04-29 00:00:00,2024,4,0.0
13,2024-04-30 00:00:00,2024,4,0.000419475
13,2024-05-04 00:00:00,2024,5,1.451045526
13,2024-05-05 00:00:00,2024,5,1.120882265
13,2024-05-19 00:00:00,2024,5,2.372094373
13,2024-05-22 00:00:00,2024,5,0.868680316
13,2024-06-07 00:00:00,2024,6,8.375780482
13,2024-06-10 00:00:00,2024,6,0.002529728
13,2024-06-16 00:00:00,2024,6,0.661450159
13,2024-06-17 00:00:00,2024,6,2.354254318
13,2024-06-20 00:00:00,2024,6,7.663043061
13,2024-06-23 00:00:00,2024,6,47.15044835
13,2024-06-28 00:00:00,2024,6,12.40701355
13,2024-06-29 00:00:00,2024,6,10.55620333
13,2024-07-01 00:00:00,2024,7,11.42212046
13,2024-07-06 00:00:00,2024,7,14.23958215
13,2024-07-08 00:00:00,2024,7,2.675034676
13,2024-07-16 00:00:00,2024,7,1.22666994
13,2024-07-17 00:00:00,2024,7,6.218872897
13,2024-07-20 00:00:00,2024,7,52.88077686
13,2024-07-25 00:00:00,2024,7,0.033693919
13,2024-08-08 00:00:00,2024,8,37.69659968
13,2024-08-10 00:00:00,2024,8,6.877604433
13,2024-08-13 00:00:00,2024,8,0.75414644
13,2024-08-17 00:00:00,2024,8,4.031661165
13,2024-08-18 00:00:00,2024,8,4.182974849
13,2024-08-21 00:00:00,2024,8,7.391134285
13,2024-08-28 00:00:00,2024,8,10.69703942
13,2024-08-30 00:00:00,2024,8,49.344171
13,2024-09-03 00:00:00,2024,9,9.357402555
13,2024-09-07 00:00:00,2024,9,17.42167296
13,2024-09-21 00:00:00,2024,9,8.456859707
13,2024-09-23 00:00:00,2024,9,16.2913688
13,2024-09-24 00:00:00,2024,9,17.99849408
13,2024-09-28 00:00:00,2024,9,8.882471929
13,2024-10-02 00:00:00,2024,10,6.552370767
13,2024-10-03 00:00:00,2024,10,1.299901036
13,2024-10-07 00:00:00,2024,10,7.537830963
13,2024-10-10 00:00:00,2024,10,9.596827036
13,2024-10-20 00:00:00,2024,10,8.192861635
13,2024-10-23 00:00:00,2024,10,3.75090173
13,2024-10-31 00:00:00,2024,10,6.200997221
13,2024-11-03 00:00:00,2024,11,0.830771149
13,2024-11-04 00:00:00,2024,11,0.604307144
13,2024-11-17 00:00:00,2024,11,0.0
13,2024-11-21 00:00:00,2024,11,0.0
13,2024-11-23 00:00:00,2024,11,0.0
13,2024-12-06 00:00:00,2024,12,0.008305522
13,2024-12-22 00:00:00,2024,12,0.0
13,2024-12-27 00:00:00,2024,12,3.6e-05
13,2024-12-31 00:00:00,2024,12,0.001211003
5,2024-01-11 00:00:00,2024,1,0.000591111
5,2024-01-16 00:00:00,2024,1,0.0
5,2024-01-18 00:00:00,2024,1,0.0
5,2024-01-20 00:00:00,2024,1,0.010853433
5,2024-01-28 00:00:00,2024,1,0.0
5,2024-02-05 00:00:00,2024,2,0.0
5,2024-02-10 00:00:00,2024,2,0.0
5,2024-02-26 00:00:00,2024,2,0.0
5,2024-02-27 00:00:00,2024,2,0.0
5,2024-03-07 00:00:00,2024,3,0.000704787
5,2024-03-13 00:00:00,2024,3,0.0
5,2024-03-14 00:00:00,2024,3,0.034848349
5,2024-03-16 00:00:00,2024,3,0.0
5,2024-03-18 00:00:00,2024,3,0.0
5,2024-04-01 00:00:00,2024,4,0.067504963
5,2024-04-10 00:00:00,2024,4,0.0
5,2024-04-12 00:00:00,2024,4,0.146783055
5,2024-04-15 00:00:00,2024,4,0.0
5,2024-04-16 00:00:00,2024,4,0.0
5,2024-04-17 00:00:00,2024,4,0.0
5,2024-04-19 00:00:00,2024,4,0.010400685
5,2024-04-25 00:00:00,2024,4,0.0
5,2024-05-01 00:00:00,2024,5,0.002037464
5,2024-05-09 00:00:00,2024,5,0.002109864
5,2024-05-12 00:00:00,2024,5,0.197950741
5,2024-05-14 00:00:00,2024,5,3.792541726
5,2024-05-16 00:00:00,2024,5,0.037778838
5,2024-05-21 00:00:00,2024,5,3.467244381
5,2024-05-27 00:00:00,2024,5,0.091319571
5,2024-05-29 00:00:00,2024,5,0.075260407
5,2024-06-01 00:00:00,2024,6,0.0
5,2024-06-07 00:00:00,2024,6,6.280433135
5,2024-06-09 00:00:00,2024,6,5.918904469
5,2024-06-10 00:00:00,2024,6,2.173550693
5,2024-06-14 00:00:00,2024,6,1.781521127
5,2024-06-17 00:00:00,2024,6,0.008818889
5,2024-06-22 00:00:00,2024,6,0.797161072
5,2024-06-23 00:00:00,2024,6,2.899003715
5,2024-06-28 00:00:00,2024,6,0.889800799
5,2024-06-29 00:00:00,2024,6,0.614759318
5,2024-06-30 00:00:00,2024,6,2.132626175
5,2024-07-07 00:00:00,2024,7,2.348019629
5,2024-07-08 00:00:00,2024,7,1.848675208
5,2024-07-15 00:00:00,2024,7,6.914077872
5,2024-07-16 00:00:00,2024,7,1.085060799
5,2024-07-20 00:00:00,2024,7,11.00277457
5,2024-07-21 00:00:00,2024,7,1.366642177
5,2024-07-29 00:00:00,2024,7,0.019590741
5,2024-08-01 00:00:00,2024,8,0.448481425
5,2024-08-02 00:00:00,2024,8,0.440790768
5,2024-08-04 00:00:00,2024,8,1.721328619
5,2024-08-06 00:00:00,2024,8,0.543854685
5,2024-08-08 00:00:00,2024,8,2.031943484
5,2024-08-11 00:00:00,2024,8,0.477206761
5,2024-08-19 00:00:00,2024,8,2.588126923
5,2024-08-25 00:00:00,2024,8,0.127592181
5,2024-08-30 00:00:00,2024,8,16.56976094
5,2024-09-02 00:00:00,2024,9,1.671526502
5,2024-09-05 00:00:00,2024,9,2.420765134
5,2024-09-14 00:00:00,2024,9,0.030348117
5,2024-09-15 00:00:00,2024,9,0.0
5,2024-09-23 00:00:00,2024,9,14.77830041
5,2024-09-26 00:00:00,2024,9,5.494064972
5,2024-10-04 00:00:00,2024,10,9.554113757
5,2024-10-17 00:00:00,2024,10,10.52340771
5,2024-10-25 00:00:00,2024,10,0.0
5,2024-10-28 00:00:00,2024,10,0.0
5,2024-11-01 00:00:00,2024,11,0.022943251
5,2024-11-08 00:00:00,2024,11,3.9252799
5,2024-11-09 00:00:00,2024,11,1.369056968
5,2024-11-12 00:00:00,2024,11,0.69546957
5,2024-11-18 00:00:00,2024,11,1.510104344
5,2024-12-14 00:00:00,2024,12,0.178238478
5,2024-12-17 00:00:00,2024,12,0.001251536
7,2024-05-18 00:00:00,2024,5,10.80966045
7,2024-05-21 00:00:00,2024,5,2.018402225
7,2024-05-24 00:00:00,2024,5,0.102542185
7,2024-05-26 00:00:00,2024,5,0.139175197
7,2024-05-30 00:00:00,2024,5,0.0
7,2024-05-31 00:00:00,2024,5,0.0
7,2024-06-06 00:00:00,2024,6,15.15140839
7,2024-06-10 00:00:00,2024,6,3.008908248
7,2024-06-17 00:00:00,2024,6,0.005005478
7,2024-06-23 00:00:00,2024,6,0.74006108
7,2024-06-29 00:00:00,2024,6,0.200946483
7,2024-06-30 00:00:00,2024,6,1.310258506
7,2024-07-05 00:00:00,2024,7,0.137034121
7,2024-07-06 00:00:00,2024,7,2.306707903
7,2024-07-07 00:00:00,2024,7,0.799219829
7,2024-07-09 00:00:00,2024,7,11.72129557
7,2024-07-15 00:00:00,2024,7,6.510613197
7,2024-07-16 00:00:00,2024,7,6.604418216
7,2024-07-18 00:00:00,2024,7,0.576971685
7,2024-07-29 00:00:00,2024,7,0.133059953
7,2024-08-07 00:00:00,2024,8,22.81650194
7,2024-08-12 00:00:00,2024,8,3.123331956
7,2024-08-18 00:00:00,2024,8,2.965991089
7,2024-08-19 00:00:00,2024,8,2.292205945
7,2024-08-21 00:00:00,2024,8,8.602623702
7,2024-08-28 00:00:00,2024,8,0.242425138
7,2024-09-06 00:00:00,2024,9,4.405616831
7,2024-09-07 00:00:00,2024,9,2.166251246
7,2024-09-24 00:00:00,2024,9,7.671731113
7,2024-09-30 00:00:00,2024,9,0.835248242
7,2024-10-08 00:00:00,2024,10,0.081553318
7,2024-10-09 00:00:00,2024,10,0.4696714
7,2024-10-23 00:00:00,2024,10,1.774414897
7,2024-10-28 00:00:00,2024,10,0.0
7,2024-10-30 00:00:00,2024,10,0.00016929
7,2024-11-05 00:00:00,2024,11,0.0
7,2024-11-07 00:00:00,2024,11,0.634274812
7,2024-11-09 00:00:00,2024,11,0.298943304
7,2024-11-10 00:00:00,2024,11,0.223657545
7,2024-11-23 00:00:00,2024,11,0.0
7,2024-11-25 00:00:00,2024,11,0.041634382
7,2024-11-26 00:00:00,2024,11,0.011506135
7,2024-11-28 00:00:00,2024,11,0.0
7,2024-12-02 00:00:00,2024,12,0.695859405
7,2024-12-04 00:00:00,2024,12,2.661986908
7,2024-12-06 00:00:00,2024,12,2.565174518
7,2024-12-07 00:00:00,2024,12,0.272288613
7,2024-12-09 00:00:00,2024,12,0.016758985
7,2024-12-14 00:00:00,2024,12,0.0
7,2024-12-16 00:00:00,2024,12,0.000538268
7,2024-12-29 00:00:00,2024,12,0.0
9,2024-01-01 00:00:00,2024,1,0.040416137
9,2024-01-04 00:00:00,2024,1,0.020546184
9,2024-01-06 00:00:00,2024,1,0.0
9,2024-01-07 00:00:00,2024,1,0.0
9,2024-01-08 00:00:00,2024,1,0.009434751
9,2024-01-19 00:00:00,2024,1,0.0
9,2024-01-22 00:00:00,2024,1,0.0
9,2024-01-30 00:00:00,2024,1,0.0
9,2024-01-31 00:00:00,2024,1,0.0
9,2024-02-10 00:00:00,2024,2,0.0
9,2024-02-11 00:00:00,2024,2,0.0
9,2024-02-15 00:00:00,2024,2,0.0
9,2024-03-09 00:00:00,2024,3,0.0
9,2024-03-11 00:00:00,2024,3,0.0
9,2024-03-17 00:00:00,2024,3,0.0
9,2024-03-23 00:00:00,2024,3,0.0
9,2024-03-25 00:00:00,2024,3,0.0
9,2024-04-05 00:00:00,2024,4,0.0
9,2024-04-09 00:00:00,2024,4,0.0
9,2024-04-17 00:00:00,2024,4,0.0
9,2024-04-19 00:00:00,2024,4,0.016650205
9,2024-04-22 00:00:00,2024,4,0.0156299
9,2024-04-28 00:00:00,2024,4,0.0
9,2024-05-07 00:00:00,2024,5,3.332285848
9,2024-05-14 00:00:00,2024,5,4.808512203
9,2024-05-20 00:00:00,2024,5,1.421620463
9,2024-05-27 00:00:00,2024,5,0.0
9,2024-06-07 00:00:00,2024,6,5.797073519
9,2024-06-10 00:00:00,2024,6,2.847063681
9,2024-06-12 00:00:00,2024,6,3.847928492
9,2024-06-17 00:00:00,2024,6,0.038675354
9,2024-06-24 00:00:00,2024,6,0.238245421
9,2024-06-28 00:00:00,2024,6,9.602963888
9,2024-07-01 00:00:00,2024,7,21.57448396
9,2024-07-22 00:00:00,2024,7,7.891756113
9,2024-07-24 00:00:00,2024,7,1.625232035
9,2024-07-28 00:00:00,2024,7,0.426145342
9,2024-07-29 00:00:00,2024,7,0.119701336
9,2024-08-03 00:00:00,2024,8,0.59853421
9,2024-08-07 00:00:00,2024,8,10.46008353
9,2024-08-14 00:00:00,2024,8,1.729973839
9,2024-08-21 00:00:00,2024,8,9.617966837
9,2024-08-23 00:00:00,2024,8,4.432965586
9,2024-08-26 00:00:00,2024,8,0.532009478
9,2024-08-29 00:00:00,2024,8,9.484903308
9,2024-08-31 00:00:00,2024,8,62.06842182
9,2024-09-05 00:00:00,2024,9,4.754504054
9,2024-09-07 00:00:00,2024,9,3.734451594
9,2024-09-10 00:00:00,2024,9,0.355098383
9,2024-09-23 00:00:00,2024,9,17.2298837
9,2024-09-30 00:00:00,2024,9,0.469306172
9,2024-10-01 00:00:00,2024,10,0.119513279
9,2024-10-04 00:00:00,2024,10,3.281429474
9,2024-10-10 00:00:00,2024,10,4.498371555
9,2024-10-24 00:00:00,2024,10,0.044385076
9,2024-10-26 00:00:00,2024,10,0.994531904
9,2024-11-04 00:00:00,2024,11,0.095946896
9,2024-11-09 00:00:00,2024,11,1.589026382
9,2024-11-14 00:00:00,2024,11,10.40193826
9,2024-12-11 00:00:00,2024,12,0.013268113
9,2024-12-13 00:00:00,2024,12,0.333603063
9,2024-12-21 00:00:00,2024,12,0.012773403
9,2024-12-22 00:00:00,2024,12,0.390075737
9,2024-12-26 00:00:00,2024,12,2.797204506
9,2024-12-27 00:00:00,2024,12,9.993460987
9,2024-12-29 00:00:00,2024,12,0.0
8,2024-01-02 00:00:00,2024,1,0.0
8,2024-01-04 00:00:00,2024,1,0.367561114
8,2024-01-05 00:00:00,2024,1,0.207687039
8,2024-01-13 00:00:00,2024,1,0.0
8,2024-01-18 00:00:00,2024,1,0.0
8,2024-01-20 00:00:00,2024,1,0.0
8,2024-01-27 00:00:00,2024,1,0.585571801
8,2024-01-30 00:00:00,2024,1,0.012375767
8,2024-02-01 00:00:00,2024,2,0.0
8,2024-02-07 00:00:00,2024,2,0.0
8,2024-02-09 00:00:00,2024,2,0.0
8,2024-02-11 00:00:00,2024,2,0.0
8,2024-02-15 00:00:00,2024,2,0.0
8,2024-02-21 00:00:00,2024,2,0.000115391
8,2024-03-04 00:00:00,2024,3,0.0
8,2024-03-05 00:00:00,2024,3,0.0
8,2024-03-07 00:00:00,2024,3,0.0
8,2024-03-15 00:00:00,2024,3,0.0
8,2024-03-16 00:00:00,2024,3,0.0
8,2024-03-26 00:00:00,2024,3,0.0
8,2024-04-01 00:00:00,2024,4,0.019737474
8,2024-04-02 00:00:00,2024,4,0.0
8,2024-04-05 00:00:00,2024,4,0.0
8,2024-04-06 00:00:00,2024,4,0.0
8,2024-04-28 00:00:00,2024,4,0.0
8,2024-05-07 00:00:00,2024,5,4.165441667
8,2024-05-15 00:00:00,2024,5,0.527311479
8,2024-05-20 00:00:00,2024,5,0.119914104
8,2024-05-24 00:00:00,2024,5,0.000115391
8,2024-05-27 00:00:00,2024,5,0.090653577
8,2024-05-29 00:00:00,2024,5,0.0
8,2024-06-06 00:00:00,2024,6,9.594888592
8,2024-06-14 00:00:00,2024,6,0.046067609
8,2024-06-22 00:00:00,2024,6,0.256036052
8,2024-06-25 00:00:00,2024,6,1.591239882
8,2024-07-04 00:00:00,2024,7,5.354415331
8,2024-07-22 00:00:00,2024,7,4.150252057
8,2024-07-25 00:00:00,2024,7,0.00611335
8,2024-07-27 00:00:00,2024,7,1.328725898
8,2024-08-02 00:00:00,2024,8,1.261586894
8,2024-08-03 00:00:00,2024,8,0.909203196
8,2024-08-06 00:00:00,2024,8,1.261646517
8,2024-08-08 00:00:00,2024,8,1.355141649
8,2024-08-10 00:00:00,2024,8,1.018621163
8,2024-08-27 00:00:00,2024,8,4.498190854
8,2024-09-03 00:00:00,2024,9,2.155180055
8,2024-09-07 00:00:00,2024,9,3.544813476
8,2024-09-08 00:00:00,2024,9,0.095767555
8,2024-09-12 00:00:00,2024,9,0.025768261
8,2024-09-18 00:00:00,2024,9,0.04270666
8,2024-09-19 00:00:00,2024,9,0.083833879
8,2024-09-24 00:00:00,2024,9,7.807558857
8,2024-09-30 00:00:00,2024,9,0.218054173
8,2024-10-04 00:00:00,2024,10,4.216478138
8,2024-10-09 00:00:00,2024,10,1.57938199
8,2024-10-18 00:00:00,2024,10,14.65726857
8,2024-10-24 00:00:00,2024,10,0.256798878
8,2024-10-28 00:00:00,2024,10,0.0
8,2024-11-01 00:00:00,2024,11,0.130407435
8,2024-11-02 00:00:00,2024,11,2.362625173
8,2024-11-06 00:00:00,2024,11,1.06819684
8,2024-11-07 00:00:00,2024,11,7.709249042
8,2024-11-19 00:00:00,2024,11,0.0
8,2024-11-21 00:00:00,2024,11,0.0
8,2024-11-27 00:00:00,2024,11,2.936098983
8,2024-11-28 00:00:00,2024,11,0.167146551
8,2024-11-30 00:00:00,2024,11,20.09948745
8,2024-12-04 00:00:00,2024,12,5.859768456
8,2024-12-05 00:00:00,2024,12,13.44760115
8,2024-12-12 00:00:00,2024,12,8.075487842
8,2024-12-17 00:00:00,2024,12,0.166880067
8,2024-12-18 00:00:00,2024,12,0.290246022
8,2024-12-21 00:00:00,2024,12,0.556432476
10,2024-01-01 00:00:00,2024,1,0.0
10,2024-01-08 00:00:00,2024,1,0.0
10,2024-01-10 00:00:00,2024,1,0.0
10,2024-01-11 00:00:00,2024,1,0.0
10,2024-01-16 00:00:00,2024,1,0.000694906
10,2024-01-17 00:00:00,2024,1,0.0
10,2024-01-20 00:00:00,2024,1,0.0
10,2024-01-22 00:00:00,2024,1,0.000744667
10,2024-01-28 00:00:00,2024,1,0.0
10,2024-02-07 00:00:00,2024,2,0.0
10,2024-02-08 00:00:00,2024,2,0.060154394
10,2024-02-09 00:00:00,2024,2,0.000173954
10,2024-02-16 00:00:00,2024,2,0.00014369
10,2024-02-19 00:00:00,2024,2,0.0
10,2024-02-21 00:00:00,2024,2,0.0
10,2024-02-23 00:00:00,2024,2,0.0
10,2024-02-28 00:00:00,2024,2,4.35e-05
10,2024-02-29 00:00:00,2024,2,0.052261676
10,2024-03-01 00:00:00,2024,3,0.0
10,2024-03-03 00:00:00,2024,3,0.0
10,2024-03-09 00:00:00,2024,3,1.606091569
10,2024-03-10 00:00:00,2024,3,0.111065132
10,2024-03-13 00:00:00,2024,3,6.95e-05
10,2024-03-23 00:00:00,2024,3,0.0
10,2024-03-25 00:00:00,2024,3,4.35e-05
10,2024-04-05 00:00:00,2024,4,0.023921694
10,2024-04-06 00:00:00,2024,4,1.28e-05
10,2024-04-10 00:00:00,2024,4,0.0
10,2024-04-11 00:00:00,2024,4,0.0
10,2024-04-13 00:00:00,2024,4,0.062603316
10,2024-04-19 00:00:00,2024,4,0.0
10,2024-04-27 00:00:00,2024,4,0.151376313
10,2024-04-28 00:00:00,2024,4,0.00494095
10,2024-04-29 00:00:00,2024,4,1.54975142
10,2024-04-30 00:00:00,2024,4,0.805117666
10,2024-05-06 00:00:00,2024,5,0.0
10,2024-05-14 00:00:00,2024,5,1.196946378
10,2024-05-20 00:00:00,2024,5,7.593417879
10,2024-05-31 00:00:00,2024,5,0.006117415
10,2024-06-12 00:00:00,2024,6,0.049150978
10,2024-06-17 00:00:00,2024,6,8.507283251
10,2024-06-19 00:00:00,2024,6,0.29152454
10,2024-07-14 00:00:00,2024,7,2.991603241
10,2024-07-18 00:00:00,2024,7,7.974028023
10,2024-07-20 00:00:00,2024,7,32.53648853
10,2024-07-24 00:00:00,2024,7,5.276096383
10,2024-07-26 00:00:00,2024,7,4.287481154
10,2024-07-31 00:00:00,2024,7,0.406536858
10,2024-08-08 00:00:00,2024,8,1.318530299
10,2024-08-11 00:00:00,2024,8,0.090814093
10,2024-08-16 00:00:00,2024,8,3.391193626
10,2024-08-17 00:00:00,2024,8,4.447614194
10,2024-08-19 00:00:00,2024,8,2.62471302
10,2024-08-21 00:00:00,2024,8,5.272624765
2,2024-02-28 00:00:00,2024,2,0.0
2,2024-03-05 00:00:00,2024,3,0.0
2,2024-03-11 00:00:00,2024,3,0.0
2,2024-03-13 00:00:00,2024,3,0.0
2,2024-03-28 00:00:00,2024,3,0.0
2,2024-03-30 00:00:00,2024,3,0.0
2,2024-04-05 00:00:00,2024,4,0.0
2,2024-04-07 00:00:00,2024,4,0.0
2,2024-04-10 00:00:00,2024,4,0.0
2,2024-04-11 00:00:00,2024,4,0.024552351
2,2024-04-19 00:00:00,2024,4,0.002265715
2,2024-04-27 00:00:00,2024,4,0.0
2,2024-05-06 00:00:00,2024,5,0.00252433
2,2024-05-14 00:00:00,2024,5,4.394007906
2,2024-05-19 00:00:00,2024,5,15.12022021
2,2024-05-27 00:00:00,2024,5,0.424112866
2,2024-06-01 00:00:00,2024,6,0.044831233
2,2024-06-08 00:00:00,2024,6,13.63261197
2,2024-06-09 00:00:00,2024,6,0.869582667
2,2024-06-13 00:00:00,2024,6,8.178222065
2,2024-06-16 00:00:00,2024,6,0.070008248
2,2024-06-17 00:00:00,2024,6,3.033718008
2,2024-06-23 00:00:00,2024,6,0.348887407
2,2024-07-05 00:00:00,2024,7,2.05481173
2,2024-07-07 00:00:00,2024,7,2.169568291
2,2024-07-14 00:00:00,2024,7,1.872142515
2,2024-08-14 00:00:00,2024,8,2.592219118
2,2024-08-26 00:00:00,2024,8,1.307627256
2,2024-08-28 00:00:00,2024,8,1.643075651
2,2024-09-11 00:00:00,2024,9,0.086886404
2,2024-09-12 00:00:00,2024,9,0.050264483
2,2024-09-14 00:00:00,2024,9,0.033780866
2,2024-09-19 00:00:00,2024,9,0.052312651
2,2024-09-22 00:00:00,2024,9,8.401340111
2,2024-10-03 00:00:00,2024,10,14.94587863
2,2024-10-04 00:00:00,2024,10,13.33644084
2,2024-10-05 00:00:00,2024,10,13.66915211
2,2024-10-06 00:00:00,2024,10,4.510362789
2,2024-10-08 00:00:00,2024,10,4.116046276
2,2024-10-11 00:00:00,2024,10,1.02899245
2,2024-10-15 00:00:00,2024,10,22.54423787
2,2024-10-20 00:00:00,2024,10,9.136294981
2,2024-10-22 00:00:00,2024,10,7.613492411
2,2024-10-24 00:00:00,2024,10,6.345738755
2,2024-10-28 00:00:00,2024,10,0.116239372
2,2024-10-30 00:00:00,2024,10,1.643903072
2,2024-11-02 00:00:00,2024,11,8.211857863
2,2024-11-03 00:00:00,2024,11,1.676368016
2,2024-11-04 00:00:00,2024,11,3.228794323
2,2024-11-05 00:00:00,2024,11,0.772594799
2,2024-11-06 00:00:00,2024,11,0.307282662
2,2024-11-19 00:00:00,2024,11,0.0
2,2024-11-24 00:00:00,2024,11,0.003272408
2,2024-11-26 00:00:00,2024,11,0.201044589
2,2024-11-28 00:00:00,2024,11,0.054516528
2,2024-12-08 00:00:00,2024,12,0.060348944
2,2024-12-22 00:00:00,2024,12,0.233204518
3,2024-01-03 00:00:00,2024,1,0.0
3,2024-01-07 00:00:00,2024,1,0.0
3,2024-01-08 00:00:00,2024,1,0.00038438
3,2024-01-10 00:00:00,2024,1,0.00624619
3,2024-01-12 00:00:00,2024,1,0.0
3,2024-01-17 00:00:00,2024,1,0.0
3,2024-01-18 00:00:00,2024,1,0.0
3,2024-01-19 00:00:00,2024,1,0.0
3,2024-01-20 00:00:00,2024,1,0.006768171
3,2024-01-22 00:00:00,2024,1,0.0
3,2024-01-28 00:00:00,2024,1,0.0
3,2024-02-01 00:00:00,2024,2,0.002839523
3,2024-02-02 00:00:00,2024,2,0.269144671
3,2024-02-04 00:00:00,2024,2,0.0
3,2024-02-06 00:00:00,2024,2,0.0
3,2024-02-13 00:00:00,2024,2,0.0
3,2024-02-14 00:00:00,2024,2,0.005459206
3,2024-02-15 00:00:00,2024,2,8.51e-05
3,2024-02-21 00:00:00,2024,2,0.0
3,2024-02-26 00:00:00,2024,2,0.0
3,2024-02-29 00:00:00,2024,2,0.0
3,2024-03-11 00:00:00,2024,3,0.016956185
3,2024-03-13 00:00:00,2024,3,0.0
3,2024-03-21 00:00:00,2024,3,5.319059417
3,2024-03-27 00:00:00,2024,3,0.0
3,2024-04-07 00:00:00,2024,4,0.0
3,2024-04-12 00:00:00,2024,4,0.16256163
3,2024-04-23 00:00:00,2024,4,0.044408632
3,2024-04-28 00:00:00,2024,4,0.022539617
3,2024-05-01 00:00:00,2024,5,0.001035202
3,2024-05-02 00:00:00,2024,5,0.0
3,2024-05-04 00:00:00,2024,5,0.90225169
3,2024-05-05 00:00:00,2024,5,0.11652359
3,2024-05-09 00:00:00,2024,5,0.000257404
3,2024-05-13 00:00:00,2024,5,0.620557313
3,2024-05-22 00:00:00,2024,5,3.696787649
3,2024-05-30 00:00:00,2024,5,0.0
3,2024-06-12 00:00:00,2024,6,1.31945156
3,2024-06-19 00:00:00,2024,6,6.473434771
3,2024-07-04 00:00:00,2024,7,2.160131558
3,2024-07-08 00:00:00,2024,7,3.98502288
3,2024-07-16 00:00:00,2024,7,1.141582916
3,2024-07-17 00:00:00,2024,7,12.52877406
3,2024-07-23 00:00:00,2024,7,11.96519807
3,2024-07-26 00:00:00,2024,7,3.624634462
3,2024-08-13 00:00:00,2024,8,0.394219108
3,2024-08-14 00:00:00,2024,8,4.632343996
3,2024-08-16 00:00:00,2024,8,4.956656374
3,2024-08-17 00:00:00,2024,8,5.37379757
3,2024-08-20 00:00:00,2024,8,2.82930293
3,2024-08-25 00:00:00,2024,8,15.14398626
3,2024-08-31 00:00:00,2024,8,18.92158621
3,2024-09-03 00:00:00,2024,9,7.665153501
3,2024-09-10 00:00:00,2024,9,5.263288662
3,2024-09-13 00:00:00,2024,9,0.859187653
3,2024-09-14 00:00:00,2024,9,1.100454451
3,2024-09-16 00:00:00,2024,9,0.421150535
3,2024-09-19 00:00:00,2024,9,1.410888562
3,2024-09-23 00:00:00,2024,9,16.86131727
3,2024-09-24 00:00:00,2024,9,16.09944886
3,2024-09-25 00:00:00,2024,9,16.18336974
3,2024-09-29 00:00:00,2024,9,4.948549931
3,2024-09-30 00:00:00,2024,9,3.897809773
3,2024-10-07 00:00:00,2024,10,6.868919996
3,2024-10-13 00:00:00,2024,10,3.521808909
3,2024-10-26 00:00:00,2024,10,1.982204228
3,2024-10-30 00:00:00,2024,10,1.350664918
3,2024-11-10 00:00:00,2024,11,0.775517983
3,2024-11-11 00:00:00,2024,11,0.845552368
3,2024-11-19 00:00:00,2024,11,0.000610378
3,2024-11-23 00:00:00,2024,11,0.0
3,2024-12-07 00:00:00,2024,12,0.000274403
3,2024-12-14 00:00:00,2024,12,0.018800376
4,2024-01-01 00:00:00,2024,1,0.005195026
4,2024-01-03 00:00:00,2024,1,0.0
4,2024-01-04 00:00:00,2024,1,0.0
4,2024-01-05 00:00:00,2024,1,2.26e-05
4,2024-01-31 00:00:00,2024,1,0.0
4,2024-02-05 00:00:00,2024,2,0.0
4,2024-02-06 00:00:00,2024,2,0.012756606
4,2024-02-07 00:00:00,2024,2,0.0
4,2024-02-08 00:00:00,2024,2,0.0
4,2024-02-14 00:00:00,2024,2,0.0
4,2024-03-02 00:00:00,2024,3,0.0
4,2024-03-22 00:00:00,2024,3,0.0
4,2024-03-30 00:00:00,2024,3,0.0
4,2024-04-06 00:00:00,2024,4,0.002103175
4,2024-04-07 00:00:00,2024,4,0.00033241
4,2024-04-08 00:00:00,2024,4,0.002542644
4,2024-04-09 00:00:00,2024,4,0.0
4,2024-04-16 00:00:00,2024,4,0.0
4,2024-04-24 00:00:00,2024,4,0.01235007
4,2024-04-26 00:00:00,2024,4,0.000753376
4,2024-04-27 00:00:00,2024,4,0.000596423
4,2024-05-01 00:00:00,2024,5,0.0
4,2024-05-11 00:00:00,2024,5,1.942630416
4,2024-05-13 00:00:00,2024,5,2.321350442
4,2024-05-16 00:00:00,2024,5,0.277190227
4,2024-05-21 00:00:00,2024,5,5.312554508
4,2024-05-22 00:00:00,2024,5,0.712310592
4,2024-05-23 00:00:00,2024,5,0.0
4,2024-05-24 00:00:00,2024,5,2.491403435
4,2024-05-30 00:00:00,2024,5,0.0
4,2024-06-06 00:00:00,2024,6,13.19844148
4,2024-06-08 00:00:00,2024,6,9.690908042
4,2024-06-19 00:00:00,2024,6,12.39685674
4,2024-06-22 00:00:00,2024,6,3.558249118
4,2024-06-24 00:00:00,2024,6,2.97009062
4,2024-07-01 00:00:00,2024,7,10.60670089
4,2024-07-27 00:00:00,2024,7,1.224050423
4,2024-08-05 00:00:00,2024,8,0.171090326
4,2024-08-10 00:00:00,2024,8,3.450528539
4,2024-08-12 00:00:00,2024,8,0.069106212
4,2024-08-13 00:00:00,2024,8,5.121118576
4,2024-08-16 00:00:00,2024,8,4.959646509
4,2024-08-18 00:00:00,2024,8,1.926519855
4,2024-08-24 00:00:00,2024,8,3.598348017
10,2024-08-22 00:00:00,2024,8,8.082313687
10,2024-09-06 00:00:00,2024,9,9.764124792
10,2024-09-07 00:00:00,2024,9,10.23811191
10,2024-09-16 00:00:00,2024,9,1.453362895
10,2024-09-20 00:00:00,2024,9,5.090799578
10,2024-09-28 00:00:00,2024,9,1.413627908
10,2024-09-29 00:00:00,2024,9,4.15624536
10,2024-10-12 00:00:00,2024,10,0.503893536
10,2024-10-15 00:00:00,2024,10,0.665383232
10,2024-10-19 00:00:00,2024,10,11.25446452
10,2024-10-30 00:00:00,2024,10,1.720125389
10,2024-11-11 00:00:00,2024,11,0.8032662
10,2024-11-16 00:00:00,2024,11,0.0
10,2024-11-22 00:00:00,2024,11,2.03e-06
10,2024-11-28 00:00:00,2024,11,0.0
10,2024-12-03 00:00:00,2024,12,0.304450913
10,2024-12-05 00:00:00,2024,12,0.0
10,2024-12-08 00:00:00,2024,12,0.060057413
10,2024-12-09 00:00:00,2024,12,0.02770843
10,2024-12-11 00:00:00,2024,12,0.127926832
10,2024-12-15 00:00:00,2024,12,0.000892764
10,2024-12-30 00:00:00,2024,12,0.0
11,2024-01-12 00:00:00,2024,1,0.0
11,2024-01-27 00:00:00,2024,1,0.057785538
11,2024-01-28 00:00:00,2024,1,0.0
11,2024-01-31 00:00:00,2024,1,0.0
11,2024-02-02 00:00:00,2024,2,0.608482395
11,2024-02-12 00:00:00,2024,2,0.0
11,2024-02-16 00:00:00,2024,2,0.005224044
11,2024-03-01 00:00:00,2024,3,0.006279428
11,2024-03-02 00:00:00,2024,3,0.00100722
11,2024-03-04 00:00:00,2024,3,0.0
11,2024-03-13 00:00:00,2024,3,4.04e-05
11,2024-03-18 00:00:00,2024,3,0.004583238
11,2024-03-19 00:00:00,2024,3,0.003511216
11,2024-03-20 00:00:00,2024,3,0.827082925
11,2024-03-25 00:00:00,2024,3,0.007212975
11,2024-03-28 00:00:00,2024,3,0.004872728
11,2024-04-03 00:00:00,2024,4,0.0
11,2024-04-10 00:00:00,2024,4,0.000488148
11,2024-04-11 00:00:00,2024,4,0.182489001
11,2024-04-19 00:00:00,2024,4,0.534132545
11,2024-04-22 00:00:00,2024,4,8.771121611
11,2024-04-29 00:00:00,2024,4,2.479783309
11,2024-04-30 00:00:00,2024,4,0.979663118
11,2024-05-08 00:00:00,2024,5,4.958869911
11,2024-05-22 00:00:00,2024,5,1.537859139
11,2024-05-24 00:00:00,2024,5,0.197340804
11,2024-06-08 00:00:00,2024,6,0.683936051
11,2024-06-10 00:00:00,2024,6,1.198902255
11,2024-06-16 00:00:00,2024,6,14.73898417
11,2024-06-27 00:00:00,2024,6,28.75038481
11,2024-06-28 00:00:00,2024,6,12.5188753
11,2024-07-03 00:00:00,2024,7,5.953268912
11,2024-07-18 00:00:00,2024,7,4.666777914
11,2024-07-24 00:00:00,2024,7,9.625502467
11,2024-07-26 00:00:00,2024,7,16.9742607
11,2024-07-28 00:00:00,2024,7,4.466693166
11,2024-08-08 00:00:00,2024,8,4.742110228
11,2024-08-14 00:00:00,2024,8,8.151889862
11,2024-08-15 00:00:00,2024,8,5.608831187
11,2024-08-18 00:00:00,2024,8,6.916873937
11,2024-08-22 00:00:00,2024,8,12.94599358
11,2024-08-24 00:00:00,2024,8,10.99853197
11,2024-08-25 00:00:00,2024,8,5.028323763
11,2024-08-30 00:00:00,2024,8,18.530778
11,2024-09-05 00:00:00,2024,9,20.79317982
11,2024-09-12 00:00:00,2024,9,0.487018793
11,2024-09-17 00:00:00,2024,9,1.781396516
11,2024-09-19 00:00:00,2024,9,5.71005564
11,2024-10-03 00:00:00,2024,10,0.328385886
11,2024-10-04 00:00:00,2024,10,0.386599213
11,2024-10-10 00:00:00,2024,10,0.497117361
11,2024-10-13 00:00:00,2024,10,1.42910991
11,2024-10-21 00:00:00,2024,10,6.07624605
11,2024-10-23 00:00:00,2024,10,0.059925379
11,2024-10-25 00:00:00,2024,10,1.185131143
11,2024-10-30 00:00:00,2024,10,3.580297022
11,2024-10-31 00:00:00,2024,10,0.40171678
11,2024-11-01 00:00:00,2024,11,0.078632994
11,2024-11-06 00:00:00,2024,11,0.249857733
11,2024-11-10 00:00:00,2024,11,0.547702303
11,2024-11-11 00:00:00,2024,11,0.890967373
11,2024-11-16 00:00:00,2024,11,0.001357678
11,2024-11-21 00:00:00,2024,11,0.0
11,2024-11-22 00:00:00,2024,11,0.0
11,2024-11-27 00:00:00,2024,11,0.053172915
11,2024-12-06 00:00:00,2024,12,0.812876873
11,2024-12-12 00:00:00,2024,12,0.0
11,2024-12-22 00:00:00,2024,12,0.725605507
11,2024-12-26 00:00:00,2024,12,1.801728302
11,2024-12-28 00:00:00,2024,12,0.0
12,2024-01-09 00:00:00,2024,1,0.000113832
12,2024-01-11 00:00:00,2024,1,3.85e-06
12,2024-01-16 00:00:00,2024,1,0.0
12,2024-01-19 00:00:00,2024,1,0.000287314
12,2024-01-21 00:00:00,2024,1,0.0
12,2024-01-22 00:00:00,2024,1,0.0
12,2024-02-07 00:00:00,2024,2,0.0
12,2024-02-15 00:00:00,2024,2,0.0
12,2024-02-18 00:00:00,2024,2,0.000539836
12,2024-02-27 00:00:00,2024,2,0.004874439
12,2024-03-01 00:00:00,2024,3,0.0
12,2024-03-03 00:00:00,2024,3,0.0
12,2024-03-18 00:00:00,2024,3,0.008637931
12,2024-03-20 00:00:00,2024,3,19.48877067
12,2024-03-25 00:00:00,2024,3,4.12e-05
12,2024-03-27 00:00:00,2024,3,0.00012457
12,2024-04-01 00:00:00,2024,4,0.746124086
12,2024-04-07 00:00:00,2024,4,0.001091227
12,2024-04-12 00:00:00,2024,4,0.009720139
12,2024-04-15 00:00:00,2024,4,0.0
12,2024-04-16 00:00:00,2024,4,0.0
12,2024-04-19 00:00:00,2024,4,0.001317228
12,2024-04-20 00:00:00,2024,4,0.211369206
12,2024-04-21 00:00:00,2024,4,1.191869028
12,2024-04-28 00:00:00,2024,4,0.491910794
12,2024-05-03 00:00:00,2024,5,0.125237687
12,2024-05-05 00:00:00,2024,5,0.000113832
12,2024-05-08 00:00:00,2024,5,2.685127778
12,2024-05-12 00:00:00,2024,5,0.074209518
12,2024-05-13 00:00:00,2024,5,0.720506575
12,2024-05-29 00:00:00,2024,5,0.0
12,2024-06-01 00:00:00,2024,6,24.91731981
12,2024-06-05 00:00:00,2024,6,5.075118091
12,2024-06-06 00:00:00,2024,6,13.58741666
12,2024-06-22 00:00:00,2024,6,11.02968098
12,2024-06-28 00:00:00,2024,6,17.56875768
12,2024-07-03 00:00:00,2024,7,0.299816402
12,2024-07-06 00:00:00,2024,7,9.910728139
12,2024-07-27 00:00:00,2024,7,10.98495892
12,2024-07-29 00:00:00,2024,7,0.025803223
12,2024-07-30 00:00:00,2024,7,2.540573449
1,2024-01-01 00:00:00,2024,1,0.143165298
1,2024-01-04 00:00:00,2024,1,0.016232368
1,2024-01-07 00:00:00,2024,1,0.002190768
1,2024-01-10 00:00:00,2024,1,0.001434047
1,2024-01-17 00:00:00,2024,1,0.0
1,2024-01-20 00:00:00,2024,1,0.0
1,2024-01-28 00:00:00,2024,1,0.0
1,2024-02-04 00:00:00,2024,2,0.0
1,2024-02-06 00:00:00,2024,2,0.001754248
1,2024-02-19 00:00:00,2024,2,0.0
1,2024-02-28 00:00:00,2024,2,0.0
1,2024-02-29 00:00:00,2024,2,8.98e-05
1,2024-03-10 00:00:00,2024,3,0.0
1,2024-03-12 00:00:00,2024,3,0.0012133
1,2024-03-15 00:00:00,2024,3,0.0
1,2024-03-16 00:00:00,2024,3,6.51e-05
1,2024-03-18 00:00:00,2024,3,0.0
1,2024-03-22 00:00:00,2024,3,0.0
1,2024-04-06 00:00:00,2024,4,0.006296342
1,2024-04-11 00:00:00,2024,4,0.106322851
1,2024-04-12 00:00:00,2024,4,0.114536034
1,2024-04-22 00:00:00,2024,4,7.61e-05
1,2024-04-23 00:00:00,2024,4,0.183453139
1,2024-04-27 00:00:00,2024,4,0.0
1,2024-05-02 00:00:00,2024,5,0.00029521
1,2024-05-04 00:00:00,2024,5,0.421610859
1,2024-05-06 00:00:00,2024,5,0.0
1,2024-05-15 00:00:00,2024,5,1.351952993
1,2024-05-17 00:00:00,2024,5,1.834965071
1,2024-06-02 00:00:00,2024,6,16.59802823
1,2024-06-05 00:00:00,2024,6,3.393459513
1,2024-06-06 00:00:00,2024,6,15.14799123
1,2024-06-07 00:00:00,2024,6,12.55627812
1,2024-06-10 00:00:00,2024,6,2.553735649
1,2024-06-16 00:00:00,2024,6,0.000856076
1,2024-06-18 00:00:00,2024,6,5.340484184
1,2024-06-19 00:00:00,2024,6,6.892728887
1,2024-06-22 00:00:00,2024,6,0.604812997
1,2024-07-25 00:00:00,2024,7,0.000322606
1,2024-08-03 00:00:00,2024,8,0.40858178
1,2024-08-10 00:00:00,2024,8,2.770694085
1,2024-08-17 00:00:00,2024,8,11.05659449
1,2024-08-18 00:00:00,2024,8,3.461973824
1,2024-08-22 00:00:00,2024,8,1.942003102
1,2024-08-25 00:00:00,2024,8,0.191460587
1,2024-08-31 00:00:00,2024,8,14.34084173
1,2024-09-03 00:00:00,2024,9,0.909966849
1,2024-09-13 00:00:00,2024,9,0.19581141
1,2024-09-20 00:00:00,2024,9,0.656549433
1,2024-09-22 00:00:00,2024,9,9.034046334
1,2024-09-23 00:00:00,2024,9,7.757066643
1,2024-09-26 00:00:00,2024,9,3.161652238
1,2024-10-06 00:00:00,2024,10,5.575658716
1,2024-10-11 00:00:00,2024,10,11.04065707
1,2024-10-15 00:00:00,2024,10,15.83394874
1,2024-10-16 00:00:00,2024,10,19.33700671
1,2024-10-17 00:00:00,2024,10,13.12844814
1,2024-10-19 00:00:00,2024,10,9.314747787
1,2024-10-20 00:00:00,2024,10,1.195468217
1,2024-10-25 00:00:00,2024,10,0.0
1,2024-11-01 00:00:00,2024,11,1.45473267
1,2024-11-02 00:00:00,2024,11,0.149063816
1,2024-11-13 00:00:00,2024,11,1.365796722
1,2024-11-28 00:00:00,2024,11,0.0
1,2024-12-06 00:00:00,2024,12,0.846547735
1,2024-12-21 00:00:00,2024,12,0.000258439
2,2024-01-03 00:00:00,2024,1,0.001806788
2,2024-01-05 00:00:00,2024,1,0.274727136
2,2024-01-12 00:00:00,2024,1,0.0
2,2024-01-24 00:00:00,2024,1,0.0
2,2024-01-31 00:00:00,2024,1,0.0
2,2024-02-02 00:00:00,2024,2,0.716320839
2,2024-02-19 00:00:00,2024,2,0.0
2,2024-02-25 00:00:00,2024,2,0.0
4,2024-08-27 00:00:00,2024,8,2.646893474
4,2024-08-31 00:00:00,2024,8,77.08621645
4,2024-09-01 00:00:00,2024,9,14.39274458
4,2024-09-07 00:00:00,2024,9,9.277123167
4,2024-09-09 00:00:00,2024,9,2.419370759
4,2024-09-15 00:00:00,2024,9,0.077043405
4,2024-09-19 00:00:00,2024,9,0.207759063
4,2024-09-22 00:00:00,2024,9,12.30985354
4,2024-09-27 00:00:00,2024,9,7.112620945
4,2024-10-01 00:00:00,2024,10,0.53722452
4,2024-10-04 00:00:00,2024,10,1.257552163
4,2024-10-10 00:00:00,2024,10,6.238243799
4,2024-10-12 00:00:00,2024,10,6.784381262
4,2024-10-14 00:00:00,2024,10,7.040570327
4,2024-10-18 00:00:00,2024,10,10.8840451
4,2024-11-01 00:00:00,2024,11,0.030474658
4,2024-11-06 00:00:00,2024,11,0.051495337
4,2024-11-09 00:00:00,2024,11,1.282960084
4,2024-11-22 00:00:00,2024,11,0.054968756
4,2024-11-24 00:00:00,2024,11,0.000276864
4,2024-11-28 00:00:00,2024,11,0.0
4,2024-11-29 00:00:00,2024,11,0.047832013
4,2024-12-12 00:00:00,2024,12,0.001740006
4,2024-12-16 00:00:00,2024,12,0.008845388
4,2024-12-17 00:00:00,2024,12,0.001690603
4,2024-12-20 00:00:00,2024,12,0.251130943
4,2024-12-23 00:00:00,2024,12,0.0
4,2024-12-31 00:00:00,2024,12,6.21e-05
6,2024-01-02 00:00:00,2024,1,0.0
6,2024-01-03 00:00:00,2024,1,0.0
6,2024-01-04 00:00:00,2024,1,0.0
6,2024-01-08 00:00:00,2024,1,0.002219635
6,2024-01-10 00:00:00,2024,1,0.002468029
6,2024-01-14 00:00:00,2024,1,0.0
6,2024-01-23 00:00:00,2024,1,0.0
6,2024-01-28 00:00:00,2024,1,0.0
6,2024-02-04 00:00:00,2024,2,0.0
6,2024-02-08 00:00:00,2024,2,0.0
6,2024-02-13 00:00:00,2024,2,0.0
6,2024-02-20 00:00:00,2024,2,0.0
6,2024-03-03 00:00:00,2024,3,0.0
6,2024-03-12 00:00:00,2024,3,0.005369384
6,2024-03-25 00:00:00,2024,3,0.0
6,2024-03-26 00:00:00,2024,3,0.0
6,2024-04-01 00:00:00,2024,4,0.301766613
6,2024-04-13 00:00:00,2024,4,0.0
6,2024-04-18 00:00:00,2024,4,0.049711532
6,2024-04-21 00:00:00,2024,4,0.000346714
6,2024-04-25 00:00:00,2024,4,0.0
6,2024-05-03 00:00:00,2024,5,0.0
6,2024-05-05 00:00:00,2024,5,0.113162904
6,2024-05-06 00:00:00,2024,5,1.858837689
6,2024-05-13 00:00:00,2024,5,1.377195465
6,2024-05-23 00:00:00,2024,5,0.000233784
6,2024-05-30 00:00:00,2024,5,0.0
6,2024-06-03 00:00:00,2024,6,21.84624184
6,2024-06-05 00:00:00,2024,6,0.076904206
6,2024-06-09 00:00:00,2024,6,0.793678502
6,2024-06-15 00:00:00,2024,6,3.693114181
6,2024-06-16 00:00:00,2024,6,0.782052724
6,2024-06-17 00:00:00,2024,6,2.362967112
6,2024-06-19 00:00:00,2024,6,13.94036386
6,2024-06-27 00:00:00,2024,6,17.29786834
6,2024-06-28 00:00:00,2024,6,13.99853598
6,2024-07-01 00:00:00,2024,7,10.98276663
6,2024-07-06 00:00:00,2024,7,11.54609087
6,2024-07-14 00:00:00,2024,7,0.540636572
6,2024-07-17 00:00:00,2024,7,2.242661916
6,2024-08-06 00:00:00,2024,8,13.74199315
6,2024-08-09 00:00:00,2024,8,0.368074952
6,2024-08-10 00:00:00,2024,8,5.686593071
6,2024-08-13 00:00:00,2024,8,0.034777346
6,2024-08-18 00:00:00,2024,8,2.244545393
6,2024-08-20 00:00:00,2024,8,1.760526097
6,2024-08-23 00:00:00,2024,8,9.108895698
6,2024-09-01 00:00:00,2024,9,5.613217866
6,2024-09-04 00:00:00,2024,9,32.17392129
6,2024-09-08 00:00:00,2024,9,0.0
6,2024-09-09 00:00:00,2024,9,3.096194355
6,2024-09-11 00:00:00,2024,9,0.221012924
6,2024-09-14 00:00:00,2024,9,0.589292711
6,2024-09-18 00:00:00,2024,9,0.143750688
6,2024-09-19 00:00:00,2024,9,0.309547969
6,2024-09-22 00:00:00,2024,9,11.75023877
6,2024-09-28 00:00:00,2024,9,7.937575324
6,2024-10-14 00:00:00,2024,10,6.885054286
6,2024-10-20 00:00:00,2024,10,9.496278825
6,2024-10-24 00:00:00,2024,10,0.001989319
6,2024-10-29 00:00:00,2024,10,0.00198188
6,2024-11-09 00:00:00,2024,11,0.63694616
6,2024-11-17 00:00:00,2024,11,5.31e-05
6,2024-11-20 00:00:00,2024,11,0.0
6,2024-11-22 00:00:00,2024,11,0.0
6,2024-11-24 00:00:00,2024,11,0.0
6,2024-11-29 00:00:00,2024,11,0.019369962
6,2024-12-15 00:00:00,2024,12,3.73e-05
6,2024-12-21 00:00:00,2024,12,0.142772746
6,2024-12-22 00:00:00,2024,12,0.000451908
6,2024-12-30 00:00:00,2024,12,4e-05
7,2024-01-02 00:00:00,2024,1,0.0
7,2024-01-03 00:00:00,2024,1,2.95e-05
7,2024-01-12 00:00:00,2024,1,0.0
7,2024-01-19 00:00:00,2024,1,0.0
7,2024-01-21 00:00:00,2024,1,0.0
7,2024-01-28 00:00:00,2024,1,0.0
7,2024-01-30 00:00:00,2024,1,0.000343776
7,2024-02-05 00:00:00,2024,2,0.0
7,2024-02-06 00:00:00,2024,2,5.9e-05
7,2024-02-09 00:00:00,2024,2,0.0
7,2024-02-11 00:00:00,2024,2,2.95e-05
7,2024-02-12 00:00:00,2024,2,0.0
7,2024-02-16 00:00:00,2024,2,0.000694013
7,2024-02-19 00:00:00,2024,2,0.0
7,2024-02-20 00:00:00,2024,2,0.0
7,2024-03-01 00:00:00,2024,3,0.0
7,2024-03-03 00:00:00,2024,3,0.0
7,2024-03-04 00:00:00,2024,3,0.0
7,2024-03-29 00:00:00,2024,3,0.0
7,2024-04-01 00:00:00,2024,4,0.452442869
7,2024-04-06 00:00:00,2024,4,0.000145459
7,2024-04-09 00:00:00,2024,4,0.0
7,2024-04-10 00:00:00,2024,4,1.15e-06
7,2024-04-13 00:00:00,2024,4,0.173573037
7,2024-04-21 00:00:00,2024,4,3.157968935
7,2024-04-23 00:00:00,2024,4,0.134985209
7,2024-04-24 00:00:00,2024,4,0.000798921
7,2024-04-25 00:00:00,2024,4,0.0
7,2024-04-26 00:00:00,2024,4,4.15e-06
7,2024-04-27 00:00:00,2024,4,0.0
7,2024-04-28 00:00:00,2024,4,0.0
7,2024-05-01 00:00:00,2024,5,0.00043965
7,2024-05-03 00:00:00,2024,5,0.001018539
12,2025-05-10 00:00:00,2025,5,0.177453008
12,2025-05-23 00:00:00,2025,5,13.17047732
12,2025-06-18 00:00:00,2025,6,1.289408717
13,2025-01-05 00:00:00,2025,1,0.001588623
13,2025-01-10 00:00:00,2025,1,0.001878122
13,2025-01-11 00:00:00,2025,1,0.0
13,2025-01-19 00:00:00,2025,1,0.0
13,2025-01-23 00:00:00,2025,1,0.030279655
13,2025-01-28 00:00:00,2025,1,0.0
13,2025-02-04 00:00:00,2025,2,0.0
13,2025-02-08 00:00:00,2025,2,0.0
13,2025-02-09 00:00:00,2025,2,0.0
13,2025-02-10 00:00:00,2025,2,0.0
13,2025-02-13 00:00:00,2025,2,9.12e-05
13,2025-02-14 00:00:00,2025,2,0.0
13,2025-02-18 00:00:00,2025,2,0.0
13,2025-02-27 00:00:00,2025,2,0.0
13,2025-02-28 00:00:00,2025,2,0.0
13,2025-03-02 00:00:00,2025,3,0.0
13,2025-03-03 00:00:00,2025,3,0.009235525
13,2025-03-04 00:00:00,2025,3,0.0
13,2025-03-05 00:00:00,2025,3,0.742446201
13,2025-03-09 00:00:00,2025,3,0.000650957
13,2025-03-19 00:00:00,2025,3,0.0
13,2025-03-24 00:00:00,2025,3,0.001291346
13,2025-03-25 00:00:00,2025,3,0.049724497
13,2025-03-26 00:00:00,2025,3,0.001286659
13,2025-03-30 00:00:00,2025,3,0.0
13,2025-03-31 00:00:00,2025,3,0.003330773
13,2025-04-06 00:00:00,2025,4,0.633101131
13,2025-04-12 00:00:00,2025,4,1.06255746
13,2025-04-15 00:00:00,2025,4,0.0
13,2025-04-25 00:00:00,2025,4,0.0
13,2025-04-26 00:00:00,2025,4,0.026200612
13,2025-04-29 00:00:00,2025,4,0.015284059
13,2025-05-04 00:00:00,2025,5,4.403132625
13,2025-05-07 00:00:00,2025,5,0.778445492
13,2025-05-25 00:00:00,2025,5,6.865923502
13,2025-05-29 00:00:00,2025,5,5.362349019
13,2025-05-30 00:00:00,2025,5,5.82317825
13,2025-06-12 00:00:00,2025,6,2.313693146
13,2025-06-17 00:00:00,2025,6,5.222636651
13,2025-06-18 00:00:00,2025,6,0.333663609
13,2025-06-21 00:00:00,2025,6,6.896809539
13,2025-06-22 00:00:00,2025,6,20.63282027
13,2025-06-26 00:00:00,2025,6,27.1896235
5,2025-01-05 00:00:00,2025,1,0.0
5,2025-01-08 00:00:00,2025,1,0.0
5,2025-01-11 00:00:00,2025,1,0.075848492
5,2025-01-17 00:00:00,2025,1,0.004911948
5,2025-01-23 00:00:00,2025,1,0.0
5,2025-02-04 00:00:00,2025,2,0.001797424
5,2025-02-17 00:00:00,2025,2,0.00260289
5,2025-02-20 00:00:00,2025,2,0.002159952
5,2025-02-22 00:00:00,2025,2,0.000473887
5,2025-02-27 00:00:00,2025,2,0.001471307
5,2025-03-05 00:00:00,2025,3,0.016895252
5,2025-03-10 00:00:00,2025,3,0.001407212
5,2025-03-14 00:00:00,2025,3,0.0
5,2025-04-02 00:00:00,2025,4,0.000545902
5,2025-04-03 00:00:00,2025,4,0.000760175
5,2025-04-15 00:00:00,2025,4,0.701508446
5,2025-04-18 00:00:00,2025,4,0.067303453
5,2025-04-25 00:00:00,2025,4,0.394261481
5,2025-04-27 00:00:00,2025,4,0.0
5,2025-04-29 00:00:00,2025,4,0.00769844
5,2025-05-07 00:00:00,2025,5,5.006674039
5,2025-05-18 00:00:00,2025,5,14.24279745
5,2025-05-19 00:00:00,2025,5,10.47881528
5,2025-05-21 00:00:00,2025,5,17.3958089
5,2025-05-25 00:00:00,2025,5,0.009906502
5,2025-06-04 00:00:00,2025,6,0.19953721
5,2025-06-11 00:00:00,2025,6,2.759229083
5,2025-06-20 00:00:00,2025,6,0.79490937
5,2025-06-23 00:00:00,2025,6,4.089595335
5,2025-06-25 00:00:00,2025,6,0.177402251
5,2025-06-27 00:00:00,2025,6,0.644400405
5,2025-06-29 00:00:00,2025,6,0.173619487
7,2025-04-14 00:00:00,2025,4,0.287482164
7,2025-04-15 00:00:00,2025,4,0.606952316
7,2025-04-18 00:00:00,2025,4,0.284381688
7,2025-04-22 00:00:00,2025,4,0.0
7,2025-04-24 00:00:00,2025,4,0.0
7,2025-04-29 00:00:00,2025,4,0.183009152
7,2025-05-02 00:00:00,2025,5,0.379986479
7,2025-05-05 00:00:00,2025,5,8.73e-05
7,2025-05-06 00:00:00,2025,5,0.00272607
7,2025-05-08 00:00:00,2025,5,2.132095081
7,2025-05-22 00:00:00,2025,5,4.773554528
7,2025-05-23 00:00:00,2025,5,0.047176887
7,2025-06-06 00:00:00,2025,6,0.0
7,2025-06-14 00:00:00,2025,6,0.581629308
7,2025-06-16 00:00:00,2025,6,2.296241631
7,2025-06-18 00:00:00,2025,6,0.156463813
7,2025-06-15 00:00:00,2025,6,0.000282462
7,2025-06-20 00:00:00,2025,6,0.205825356
7,2025-06-24 00:00:00,2025,6,2.494071337
7,2025-06-26 00:00:00,2025,6,2.084198862
7,2025-06-29 00:00:00,2025,6,0.253125218
9,2025-01-06 00:00:00,2025,1,0.0
9,2025-01-11 00:00:00,2025,1,0.015958044
9,2025-01-12 00:00:00,2025,1,0.001003874
9,2025-01-18 00:00:00,2025,1,0.0
9,2025-01-25 00:00:00,2025,1,0.0
9,2025-02-06 00:00:00,2025,2,0.0
9,2025-02-13 00:00:00,2025,2,0.000654614
9,2025-02-14 00:00:00,2025,2,0.0
9,2025-02-17 00:00:00,2025,2,0.0
9,2025-02-18 00:00:00,2025,2,0.0
9,2025-02-22 00:00:00,2025,2,3.39e-06
9,2025-02-26 00:00:00,2025,2,5.08e-06
9,2025-03-01 00:00:00,2025,3,0.0
9,2025-03-09 00:00:00,2025,3,0.0
9,2025-03-13 00:00:00,2025,3,0.0
9,2025-03-26 00:00:00,2025,3,0.0
9,2025-03-27 00:00:00,2025,3,0.0
9,2025-04-07 00:00:00,2025,4,0.003430053
9,2025-04-08 00:00:00,2025,4,0.043975357
9,2025-04-11 00:00:00,2025,4,0.606663191
9,2025-04-17 00:00:00,2025,4,0.070325889
9,2025-04-20 00:00:00,2025,4,0.058271439
9,2025-05-04 00:00:00,2025,5,0.114185009
9,2025-05-06 00:00:00,2025,5,0.8731723
9,2025-05-08 00:00:00,2025,5,0.852577902
9,2025-05-18 00:00:00,2025,5,11.60001727
9,2025-05-29 00:00:00,2025,5,0.590737645
9,2025-05-30 00:00:00,2025,5,1.816018284
9,2025-06-04 00:00:00,2025,6,0.139094955
9,2025-06-11 00:00:00,2025,6,0.286992036
9,2025-06-15 00:00:00,2025,6,0.248320672
9,2025-06-30 00:00:00,2025,6,4.282664343
8,2025-01-03 00:00:00,2025,1,0.0
8,2025-01-08 00:00:00,2025,1,0.0
8,2025-01-09 00:00:00,2025,1,0.0
8,2025-01-14 00:00:00,2025,1,1.387316341
8,2025-01-15 00:00:00,2025,1,0.0
8,2025-01-18 00:00:00,2025,1,0.0
8,2025-02-02 00:00:00,2025,2,0.000445121
8,2025-02-07 00:00:00,2025,2,0.0
8,2025-02-13 00:00:00,2025,2,0.000237193
8,2025-02-14 00:00:00,2025,2,0.0
8,2025-02-20 00:00:00,2025,2,0.0
8,2025-03-01 00:00:00,2025,3,0.08374487
8,2025-03-02 00:00:00,2025,3,0.0
8,2025-03-04 00:00:00,2025,3,0.001924185
8,2025-03-12 00:00:00,2025,3,0.386992525
8,2025-03-15 00:00:00,2025,3,0.0
8,2025-03-18 00:00:00,2025,3,0.0
8,2025-04-02 00:00:00,2025,4,0.0
8,2025-04-05 00:00:00,2025,4,0.251685862
8,2025-04-06 00:00:00,2025,4,0.003104977
8,2025-04-09 00:00:00,2025,4,0.0
8,2025-04-10 00:00:00,2025,4,0.0
8,2025-04-14 00:00:00,2025,4,0.538433196
8,2025-04-19 00:00:00,2025,4,0.0
8,2025-04-22 00:00:00,2025,4,0.0
8,2025-04-25 00:00:00,2025,4,0.0
8,2025-05-01 00:00:00,2025,5,0.132909903
8,2025-05-06 00:00:00,2025,5,0.023464835
8,2025-05-09 00:00:00,2025,5,5.50780581
8,2025-05-03 00:00:00,2025,5,0.883650748
8,2025-05-19 00:00:00,2025,5,10.20472244
8,2025-05-31 00:00:00,2025,5,0.475076375
8,2025-06-10 00:00:00,2025,6,0.020271187
8,2025-06-11 00:00:00,2025,6,0.243432571
8,2025-06-12 00:00:00,2025,6,1.23275409
8,2025-06-16 00:00:00,2025,6,3.249024194
8,2025-06-17 00:00:00,2025,6,0.014282489
8,2025-06-20 00:00:00,2025,6,1.164574476
8,2025-06-21 00:00:00,2025,6,5.802428973
10,2025-01-13 00:00:00,2025,1,0.0
10,2025-01-12 00:00:00,2025,1,0.001838527
10,2025-01-22 00:00:00,2025,1,0.0
10,2025-02-05 00:00:00,2025,2,0.0
10,2025-02-10 00:00:00,2025,2,0.0
10,2025-02-16 00:00:00,2025,2,0.0
10,2025-02-19 00:00:00,2025,2,0.0
10,2025-02-22 00:00:00,2025,2,0.002351039
10,2025-02-28 00:00:00,2025,2,0.0
10,2025-03-03 00:00:00,2025,3,0.09117135
10,2025-03-04 00:00:00,2025,3,0.0
10,2025-03-14 00:00:00,2025,3,0.0
10,2025-03-19 00:00:00,2025,3,0.0
10,2025-03-21 00:00:00,2025,3,0.0
10,2025-03-23 00:00:00,2025,3,0.035941637
10,2025-03-27 00:00:00,2025,3,0.0
10,2025-03-28 00:00:00,2025,3,0.0
10,2025-04-06 00:00:00,2025,4,0.169285745
10,2025-04-08 00:00:00,2025,4,0.0
10,2025-04-17 00:00:00,2025,4,0.0
10,2025-04-22 00:00:00,2025,4,0.001150067
10,2025-04-25 00:00:00,2025,4,0.076270361
10,2025-04-29 00:00:00,2025,4,5.181103771
10,2025-05-07 00:00:00,2025,5,0.188045129
10,2025-05-17 00:00:00,2025,5,2.292558305
10,2025-05-23 00:00:00,2025,5,4.97286211
10,2025-05-25 00:00:00,2025,5,0.312606196
10,2025-05-26 00:00:00,2025,5,3.197667549
10,2025-05-29 00:00:00,2025,5,9.239252538
10,2025-06-11 00:00:00,2025,6,6.775823853
10,2025-06-21 00:00:00,2025,6,0.022440358
10,2025-06-24 00:00:00,2025,6,5.401356912
11,2025-01-02 00:00:00,2025,1,0.0
11,2025-01-04 00:00:00,2025,1,0.0
11,2025-01-05 00:00:00,2025,1,0.001157078
11,2025-01-08 00:00:00,2025,1,0.0
11,2025-01-15 00:00:00,2025,1,0.0
11,2025-01-16 00:00:00,2025,1,0.0
11,2025-01-20 00:00:00,2025,1,0.0
11,2025-01-19 00:00:00,2025,1,0.0
11,2025-02-03 00:00:00,2025,2,0.0
11,2025-02-04 00:00:00,2025,2,0.0
11,2025-02-05 00:00:00,2025,2,0.0
11,2025-02-06 00:00:00,2025,2,0.0
11,2025-02-07 00:00:00,2025,2,0.0
11,2025-02-09 00:00:00,2025,2,0.0
11,2025-02-26 00:00:00,2025,2,6.66e-05
11,2025-03-01 00:00:00,2025,3,0.0
11,2025-03-07 00:00:00,2025,3,0.000124956
11,2025-03-15 00:00:00,2025,3,0.0
11,2025-03-19 00:00:00,2025,3,0.0
11,2025-03-20 00:00:00,2025,3,0.0
11,2025-03-23 00:00:00,2025,3,1.265071151
11,2025-03-24 00:00:00,2025,3,2.292642099
11,2025-03-29 00:00:00,2025,3,0.003726894
11,2025-04-02 00:00:00,2025,4,0.0
11,2025-04-04 00:00:00,2025,4,2.125554147
11,2025-04-05 00:00:00,2025,4,0.233760638
11,2025-04-10 00:00:00,2025,4,0.007104663
11,2025-04-18 00:00:00,2025,4,0.202274052
11,2025-04-21 00:00:00,2025,4,1.01135219
11,2025-04-25 00:00:00,2025,4,0.065450894
11,2025-05-02 00:00:00,2025,5,4.341574933
11,2025-05-04 00:00:00,2025,5,11.67380869
11,2025-05-19 00:00:00,2025,5,4.113738739
11,2025-05-26 00:00:00,2025,5,12.44986357
11,2025-05-31 00:00:00,2025,5,5.240859278
11,2025-06-02 00:00:00,2025,6,2.08e-05
11,2025-06-08 00:00:00,2025,6,3.509973075
11,2025-06-11 00:00:00,2025,6,15.22418542
11,2025-06-13 00:00:00,2025,6,1.157455415
11,2025-06-17 00:00:00,2025,6,3.931167438
11,2025-06-29 00:00:00,2025,6,12.95834284
12,2025-01-02 00:00:00,2025,1,7.69e-06
12,2025-01-18 00:00:00,2025,1,0.005681852
12,2025-01-24 00:00:00,2025,1,0.0
12,2025-02-05 00:00:00,2025,2,0.0
12,2025-02-13 00:00:00,2025,2,0.0
12,2025-02-15 00:00:00,2025,2,0.0
12,2025-02-17 00:00:00,2025,2,0.0
12,2025-02-21 00:00:00,2025,2,0.796427981
12,2025-03-05 00:00:00,2025,3,0.005951206
12,2025-03-06 00:00:00,2025,3,0.012456313
12,2025-03-10 00:00:00,2025,3,0.0
12,2025-03-11 00:00:00,2025,3,0.0
12,2025-03-18 00:00:00,2025,3,0.0
12,2025-03-29 00:00:00,2025,3,0.0
12,2025-04-05 00:00:00,2025,4,0.040617948
12,2025-04-06 00:00:00,2025,4,0.45603035
12,2025-04-13 00:00:00,2025,4,0.290751717
12,2025-04-15 00:00:00,2025,4,0.150660268
12,2025-04-20 00:00:00,2025,4,0.010395632
12,2025-04-22 00:00:00,2025,4,0.02584855
12,2025-04-23 00:00:00,2025,4,0.439790131
12,2025-04-25 00:00:00,2025,4,0.167289317
12,2025-04-26 00:00:00,2025,4,0.010700118
1,2025-03-22 00:00:00,2025,3,0.003322941
1,2025-04-04 00:00:00,2025,4,20.00453946
1,2025-04-07 00:00:00,2025,4,0.018947695
1,2025-04-12 00:00:00,2025,4,0.497299315
1,2025-04-19 00:00:00,2025,4,0.057134887
1,2025-04-22 00:00:00,2025,4,0.0
1,2025-04-26 00:00:00,2025,4,0.068815502
1,2025-05-06 00:00:00,2025,5,0.003354076
1,2025-05-08 00:00:00,2025,5,0.058133592
1,2025-05-16 00:00:00,2025,5,1.20820355
1,2025-05-26 00:00:00,2025,5,1.105815632
1,2025-05-30 00:00:00,2025,5,7.596770252
1,2025-06-02 00:00:00,2025,6,0.44990405
1,2025-06-04 00:00:00,2025,6,0.373237763
1,2025-06-09 00:00:00,2025,6,12.22301185
1,2025-06-12 00:00:00,2025,6,12.39248674
1,2025-06-13 00:00:00,2025,6,1.111116002
1,2025-06-17 00:00:00,2025,6,0.041220061
1,2025-06-21 00:00:00,2025,6,1.291240249
1,2025-06-15 00:00:00,2025,6,0.06845154
1,2025-06-30 00:00:00,2025,6,0.186994456
2,2025-01-05 00:00:00,2025,1,0.0
2,2025-01-15 00:00:00,2025,1,0.0
2,2025-01-16 00:00:00,2025,1,7.23e-05
2,2025-01-20 00:00:00,2025,1,6.079743707
2,2025-01-31 00:00:00,2025,1,2.17e-05
2,2025-02-05 00:00:00,2025,2,0.0
2,2025-02-06 00:00:00,2025,2,0.0
2,2025-02-24 00:00:00,2025,2,1.08e-05
2,2025-03-10 00:00:00,2025,3,5.38e-06
2,2025-03-19 00:00:00,2025,3,0.0
2,2025-03-25 00:00:00,2025,3,0.0
2,2025-03-31 00:00:00,2025,3,0.000106387
2,2025-04-01 00:00:00,2025,4,0.0
2,2025-04-04 00:00:00,2025,4,3.401982879
2,2025-04-05 00:00:00,2025,4,1.290243473
2,2025-04-06 00:00:00,2025,4,0.036341042
2,2025-04-27 00:00:00,2025,4,0.006527733
2,2025-05-05 00:00:00,2025,5,3.952780447
2,2025-05-03 00:00:00,2025,5,10.18107418
2,2025-05-18 00:00:00,2025,5,12.40072257
2,2025-05-21 00:00:00,2025,5,19.44494273
2,2025-05-28 00:00:00,2025,5,0.719319177
2,2025-06-10 00:00:00,2025,6,1.836669363
2,2025-06-15 00:00:00,2025,6,1.001666391
2,2025-06-21 00:00:00,2025,6,2.252435421
2,2025-06-25 00:00:00,2025,6,0.021754067
2,2025-06-27 00:00:00,2025,6,1.264286816
3,2025-01-06 00:00:00,2025,1,0.0
3,2025-01-15 00:00:00,2025,1,0.0
3,2025-01-19 00:00:00,2025,1,0.0
3,2025-01-25 00:00:00,2025,1,0.0
3,2025-02-01 00:00:00,2025,2,0.000216531
3,2025-02-10 00:00:00,2025,2,0.0
3,2025-02-13 00:00:00,2025,2,0.0
3,2025-02-16 00:00:00,2025,2,0.0
3,2025-02-23 00:00:00,2025,2,0.031859828
3,2025-02-27 00:00:00,2025,2,0.0
3,2025-03-06 00:00:00,2025,3,0.00072473
3,2025-03-10 00:00:00,2025,3,0.0
3,2025-03-16 00:00:00,2025,3,0.0
3,2025-03-24 00:00:00,2025,3,0.098403799
3,2025-03-25 00:00:00,2025,3,0.637972026
3,2025-03-27 00:00:00,2025,3,0.100960436
3,2025-04-09 00:00:00,2025,4,0.052847904
3,2025-04-13 00:00:00,2025,4,1.127762669
3,2025-04-15 00:00:00,2025,4,0.001113142
3,2025-04-17 00:00:00,2025,4,0.0
3,2025-05-17 00:00:00,2025,5,1.865720967
3,2025-05-22 00:00:00,2025,5,11.50446621
3,2025-05-23 00:00:00,2025,5,8.552131743
3,2025-06-08 00:00:00,2025,6,1.929819772
3,2025-06-09 00:00:00,2025,6,0.18654288
3,2025-06-11 00:00:00,2025,6,3.010673717
3,2025-06-12 00:00:00,2025,6,1.575943305
3,2025-06-13 00:00:00,2025,6,1.174378616
3,2025-06-14 00:00:00,2025,6,3.493971938
3,2025-06-18 00:00:00,2025,6,0.580316355
3,2025-06-19 00:00:00,2025,6,0.198666659
3,2025-06-21 00:00:00,2025,6,5.483042266
3,2025-06-22 00:00:00,2025,6,3.312883344
3,2025-06-26 00:00:00,2025,6,21.72825276
3,2025-06-29 00:00:00,2025,6,5.12620144
4,2025-01-04 00:00:00,2025,1,0.002552386
4,2025-01-10 00:00:00,2025,1,0.007375174
4,2025-01-11 00:00:00,2025,1,0.000971076
4,2025-01-20 00:00:00,2025,1,0.0
4,2025-01-22 00:00:00,2025,1,0.0
4,2025-01-25 00:00:00,2025,1,0.0
4,2025-01-29 00:00:00,2025,1,0.038736728
4,2025-01-30 00:00:00,2025,1,0.0
4,2025-01-31 00:00:00,2025,1,0.0
4,2025-02-01 00:00:00,2025,2,0.0
4,2025-02-03 00:00:00,2025,2,0.0
4,2025-02-17 00:00:00,2025,2,0.032866028
4,2025-02-18 00:00:00,2025,2,0.0
4,2025-02-19 00:00:00,2025,2,0.0
4,2025-02-21 00:00:00,2025,2,0.0
4,2025-02-25 00:00:00,2025,2,0.0
4,2025-03-05 00:00:00,2025,3,0.09211433
4,2025-03-17 00:00:00,2025,3,0.0
4,2025-03-21 00:00:00,2025,3,0.0
4,2025-04-02 00:00:00,2025,4,0.008098792
4,2025-04-03 00:00:00,2025,4,0.003547145
4,2025-04-08 00:00:00,2025,4,2.831272535
4,2025-04-10 00:00:00,2025,4,0.0
4,2025-04-12 00:00:00,2025,4,0.151973911
4,2025-04-16 00:00:00,2025,4,3.744769769
4,2025-04-18 00:00:00,2025,4,0.0
4,2025-04-20 00:00:00,2025,4,0.070368101
4,2025-04-24 00:00:00,2025,4,0.003452973
4,2025-04-26 00:00:00,2025,4,0.0
4,2025-05-07 00:00:00,2025,5,7.030204907
4,2025-05-08 00:00:00,2025,5,0.111904394
4,2025-05-10 00:00:00,2025,5,0.026953676
4,2025-05-20 00:00:00,2025,5,19.44794263
4,2025-05-29 00:00:00,2025,5,0.57115639
4,2025-06-01 00:00:00,2025,6,0.282169309
4,2025-06-02 00:00:00,2025,6,0.012092747
4,2025-06-12 00:00:00,2025,6,7.047710044
4,2025-06-15 00:00:00,2025,6,1.366350248
4,2025-06-28 00:00:00,2025,6,0.146912012
6,2025-01-04 00:00:00,2025,1,0.0
6,2025-01-09 00:00:00,2025,1,0.0
6,2025-01-10 00:00:00,2025,1,0.003864629
6,2025-01-26 00:00:00,2025,1,5.41e-05
6,2025-02-03 00:00:00,2025,2,0.0
6,2025-02-04 00:00:00,2025,2,0.0
6,2025-02-17 00:00:00,2025,2,0.002596475
6,2025-02-18 00:00:00,2025,2,0.0
6,2025-02-24 00:00:00,2025,2,0.0
6,2025-02-25 00:00:00,2025,2,0.0
6,2025-02-26 00:00:00,2025,2,0.000291762
6,2025-02-27 00:00:00,2025,2,0.0
6,2025-02-28 00:00:00,2025,2,0.0
6,2025-03-07 00:00:00,2025,3,0.04699106
6,2025-03-09 00:00:00,2025,3,0.0
6,2025-03-14 00:00:00,2025,3,0.0
6,2025-03-31 00:00:00,2025,3,0.002530434
6,2025-04-11 00:00:00,2025,4,1.075205733
6,2025-04-19 00:00:00,2025,4,0.030863473
6,2025-04-20 00:00:00,2025,4,0.009451698
6,2025-04-21 00:00:00,2025,4,0.121151705
6,2025-04-24 00:00:00,2025,4,0.0
6,2025-04-25 00:00:00,2025,4,0.04725027
6,2025-05-04 00:00:00,2025,5,1.388681271
6,2025-05-05 00:00:00,2025,5,14.86290049
6,2025-05-20 00:00:00,2025,5,16.3625329
6,2025-05-22 00:00:00,2025,5,32.8350947
6,2025-05-26 00:00:00,2025,5,2.170259237
6,2025-05-28 00:00:00,2025,5,13.96251774
6,2025-06-03 00:00:00,2025,6,0.221415426
6,2025-06-04 00:00:00,2025,6,0.069793034
6,2025-06-17 00:00:00,2025,6,2.72196693
6,2025-06-20 00:00:00,2025,6,0.16602061
6,2025-06-27 00:00:00,2025,6,11.46650229
7,2025-01-17 00:00:00,2025,1,0.005641797
7,2025-01-19 00:00:00,2025,1,0.008524722
7,2025-01-20 00:00:00,2025,1,0.0
7,2025-02-04 00:00:00,2025,2,0.000266961
7,2025-02-17 00:00:00,2025,2,0.000283473
7,2025-02-22 00:00:00,2025,2,0.000201492
7,2025-03-02 00:00:00,2025,3,0.0
7,2025-03-12 00:00:00,2025,3,0.0
7,2025-03-16 00:00:00,2025,3,0.0
7,2025-03-17 00:00:00,2025,3,0.0
7,2025-03-19 00:00:00,2025,3,0.0
7,2025-03-24 00:00:00,2025,3,0.005186049
7,2025-03-27 00:00:00,2025,3,0.0
7,2025-04-04 00:00:00,2025,4,11.27887013
7,2025-04-05 00:00:00,2025,4,0.533000945
7,2025-04-08 00:00:00,2025,4,0.001486627
7,2025-04-09 00:00:00,2025,4,0.130014855
7,2025-04-11 00:00:00,2025,4,0.642133547
7,2025-04-12 00:00:00,2025,4,0.183073337
1,2025-01-05 00:00:00,2025,1,0.000223812
1,2025-01-10 00:00:00,2025,1,0.0
1,2025-01-29 00:00:00,2025,1,0.002901156
1,2025-01-31 00:00:00,2025,1,0.0
1,2025-02-03 00:00:00,2025,2,0.000402024
1,2025-02-06 00:00:00,2025,2,0.0
1,2025-02-07 00:00:00,2025,2,0.0
1,2025-02-08 00:00:00,2025,2,0.0
1,2025-02-15 00:00:00,2025,2,0.0
1,2025-02-17 00:00:00,2025,2,0.015432608
1,2025-03-07 00:00:00,2025,3,0.0
1,2025-03-10 00:00:00,2025,3,0.002043464
1,2025-01-07 00:00:00,2025,1,0.000279721
1,2025-01-12 00:00:00,2025,1,0.000222657
1,2025-01-21 00:00:00,2025,1,0.001670952
2,2025-01-02 00:00:00,2025,1,0.0
2,2025-01-03 00:00:00,2025,1,0.0
2,2025-01-08 00:00:00,2025,1,0.0
2,2025-01-21 00:00:00,2025,1,5.38e-06
2,2025-01-27 00:00:00,2025,1,0.0
3,2025-01-08 00:00:00,2025,1,0.0
3,2025-01-11 00:00:00,2025,1,0.0
3,2025-01-29 00:00:00,2025,1,0.0
4,2025-01-07 00:00:00,2025,1,0.015619491
4,2025-01-08 00:00:00,2025,1,0.0
4,2025-01-11 00:00:00,2025,1,0.000971076
4,2025-01-14 00:00:00,2025,1,0.0
4,2025-01-18 00:00:00,2025,1,0.0
6,2025-01-06 00:00:00,2025,1,0.000514378
6,2025-01-14 00:00:00,2025,1,0.0
6,2025-01-27 00:00:00,2025,1,0.0
7,2025-01-03 00:00:00,2025,1,0.003454102
7,2025-01-09 00:00:00,2025,1,0.0
7,2025-01-21 00:00:00,2025,1,0.000403919
7,2025-01-22 00:00:00,2025,1,0.0
7,2025-01-24 00:00:00,2025,1,0.010686025
7,2025-01-25 00:00:00,2025,1,0.002024279
9,2025-01-09 00:00:00,2025,1,0.0
9,2025-01-16 00:00:00,2025,1,0.03087432
9,2025-01-17 00:00:00,2025,1,4.39e-05
9,2025-01-24 00:00:00,2025,1,0.0
9,2025-01-25 00:00:00,2025,1,0.0
9,2025-01-29 00:00:00,2025,1,0.0
8,2025-01-01 00:00:00,2025,1,3.13e-05
8,2025-01-02 00:00:00,2025,1,0.0
8,2025-01-03 00:00:00,2025,1,0.0
8,2025-01-10 00:00:00,2025,1,0.000289812
8,2025-01-11 00:00:00,2025,1,0.177399133
8,2025-01-13 00:00:00,2025,1,0.157018426
8,2025-01-15 00:00:00,2025,1,0.0
8,2025-01-24 00:00:00,2025,1,0.000550803
8,2025-01-30 00:00:00,2025,1,0.0
10,2025-01-01 00:00:00,2025,1,0.0
10,2025-01-07 00:00:00,2025,1,0.0
10,2025-01-08 00:00:00,2025,1,0.0
10,2025-01-10 00:00:00,2025,1,0.000130537
10,2025-01-11 00:00:00,2025,1,0.0
10,2025-01-12 00:00:00,2025,1,0.001838527
10,2025-01-18 00:00:00,2025,1,4.59e-07
10,2025-01-20 00:00:00,2025,1,0.000762566
10,2025-01-22 00:00:00,2025,1,0.0
11,2025-01-11 00:00:00,2025,1,0.0
11,2025-01-15 00:00:00,2025,1,0.0
11,2025-01-19 00:00:00,2025,1,0.0
11,2025-01-23 00:00:00,2025,1,6.27e-05
11,2025-01-30 00:00:00,2025,1,0.0
12,2025-01-09 00:00:00,2025,1,0.0
12,2025-01-18 00:00:00,2025,1,0.005681852
13,2025-01-03 00:00:00,2025,1,8.6e-05
13,2025-01-04 00:00:00,2025,1,0.0
13,2025-01-09 00:00:00,2025,1,0.0
13,2025-01-12 00:00:00,2025,1,2.08e-05
13,2025-01-13 00:00:00,2025,1,0.000118502
13,2025-01-15 00:00:00,2025,1,4.8e-05
13,2025-01-19 00:00:00,2025,1,0.0
13,2025-01-22 00:00:00,2025,1,0.0
13,2025-01-23 00:00:00,2025,1,0.030279655
13,2025-01-24 00:00:00,2025,1,5.21e-05
13,2025-01-28 00:00:00,2025,1,0.0
5,2025-01-05 00:00:00,2025,1,0.0
5,2025-01-07 00:00:00,2025,1,0.008278736
5,2025-01-15 00:00:00,2025,1,0.0
5,2025-01-16 00:00:00,2025,1,8.69e-05
5,2025-01-19 00:00:00,2025,1,0.351893451
5,2025-01-26 00:00:00,2025,1,0.027829944
5,2025-01-28 00:00:00,2025,1,5.73e-05
1,2025-02-04 00:00:00,2025,2,0.002697124
1,2025-02-05 00:00:00,2025,2,0.000608151
1,2025-02-10 00:00:00,2025,2,0.000347333
1,2025-02-13 00:00:00,2025,2,0.0
1,2025-02-17 00:00:00,2025,2,0.015432608
1,2025-02-25 00:00:00,2025,2,0.0
2,2025-02-08 00:00:00,2025,2,0.0
2,2025-02-10 00:00:00,2025,2,0.0
2,2025-02-19 00:00:00,2025,2,0.0
2,2025-02-22 00:00:00,2025,2,7.66e-05
2,2025-02-24 00:00:00,2025,2,1.08e-05
2,2025-02-27 00:00:00,2025,2,3.83e-05
3,2025-02-03 00:00:00,2025,2,0.0
3,2025-02-08 00:00:00,2025,2,0.002629115
3,2025-02-10 00:00:00,2025,2,0.0
3,2025-02-13 00:00:00,2025,2,0.0
3,2025-02-19 00:00:00,2025,2,0.0
4,2025-02-01 00:00:00,2025,2,0.0
4,2025-02-06 00:00:00,2025,2,0.0
4,2025-02-18 00:00:00,2025,2,0.0
4,2025-02-25 00:00:00,2025,2,0.0
4,2025-02-26 00:00:00,2025,2,0.007302338
4,2025-02-27 00:00:00,2025,2,0.0
6,2025-02-05 00:00:00,2025,2,0.0
6,2025-02-06 00:00:00,2025,2,0.0
6,2025-02-07 00:00:00,2025,2,0.0
6,2025-02-10 00:00:00,2025,2,0.0
6,2025-02-19 00:00:00,2025,2,0.000395217
6,2025-02-24 00:00:00,2025,2,0.0
6,2025-02-28 00:00:00,2025,2,0.0
7,2025-02-01 00:00:00,2025,2,0.008030024
7,2025-02-05 00:00:00,2025,2,0.010974788
7,2025-02-06 00:00:00,2025,2,0.0
7,2025-02-07 00:00:00,2025,2,0.0
7,2025-02-09 00:00:00,2025,2,0.000697842
7,2025-02-13 00:00:00,2025,2,0.0
7,2025-02-14 00:00:00,2025,2,0.0
7,2025-02-19 00:00:00,2025,2,0.0
7,2025-02-21 00:00:00,2025,2,0.000547938
7,2025-02-24 00:00:00,2025,2,0.000132659
9,2025-02-01 00:00:00,2025,2,0.0
9,2025-02-05 00:00:00,2025,2,2.2e-05
9,2025-02-15 00:00:00,2025,2,0.0
9,2025-02-16 00:00:00,2025,2,0.0
9,2025-02-19 00:00:00,2025,2,0.0
8,2025-02-02 00:00:00,2025,2,0.000445121
8,2025-02-03 00:00:00,2025,2,0.000445121
10,2025-02-06 00:00:00,2025,2,0.0
10,2025-02-07 00:00:00,2025,2,0.0
10,2025-02-09 00:00:00,2025,2,0.0
10,2025-02-08 00:00:00,2025,2,0.057546654
10,2025-02-10 00:00:00,2025,2,0.0
11,2025-02-01 00:00:00,2025,2,0.0
11,2025-02-03 00:00:00,2025,2,0.0
11,2025-02-05 00:00:00,2025,2,0.0
11,2025-02-15 00:00:00,2025,2,0.0
11,2025-02-18 00:00:00,2025,2,0.0
11,2025-02-20 00:00:00,2025,2,3.48e-06
11,2025-02-26 00:00:00,2025,2,6.66e-05
12,2025-02-09 00:00:00,2025,2,0.0
12,2025-02-16 00:00:00,2025,2,0.0
12,2025-02-27 00:00:00,2025,2,0.0
13,2025-02-07 00:00:00,2025,2,0.0
13,2025-02-18 00:00:00,2025,2,0.0
5,2025-02-05 00:00:00,2025,2,0.010166615
5,2025-02-14 00:00:00,2025,2,0.0
5,2025-02-19 00:00:00,2025,2,0.0
5,2025-02-20 00:00:00,2025,2,0.002159952
5,2025-02-22 00:00:00,2025,2,0.000473887
5,2025-02-28 00:00:00,2025,2,0.0
1,2025-04-04 00:00:00,2025,4,20.00453946
1,2025-04-13 00:00:00,2025,4,0.0
1,2025-04-15 00:00:00,2025,4,1.331706428
1,2025-04-17 00:00:00,2025,4,0.055798573
1,2025-04-25 00:00:00,2025,4,5.967835798
2,2025-04-04 00:00:00,2025,4,3.401982879
2,2025-04-18 00:00:00,2025,4,0.915079471
2,2025-04-19 00:00:00,2025,4,0.002022876
2,2025-04-22 00:00:00,2025,4,0.0
2,2025-04-25 00:00:00,2025,4,0.25106461
3,2025-04-03 00:00:00,2025,4,0.000690185
3,2025-04-07 00:00:00,2025,4,2.935853271
3,2025-04-10 00:00:00,2025,4,0.938749426
3,2025-04-11 00:00:00,2025,4,3.406604397
3,2025-04-12 00:00:00,2025,4,2.196649177
3,2025-04-14 00:00:00,2025,4,10.77679371
3,2025-04-17 00:00:00,2025,4,0.0
3,2025-04-22 00:00:00,2025,4,0.0
3,2025-04-23 00:00:00,2025,4,0.838265285
3,2025-04-28 00:00:00,2025,4,0.000925448
3,2025-04-29 00:00:00,2025,4,2.835516221
4,2025-04-03 00:00:00,2025,4,0.003547145
4,2025-04-05 00:00:00,2025,4,0.227732455
4,2025-04-11 00:00:00,2025,4,0.644028931
4,2025-04-13 00:00:00,2025,4,0.393104599
4,2025-04-19 00:00:00,2025,4,0.037547474
4,2025-04-23 00:00:00,2025,4,0.0
4,2025-04-24 00:00:00,2025,4,0.003452973
4,2025-04-25 00:00:00,2025,4,0.000412174
4,2025-04-30 00:00:00,2025,4,0.074863342
6,2025-04-06 00:00:00,2025,4,0.348337898
6,2025-04-11 00:00:00,2025,4,1.075205733
6,2025-04-13 00:00:00,2025,4,0.718884792
6,2025-04-18 00:00:00,2025,4,0.0
6,2025-04-20 00:00:00,2025,4,0.009451698
6,2025-04-23 00:00:00,2025,4,2.14e-06
7,2025-04-02 00:00:00,2025,4,0.000409606
7,2025-04-06 00:00:00,2025,4,0.278619211
7,2025-04-13 00:00:00,2025,4,0.000277114
7,2025-04-22 00:00:00,2025,4,0.0
9,2025-04-02 00:00:00,2025,4,2.2e-05
9,2025-04-04 00:00:00,2025,4,12.02572545
9,2025-04-06 00:00:00,2025,4,0.025036497
9,2025-04-10 00:00:00,2025,4,0.0
9,2025-04-11 00:00:00,2025,4,0.606663191
9,2025-04-23 00:00:00,2025,4,0.0
8,2025-04-01 00:00:00,2025,4,0.0
8,2025-04-25 00:00:00,2025,4,0.0
10,2025-04-02 00:00:00,2025,4,0.0
10,2025-04-05 00:00:00,2025,4,0.024567743
10,2025-04-12 00:00:00,2025,4,0.139950441
10,2025-04-19 00:00:00,2025,4,0.000458805
10,2025-04-23 00:00:00,2025,4,0.00220595
10,2025-04-25 00:00:00,2025,4,0.076270361
10,2025-04-30 00:00:00,2025,4,9.078368578
11,2025-04-02 00:00:00,2025,4,0.0
11,2025-04-04 00:00:00,2025,4,2.125554147
11,2025-04-05 00:00:00,2025,4,0.233760638
11,2025-04-23 00:00:00,2025,4,3.078351979
11,2025-04-25 00:00:00,2025,4,0.065450894
11,2025-04-28 00:00:00,2025,4,0.034805868
12,2025-04-04 00:00:00,2025,4,0.251348666
12,2025-04-06 00:00:00,2025,4,0.45603035
12,2025-04-08 00:00:00,2025,4,0.084342946
12,2025-04-11 00:00:00,2025,4,0.874684431
12,2025-04-12 00:00:00,2025,4,0.499382502
12,2025-04-19 00:00:00,2025,4,0.001674657
12,2025-04-26 00:00:00,2025,4,0.010700118
12,2025-04-29 00:00:00,2025,4,8.648958664
13,2025-04-02 00:00:00,2025,4,0.0
13,2025-04-15 00:00:00,2025,4,0.0
13,2025-04-16 00:00:00,2025,4,5.266974984
13,2025-04-18 00:00:00,2025,4,0.0
13,2025-04-19 00:00:00,2025,4,0.004874436
13,2025-04-23 00:00:00,2025,4,0.024044014
13,2025-04-26 00:00:00,2025,4,0.026200612
13,2025-04-29 00:00:00,2025,4,0.015284059
5,2025-04-01 00:00:00,2025,4,0.000165853
5,2025-04-07 00:00:00,2025,4,0.001343968
5,2025-04-08 00:00:00,2025,4,0.00150767
1,2025-03-08 00:00:00,2025,3,0.000473418
1,2025-03-09 00:00:00,2025,3,0.0
1,2025-03-13 00:00:00,2025,3,0.0
1,2025-03-17 00:00:00,2025,3,0.0
1,2025-03-24 00:00:00,2025,3,0.258623749
1,2025-03-28 00:00:00,2025,3,8.95e-06
2,2025-03-12 00:00:00,2025,3,1.244840068
2,2025-03-25 00:00:00,2025,3,0.0
3,2025-03-07 00:00:00,2025,3,0.028298492
3,2025-03-08 00:00:00,2025,3,0.0
3,2025-03-11 00:00:00,2025,3,0.0
3,2025-03-26 00:00:00,2025,3,0.065280958
3,2025-03-28 00:00:00,2025,3,0.0
3,2025-03-29 00:00:00,2025,3,0.0
4,2025-03-01 00:00:00,2025,3,0.0
4,2025-03-07 00:00:00,2025,3,0.0
4,2025-03-13 00:00:00,2025,3,0.0
4,2025-03-14 00:00:00,2025,3,0.0
4,2025-03-22 00:00:00,2025,3,0.042913713
4,2025-03-27 00:00:00,2025,3,0.002462534
4,2025-03-28 00:00:00,2025,3,0.000186313
6,2025-03-03 00:00:00,2025,3,0.000404505
6,2025-03-04 00:00:00,2025,3,0.0
6,2025-03-20 00:00:00,2025,3,0.0
6,2025-03-27 00:00:00,2025,3,0.069705355
6,2025-03-28 00:00:00,2025,3,0.005855044
7,2025-03-06 00:00:00,2025,3,0.001290713
7,2025-03-14 00:00:00,2025,3,0.0
7,2025-03-15 00:00:00,2025,3,0.0
7,2025-03-16 00:00:00,2025,3,0.0
7,2025-03-19 00:00:00,2025,3,0.0
7,2025-03-21 00:00:00,2025,3,0.004083558
7,2025-03-25 00:00:00,2025,3,0.011427551
7,2025-03-26 00:00:00,2025,3,0.077366634
9,2025-03-04 00:00:00,2025,3,0.0
8,2025-03-02 00:00:00,2025,3,0.0
8,2025-03-08 00:00:00,2025,3,0.0
8,2025-03-11 00:00:00,2025,3,0.0
8,2025-03-19 00:00:00,2025,3,0.0
8,2025-03-24 00:00:00,2025,3,0.002310062
10,2025-03-12 00:00:00,2025,3,0.0
10,2025-03-13 00:00:00,2025,3,0.0
10,2025-03-17 00:00:00,2025,3,0.0
10,2025-03-18 00:00:00,2025,3,0.0
10,2025-03-20 00:00:00,2025,3,4.5e-05
10,2025-03-21 00:00:00,2025,3,0.0
10,2025-03-26 00:00:00,2025,3,0.016276401
10,2025-03-29 00:00:00,2025,3,0.0
11,2025-03-01 00:00:00,2025,3,0.0
11,2025-03-02 00:00:00,2025,3,0.0
11,2025-03-04 00:00:00,2025,3,0.0
11,2025-03-11 00:00:00,2025,3,0.0
11,2025-03-15 00:00:00,2025,3,0.0
11,2025-03-21 00:00:00,2025,3,0.0
11,2025-03-22 00:00:00,2025,3,0.117502446
11,2025-03-24 00:00:00,2025,3,2.292642099
11,2025-03-29 00:00:00,2025,3,0.003726894
12,2025-03-02 00:00:00,2025,3,0.0
12,2025-03-04 00:00:00,2025,3,0.0
12,2025-03-12 00:00:00,2025,3,0.0
12,2025-03-14 00:00:00,2025,3,0.0
12,2025-03-19 00:00:00,2025,3,0.0
12,2025-03-25 00:00:00,2025,3,0.090169793
12,2025-03-26 00:00:00,2025,3,0.67422283
12,2025-03-28 00:00:00,2025,3,0.0
12,2025-03-29 00:00:00,2025,3,0.0
12,2025-03-30 00:00:00,2025,3,0.015338441
13,2025-03-02 00:00:00,2025,3,0.0
13,2025-03-03 00:00:00,2025,3,0.009235525
13,2025-03-14 00:00:00,2025,3,0.0
13,2025-03-15 00:00:00,2025,3,0.0
13,2025-03-19 00:00:00,2025,3,0.0
13,2025-03-24 00:00:00,2025,3,0.001291346
13,2025-03-28 00:00:00,2025,3,5.47e-05
13,2025-03-30 00:00:00,2025,3,0.0
5,2025-03-09 00:00:00,2025,3,0.0
5,2025-03-11 00:00:00,2025,3,0.0
5,2025-03-12 00:00:00,2025,3,0.004727396
5,2025-03-21 00:00:00,2025,3,0.003930184
5,2025-03-25 00:00:00,2025,3,0.0
1,2025-03-02 00:00:00,2025,3,0.0
1,2025-03-07 00:00:00,2025,3,0.0
1,2025-05-01 00:00:00,2025,5,3.044418572
1,2025-05-03 00:00:00,2025,5,10.95027456
1,2025-05-05 00:00:00,2025,5,0.000146764
1,2025-05-08 00:00:00,2025,5,0.058133592
1,2025-05-15 00:00:00,2025,5,19.11727316
1,2025-05-20 00:00:00,2025,5,2.313194885
1,2025-05-26 00:00:00,2025,5,1.105815632
2,2025-05-03 00:00:00,2025,5,10.18107418
2,2025-05-06 00:00:00,2025,5,0.830541238
2,2025-05-16 00:00:00,2025,5,5.329347067
2,2025-05-17 00:00:00,2025,5,9.279513893
2,2025-05-18 00:00:00,2025,5,12.40072257
2,2025-05-23 00:00:00,2025,5,0.340275002
2,2025-05-28 00:00:00,2025,5,0.719319177
3,2025-05-03 00:00:00,2025,5,0.009190521
3,2025-05-09 00:00:00,2025,5,1.036562127
3,2025-05-19 00:00:00,2025,5,3.062377841
3,2025-05-24 00:00:00,2025,5,3.040437628
3,2025-05-26 00:00:00,2025,5,7.112920104
4,2025-05-03 00:00:00,2025,5,3.94941647
4,2025-05-07 00:00:00,2025,5,7.030204907
4,2025-05-18 00:00:00,2025,5,11.94027542
4,2025-05-31 00:00:00,2025,5,0.933904812
6,2025-05-01 00:00:00,2025,5,0.770833548
6,2025-05-02 00:00:00,2025,5,5.90944668
6,2025-05-06 00:00:00,2025,5,0.005054089
6,2025-05-09 00:00:00,2025,5,4.120353793
6,2025-05-10 00:00:00,2025,5,0.457148617
6,2025-05-28 00:00:00,2025,5,13.96251774
6,2025-05-31 00:00:00,2025,5,1.186912526
7,2025-05-02 00:00:00,2025,5,0.379986479
7,2025-05-10 00:00:00,2025,5,0.000629877
7,2025-05-24 00:00:00,2025,5,0.009066581
7,2025-05-25 00:00:00,2025,5,0.785428884
9,2025-05-05 00:00:00,2025,5,0.970487347
9,2025-05-06 00:00:00,2025,5,0.8731723
9,2025-05-09 00:00:00,2025,5,4.516356102
9,2025-05-15 00:00:00,2025,5,3.907280871
9,2025-05-20 00:00:00,2025,5,14.99956893
9,2025-05-25 00:00:00,2025,5,9.813748993
9,2025-05-27 00:00:00,2025,5,0.739032039
8,2025-05-04 00:00:00,2025,5,0.004485113
8,2025-05-15 00:00:00,2025,5,0.026537159
8,2025-05-17 00:00:00,2025,5,1.285719477
8,2025-05-23 00:00:00,2025,5,0.235421999
8,2025-05-27 00:00:00,2025,5,0.814456297
10,2025-05-06 00:00:00,2025,5,4.07e-06
10,2025-05-18 00:00:00,2025,5,0.451203451
10,2025-05-20 00:00:00,2025,5,2.018999561
10,2025-05-29 00:00:00,2025,5,9.239252538
10,2025-05-31 00:00:00,2025,5,2.056843152
11,2025-05-23 00:00:00,2025,5,9.917964716
12,2025-05-05 00:00:00,2025,5,1.267606299
12,2025-05-07 00:00:00,2025,5,0.000200178
12,2025-05-19 00:00:00,2025,5,4.797181872
12,2025-05-29 00:00:00,2025,5,9.17435083
13,2025-05-02 00:00:00,2025,5,6.184292065
13,2025-05-05 00:00:00,2025,5,34.01328792
13,2025-05-08 00:00:00,2025,5,4.20618671
13,2025-05-10 00:00:00,2025,5,4.322802921
13,2025-05-15 00:00:00,2025,5,9.865672674
13,2025-05-20 00:00:00,2025,5,12.2586386
13,2025-05-23 00:00:00,2025,5,9.689925752
13,2025-05-24 00:00:00,2025,5,12.91915494
13,2025-05-25 00:00:00,2025,5,6.865923502
5,2025-05-02 00:00:00,2025,5,6.064434794
5,2025-05-06 00:00:00,2025,5,0.025719851
5,2025-05-09 00:00:00,2025,5,3.495354212
5,2025-05-23 00:00:00,2025,5,0.248830792
5,2025-05-24 00:00:00,2025,5,0.299494318
5,2025-05-26 00:00:00,2025,5,8.534441886
1,2025-06-06 00:00:00,2025,6,0.244936208
1,2025-06-10 00:00:00,2025,6,3.593798343
1,2025-06-12 00:00:00,2025,6,12.39248674
1,2025-06-25 00:00:00,2025,6,0.390893891
1,2025-06-27 00:00:00,2025,6,0.394102008
2,2025-06-01 00:00:00,2025,6,0.02081646
2,2025-06-02 00:00:00,2025,6,0.633904078
2,2025-06-04 00:00:00,2025,6,1.0443039
2,2025-06-12 00:00:00,2025,6,0.337292657
2,2025-06-14 00:00:00,2025,6,1.649620943
2,2025-06-18 00:00:00,2025,6,0.324441983
3,2025-06-10 00:00:00,2025,6,0.006574201
3,2025-06-11 00:00:00,2025,6,3.010673717
3,2025-06-12 00:00:00,2025,6,1.575943305
3,2025-06-15 00:00:00,2025,6,15.61211245
3,2025-06-22 00:00:00,2025,6,3.312883344
3,2025-06-24 00:00:00,2025,6,10.12092584
3,2025-06-28 00:00:00,2025,6,1.403749373
3,2025-06-30 00:00:00,2025,6,9.859866004
4,2025-06-02 00:00:00,2025,6,0.012092747
4,2025-06-05 00:00:00,2025,6,0.016601577
4,2025-06-06 00:00:00,2025,6,0.003153498
4,2025-06-12 00:00:00,2025,6,7.047710044
4,2025-06-19 00:00:00,2025,6,0.138695583
4,2025-06-20 00:00:00,2025,6,0.180614452
4,2025-06-23 00:00:00,2025,6,0.967913454
4,2025-06-26 00:00:00,2025,6,10.30132266
6,2025-06-02 00:00:00,2025,6,0.005687221
6,2025-06-04 00:00:00,2025,6,0.069793034
6,2025-06-08 00:00:00,2025,6,4.51697416
6,2025-06-12 00:00:00,2025,6,0.752599711
6,2025-06-13 00:00:00,2025,6,3.935791635
6,2025-06-17 00:00:00,2025,6,2.72196693
6,2025-06-29 00:00:00,2025,6,0.224873283
6,2025-06-30 00:00:00,2025,6,11.89311875
7,2025-06-01 00:00:00,2025,6,0.270331068
7,2025-06-04 00:00:00,2025,6,0.343609436
7,2025-06-10 00:00:00,2025,6,0.00234123
7,2025-06-09 00:00:00,2025,6,7.66990325
7,2025-06-18 00:00:00,2025,6,0.156463813
7,2025-06-29 00:00:00,2025,6,0.253125218
9,2025-06-10 00:00:00,2025,6,0.006573307
9,2025-06-17 00:00:00,2025,6,0.040776401
9,2025-06-20 00:00:00,2025,6,0.262654733
9,2025-06-21 00:00:00,2025,6,1.852132456
9,2025-06-22 00:00:00,2025,6,1.24838791
9,2025-06-27 00:00:00,2025,6,0.4336928
8,2025-06-02 00:00:00,2025,6,0.349824191
8,2025-06-11 00:00:00,2025,6,0.243432571
8,2025-06-21 00:00:00,2025,6,5.802428973
8,2025-06-24 00:00:00,2025,6,1.876954651
8,2025-06-28 00:00:00,2025,6,1.187695357
10,2025-06-06 00:00:00,2025,6,1.213827639
10,2025-06-08 00:00:00,2025,6,2.21583494
10,2025-06-09 00:00:00,2025,6,0.03045303
10,2025-06-14 00:00:00,2025,6,0.485695426
10,2025-06-18 00:00:00,2025,6,0.767386315
10,2025-06-28 00:00:00,2025,6,0.141709753
11,2025-06-02 00:00:00,2025,6,2.08e-05
11,2025-06-12 00:00:00,2025,6,4.194070002
11,2025-06-13 00:00:00,2025,6,1.157455415
11,2025-06-16 00:00:00,2025,6,1.319565474
11,2025-06-20 00:00:00,2025,6,1.274604814
11,2025-06-25 00:00:00,2025,6,6.639955037
12,2025-06-03 00:00:00,2025,6,0.640057029
12,2025-06-04 00:00:00,2025,6,1.261130306
12,2025-06-05 00:00:00,2025,6,5.510050824
12,2025-06-06 00:00:00,2025,6,2.086830427
12,2025-06-09 00:00:00,2025,6,0.042307549
12,2025-06-18 00:00:00,2025,6,1.289408717
12,2025-06-24 00:00:00,2025,6,7.291490787
12,2025-06-26 00:00:00,2025,6,6.640604628
12,2025-06-28 00:00:00,2025,6,0.292183213
13,2025-06-01 00:00:00,2025,6,0.184507
13,2025-06-02 00:00:00,2025,6,0.000321011
13,2025-06-03 00:00:00,2025,6,0.451384343
13,2025-06-14 00:00:00,2025,6,5.632117763
13,2025-06-28 00:00:00,2025,6,0.42187444
5,2025-06-04 00:00:00,2025,6,0.19953721
5,2025-06-07 00:00:00,2025,6,0.989768268
5,2025-06-15 00:00:00,2025,6,0.375137574
5,2025-06-16 00:00:00,2025,6,2.296539526
5,2025-06-22 00:00:00,2025,6,0.79948495
5,2025-06-24 00:00:00,2025,6,1.650758782
5,2025-06-26 00:00:00,2025,6,2.352081501
5,2025-06-27 00:00:00,2025,6,0.644400405
3,2025-01-26 00:00:00,2025,1,1.31e-06
3,2025-01-28 00:00:00,2025,1,0.0
3,2025-02-03 00:00:00,2025,2,0.0
3,2025-02-20 00:00:00,2025,2,0.0
3,2025-02-28 00:00:00,2025,2,0.0
3,2025-03-07 00:00:00,2025,3,0.028298492
3,2025-03-08 00:00:00,2025,3,0.0
3,2025-03-12 00:00:00,2025,3,0.0
3,2025-03-31 00:00:00,2025,3,0.009670403
3,2025-04-04 00:00:00,2025,4,2.44452987
3,2025-04-10 00:00:00,2025,4,0.938749426
3,2025-04-11 00:00:00,2025,4,3.406604397
3,2025-04-14 00:00:00,2025,4,10.77679371
3,2025-04-16 00:00:00,2025,4,4.796428288
3,2025-04-18 00:00:00,2025,4,0.001230556
3,2025-04-19 00:00:00,2025,4,0.0
3,2025-04-24 00:00:00,2025,4,0.035953746
3,2025-04-28 00:00:00,2025,4,0.000925448
3,2025-05-02 00:00:00,2025,5,8.216779177
3,2025-05-04 00:00:00,2025,5,6.270121181
3,2025-05-05 00:00:00,2025,5,32.81630708
3,2025-05-07 00:00:00,2025,5,0.508386993
3,2025-05-08 00:00:00,2025,5,2.165508904
3,2025-05-16 00:00:00,2025,5,10.97519998
3,2025-05-21 00:00:00,2025,5,21.40979336
3,2025-05-24 00:00:00,2025,5,3.040437628
3,2025-06-03 00:00:00,2025,6,0.435580352
3,2025-06-05 00:00:00,2025,6,0.072097356
3,2025-06-16 00:00:00,2025,6,1.841053713
3,2025-06-15 00:00:00,2025,6,15.61211245
3,2025-06-23 00:00:00,2025,6,7.891039426
3,2025-06-27 00:00:00,2025,6,14.05521881
3,2025-06-28 00:00:00,2025,6,1.403749373
4,2025-01-07 00:00:00,2025,1,0.015619491
4,2025-01-09 00:00:00,2025,1,0.0
4,2025-01-16 00:00:00,2025,1,2.92e-05
4,2025-01-18 00:00:00,2025,1,0.0
4,2025-02-09 00:00:00,2025,2,0.0
4,2025-02-28 00:00:00,2025,2,0.0
4,2025-03-11 00:00:00,2025,3,0.0
4,2025-03-16 00:00:00,2025,3,0.0
4,2025-03-23 00:00:00,2025,3,0.063208768
4,2025-03-27 00:00:00,2025,3,0.002462534
4,2025-03-31 00:00:00,2025,3,0.001828358
4,2025-04-06 00:00:00,2025,4,0.569138804
4,2025-04-14 00:00:00,2025,4,2.375308572
4,2025-04-15 00:00:00,2025,4,0.002616483
4,2025-04-17 00:00:00,2025,4,0.0
4,2025-04-22 00:00:00,2025,4,0.0
4,2025-04-28 00:00:00,2025,4,0.003085502
4,2025-05-15 00:00:00,2025,5,2.843909723
4,2025-05-17 00:00:00,2025,5,2.555532636
4,2025-05-18 00:00:00,2025,5,11.94027542
4,2025-05-21 00:00:00,2025,5,8.347939153
4,2025-06-03 00:00:00,2025,6,0.006385122
4,2025-06-14 00:00:00,2025,6,0.799191914
4,2025-06-19 00:00:00,2025,6,0.138695583
6,2025-01-01 00:00:00,2025,1,7.99e-06
6,2025-01-02 00:00:00,2025,1,5.2e-05
6,2025-01-05 00:00:00,2025,1,0.014457404
6,2025-01-12 00:00:00,2025,1,7.73e-05
6,2025-01-31 00:00:00,2025,1,0.0
6,2025-02-09 00:00:00,2025,2,0.0
6,2025-02-13 00:00:00,2025,2,0.00135838
6,2025-02-14 00:00:00,2025,2,0.0
6,2025-02-19 00:00:00,2025,2,0.000395217
6,2025-03-01 00:00:00,2025,3,0.0
6,2025-03-12 00:00:00,2025,3,0.00492541
6,2025-03-18 00:00:00,2025,3,0.0
6,2025-03-21 00:00:00,2025,3,0.0
6,2025-03-23 00:00:00,2025,3,1.623399968
6,2025-03-24 00:00:00,2025,3,0.113270934
6,2025-03-26 00:00:00,2025,3,0.0
6,2025-03-27 00:00:00,2025,3,0.069705355
6,2025-03-30 00:00:00,2025,3,0.0
6,2025-04-09 00:00:00,2025,4,0.034641272
6,2025-04-10 00:00:00,2025,4,0.000383601
6,2025-04-22 00:00:00,2025,4,0.0
6,2025-04-28 00:00:00,2025,4,0.030757998
6,2025-04-30 00:00:00,2025,4,0.005345467
6,2025-05-09 00:00:00,2025,5,4.120353793
6,2025-05-17 00:00:00,2025,5,1.541585253
6,2025-05-18 00:00:00,2025,5,5.15578336
6,2025-06-12 00:00:00,2025,6,0.752599711
6,2025-06-13 00:00:00,2025,6,3.935791635
6,2025-06-14 00:00:00,2025,6,0.813810204
6,2025-06-21 00:00:00,2025,6,0.292187199
7,2025-01-01 00:00:00,2025,1,2.21e-05
7,2025-01-03 00:00:00,2025,1,0.003454102
7,2025-01-06 00:00:00,2025,1,0.000910678
7,2025-01-15 00:00:00,2025,1,0.0
7,2025-01-16 00:00:00,2025,1,0.008192578
7,2025-01-21 00:00:00,2025,1,0.000403919
7,2025-01-24 00:00:00,2025,1,0.010686025
7,2025-01-26 00:00:00,2025,1,0.009494322
7,2025-02-05 00:00:00,2025,2,0.010974788
7,2025-02-07 00:00:00,2025,2,0.0
7,2025-02-08 00:00:00,2025,2,0.0
7,2025-02-09 00:00:00,2025,2,0.000697842
7,2025-02-13 00:00:00,2025,2,0.0
7,2025-02-14 00:00:00,2025,2,0.0
7,2025-02-18 00:00:00,2025,2,0.0
7,2025-02-19 00:00:00,2025,2,0.0
7,2025-02-21 00:00:00,2025,2,0.000547938
7,2025-02-23 00:00:00,2025,2,0.0
7,2025-02-26 00:00:00,2025,2,0.0
7,2025-03-05 00:00:00,2025,3,0.059175103
7,2025-03-10 00:00:00,2025,3,7.37e-05
7,2025-03-11 00:00:00,2025,3,0.001560367
7,2025-03-25 00:00:00,2025,3,0.011427551
7,2025-03-26 00:00:00,2025,3,0.077366634
7,2025-03-31 00:00:00,2025,3,0.019816461
7,2025-04-16 00:00:00,2025,4,0.056567215
7,2025-04-20 00:00:00,2025,4,0.544370102
7,2025-05-15 00:00:00,2025,5,10.72858471
7,2025-05-16 00:00:00,2025,5,1.695176747
7,2025-05-28 00:00:00,2025,5,1.705866804
7,2025-06-01 00:00:00,2025,6,0.270331068
7,2025-06-07 00:00:00,2025,6,5.597170395
7,2025-06-08 00:00:00,2025,6,4.948117862
7,2025-06-21 00:00:00,2025,6,3.803955112
7,2025-06-28 00:00:00,2025,6,0.152240869
9,2025-01-01 00:00:00,2025,1,0.0
9,2025-01-03 00:00:00,2025,1,0.000311912
9,2025-01-07 00:00:00,2025,1,0.0
9,2025-01-08 00:00:00,2025,1,0.0
9,2025-01-10 00:00:00,2025,1,3.8e-06
9,2025-01-13 00:00:00,2025,1,0.0
9,2025-01-14 00:00:00,2025,1,0.0
9,2025-01-17 00:00:00,2025,1,4.39e-05
9,2025-01-19 00:00:00,2025,1,0.004301148
9,2025-01-24 00:00:00,2025,1,0.0
9,2025-01-30 00:00:00,2025,1,0.0
9,2025-02-04 00:00:00,2025,2,0.0
9,2025-02-07 00:00:00,2025,2,0.0
9,2025-02-23 00:00:00,2025,2,5.64e-07
9,2025-02-24 00:00:00,2025,2,0.0
9,2025-02-28 00:00:00,2025,2,0.0
9,2025-03-03 00:00:00,2025,3,0.0
9,2025-03-06 00:00:00,2025,3,0.0
9,2025-03-14 00:00:00,2025,3,0.0
9,2025-03-17 00:00:00,2025,3,0.0
9,2025-03-19 00:00:00,2025,3,0.0
9,2025-03-20 00:00:00,2025,3,0.0
9,2025-03-22 00:00:00,2025,3,3.27e-05
9,2025-03-24 00:00:00,2025,3,0.001919078
9,2025-03-29 00:00:00,2025,3,0.0
9,2025-04-02 00:00:00,2025,4,2.2e-05
9,2025-04-25 00:00:00,2025,4,0.0
9,2025-04-26 00:00:00,2025,4,0.0
9,2025-05-02 00:00:00,2025,5,3.333813806
9,2025-05-05 00:00:00,2025,5,0.970487347
9,2025-06-01 00:00:00,2025,6,0.136296808
9,2025-06-03 00:00:00,2025,6,0.158969161
9,2025-06-05 00:00:00,2025,6,0.014875334
9,2025-06-07 00:00:00,2025,6,2.119444659
9,2025-06-10 00:00:00,2025,6,0.006573307
9,2025-06-16 00:00:00,2025,6,3.744910672
9,2025-06-17 00:00:00,2025,6,0.040776401
9,2025-06-23 00:00:00,2025,6,1.946020678
9,2025-06-24 00:00:00,2025,6,4.785428436
9,2025-06-25 00:00:00,2025,6,3.134610663
9,2025-06-27 00:00:00,2025,6,0.4336928
9,2025-06-29 00:00:00,2025,6,0.911446082
8,2025-01-01 00:00:00,2025,1,3.13e-05
8,2025-01-13 00:00:00,2025,1,0.157018426
8,2025-01-21 00:00:00,2025,1,0.0
8,2025-01-23 00:00:00,2025,1,0.0
8,2025-01-28 00:00:00,2025,1,0.0
8,2025-01-29 00:00:00,2025,1,0.000439684
8,2025-01-31 00:00:00,2025,1,0.0
8,2025-02-09 00:00:00,2025,2,0.0
8,2025-02-17 00:00:00,2025,2,0.0
8,2025-02-18 00:00:00,2025,2,0.0
8,2025-02-26 00:00:00,2025,2,0.0
8,2025-02-27 00:00:00,2025,2,0.000774523
8,2025-03-25 00:00:00,2025,3,0.0
8,2025-03-27 00:00:00,2025,3,0.0
8,2025-04-08 00:00:00,2025,4,0.0
8,2025-04-12 00:00:00,2025,4,0.232174148
8,2025-04-24 00:00:00,2025,4,0.0
8,2025-05-15 00:00:00,2025,5,0.026537159
8,2025-05-21 00:00:00,2025,5,11.43748218
8,2025-06-04 00:00:00,2025,6,0.243701304
8,2025-06-05 00:00:00,2025,6,0.061247016
8,2025-06-24 00:00:00,2025,6,1.876954651
10,2025-01-02 00:00:00,2025,1,9e-05
10,2025-01-04 00:00:00,2025,1,0.0
10,2025-01-06 00:00:00,2025,1,0.0
10,2025-01-08 00:00:00,2025,1,0.0
10,2025-01-10 00:00:00,2025,1,0.000130537
10,2025-01-17 00:00:00,2025,1,0.0
10,2025-01-20 00:00:00,2025,1,0.000762566
10,2025-01-21 00:00:00,2025,1,0.000631546
10,2025-01-23 00:00:00,2025,1,0.000405836
10,2025-01-24 00:00:00,2025,1,3.38e-08
10,2025-01-26 00:00:00,2025,1,0.0
10,2025-01-28 00:00:00,2025,1,0.0
10,2025-01-29 00:00:00,2025,1,0.0
10,2025-01-31 00:00:00,2025,1,0.0
10,2025-02-18 00:00:00,2025,2,0.0
10,2025-02-25 00:00:00,2025,2,0.0
10,2025-02-26 00:00:00,2025,2,0.0
10,2025-03-01 00:00:00,2025,3,0.0
10,2025-03-06 00:00:00,2025,3,0.09474486
10,2025-03-09 00:00:00,2025,3,0.0
10,2025-03-17 00:00:00,2025,3,0.0
10,2025-03-20 00:00:00,2025,3,4.5e-05
10,2025-03-25 00:00:00,2025,3,0.004425515
10,2025-04-03 00:00:00,2025,4,0.0
10,2025-04-04 00:00:00,2025,4,0.001119286
10,2025-04-15 00:00:00,2025,4,0.003460319
10,2025-04-27 00:00:00,2025,4,0.003132116
10,2025-05-02 00:00:00,2025,5,16.59474148
10,2025-05-06 00:00:00,2025,5,4.07e-06
10,2025-05-09 00:00:00,2025,5,0.055475645
10,2025-05-03 00:00:00,2025,5,0.0
10,2025-05-18 00:00:00,2025,5,0.451203451
10,2025-05-19 00:00:00,2025,5,1.024737243
10,2025-06-01 00:00:00,2025,6,9.580023065
10,2025-06-02 00:00:00,2025,6,0.0
10,2025-06-08 00:00:00,2025,6,2.21583494
10,2025-06-17 00:00:00,2025,6,2.700608307
10,2025-06-22 00:00:00,2025,6,0.421579812
10,2025-06-26 00:00:00,2025,6,4.936374327
10,2025-06-28 00:00:00,2025,6,0.141709753
10,2025-06-29 00:00:00,2025,6,2.244805693
11,2025-01-03 00:00:00,2025,1,0.001013025
11,2025-01-21 00:00:00,2025,1,0.006672312
11,2025-01-22 00:00:00,2025,1,0.0
11,2025-01-23 00:00:00,2025,1,6.27e-05
11,2025-01-24 00:00:00,2025,1,0.0
11,2025-01-28 00:00:00,2025,1,0.004295946
11,2025-01-29 00:00:00,2025,1,0.0
11,2025-02-01 00:00:00,2025,2,0.0
11,2025-02-13 00:00:00,2025,2,0.0
11,2025-02-15 00:00:00,2025,2,0.0
11,2025-02-16 00:00:00,2025,2,0.0
11,2025-02-18 00:00:00,2025,2,0.0
11,2025-02-21 00:00:00,2025,2,0.013770067
11,2025-02-27 00:00:00,2025,2,0.0
11,2025-02-28 00:00:00,2025,2,0.0
11,2025-03-02 00:00:00,2025,3,0.0
11,2025-03-04 00:00:00,2025,3,0.0
11,2025-03-16 00:00:00,2025,3,0.078995652
11,2025-03-18 00:00:00,2025,3,0.0
11,2025-03-21 00:00:00,2025,3,0.0
11,2025-03-22 00:00:00,2025,3,0.117502446
11,2025-03-25 00:00:00,2025,3,1.600488441
11,2025-03-27 00:00:00,2025,3,0.257181555
11,2025-03-28 00:00:00,2025,3,0.0
11,2025-04-01 00:00:00,2025,4,0.024539304
11,2025-04-06 00:00:00,2025,4,5.686552121
11,2025-04-07 00:00:00,2025,4,1.0734555
11,2025-04-13 00:00:00,2025,4,0.708269979
11,2025-04-14 00:00:00,2025,4,8.812932918
11,2025-04-15 00:00:00,2025,4,0.160274224
11,2025-04-20 00:00:00,2025,4,0.352115481
11,2025-04-23 00:00:00,2025,4,3.078351979
11,2025-04-24 00:00:00,2025,4,2.137293529
11,2025-04-26 00:00:00,2025,4,0.743197222
11,2025-05-25 00:00:00,2025,5,1.715477371
11,2025-05-27 00:00:00,2025,5,8.594506063
11,2025-05-28 00:00:00,2025,5,54.01642353
11,2025-06-03 00:00:00,2025,6,0.65155537
11,2025-06-09 00:00:00,2025,6,0.966759466
11,2025-06-14 00:00:00,2025,6,2.029279724
11,2025-06-21 00:00:00,2025,6,0.187327432
11,2025-06-22 00:00:00,2025,6,2.373640338
11,2025-06-25 00:00:00,2025,6,6.639955037
12,2025-01-07 00:00:00,2025,1,0.0
12,2025-01-21 00:00:00,2025,1,0.0
12,2025-01-23 00:00:00,2025,1,0.0
12,2025-01-26 00:00:00,2025,1,0.0
12,2025-01-28 00:00:00,2025,1,0.0
12,2025-01-30 00:00:00,2025,1,0.0
12,2025-02-02 00:00:00,2025,2,1.37e-05
12,2025-02-03 00:00:00,2025,2,0.0
12,2025-02-04 00:00:00,2025,2,0.0
12,2025-02-07 00:00:00,2025,2,0.0
12,2025-02-19 00:00:00,2025,2,0.0
12,2025-02-20 00:00:00,2025,2,0.002262641
12,2025-02-22 00:00:00,2025,2,0.150977686
12,2025-02-23 00:00:00,2025,2,0.070770505
12,2025-02-25 00:00:00,2025,2,0.0
12,2025-03-02 00:00:00,2025,3,0.0
12,2025-03-12 00:00:00,2025,3,0.0
12,2025-03-13 00:00:00,2025,3,0.0
12,2025-03-22 00:00:00,2025,3,0.004931342
12,2025-03-27 00:00:00,2025,3,0.0
12,2025-03-31 00:00:00,2025,3,0.000261525
12,2025-04-07 00:00:00,2025,4,0.886922459
12,2025-04-09 00:00:00,2025,4,0.257898375
12,2025-04-17 00:00:00,2025,4,0.0
12,2025-04-21 00:00:00,2025,4,0.263056719
12,2025-04-29 00:00:00,2025,4,8.648958664
12,2025-05-05 00:00:00,2025,5,1.267606299
12,2025-05-17 00:00:00,2025,5,5.065589727
12,2025-05-18 00:00:00,2025,5,2.147983197
12,2025-05-26 00:00:00,2025,5,12.4786338
12,2025-05-27 00:00:00,2025,5,2.780550225
12,2025-06-07 00:00:00,2025,6,2.667292894
12,2025-06-08 00:00:00,2025,6,1.690390785
12,2025-06-10 00:00:00,2025,6,8.15350225
12,2025-06-13 00:00:00,2025,6,2.910634853
12,2025-06-17 00:00:00,2025,6,6.310483121
12,2025-06-19 00:00:00,2025,6,0.1487926
12,2025-06-23 00:00:00,2025,6,2.958045249
13,2025-01-03 00:00:00,2025,1,8.6e-05
13,2025-01-06 00:00:00,2025,1,0.0
13,2025-01-18 00:00:00,2025,1,0.001531427
13,2025-01-21 00:00:00,2025,1,2.7e-05
13,2025-01-27 00:00:00,2025,1,0.0
13,2025-01-31 00:00:00,2025,1,0.0
13,2025-02-02 00:00:00,2025,2,0.0
13,2025-02-06 00:00:00,2025,2,0.0
13,2025-02-26 00:00:00,2025,2,0.0
13,2025-03-01 00:00:00,2025,3,0.0
13,2025-03-17 00:00:00,2025,3,0.0
13,2025-03-20 00:00:00,2025,3,0.0
13,2025-03-28 00:00:00,2025,3,5.47e-05
13,2025-03-29 00:00:00,2025,3,0.011431487
13,2025-04-09 00:00:00,2025,4,0.090274043
13,2025-04-10 00:00:00,2025,4,0.640705133
13,2025-04-24 00:00:00,2025,4,1.88e-05
13,2025-04-27 00:00:00,2025,4,0.004660487
13,2025-04-28 00:00:00,2025,4,0.00027136
13,2025-05-02 00:00:00,2025,5,6.184292065
13,2025-05-05 00:00:00,2025,5,34.01328792
13,2025-05-15 00:00:00,2025,5,9.865672674
13,2025-05-19 00:00:00,2025,5,3.848796884
13,2025-05-23 00:00:00,2025,5,9.689925752
13,2025-06-02 00:00:00,2025,6,0.000321011
13,2025-06-04 00:00:00,2025,6,0.724274798
13,2025-06-06 00:00:00,2025,6,0.008542112
13,2025-06-07 00:00:00,2025,6,0.438319887
13,2025-06-08 00:00:00,2025,6,0.543815878
13,2025-06-09 00:00:00,2025,6,0.239400138
13,2025-06-14 00:00:00,2025,6,5.632117763
13,2025-06-16 00:00:00,2025,6,0.570122149
5,2025-01-03 00:00:00,2025,1,0.008072805
5,2025-01-04 00:00:00,2025,1,0.0
5,2025-01-14 00:00:00,2025,1,0.559908615
5,2025-01-12 00:00:00,2025,1,0.005536365
5,2025-01-16 00:00:00,2025,1,8.69e-05
5,2025-01-26 00:00:00,2025,1,0.027829944
5,2025-01-27 00:00:00,2025,1,0.017066034
5,2025-01-28 00:00:00,2025,1,5.73e-05
5,2025-01-31 00:00:00,2025,1,0.0
5,2025-02-08 00:00:00,2025,2,0.0
5,2025-02-25 00:00:00,2025,2,0.0
5,2025-02-26 00:00:00,2025,2,4.15e-05
5,2025-03-01 00:00:00,2025,3,0.012549709
5,2025-03-03 00:00:00,2025,3,0.0
5,2025-03-09 00:00:00,2025,3,0.0
5,2025-03-11 00:00:00,2025,3,0.0
5,2025-03-12 00:00:00,2025,3,0.004727396
5,2025-03-13 00:00:00,2025,3,0.0
5,2025-03-18 00:00:00,2025,3,0.0
1,2025-01-04 00:00:00,2025,1,0.0
1,2025-01-08 00:00:00,2025,1,0.0
1,2025-01-11 00:00:00,2025,1,0.0
1,2025-01-15 00:00:00,2025,1,0.0
1,2025-01-18 00:00:00,2025,1,0.0
1,2025-01-22 00:00:00,2025,1,0.0
1,2025-02-05 00:00:00,2025,2,0.000608151
1,2025-02-14 00:00:00,2025,2,0.0
1,2025-02-19 00:00:00,2025,2,0.0
1,2025-02-27 00:00:00,2025,2,0.000172684
1,2025-02-28 00:00:00,2025,2,0.0
1,2025-03-02 00:00:00,2025,3,0.0
1,2025-03-16 00:00:00,2025,3,0.0
1,2025-03-17 00:00:00,2025,3,0.0
1,2025-03-21 00:00:00,2025,3,0.000151851
1,2025-03-23 00:00:00,2025,3,1.207470255
1,2025-03-30 00:00:00,2025,3,0.0
1,2025-04-13 00:00:00,2025,4,0.0
1,2025-04-27 00:00:00,2025,4,0.445331807
1,2025-04-28 00:00:00,2025,4,9.210585977
1,2025-05-04 00:00:00,2025,5,0.119739963
1,2025-05-15 00:00:00,2025,5,19.11727316
1,2025-05-17 00:00:00,2025,5,7.704576321
1,2025-05-22 00:00:00,2025,5,6.235283762
1,2025-05-27 00:00:00,2025,5,2.823768311
1,2025-05-29 00:00:00,2025,5,0.290654689
1,2025-06-08 00:00:00,2025,6,2.107557808
1,2025-06-10 00:00:00,2025,6,3.593798343
1,2025-06-23 00:00:00,2025,6,5.840909252
1,2025-06-26 00:00:00,2025,6,1.201642579
1,2025-06-29 00:00:00,2025,6,0.029791933
2,2025-01-11 00:00:00,2025,1,0.160407794
2,2025-01-14 00:00:00,2025,1,3.198436212
2,2025-01-21 00:00:00,2025,1,5.38e-06
2,2025-01-24 00:00:00,2025,1,6.15e-05
2,2025-01-27 00:00:00,2025,1,0.0
2,2025-02-02 00:00:00,2025,2,0.0
2,2025-02-09 00:00:00,2025,2,2.69e-06
2,2025-02-13 00:00:00,2025,2,0.0
2,2025-03-05 00:00:00,2025,3,0.0208273
2,2025-03-09 00:00:00,2025,3,0.0
2,2025-03-11 00:00:00,2025,3,0.0
2,2025-03-15 00:00:00,2025,3,0.0
2,2025-03-17 00:00:00,2025,3,0.0
2,2025-03-23 00:00:00,2025,3,1.487697261
2,2025-03-24 00:00:00,2025,3,0.319984889
2,2025-03-27 00:00:00,2025,3,0.0
2,2025-03-30 00:00:00,2025,3,0.0
2,2025-04-07 00:00:00,2025,4,3.24e-05
2,2025-04-11 00:00:00,2025,4,0.894890508
2,2025-05-06 00:00:00,2025,5,0.830541238
2,2025-05-07 00:00:00,2025,5,20.3468903
2,2025-05-23 00:00:00,2025,5,0.340275002
2,2025-05-27 00:00:00,2025,5,0.593400467
2,2025-06-07 00:00:00,2025,6,0.222141029
2,2025-06-11 00:00:00,2025,6,1.280503543
2,2025-06-16 00:00:00,2025,6,0.212086547
2,2025-06-23 00:00:00,2025,6,6.45372719
3,2025-01-01 00:00:00,2025,1,0.0
3,2025-01-12 00:00:00,2025,1,0.0
5,2025-03-19 00:00:00,2025,3,0.0
5,2025-04-07 00:00:00,2025,4,0.001343968
5,2025-04-08 00:00:00,2025,4,0.00150767
5,2025-04-22 00:00:00,2025,4,0.0
5,2025-04-28 00:00:00,2025,4,0.354088549
5,2025-04-30 00:00:00,2025,4,0.000648763
5,2025-05-10 00:00:00,2025,5,0.066566126
5,2025-05-15 00:00:00,2025,5,8.082941946
5,2025-05-16 00:00:00,2025,5,3.618556913
5,2025-05-17 00:00:00,2025,5,2.374383377
5,2025-05-28 00:00:00,2025,5,0.169313938
5,2025-05-29 00:00:00,2025,5,0.136472156
5,2025-05-30 00:00:00,2025,5,4.91874872
5,2025-05-31 00:00:00,2025,5,0.294592536
5,2025-06-03 00:00:00,2025,6,0.330108931
5,2025-06-07 00:00:00,2025,6,0.989768268
5,2025-06-08 00:00:00,2025,6,0.653890972
5,2025-06-10 00:00:00,2025,6,0.359010903
5,2025-06-15 00:00:00,2025,6,0.375137574
5,2025-06-19 00:00:00,2025,6,0.477310336
5,2025-06-28 00:00:00,2025,6,0.303900199
3,2025-01-18 00:00:00,2025,1,0.004968707
1,2025-01-06 00:00:00,2025,1,7.93e-05
1,2025-01-09 00:00:00,2025,1,0.0
1,2025-01-14 00:00:00,2025,1,0.078376816
1,2025-01-18 00:00:00,2025,1,0.0
1,2025-01-19 00:00:00,2025,1,0.026514449
1,2025-01-20 00:00:00,2025,1,0.12302957
1,2025-01-22 00:00:00,2025,1,0.0
1,2025-01-24 00:00:00,2025,1,0.002571262
1,2025-01-28 00:00:00,2025,1,4.02e-06
1,2025-01-29 00:00:00,2025,1,0.002901156
1,2025-01-30 00:00:00,2025,1,0.0
2,2025-01-04 00:00:00,2025,1,0.0
2,2025-01-05 00:00:00,2025,1,0.0
2,2025-01-09 00:00:00,2025,1,0.0
2,2025-01-11 00:00:00,2025,1,0.160407794
2,2025-01-13 00:00:00,2025,1,0.332058879
2,2025-01-22 00:00:00,2025,1,0.0
2,2025-01-23 00:00:00,2025,1,0.0
3,2025-01-01 00:00:00,2025,1,0.0
3,2025-01-12 00:00:00,2025,1,0.0
3,2025-01-13 00:00:00,2025,1,0.0012885
3,2025-01-20 00:00:00,2025,1,0.0
3,2025-01-21 00:00:00,2025,1,0.0
4,2025-01-13 00:00:00,2025,1,0.0
4,2025-01-16 00:00:00,2025,1,2.92e-05
4,2025-01-20 00:00:00,2025,1,0.0
4,2025-01-26 00:00:00,2025,1,0.0
4,2025-01-25 00:00:00,2025,1,0.0
4,2025-01-31 00:00:00,2025,1,0.0
6,2025-01-09 00:00:00,2025,1,0.0
6,2025-01-11 00:00:00,2025,1,0.0
6,2025-01-22 00:00:00,2025,1,0.0
6,2025-01-25 00:00:00,2025,1,0.0
6,2025-01-28 00:00:00,2025,1,0.0
6,2025-01-30 00:00:00,2025,1,0.0
6,2025-01-31 00:00:00,2025,1,0.0
7,2025-01-12 00:00:00,2025,1,0.007300896
7,2025-01-16 00:00:00,2025,1,0.008192578
7,2025-01-20 00:00:00,2025,1,0.0
7,2025-01-30 00:00:00,2025,1,5.21e-05
9,2025-01-06 00:00:00,2025,1,0.0
9,2025-01-10 00:00:00,2025,1,3.8e-06
9,2025-01-13 00:00:00,2025,1,0.0
9,2025-01-15 00:00:00,2025,1,0.0
9,2025-01-27 00:00:00,2025,1,0.0
9,2025-01-31 00:00:00,2025,1,0.0
8,2025-01-04 00:00:00,2025,1,0.0
8,2025-01-19 00:00:00,2025,1,1.439722882
8,2025-01-26 00:00:00,2025,1,0.017852749
8,2025-01-27 00:00:00,2025,1,0.032502834
8,2025-01-31 00:00:00,2025,1,0.0
10,2025-01-06 00:00:00,2025,1,0.0
10,2025-01-23 00:00:00,2025,1,0.000405836
11,2025-01-01 00:00:00,2025,1,0.000292015
11,2025-01-08 00:00:00,2025,1,0.0
11,2025-01-21 00:00:00,2025,1,0.006672312
11,2025-01-27 00:00:00,2025,1,0.0
12,2025-01-01 00:00:00,2025,1,0.0
12,2025-01-02 00:00:00,2025,1,7.69e-06
12,2025-01-07 00:00:00,2025,1,0.0
12,2025-01-08 00:00:00,2025,1,0.0
12,2025-01-11 00:00:00,2025,1,0.0
12,2025-01-12 00:00:00,2025,1,1.92e-05
12,2025-01-13 00:00:00,2025,1,0.0
12,2025-01-15 00:00:00,2025,1,0.0
12,2025-01-22 00:00:00,2025,1,0.0
12,2025-01-24 00:00:00,2025,1,0.0
12,2025-01-26 00:00:00,2025,1,0.0
12,2025-01-25 00:00:00,2025,1,0.0
12,2025-01-30 00:00:00,2025,1,0.0
13,2025-01-05 00:00:00,2025,1,0.001588623
13,2025-01-08 00:00:00,2025,1,0.0
13,2025-01-10 00:00:00,2025,1,0.001878122
13,2025-01-11 00:00:00,2025,1,0.0
13,2025-01-17 00:00:00,2025,1,0.0
13,2025-01-18 00:00:00,2025,1,0.001531427
13,2025-01-29 00:00:00,2025,1,5.01e-05
5,2025-01-01 00:00:00,2025,1,0.0
5,2025-01-03 00:00:00,2025,1,0.008072805
5,2025-01-08 00:00:00,2025,1,0.0
5,2025-01-13 00:00:00,2025,1,0.008025143
5,2025-01-17 00:00:00,2025,1,0.004911948
5,2025-01-20 00:00:00,2025,1,0.071363415
5,2025-01-25 00:00:00,2025,1,0.001742466
5,2025-01-29 00:00:00,2025,1,0.010208712
5,2025-01-31 00:00:00,2025,1,0.0
1,2025-02-06 00:00:00,2025,2,0.0
2,2025-02-01 00:00:00,2025,2,0.0
2,2025-02-07 00:00:00,2025,2,0.0
2,2025-02-23 00:00:00,2025,2,0.0
2,2025-02-26 00:00:00,2025,2,0.0
3,2025-02-01 00:00:00,2025,2,0.000216531
3,2025-02-07 00:00:00,2025,2,0.0
3,2025-02-09 00:00:00,2025,2,0.0
3,2025-02-17 00:00:00,2025,2,0.0
3,2025-02-21 00:00:00,2025,2,0.0
3,2025-02-27 00:00:00,2025,2,0.0
4,2025-02-07 00:00:00,2025,2,0.0
4,2025-02-09 00:00:00,2025,2,0.0
4,2025-02-13 00:00:00,2025,2,3.81e-07
4,2025-02-16 00:00:00,2025,2,0.0
4,2025-02-20 00:00:00,2025,2,0.0
4,2025-02-21 00:00:00,2025,2,0.0
6,2025-02-02 00:00:00,2025,2,0.0
6,2025-02-27 00:00:00,2025,2,0.0
7,2025-02-15 00:00:00,2025,2,0.0
7,2025-02-16 00:00:00,2025,2,0.0
7,2025-02-17 00:00:00,2025,2,0.000283473
7,2025-02-28 00:00:00,2025,2,0.0
9,2025-02-02 00:00:00,2025,2,0.0
9,2025-02-06 00:00:00,2025,2,0.0
9,2025-02-07 00:00:00,2025,2,0.0
9,2025-02-09 00:00:00,2025,2,0.0
9,2025-02-10 00:00:00,2025,2,0.0
9,2025-02-22 00:00:00,2025,2,3.39e-06
9,2025-02-23 00:00:00,2025,2,5.64e-07
9,2025-02-28 00:00:00,2025,2,0.0
8,2025-02-04 00:00:00,2025,2,0.0
8,2025-02-09 00:00:00,2025,2,0.0
8,2025-02-14 00:00:00,2025,2,0.0
8,2025-02-20 00:00:00,2025,2,0.0
8,2025-02-21 00:00:00,2025,2,0.0
8,2025-02-22 00:00:00,2025,2,0.0
8,2025-02-26 00:00:00,2025,2,0.0
10,2025-02-02 00:00:00,2025,2,0.0
10,2025-02-03 00:00:00,2025,2,0.0
10,2025-02-14 00:00:00,2025,2,0.0
10,2025-02-15 00:00:00,2025,2,0.0
10,2025-02-19 00:00:00,2025,2,0.0
10,2025-02-20 00:00:00,2025,2,0.001164452
10,2025-02-22 00:00:00,2025,2,0.002351039
10,2025-02-26 00:00:00,2025,2,0.0
11,2025-02-09 00:00:00,2025,2,0.0
11,2025-02-10 00:00:00,2025,2,0.0
11,2025-02-21 00:00:00,2025,2,0.013770067
11,2025-02-22 00:00:00,2025,2,0.19585706
12,2025-02-02 00:00:00,2025,2,1.37e-05
12,2025-02-06 00:00:00,2025,2,0.0
12,2025-02-07 00:00:00,2025,2,0.0
12,2025-02-10 00:00:00,2025,2,0.0
12,2025-02-13 00:00:00,2025,2,0.0
12,2025-02-24 00:00:00,2025,2,0.0
13,2025-02-03 00:00:00,2025,2,0.0
13,2025-02-14 00:00:00,2025,2,0.0
13,2025-02-16 00:00:00,2025,2,0.0
13,2025-02-26 00:00:00,2025,2,0.0
5,2025-02-01 00:00:00,2025,2,0.007905501
5,2025-02-25 00:00:00,2025,2,0.0
1,2025-03-01 00:00:00,2025,3,0.0
1,2025-03-11 00:00:00,2025,3,0.000284745
1,2025-03-14 00:00:00,2025,3,0.0
1,2025-03-15 00:00:00,2025,3,0.0
1,2025-03-18 00:00:00,2025,3,3.4e-05
1,2025-03-19 00:00:00,2025,3,0.0
1,2025-03-21 00:00:00,2025,3,0.000151851
1,2025-03-23 00:00:00,2025,3,1.207470255
1,2025-03-25 00:00:00,2025,3,0.0
1,2025-03-26 00:00:00,2025,3,0.000187836
1,2025-03-29 00:00:00,2025,3,0.00013292
1,2025-03-30 00:00:00,2025,3,0.0
2,2025-03-01 00:00:00,2025,3,0.076868002
2,2025-03-04 00:00:00,2025,3,0.001993151
2,2025-03-06 00:00:00,2025,3,0.009533697
2,2025-03-07 00:00:00,2025,3,0.0
2,2025-03-14 00:00:00,2025,3,0.0
2,2025-03-16 00:00:00,2025,3,0.0
3,2025-03-04 00:00:00,2025,3,0.0
3,2025-03-05 00:00:00,2025,3,0.702207381
3,2025-03-06 00:00:00,2025,3,0.00072473
3,2025-03-12 00:00:00,2025,3,0.0
4,2025-03-05 00:00:00,2025,3,0.09211433
4,2025-03-10 00:00:00,2025,3,0.039144161
4,2025-03-15 00:00:00,2025,3,0.0
4,2025-03-18 00:00:00,2025,3,0.0
4,2025-03-26 00:00:00,2025,3,0.0
6,2025-03-11 00:00:00,2025,3,0.0
6,2025-03-16 00:00:00,2025,3,0.0
6,2025-03-22 00:00:00,2025,3,0.297125672
6,2025-03-29 00:00:00,2025,3,0.062438379
6,2025-03-30 00:00:00,2025,3,0.0
6,2025-03-31 00:00:00,2025,3,0.002530434
7,2025-03-01 00:00:00,2025,3,0.0
7,2025-03-04 00:00:00,2025,3,0.007721335
7,2025-03-09 00:00:00,2025,3,0.0
7,2025-03-22 00:00:00,2025,3,0.079370904
7,2025-03-28 00:00:00,2025,3,0.0
7,2025-03-29 00:00:00,2025,3,0.0
7,2025-03-30 00:00:00,2025,3,0.0
9,2025-03-08 00:00:00,2025,3,0.0
9,2025-03-11 00:00:00,2025,3,0.0
9,2025-03-15 00:00:00,2025,3,0.0
9,2025-03-16 00:00:00,2025,3,0.0
9,2025-03-24 00:00:00,2025,3,0.001919078
9,2025-03-29 00:00:00,2025,3,0.0
9,2025-03-31 00:00:00,2025,3,0.00011178
8,2025-03-05 00:00:00,2025,3,0.039300037
8,2025-03-15 00:00:00,2025,3,0.0
8,2025-03-16 00:00:00,2025,3,0.0
8,2025-03-28 00:00:00,2025,3,0.0
8,2025-03-29 00:00:00,2025,3,0.000409077
10,2025-03-04 00:00:00,2025,3,0.0
10,2025-03-08 00:00:00,2025,3,0.0
10,2025-03-14 00:00:00,2025,3,0.0
10,2025-03-19 00:00:00,2025,3,0.0
10,2025-03-28 00:00:00,2025,3,0.0
10,2025-03-30 00:00:00,2025,3,1.45e-05
11,2025-03-03 00:00:00,2025,3,0.087599162
11,2025-03-05 00:00:00,2025,3,0.208689798
11,2025-03-06 00:00:00,2025,3,0.029853127
11,2025-03-12 00:00:00,2025,3,0.0
11,2025-03-13 00:00:00,2025,3,0.0
11,2025-03-23 00:00:00,2025,3,1.265071151
12,2025-03-05 00:00:00,2025,3,0.005951206
12,2025-03-06 00:00:00,2025,3,0.012456313
12,2025-03-10 00:00:00,2025,3,0.0
12,2025-03-13 00:00:00,2025,3,0.0
12,2025-03-15 00:00:00,2025,3,0.0
12,2025-03-18 00:00:00,2025,3,0.0
12,2025-03-20 00:00:00,2025,3,0.0
12,2025-03-24 00:00:00,2025,3,12.41988749
13,2025-03-05 00:00:00,2025,3,0.742446201
13,2025-03-07 00:00:00,2025,3,0.043266553
13,2025-03-10 00:00:00,2025,3,0.0
13,2025-03-13 00:00:00,2025,3,0.0
13,2025-03-21 00:00:00,2025,3,0.0
13,2025-03-23 00:00:00,2025,3,0.007417513
5,2025-03-08 00:00:00,2025,3,0.000689416
5,2025-03-13 00:00:00,2025,3,0.0
5,2025-03-22 00:00:00,2025,3,0.0
5,2025-03-30 00:00:00,2025,3,0.002095157
1,2025-04-05 00:00:00,2025,4,1.188801678
1,2025-04-09 00:00:00,2025,4,0.043690767
1,2025-04-10 00:00:00,2025,4,0.280864606
1,2025-04-24 00:00:00,2025,4,0.0
1,2025-04-28 00:00:00,2025,4,9.210585977
1,2025-04-30 00:00:00,2025,4,0.015179676
2,2025-04-05 00:00:00,2025,4,1.290243473
2,2025-04-16 00:00:00,2025,4,1.803725285
2,2025-04-23 00:00:00,2025,4,0.000955473
2,2025-04-24 00:00:00,2025,4,0.0
3,2025-04-01 00:00:00,2025,4,0.08806315
3,2025-04-02 00:00:00,2025,4,0.0
3,2025-04-05 00:00:00,2025,4,0.581451566
3,2025-04-08 00:00:00,2025,4,1.75535426
3,2025-04-16 00:00:00,2025,4,4.796428288
3,2025-04-19 00:00:00,2025,4,0.0
3,2025-04-21 00:00:00,2025,4,0.872007972
4,2025-04-04 00:00:00,2025,4,12.13656454
4,2025-04-08 00:00:00,2025,4,2.831272535
4,2025-04-10 00:00:00,2025,4,0.0
4,2025-04-14 00:00:00,2025,4,2.375308572
4,2025-04-17 00:00:00,2025,4,0.0
4,2025-04-21 00:00:00,2025,4,0.293689212
6,2025-04-02 00:00:00,2025,4,0.0
6,2025-04-03 00:00:00,2025,4,0.0
6,2025-04-04 00:00:00,2025,4,5.500234648
6,2025-04-08 00:00:00,2025,4,1.123761636
6,2025-04-10 00:00:00,2025,4,0.000383601
6,2025-04-14 00:00:00,2025,4,12.4314524
6,2025-04-17 00:00:00,2025,4,0.004113498
6,2025-04-25 00:00:00,2025,4,0.04725027
6,2025-04-27 00:00:00,2025,4,0.002278093
6,2025-04-30 00:00:00,2025,4,0.005345467
7,2025-04-03 00:00:00,2025,4,0.159356775
7,2025-04-04 00:00:00,2025,4,11.27887013
7,2025-04-09 00:00:00,2025,4,0.130014855
7,2025-04-17 00:00:00,2025,4,0.147280954
7,2025-04-21 00:00:00,2025,4,7.250937262
7,2025-04-24 00:00:00,2025,4,0.0
7,2025-04-26 00:00:00,2025,4,1.005183442
9,2025-04-05 00:00:00,2025,4,0.532616935
9,2025-04-15 00:00:00,2025,4,0.002451539
9,2025-04-16 00:00:00,2025,4,7.7176528
9,2025-04-17 00:00:00,2025,4,0.070325889
9,2025-04-26 00:00:00,2025,4,0.0
9,2025-04-27 00:00:00,2025,4,0.000171293
9,2025-04-29 00:00:00,2025,4,9.96e-05
8,2025-04-09 00:00:00,2025,4,0.0
8,2025-04-17 00:00:00,2025,4,0.0
8,2025-04-18 00:00:00,2025,4,0.000519875
8,2025-04-20 00:00:00,2025,4,0.000136985
8,2025-04-28 00:00:00,2025,4,0.010195464
10,2025-04-08 00:00:00,2025,4,0.0
10,2025-04-13 00:00:00,2025,4,0.307084846
10,2025-04-14 00:00:00,2025,4,0.136693183
10,2025-04-15 00:00:00,2025,4,0.003460319
10,2025-04-24 00:00:00,2025,4,0.000247994
10,2025-04-26 00:00:00,2025,4,4.03e-05
11,2025-04-07 00:00:00,2025,4,1.0734555
11,2025-04-09 00:00:00,2025,4,0.336330379
11,2025-04-17 00:00:00,2025,4,0.025045414
11,2025-04-24 00:00:00,2025,4,2.137293529
12,2025-04-09 00:00:00,2025,4,0.257898375
12,2025-04-14 00:00:00,2025,4,0.459087636
12,2025-04-17 00:00:00,2025,4,0.0
12,2025-04-28 00:00:00,2025,4,1.316715762
13,2025-04-07 00:00:00,2025,4,1.622366771
13,2025-04-09 00:00:00,2025,4,0.090274043
13,2025-04-13 00:00:00,2025,4,1.229635421
13,2025-04-17 00:00:00,2025,4,0.001349961
13,2025-04-25 00:00:00,2025,4,0.0
5,2025-04-10 00:00:00,2025,4,5.16e-05
5,2025-04-11 00:00:00,2025,4,1.062565518
5,2025-04-12 00:00:00,2025,4,0.682789585
5,2025-04-13 00:00:00,2025,4,0.015963917
5,2025-04-24 00:00:00,2025,4,0.0
5,2025-04-25 00:00:00,2025,4,0.394261481
1,2025-05-17 00:00:00,2025,5,7.704576321
1,2025-05-22 00:00:00,2025,5,6.235283762
1,2025-05-24 00:00:00,2025,5,0.069055324
1,2025-05-25 00:00:00,2025,5,0.205288333
1,2025-05-29 00:00:00,2025,5,0.290654689
2,2025-05-01 00:00:00,2025,5,0.399001026
2,2025-05-10 00:00:00,2025,5,6.845929643
2,2025-05-20 00:00:00,2025,5,6.694092785
3,2025-05-02 00:00:00,2025,5,8.216779177
3,2025-05-08 00:00:00,2025,5,2.165508904
3,2025-05-27 00:00:00,2025,5,6.761994317
3,2025-05-28 00:00:00,2025,5,33.30475138
4,2025-05-09 00:00:00,2025,5,5.855529196
4,2025-05-10 00:00:00,2025,5,0.026953676
4,2025-05-25 00:00:00,2025,5,26.37131514
4,2025-05-30 00:00:00,2025,5,4.855930929
6,2025-05-15 00:00:00,2025,5,2.754699697
6,2025-05-17 00:00:00,2025,5,1.541585253
6,2025-05-20 00:00:00,2025,5,16.3625329
6,2025-05-29 00:00:00,2025,5,1.348867259
7,2025-05-06 00:00:00,2025,5,0.00272607
7,2025-05-20 00:00:00,2025,5,3.020958701
9,2025-05-03 00:00:00,2025,5,5.928986926
9,2025-05-08 00:00:00,2025,5,0.852577902
9,2025-05-22 00:00:00,2025,5,21.07856964
9,2025-05-28 00:00:00,2025,5,3.40825437
8,2025-05-02 00:00:00,2025,5,1.426517548
8,2025-05-08 00:00:00,2025,5,0.745592223
8,2025-05-10 00:00:00,2025,5,0.041505258
8,2025-05-22 00:00:00,2025,5,10.67027501
8,2025-05-25 00:00:00,2025,5,0.179105406
8,2025-05-28 00:00:00,2025,5,0.073875724
10,2025-05-02 00:00:00,2025,5,16.59474148
10,2025-05-03 00:00:00,2025,5,0.0
10,2025-05-07 00:00:00,2025,5,0.188045129
10,2025-05-21 00:00:00,2025,5,5.107719974
10,2025-05-23 00:00:00,2025,5,4.97286211
10,2025-05-30 00:00:00,2025,5,1.306143636
11,2025-05-01 00:00:00,2025,5,11.42503243
11,2025-05-22 00:00:00,2025,5,15.88657727
12,2025-05-24 00:00:00,2025,5,0.377910302
12,2025-05-31 00:00:00,2025,5,3.244016138
13,2025-05-17 00:00:00,2025,5,1.502963983
13,2025-05-31 00:00:00,2025,5,1.797601505
5,2025-05-16 00:00:00,2025,5,3.618556913
5,2025-05-17 00:00:00,2025,5,2.374383377
5,2025-05-20 00:00:00,2025,5,7.023207297
5,2025-05-22 00:00:00,2025,5,7.640032526
5,2025-05-30 00:00:00,2025,5,4.91874872
5,2025-05-31 00:00:00,2025,5,0.294592536
1,2025-06-01 00:00:00,2025,6,0.122337451
1,2025-06-04 00:00:00,2025,6,0.373237763
1,2025-06-07 00:00:00,2025,6,1.179144022
1,2025-06-08 00:00:00,2025,6,2.107557808
1,2025-06-11 00:00:00,2025,6,4.306747755
1,2025-06-14 00:00:00,2025,6,0.661812329
1,2025-06-19 00:00:00,2025,6,0.484562162
2,2025-06-05 00:00:00,2025,6,0.101217493
2,2025-06-15 00:00:00,2025,6,1.001666391
2,2025-06-16 00:00:00,2025,6,0.212086547
2,2025-06-17 00:00:00,2025,6,0.047408442
2,2025-06-19 00:00:00,2025,6,0.247788731
2,2025-06-21 00:00:00,2025,6,2.252435421
2,2025-06-23 00:00:00,2025,6,6.45372719
2,2025-06-30 00:00:00,2025,6,0.352736759
3,2025-06-02 00:00:00,2025,6,0.002119639
3,2025-06-08 00:00:00,2025,6,1.929819772
3,2025-06-13 00:00:00,2025,6,1.174378616
3,2025-06-09 00:00:00,2025,6,0.18654288
3,2025-06-18 00:00:00,2025,6,0.580316355
3,2025-06-20 00:00:00,2025,6,0.844423881
4,2025-06-13 00:00:00,2025,6,5.332405464
4,2025-06-21 00:00:00,2025,6,0.365094269
6,2025-06-10 00:00:00,2025,6,0.0
6,2025-06-16 00:00:00,2025,6,0.483845355
6,2025-06-23 00:00:00,2025,6,5.878000411
7,2025-06-03 00:00:00,2025,6,0.237802206
7,2025-06-07 00:00:00,2025,6,5.597170395
7,2025-06-13 00:00:00,2025,6,0.689393654
7,2025-06-15 00:00:00,2025,6,0.000282462
7,2025-06-16 00:00:00,2025,6,2.296241631
7,2025-06-17 00:00:00,2025,6,0.04637782
7,2025-06-19 00:00:00,2025,6,0.157961496
7,2025-06-20 00:00:00,2025,6,0.205825356
7,2025-06-22 00:00:00,2025,6,0.584485948
7,2025-06-27 00:00:00,2025,6,0.219492543
7,2025-06-28 00:00:00,2025,6,0.152240869
9,2025-06-03 00:00:00,2025,6,0.158969161
9,2025-06-04 00:00:00,2025,6,0.139094955
9,2025-06-06 00:00:00,2025,6,0.0
9,2025-06-11 00:00:00,2025,6,0.286992036
9,2025-06-15 00:00:00,2025,6,0.248320672
9,2025-06-23 00:00:00,2025,6,1.946020678
9,2025-06-24 00:00:00,2025,6,4.785428436
9,2025-06-28 00:00:00,2025,6,0.111284379
8,2025-06-09 00:00:00,2025,6,2.30785956
8,2025-06-14 00:00:00,2025,6,0.418626466
8,2025-06-19 00:00:00,2025,6,0.310791392
8,2025-06-23 00:00:00,2025,6,5.442196122
8,2025-06-25 00:00:00,2025,6,0.272156874
8,2025-06-29 00:00:00,2025,6,0.367078539
8,2025-06-30 00:00:00,2025,6,1.633507448
10,2025-06-01 00:00:00,2025,6,9.580023065
10,2025-06-19 00:00:00,2025,6,0.226395525
10,2025-06-20 00:00:00,2025,6,1.066887021
10,2025-06-23 00:00:00,2025,6,1.609656794
11,2025-06-01 00:00:00,2025,6,1.414747075
11,2025-06-04 00:00:00,2025,6,0.134553667
11,2025-06-07 00:00:00,2025,6,2.169568981
11,2025-06-08 00:00:00,2025,6,3.509973075
11,2025-06-11 00:00:00,2025,6,15.22418542
11,2025-06-24 00:00:00,2025,6,12.72347826
11,2025-06-29 00:00:00,2025,6,12.95834284
12,2025-06-12 00:00:00,2025,6,17.298397
12,2025-06-13 00:00:00,2025,6,2.910634853
12,2025-06-16 00:00:00,2025,6,4.778080708
12,2025-06-17 00:00:00,2025,6,6.310483121
12,2025-06-20 00:00:00,2025,6,1.57768192
12,2025-06-27 00:00:00,2025,6,0.727303103
12,2025-06-29 00:00:00,2025,6,10.39682136
12,2025-06-30 00:00:00,2025,6,7.255637972
13,2025-06-04 00:00:00,2025,6,0.724274798
13,2025-06-07 00:00:00,2025,6,0.438319887
13,2025-06-08 00:00:00,2025,6,0.543815878
13,2025-06-10 00:00:00,2025,6,0.000167825
13,2025-06-12 00:00:00,2025,6,2.313693146
13,2025-06-09 00:00:00,2025,6,0.239400138
13,2025-06-20 00:00:00,2025,6,0.111692431
13,2025-06-22 00:00:00,2025,6,20.63282027
5,2025-06-02 00:00:00,2025,6,0.104645513
5,2025-06-11 00:00:00,2025,6,2.759229083
5,2025-06-12 00:00:00,2025,6,3.14044092
5,2025-06-18 00:00:00,2025,6,0.736373661
5,2025-06-25 00:00:00,2025,6,0.177402251
5,2025-03-21 00:00:00,2025,3,0.003930184
5,2025-03-22 00:00:00,2025,3,0.0
5,2025-03-24 00:00:00,2025,3,0.028777856
5,2025-03-26 00:00:00,2025,3,0.005528122
5,2025-03-28 00:00:00,2025,3,0.0
5,2025-04-05 00:00:00,2025,4,0.623777296
5,2025-04-09 00:00:00,2025,4,0.051745638
5,2025-04-11 00:00:00,2025,4,1.062565518
5,2025-04-17 00:00:00,2025,4,0.019010793
5,2025-04-19 00:00:00,2025,4,0.003280901
5,2025-04-21 00:00:00,2025,4,0.797704333
5,2025-05-01 00:00:00,2025,5,2.257136117
5,2025-05-05 00:00:00,2025,5,0.239302399
5,2025-05-09 00:00:00,2025,5,3.495354212
5,2025-05-20 00:00:00,2025,5,7.023207297
5,2025-05-23 00:00:00,2025,5,0.248830792
5,2025-06-06 00:00:00,2025,6,0.005530777
5,2025-06-09 00:00:00,2025,6,1.021909661
5,2025-06-21 00:00:00,2025,6,0.965459483
5,2025-06-26 00:00:00,2025,6,2.352081501
5,2025-06-30 00:00:00,2025,6,0.524527956
3,2025-05-03 00:00:00,2025,5,0.009190521
3,2025-05-18 00:00:00,2025,5,10.19453019
3,2025-05-19 00:00:00,2025,5,3.062377841
3,2025-05-20 00:00:00,2025,5,13.13647531
3,2025-05-26 00:00:00,2025,5,7.112920104
3,2025-05-31 00:00:00,2025,5,2.691122159
3,2025-06-01 00:00:00,2025,6,0.374841563
3,2025-06-04 00:00:00,2025,6,0.131496557
3,2025-06-06 00:00:00,2025,6,0.125444299
3,2025-06-10 00:00:00,2025,6,0.006574201
3,2025-06-20 00:00:00,2025,6,0.844423881
3,2025-06-24 00:00:00,2025,6,10.12092584
3,2025-06-25 00:00:00,2025,6,7.449692772
3,2025-06-30 00:00:00,2025,6,9.859866004
4,2025-01-08 00:00:00,2025,1,0.0
4,2025-01-17 00:00:00,2025,1,4.08e-05
4,2025-01-21 00:00:00,2025,1,8.76e-05
4,2025-01-26 00:00:00,2025,1,0.0
4,2025-02-06 00:00:00,2025,2,0.0
4,2025-02-08 00:00:00,2025,2,0.0
4,2025-02-22 00:00:00,2025,2,0.003163874
4,2025-02-27 00:00:00,2025,2,0.0
4,2025-03-01 00:00:00,2025,3,0.0
4,2025-03-06 00:00:00,2025,3,0.001231991
4,2025-03-13 00:00:00,2025,3,0.0
4,2025-03-15 00:00:00,2025,3,0.0
4,2025-03-19 00:00:00,2025,3,0.0
4,2025-03-25 00:00:00,2025,3,0.043642008
4,2025-04-01 00:00:00,2025,4,0.000555964
4,2025-04-04 00:00:00,2025,4,12.13656454
4,2025-04-09 00:00:00,2025,4,0.006104527
4,2025-04-19 00:00:00,2025,4,0.037547474
4,2025-04-21 00:00:00,2025,4,0.293689212
4,2025-04-23 00:00:00,2025,4,0.0
4,2025-04-25 00:00:00,2025,4,0.000412174
4,2025-04-27 00:00:00,2025,4,0.021220279
4,2025-05-01 00:00:00,2025,5,1.089824074
4,2025-05-02 00:00:00,2025,5,2.596602261
4,2025-05-04 00:00:00,2025,5,3.519720205
4,2025-05-23 00:00:00,2025,5,0.445469328
4,2025-05-26 00:00:00,2025,5,5.307419592
4,2025-05-31 00:00:00,2025,5,0.933904812
4,2025-06-04 00:00:00,2025,6,0.010267799
4,2025-06-06 00:00:00,2025,6,0.003153498
4,2025-06-10 00:00:00,2025,6,0.007647267
4,2025-06-17 00:00:00,2025,6,0.362198181
4,2025-06-20 00:00:00,2025,6,0.180614452
4,2025-06-21 00:00:00,2025,6,0.365094269
4,2025-06-24 00:00:00,2025,6,5.904118061
4,2025-06-30 00:00:00,2025,6,5.239616822
6,2025-01-03 00:00:00,2025,1,0.001662931
6,2025-01-08 00:00:00,2025,1,0.0
6,2025-01-15 00:00:00,2025,1,0.003954881
6,2025-01-16 00:00:00,2025,1,0.000105373
6,2025-01-20 00:00:00,2025,1,0.0
6,2025-01-19 00:00:00,2025,1,1.6e-05
6,2025-01-23 00:00:00,2025,1,0.000662021
6,2025-01-25 00:00:00,2025,1,0.0
6,2025-01-29 00:00:00,2025,1,0.005937873
6,2025-02-08 00:00:00,2025,2,0.0
6,2025-02-15 00:00:00,2025,2,0.0
6,2025-02-16 00:00:00,2025,2,0.0
6,2025-02-20 00:00:00,2025,2,0.0
6,2025-02-22 00:00:00,2025,2,0.018927268
6,2025-03-02 00:00:00,2025,3,0.0
6,2025-03-05 00:00:00,2025,3,0.20637282
6,2025-03-11 00:00:00,2025,3,0.0
6,2025-04-05 00:00:00,2025,4,0.243550105
6,2025-04-07 00:00:00,2025,4,0.262988075
6,2025-04-08 00:00:00,2025,4,1.123761636
6,2025-04-14 00:00:00,2025,4,12.4314524
6,2025-04-18 00:00:00,2025,4,0.0
6,2025-04-27 00:00:00,2025,4,0.002278093
6,2025-05-01 00:00:00,2025,5,0.770833548
6,2025-05-02 00:00:00,2025,5,5.90944668
6,2025-05-07 00:00:00,2025,5,5.421367509
6,2025-05-10 00:00:00,2025,5,0.457148617
6,2025-05-30 00:00:00,2025,5,5.174593598
6,2025-06-05 00:00:00,2025,6,0.022994149
6,2025-06-08 00:00:00,2025,6,4.51697416
6,2025-06-18 00:00:00,2025,6,0.141923981
6,2025-06-19 00:00:00,2025,6,0.567336655
6,2025-06-22 00:00:00,2025,6,8.164678489
6,2025-06-28 00:00:00,2025,6,0.317025986
7,2025-01-05 00:00:00,2025,1,0.002152166
7,2025-01-09 00:00:00,2025,1,0.0
7,2025-01-18 00:00:00,2025,1,0.0
7,2025-01-27 00:00:00,2025,1,0.016960969
7,2025-02-01 00:00:00,2025,2,0.008030024
7,2025-02-03 00:00:00,2025,2,0.0066924
7,2025-02-06 00:00:00,2025,2,0.0
7,2025-02-10 00:00:00,2025,2,0.006347561
7,2025-02-15 00:00:00,2025,2,0.0
7,2025-02-20 00:00:00,2025,2,0.002195172
7,2025-02-24 00:00:00,2025,2,0.000132659
7,2025-03-03 00:00:00,2025,3,0.0
7,2025-03-04 00:00:00,2025,3,0.007721335
7,2025-03-06 00:00:00,2025,3,0.001290713
7,2025-03-08 00:00:00,2025,3,0.003534877
7,2025-03-28 00:00:00,2025,3,0.0
7,2025-04-03 00:00:00,2025,4,0.159356775
7,2025-04-06 00:00:00,2025,4,0.278619211
7,2025-04-07 00:00:00,2025,4,0.036742951
7,2025-04-10 00:00:00,2025,4,1.94e-05
7,2025-04-13 00:00:00,2025,4,0.000277114
7,2025-04-17 00:00:00,2025,4,0.147280954
7,2025-04-21 00:00:00,2025,4,7.250937262
7,2025-04-23 00:00:00,2025,4,0.001268025
7,2025-04-25 00:00:00,2025,4,2.408040794
7,2025-04-26 00:00:00,2025,4,1.005183442
7,2025-05-03 00:00:00,2025,5,6.099564145
7,2025-05-17 00:00:00,2025,5,5.644053865
7,2025-05-19 00:00:00,2025,5,5.229471283
7,2025-05-20 00:00:00,2025,5,3.020958701
7,2025-05-25 00:00:00,2025,5,0.785428884
7,2025-05-29 00:00:00,2025,5,2.564679554
7,2025-06-04 00:00:00,2025,6,0.343609436
7,2025-06-05 00:00:00,2025,6,0.054594073
7,2025-06-11 00:00:00,2025,6,0.693932034
7,2025-06-13 00:00:00,2025,6,0.689393654
7,2025-06-19 00:00:00,2025,6,0.157961496
7,2025-06-30 00:00:00,2025,6,2.258022583
9,2025-01-02 00:00:00,2025,1,0.0
9,2025-01-04 00:00:00,2025,1,0.013103716
9,2025-01-15 00:00:00,2025,1,0.0
9,2025-01-23 00:00:00,2025,1,0.0
9,2025-01-27 00:00:00,2025,1,0.0
9,2025-02-03 00:00:00,2025,2,0.0
9,2025-02-05 00:00:00,2025,2,2.2e-05
9,2025-02-09 00:00:00,2025,2,0.0
9,2025-02-15 00:00:00,2025,2,0.0
9,2025-02-19 00:00:00,2025,2,0.0
9,2025-02-20 00:00:00,2025,2,0.0
9,2025-03-05 00:00:00,2025,3,0.110869635
9,2025-03-07 00:00:00,2025,3,0.0
9,2025-03-16 00:00:00,2025,3,0.0
9,2025-03-30 00:00:00,2025,3,0.0
9,2025-03-31 00:00:00,2025,3,0.00011178
9,2025-04-04 00:00:00,2025,4,12.02572545
9,2025-04-18 00:00:00,2025,4,0.0521164
9,2025-04-21 00:00:00,2025,4,0.029699971
9,2025-04-29 00:00:00,2025,4,9.96e-05
9,2025-05-15 00:00:00,2025,5,3.907280871
9,2025-05-16 00:00:00,2025,5,12.99100454
9,2025-05-21 00:00:00,2025,5,3.296669352
9,2025-05-23 00:00:00,2025,5,0.095999868
9,2025-05-25 00:00:00,2025,5,9.813748993
9,2025-05-26 00:00:00,2025,5,14.89596851
9,2025-05-31 00:00:00,2025,5,0.330034011
9,2025-06-08 00:00:00,2025,6,1.587039264
9,2025-06-13 00:00:00,2025,6,3.059710017
9,2025-06-21 00:00:00,2025,6,1.852132456
9,2025-06-26 00:00:00,2025,6,3.962139977
8,2025-01-02 00:00:00,2025,1,0.0
8,2025-01-05 00:00:00,2025,1,0.0
8,2025-01-06 00:00:00,2025,1,0.0
8,2025-01-11 00:00:00,2025,1,0.177399133
8,2025-01-12 00:00:00,2025,1,7.83e-05
8,2025-01-22 00:00:00,2025,1,0.0
8,2025-02-03 00:00:00,2025,2,0.000445121
8,2025-02-06 00:00:00,2025,2,0.0
8,2025-02-08 00:00:00,2025,2,0.0
8,2025-02-10 00:00:00,2025,2,0.0
8,2025-02-28 00:00:00,2025,2,0.006198984
8,2025-03-05 00:00:00,2025,3,0.039300037
8,2025-03-08 00:00:00,2025,3,0.0
8,2025-03-10 00:00:00,2025,3,0.0
8,2025-03-22 00:00:00,2025,3,4.74e-05
8,2025-03-26 00:00:00,2025,3,0.0
8,2025-03-28 00:00:00,2025,3,0.0
8,2025-04-13 00:00:00,2025,4,0.0
8,2025-04-15 00:00:00,2025,4,0.000419864
8,2025-04-17 00:00:00,2025,4,0.0
8,2025-04-18 00:00:00,2025,4,0.000519875
8,2025-04-20 00:00:00,2025,4,0.000136985
8,2025-04-23 00:00:00,2025,4,0.00409398
8,2025-05-02 00:00:00,2025,5,1.426517548
8,2025-05-04 00:00:00,2025,5,0.004485113
8,2025-05-18 00:00:00,2025,5,4.179240248
8,2025-05-22 00:00:00,2025,5,10.67027501
8,2025-05-23 00:00:00,2025,5,0.235421999
8,2025-05-24 00:00:00,2025,5,0.064573752
8,2025-05-25 00:00:00,2025,5,0.179105406
8,2025-05-27 00:00:00,2025,5,0.814456297
8,2025-05-30 00:00:00,2025,5,2.341669538
8,2025-06-13 00:00:00,2025,6,4.578642795
8,2025-06-14 00:00:00,2025,6,0.418626466
8,2025-06-19 00:00:00,2025,6,0.310791392
8,2025-06-22 00:00:00,2025,6,1.165111882
8,2025-06-25 00:00:00,2025,6,0.272156874
8,2025-06-28 00:00:00,2025,6,1.187695357
10,2025-01-07 00:00:00,2025,1,0.0
10,2025-01-09 00:00:00,2025,1,0.0
10,2025-01-30 00:00:00,2025,1,0.0
10,2025-02-02 00:00:00,2025,2,0.0
10,2025-02-06 00:00:00,2025,2,0.0
10,2025-02-08 00:00:00,2025,2,0.057546654
10,2025-02-09 00:00:00,2025,2,0.0
10,2025-02-17 00:00:00,2025,2,0.0
10,2025-02-21 00:00:00,2025,2,0.229731455
10,2025-03-02 00:00:00,2025,3,0.0
10,2025-03-05 00:00:00,2025,3,0.001686964
10,2025-03-08 00:00:00,2025,3,0.0
10,2025-03-11 00:00:00,2025,3,0.0
10,2025-03-12 00:00:00,2025,3,0.0
10,2025-03-18 00:00:00,2025,3,0.0
10,2025-03-24 00:00:00,2025,3,14.49014106
10,2025-03-26 00:00:00,2025,3,0.016276401
10,2025-04-07 00:00:00,2025,4,0.002756323
10,2025-04-09 00:00:00,2025,4,0.225167059
10,2025-04-14 00:00:00,2025,4,0.136693183
10,2025-04-18 00:00:00,2025,4,0.000516746
10,2025-04-20 00:00:00,2025,4,0.001111849
10,2025-04-23 00:00:00,2025,4,0.00220595
10,2025-05-10 00:00:00,2025,5,0.004614372
10,2025-05-22 00:00:00,2025,5,0.268141754
10,2025-06-03 00:00:00,2025,6,0.154053755
10,2025-06-04 00:00:00,2025,6,0.340427269
10,2025-06-05 00:00:00,2025,6,3.356171536
10,2025-06-20 00:00:00,2025,6,1.066887021
11,2025-01-09 00:00:00,2025,1,0.0
11,2025-01-11 00:00:00,2025,1,0.0
11,2025-01-26 00:00:00,2025,1,0.0
11,2025-01-27 00:00:00,2025,1,0.0
11,2025-01-30 00:00:00,2025,1,0.0
11,2025-02-08 00:00:00,2025,2,0.02454471
11,2025-02-10 00:00:00,2025,2,0.0
11,2025-02-17 00:00:00,2025,2,0.0
11,2025-02-24 00:00:00,2025,2,0.0
11,2025-03-30 00:00:00,2025,3,0.84895592
11,2025-03-31 00:00:00,2025,3,1.73e-05
11,2025-04-12 00:00:00,2025,4,2.687742347
11,2025-04-17 00:00:00,2025,4,0.025045414
11,2025-04-19 00:00:00,2025,4,0.055683951
11,2025-05-07 00:00:00,2025,5,0.168381953
11,2025-05-08 00:00:00,2025,5,3.311987991
11,2025-05-10 00:00:00,2025,5,0.310491176
11,2025-05-17 00:00:00,2025,5,3.730188381
11,2025-05-03 00:00:00,2025,5,0.024025469
11,2025-05-18 00:00:00,2025,5,6.993736218
11,2025-05-22 00:00:00,2025,5,15.88657727
11,2025-05-29 00:00:00,2025,5,13.29305981
11,2025-05-30 00:00:00,2025,5,11.96476989
11,2025-06-04 00:00:00,2025,6,0.134553667
11,2025-06-05 00:00:00,2025,6,1.746758525
11,2025-06-07 00:00:00,2025,6,2.169568981
11,2025-06-12 00:00:00,2025,6,4.194070002
11,2025-06-19 00:00:00,2025,6,0.654151075
11,2025-06-26 00:00:00,2025,6,10.06903166
12,2025-01-01 00:00:00,2025,1,0.0
12,2025-01-03 00:00:00,2025,1,0.0
12,2025-01-05 00:00:00,2025,1,5.87e-05
12,2025-01-15 00:00:00,2025,1,0.0
12,2025-01-31 00:00:00,2025,1,0.0
12,2025-02-10 00:00:00,2025,2,0.0
12,2025-02-18 00:00:00,2025,2,0.0
12,2025-02-26 00:00:00,2025,2,0.000106835
12,2025-02-27 00:00:00,2025,2,0.0
12,2025-02-28 00:00:00,2025,2,0.0
12,2025-03-03 00:00:00,2025,3,0.014259473
12,2025-03-04 00:00:00,2025,3,0.0
12,2025-03-14 00:00:00,2025,3,0.0
12,2025-03-20 00:00:00,2025,3,0.0
12,2025-03-30 00:00:00,2025,3,0.015338441
12,2025-04-01 00:00:00,2025,4,0.000249805
12,2025-04-08 00:00:00,2025,4,0.084342946
12,2025-04-14 00:00:00,2025,4,0.459087636
12,2025-04-28 00:00:00,2025,4,1.316715762
12,2025-04-30 00:00:00,2025,4,14.3477348
12,2025-05-02 00:00:00,2025,5,21.22013568
12,2025-05-07 00:00:00,2025,5,0.000200178
12,2025-05-09 00:00:00,2025,5,0.249007174
12,2025-05-16 00:00:00,2025,5,0.714023298
12,2025-05-03 00:00:00,2025,5,1.96e-05
12,2025-05-19 00:00:00,2025,5,4.797181872
12,2025-05-21 00:00:00,2025,5,9.011803381
12,2025-05-25 00:00:00,2025,5,0.22303576
12,2025-05-29 00:00:00,2025,5,9.17435083
12,2025-06-01 00:00:00,2025,6,7.201445001
12,2025-06-02 00:00:00,2025,6,0.0
12,2025-06-03 00:00:00,2025,6,0.640057029
12,2025-06-09 00:00:00,2025,6,0.042307549
12,2025-06-11 00:00:00,2025,6,13.8501614
12,2025-06-14 00:00:00,2025,6,1.399436785
12,2025-06-21 00:00:00,2025,6,0.057311831
12,2025-06-22 00:00:00,2025,6,0.264589419
12,2025-06-15 00:00:00,2025,6,11.45131226
12,2025-06-25 00:00:00,2025,6,5.662880029
13,2025-01-14 00:00:00,2025,1,0.0
13,2025-01-15 00:00:00,2025,1,4.8e-05
13,2025-01-17 00:00:00,2025,1,0.0
13,2025-01-20 00:00:00,2025,1,0.0
13,2025-01-29 00:00:00,2025,1,5.01e-05
13,2025-02-03 00:00:00,2025,2,0.0
13,2025-02-05 00:00:00,2025,2,0.0
13,2025-02-17 00:00:00,2025,2,0.05318842
13,2025-02-20 00:00:00,2025,2,0.0
13,2025-02-21 00:00:00,2025,2,0.0
13,2025-02-22 00:00:00,2025,2,0.087438601
13,2025-02-23 00:00:00,2025,2,0.001400011
13,2025-03-07 00:00:00,2025,3,0.043266553
13,2025-03-12 00:00:00,2025,3,0.095017223
13,2025-03-13 00:00:00,2025,3,0.0
13,2025-03-14 00:00:00,2025,3,0.0
13,2025-03-16 00:00:00,2025,3,0.0
13,2025-04-03 00:00:00,2025,4,0.0
13,2025-04-04 00:00:00,2025,4,1.402830047
13,2025-04-11 00:00:00,2025,4,2.907160899
13,2025-04-14 00:00:00,2025,4,11.14802348
13,2025-04-17 00:00:00,2025,4,0.001349961
13,2025-04-18 00:00:00,2025,4,0.0
13,2025-04-19 00:00:00,2025,4,0.004874436
13,2025-04-21 00:00:00,2025,4,0.18162912
13,2025-04-22 00:00:00,2025,4,0.0
13,2025-04-30 00:00:00,2025,4,4.744150188
13,2025-05-16 00:00:00,2025,5,11.23821228
13,2025-05-20 00:00:00,2025,5,12.2586386
13,2025-05-21 00:00:00,2025,5,12.28720555
13,2025-05-22 00:00:00,2025,5,13.63681406
13,2025-05-28 00:00:00,2025,5,33.12916611
13,2025-05-31 00:00:00,2025,5,1.797601505
13,2025-06-01 00:00:00,2025,6,0.184507
13,2025-06-10 00:00:00,2025,6,0.000167825
13,2025-06-13 00:00:00,2025,6,6.479037009
13,2025-06-20 00:00:00,2025,6,0.111692431
13,2025-06-24 00:00:00,2025,6,6.553817866
13,2025-06-25 00:00:00,2025,6,9.054461225
13,2025-06-29 00:00:00,2025,6,2.187219538
5,2025-01-01 00:00:00,2025,1,0.0
5,2025-01-19 00:00:00,2025,1,0.351893451
5,2025-01-21 00:00:00,2025,1,0.00116506
5,2025-01-30 00:00:00,2025,1,0.0
5,2025-02-03 00:00:00,2025,2,0.000456625
5,2025-02-06 00:00:00,2025,2,0.0
5,2025-02-07 00:00:00,2025,2,0.0
5,2025-02-13 00:00:00,2025,2,0.0
5,2025-02-19 00:00:00,2025,2,0.0
5,2025-03-06 00:00:00,2025,3,0.00365099
5,2025-03-15 00:00:00,2025,3,0.0
1,2025-01-01 00:00:00,2025,1,0.0
1,2025-01-17 00:00:00,2025,1,0.000255088
1,2025-01-20 00:00:00,2025,1,0.12302957
1,2025-01-26 00:00:00,2025,1,8.13e-05
1,2025-02-20 00:00:00,2025,2,7.32e-05
1,2025-02-22 00:00:00,2025,2,0.000342542
1,2025-03-01 00:00:00,2025,3,0.0
1,2025-03-03 00:00:00,2025,3,0.0
1,2025-03-09 00:00:00,2025,3,0.0
1,2025-03-11 00:00:00,2025,3,0.000284745
1,2025-03-13 00:00:00,2025,3,0.0
1,2025-03-24 00:00:00,2025,3,0.258623749
1,2025-03-26 00:00:00,2025,3,0.000187836
1,2025-03-31 00:00:00,2025,3,0.000686109
1,2025-04-05 00:00:00,2025,4,1.188801678
1,2025-04-10 00:00:00,2025,4,0.280864606
1,2025-04-11 00:00:00,2025,4,1.18052969
1,2025-04-17 00:00:00,2025,4,0.055798573
1,2025-04-20 00:00:00,2025,4,0.185338546
1,2025-04-21 00:00:00,2025,4,18.22807587
1,2025-05-18 00:00:00,2025,5,31.4033855
1,2025-05-19 00:00:00,2025,5,10.31342353
1,2025-05-25 00:00:00,2025,5,0.205288333
1,2025-06-18 00:00:00,2025,6,1.32760358
1,2025-06-20 00:00:00,2025,6,0.076531571
1,2025-06-22 00:00:00,2025,6,0.336078651
1,2025-06-24 00:00:00,2025,6,0.850701754
1,2025-06-28 00:00:00,2025,6,0.113348888
2,2025-01-04 00:00:00,2025,1,0.0
2,2025-01-08 00:00:00,2025,1,0.0
2,2025-01-13 00:00:00,2025,1,0.332058879
2,2025-01-18 00:00:00,2025,1,0.0
2,2025-01-19 00:00:00,2025,1,5.368560819
2,2025-01-23 00:00:00,2025,1,0.0
2,2025-01-26 00:00:00,2025,1,0.0
2,2025-01-30 00:00:00,2025,1,0.0
2,2025-02-03 00:00:00,2025,2,0.0
2,2025-02-04 00:00:00,2025,2,8.08e-06
2,2025-02-14 00:00:00,2025,2,0.0
2,2025-02-17 00:00:00,2025,2,8.08e-06
2,2025-02-19 00:00:00,2025,2,0.0
2,2025-02-25 00:00:00,2025,2,0.0
2,2025-02-26 00:00:00,2025,2,0.0
2,2025-02-27 00:00:00,2025,2,3.83e-05
2,2025-02-28 00:00:00,2025,2,0.000207212
2,2025-03-01 00:00:00,2025,3,0.076868002
2,2025-03-03 00:00:00,2025,3,0.0
2,2025-03-07 00:00:00,2025,3,0.0
2,2025-03-13 00:00:00,2025,3,0.0
2,2025-03-14 00:00:00,2025,3,0.0
2,2025-03-18 00:00:00,2025,3,5.61e-05
2,2025-03-26 00:00:00,2025,3,0.0
2,2025-04-02 00:00:00,2025,4,0.0
2,2025-04-03 00:00:00,2025,4,0.003137249
2,2025-04-16 00:00:00,2025,4,1.803725285
2,2025-04-18 00:00:00,2025,4,0.915079471
2,2025-04-22 00:00:00,2025,4,0.0
2,2025-04-24 00:00:00,2025,4,0.0
2,2025-04-25 00:00:00,2025,4,0.25106461
2,2025-04-26 00:00:00,2025,4,2.69e-06
2,2025-04-28 00:00:00,2025,4,0.012366954
2,2025-05-01 00:00:00,2025,5,0.399001026
2,2025-05-04 00:00:00,2025,5,1.438686408
2,2025-05-08 00:00:00,2025,5,8.580202643
2,2025-05-10 00:00:00,2025,5,6.845929643
2,2025-05-16 00:00:00,2025,5,5.329347067
2,2025-05-22 00:00:00,2025,5,3.034826733
2,2025-05-25 00:00:00,2025,5,0.14191152
2,2025-05-29 00:00:00,2025,5,0.357518724
2,2025-06-01 00:00:00,2025,6,0.02081646
2,2025-06-02 00:00:00,2025,6,0.633904078
2,2025-06-04 00:00:00,2025,6,1.0443039
3,2025-01-09 00:00:00,2025,1,0.0
3,2025-01-13 00:00:00,2025,1,0.0012885
3,2025-01-20 00:00:00,2025,1,0.0
3,2025-01-22 00:00:00,2025,1,0.0
3,2025-01-24 00:00:00,2025,1,0.0
3,2025-01-29 00:00:00,2025,1,0.0
3,2025-01-31 00:00:00,2025,1,0.0
3,2025-02-15 00:00:00,2025,2,0.0
3,2025-02-17 00:00:00,2025,2,0.0
3,2025-02-22 00:00:00,2025,2,0.073076711
3,2025-03-01 00:00:00,2025,3,0.0
3,2025-03-02 00:00:00,2025,3,0.0
3,2025-03-03 00:00:00,2025,3,0.000274183
3,2025-03-11 00:00:00,2025,3,0.0
3,2025-03-15 00:00:00,2025,3,0.0
3,2025-03-17 00:00:00,2025,3,0.0
3,2025-03-28 00:00:00,2025,3,0.0
3,2025-03-29 00:00:00,2025,3,0.0
3,2025-04-02 00:00:00,2025,4,0.0
3,2025-04-03 00:00:00,2025,4,0.000690185
3,2025-04-05 00:00:00,2025,4,0.581451566
3,2025-04-12 00:00:00,2025,4,2.196649177
3,2025-04-20 00:00:00,2025,4,0.005153954
3,2025-04-26 00:00:00,2025,4,0.0
3,2025-04-27 00:00:00,2025,4,0.04014885
3,2025-04-29 00:00:00,2025,4,2.835516221
1,2025-02-01 00:00:00,2025,2,0.000366179
1,2025-02-07 00:00:00,2025,2,0.0
1,2025-02-14 00:00:00,2025,2,0.0
1,2025-02-16 00:00:00,2025,2,0.0
1,2025-02-21 00:00:00,2025,2,0.0
1,2025-02-26 00:00:00,2025,2,0.002183725
2,2025-02-05 00:00:00,2025,2,0.0
2,2025-02-17 00:00:00,2025,2,8.08e-06
2,2025-02-20 00:00:00,2025,2,0.0
2,2025-02-21 00:00:00,2025,2,0.0
3,2025-02-02 00:00:00,2025,2,0.0
3,2025-02-05 00:00:00,2025,2,0.0
3,2025-02-23 00:00:00,2025,2,0.031859828
3,2025-02-26 00:00:00,2025,2,0.0
4,2025-02-02 00:00:00,2025,2,0.0
4,2025-02-03 00:00:00,2025,2,0.0
4,2025-02-04 00:00:00,2025,2,0.042220446
4,2025-02-17 00:00:00,2025,2,0.032866028
4,2025-02-23 00:00:00,2025,2,0.000548771
4,2025-02-28 00:00:00,2025,2,0.0
6,2025-02-01 00:00:00,2025,2,0.010901425
6,2025-02-03 00:00:00,2025,2,0.0
6,2025-02-04 00:00:00,2025,2,0.0
6,2025-02-08 00:00:00,2025,2,0.0
6,2025-02-15 00:00:00,2025,2,0.0
6,2025-02-21 00:00:00,2025,2,0.0
6,2025-02-22 00:00:00,2025,2,0.018927268
7,2025-02-03 00:00:00,2025,2,0.0066924
7,2025-02-10 00:00:00,2025,2,0.006347561
7,2025-02-18 00:00:00,2025,2,0.0
7,2025-02-22 00:00:00,2025,2,0.000201492
7,2025-02-25 00:00:00,2025,2,0.0
7,2025-02-27 00:00:00,2025,2,8.31e-06
9,2025-02-18 00:00:00,2025,2,0.0
9,2025-02-25 00:00:00,2025,2,0.0
9,2025-02-26 00:00:00,2025,2,5.08e-06
9,2025-02-27 00:00:00,2025,2,0.0
8,2025-02-01 00:00:00,2025,2,0.0
8,2025-02-06 00:00:00,2025,2,0.0
8,2025-02-15 00:00:00,2025,2,0.0
8,2025-02-17 00:00:00,2025,2,0.0
10,2025-02-04 00:00:00,2025,2,0.0
10,2025-02-16 00:00:00,2025,2,0.0
10,2025-02-17 00:00:00,2025,2,0.0
10,2025-02-28 00:00:00,2025,2,0.0
11,2025-02-02 00:00:00,2025,2,0.003548861
11,2025-02-14 00:00:00,2025,2,0.0
11,2025-02-23 00:00:00,2025,2,0.010778786
11,2025-02-25 00:00:00,2025,2,0.0
11,2025-02-28 00:00:00,2025,2,0.0
12,2025-02-04 00:00:00,2025,2,0.0
12,2025-02-18 00:00:00,2025,2,0.0
13,2025-02-04 00:00:00,2025,2,0.0
13,2025-02-05 00:00:00,2025,2,0.0
13,2025-02-15 00:00:00,2025,2,0.0
13,2025-02-17 00:00:00,2025,2,0.05318842
13,2025-02-19 00:00:00,2025,2,9.6e-05
13,2025-02-21 00:00:00,2025,2,0.0
13,2025-02-27 00:00:00,2025,2,0.0
13,2025-02-28 00:00:00,2025,2,0.0
5,2025-02-08 00:00:00,2025,2,0.0
5,2025-02-15 00:00:00,2025,2,0.0
5,2025-02-17 00:00:00,2025,2,0.00260289
5,2025-02-18 00:00:00,2025,2,0.0
1,2025-01-01 00:00:00,2025,1,0.0
1,2025-01-02 00:00:00,2025,1,9.68e-05
1,2025-01-03 00:00:00,2025,1,0.004889357
1,2025-01-11 00:00:00,2025,1,0.0
1,2025-01-13 00:00:00,2025,1,2.85e-05
1,2025-01-23 00:00:00,2025,1,0.000426987
1,2025-01-26 00:00:00,2025,1,8.13e-05
2,2025-01-07 00:00:00,2025,1,0.0
2,2025-01-10 00:00:00,2025,1,0.0
2,2025-01-15 00:00:00,2025,1,0.0
2,2025-01-31 00:00:00,2025,1,2.17e-05
3,2025-01-04 00:00:00,2025,1,0.0
3,2025-01-10 00:00:00,2025,1,0.000117586
3,2025-01-16 00:00:00,2025,1,3.36e-05
4,2025-01-05 00:00:00,2025,1,0.023431863
4,2025-01-12 00:00:00,2025,1,0.000107206
4,2025-01-24 00:00:00,2025,1,0.018406926
6,2025-01-01 00:00:00,2025,1,7.99e-06
6,2025-01-03 00:00:00,2025,1,0.001662931
6,2025-01-07 00:00:00,2025,1,0.006256344
6,2025-01-15 00:00:00,2025,1,0.003954881
6,2025-01-24 00:00:00,2025,1,0.008453548
6,2025-01-29 00:00:00,2025,1,0.005937873
7,2025-01-10 00:00:00,2025,1,0.0
7,2025-01-13 00:00:00,2025,1,0.000814144
7,2025-01-14 00:00:00,2025,1,0.0
7,2025-01-17 00:00:00,2025,1,0.005641797
7,2025-01-29 00:00:00,2025,1,0.0096281
9,2025-01-02 00:00:00,2025,1,0.0
9,2025-01-04 00:00:00,2025,1,0.013103716
9,2025-01-11 00:00:00,2025,1,0.015958044
9,2025-01-22 00:00:00,2025,1,0.0
9,2025-01-26 00:00:00,2025,1,0.006190098
9,2025-01-30 00:00:00,2025,1,0.0
8,2025-01-07 00:00:00,2025,1,0.0
8,2025-01-08 00:00:00,2025,1,0.0
8,2025-01-12 00:00:00,2025,1,7.83e-05
8,2025-01-14 00:00:00,2025,1,1.387316341
8,2025-01-20 00:00:00,2025,1,0.094468614
8,2025-01-21 00:00:00,2025,1,0.0
8,2025-01-22 00:00:00,2025,1,0.0
8,2025-01-25 00:00:00,2025,1,0.0
8,2025-01-29 00:00:00,2025,1,0.000439684
10,2025-01-15 00:00:00,2025,1,0.0
10,2025-01-28 00:00:00,2025,1,0.0
10,2025-01-31 00:00:00,2025,1,0.0
11,2025-01-03 00:00:00,2025,1,0.001013025
11,2025-01-04 00:00:00,2025,1,0.0
11,2025-01-05 00:00:00,2025,1,0.001157078
11,2025-01-07 00:00:00,2025,1,0.0
11,2025-01-09 00:00:00,2025,1,0.0
11,2025-01-14 00:00:00,2025,1,0.001384568
11,2025-01-18 00:00:00,2025,1,0.028034225
11,2025-01-20 00:00:00,2025,1,0.0
11,2025-01-26 00:00:00,2025,1,0.0
12,2025-01-10 00:00:00,2025,1,0.0
12,2025-01-16 00:00:00,2025,1,0.0
12,2025-01-19 00:00:00,2025,1,0.0
12,2025-01-23 00:00:00,2025,1,0.0
12,2025-01-28 00:00:00,2025,1,0.0
12,2025-01-29 00:00:00,2025,1,0.0
13,2025-01-07 00:00:00,2025,1,0.084807123
13,2025-01-21 00:00:00,2025,1,2.7e-05
13,2025-01-26 00:00:00,2025,1,4.53e-05
13,2025-01-27 00:00:00,2025,1,0.0
13,2025-01-30 00:00:00,2025,1,0.0
5,2025-01-11 00:00:00,2025,1,0.075848492
5,2025-01-12 00:00:00,2025,1,0.005536365
5,2025-01-21 00:00:00,2025,1,0.00116506
5,2025-01-27 00:00:00,2025,1,0.017066034
1,2025-03-05 00:00:00,2025,3,0.004812275
2,2025-03-02 00:00:00,2025,3,0.0
2,2025-03-09 00:00:00,2025,3,0.0
2,2025-03-13 00:00:00,2025,3,0.0
2,2025-03-15 00:00:00,2025,3,0.0
2,2025-03-20 00:00:00,2025,3,0.0
2,2025-03-23 00:00:00,2025,3,1.487697261
2,2025-03-24 00:00:00,2025,3,0.319984889
2,2025-03-26 00:00:00,2025,3,0.0
3,2025-03-01 00:00:00,2025,3,0.0
3,2025-03-02 00:00:00,2025,3,0.0
3,2025-03-09 00:00:00,2025,3,0.000184779
3,2025-03-10 00:00:00,2025,3,0.0
3,2025-03-13 00:00:00,2025,3,0.0
3,2025-03-15 00:00:00,2025,3,0.0
3,2025-03-17 00:00:00,2025,3,0.0
3,2025-03-19 00:00:00,2025,3,0.0
3,2025-03-30 00:00:00,2025,3,0.046826959
3,2025-03-31 00:00:00,2025,3,0.009670403
4,2025-03-02 00:00:00,2025,3,0.0
4,2025-03-04 00:00:00,2025,3,0.0
4,2025-03-06 00:00:00,2025,3,0.001231991
4,2025-03-09 00:00:00,2025,3,0.0
4,2025-03-11 00:00:00,2025,3,0.0
4,2025-03-16 00:00:00,2025,3,0.0
4,2025-03-19 00:00:00,2025,3,0.0
4,2025-03-20 00:00:00,2025,3,0.025175314
4,2025-03-24 00:00:00,2025,3,0.056982334
4,2025-03-30 00:00:00,2025,3,0.0
4,2025-03-31 00:00:00,2025,3,0.001828358
6,2025-03-02 00:00:00,2025,3,0.0
6,2025-03-06 00:00:00,2025,3,0.037171516
6,2025-03-08 00:00:00,2025,3,0.000202253
6,2025-03-10 00:00:00,2025,3,0.0
6,2025-03-13 00:00:00,2025,3,0.0
6,2025-03-14 00:00:00,2025,3,0.0
6,2025-03-15 00:00:00,2025,3,0.0
6,2025-03-24 00:00:00,2025,3,0.113270934
6,2025-03-25 00:00:00,2025,3,0.008394138
6,2025-03-26 00:00:00,2025,3,0.0
7,2025-03-03 00:00:00,2025,3,0.0
7,2025-03-05 00:00:00,2025,3,0.059175103
7,2025-03-08 00:00:00,2025,3,0.003534877
7,2025-03-17 00:00:00,2025,3,0.0
7,2025-03-18 00:00:00,2025,3,0.0
7,2025-03-20 00:00:00,2025,3,1.47e-05
7,2025-03-27 00:00:00,2025,3,0.0
7,2025-03-31 00:00:00,2025,3,0.019816461
9,2025-03-02 00:00:00,2025,3,0.0
9,2025-03-05 00:00:00,2025,3,0.110869635
9,2025-03-06 00:00:00,2025,3,0.0
9,2025-03-10 00:00:00,2025,3,0.0
9,2025-03-13 00:00:00,2025,3,0.0
9,2025-03-14 00:00:00,2025,3,0.0
9,2025-03-25 00:00:00,2025,3,0.00135524
9,2025-03-28 00:00:00,2025,3,0.0
9,2025-03-30 00:00:00,2025,3,0.0
8,2025-03-01 00:00:00,2025,3,0.08374487
8,2025-03-03 00:00:00,2025,3,0.0
8,2025-03-10 00:00:00,2025,3,0.0
8,2025-03-14 00:00:00,2025,3,0.0
8,2025-03-20 00:00:00,2025,3,0.0
8,2025-03-21 00:00:00,2025,3,0.0
8,2025-03-26 00:00:00,2025,3,0.0
10,2025-03-09 00:00:00,2025,3,0.0
10,2025-03-10 00:00:00,2025,3,0.0
10,2025-03-15 00:00:00,2025,3,0.0
10,2025-03-16 00:00:00,2025,3,0.000108963
10,2025-03-24 00:00:00,2025,3,14.49014106
10,2025-03-25 00:00:00,2025,3,0.004425515
11,2025-03-07 00:00:00,2025,3,0.000124956
11,2025-03-09 00:00:00,2025,3,0.0
11,2025-03-10 00:00:00,2025,3,0.0
11,2025-03-18 00:00:00,2025,3,0.0
11,2025-03-20 00:00:00,2025,3,0.0
12,2025-03-03 00:00:00,2025,3,0.014259473
12,2025-03-23 00:00:00,2025,3,0.299029319
13,2025-03-04 00:00:00,2025,3,0.0
13,2025-03-08 00:00:00,2025,3,0.0
13,2025-03-09 00:00:00,2025,3,0.000650957
13,2025-03-11 00:00:00,2025,3,0.0
13,2025-03-16 00:00:00,2025,3,0.0
13,2025-03-17 00:00:00,2025,3,0.0
13,2025-03-20 00:00:00,2025,3,0.0
13,2025-03-26 00:00:00,2025,3,0.001286659
13,2025-03-27 00:00:00,2025,3,0.000448705
13,2025-03-29 00:00:00,2025,3,0.011431487
5,2025-03-02 00:00:00,2025,3,0.0
5,2025-03-03 00:00:00,2025,3,0.0
5,2025-03-05 00:00:00,2025,3,0.016895252
5,2025-03-07 00:00:00,2025,3,0.0
5,2025-03-14 00:00:00,2025,3,0.0
5,2025-03-16 00:00:00,2025,3,0.0
5,2025-03-20 00:00:00,2025,3,0.000310227
5,2025-03-24 00:00:00,2025,3,0.028777856
5,2025-03-26 00:00:00,2025,3,0.005528122
5,2025-03-27 00:00:00,2025,3,0.0
5,2025-03-28 00:00:00,2025,3,0.0
1,2025-04-02 00:00:00,2025,4,0.002166904
1,2025-04-03 00:00:00,2025,4,0.213197539
1,2025-04-06 00:00:00,2025,4,0.132356647
1,2025-04-18 00:00:00,2025,4,0.055575472
1,2025-04-21 00:00:00,2025,4,18.22807587
1,2025-04-22 00:00:00,2025,4,0.0
1,2025-04-29 00:00:00,2025,4,0.201548245
2,2025-04-03 00:00:00,2025,4,0.003137249
2,2025-04-14 00:00:00,2025,4,1.039115854
2,2025-04-28 00:00:00,2025,4,0.012366954
2,2025-04-30 00:00:00,2025,4,0.0
3,2025-04-09 00:00:00,2025,4,0.052847904
3,2025-04-18 00:00:00,2025,4,0.001230556
3,2025-04-20 00:00:00,2025,4,0.005153954
3,2025-04-25 00:00:00,2025,4,0.008922895
3,2025-04-26 00:00:00,2025,4,0.0
4,2025-04-12 00:00:00,2025,4,0.151973911
4,2025-04-15 00:00:00,2025,4,0.002616483
6,2025-04-01 00:00:00,2025,4,1.67e-05
6,2025-04-15 00:00:00,2025,4,0.002719472
6,2025-04-28 00:00:00,2025,4,0.030757998
7,2025-04-05 00:00:00,2025,4,0.533000945
7,2025-04-10 00:00:00,2025,4,1.94e-05
7,2025-04-14 00:00:00,2025,4,0.287482164
7,2025-04-19 00:00:00,2025,4,0.111924306
7,2025-04-20 00:00:00,2025,4,0.544370102
7,2025-04-30 00:00:00,2025,4,0.060689557
9,2025-04-01 00:00:00,2025,4,2.87e-05
9,2025-04-03 00:00:00,2025,4,0.000305168
8,2025-04-02 00:00:00,2025,4,0.0
8,2025-04-03 00:00:00,2025,4,4.11e-07
8,2025-04-04 00:00:00,2025,4,1.558350206
8,2025-04-06 00:00:00,2025,4,0.003104977
8,2025-04-11 00:00:00,2025,4,0.220836528
8,2025-04-12 00:00:00,2025,4,0.232174148
8,2025-04-15 00:00:00,2025,4,0.000419864
8,2025-04-16 00:00:00,2025,4,3.195436449
10,2025-04-03 00:00:00,2025,4,0.0
10,2025-04-07 00:00:00,2025,4,0.002756323
10,2025-04-09 00:00:00,2025,4,0.225167059
10,2025-04-18 00:00:00,2025,4,0.000516746
10,2025-04-21 00:00:00,2025,4,0.046025419
11,2025-04-12 00:00:00,2025,4,2.687742347
11,2025-04-14 00:00:00,2025,4,8.812932918
11,2025-04-15 00:00:00,2025,4,0.160274224
11,2025-04-26 00:00:00,2025,4,0.743197222
11,2025-04-27 00:00:00,2025,4,1.622937453
12,2025-04-05 00:00:00,2025,4,0.040617948
12,2025-04-16 00:00:00,2025,4,11.93088384
12,2025-04-21 00:00:00,2025,4,0.263056719
12,2025-04-22 00:00:00,2025,4,0.02584855
12,2025-04-23 00:00:00,2025,4,0.439790131
12,2025-04-24 00:00:00,2025,4,0.13658013
13,2025-04-01 00:00:00,2025,4,0.000204395
13,2025-04-04 00:00:00,2025,4,1.402830047
13,2025-04-21 00:00:00,2025,4,0.18162912
13,2025-04-22 00:00:00,2025,4,0.0
13,2025-04-24 00:00:00,2025,4,1.88e-05
13,2025-04-28 00:00:00,2025,4,0.00027136
5,2025-04-05 00:00:00,2025,4,0.623777296
5,2025-04-17 00:00:00,2025,4,0.019010793
5,2025-04-19 00:00:00,2025,4,0.003280901
5,2025-04-22 00:00:00,2025,4,0.0
5,2025-04-23 00:00:00,2025,4,0.000299308
5,2025-04-30 00:00:00,2025,4,0.000648763
1,2025-06-05 00:00:00,2025,6,0.042853556
1,2025-06-22 00:00:00,2025,6,0.336078651
1,2025-06-26 00:00:00,2025,6,1.201642579
1,2025-06-29 00:00:00,2025,6,0.029791933
1,2025-06-30 00:00:00,2025,6,0.186994456
2,2025-06-20 00:00:00,2025,6,0.432754604
2,2025-06-24 00:00:00,2025,6,0.364152876
2,2025-06-26 00:00:00,2025,6,1.930016727
2,2025-06-29 00:00:00,2025,6,0.378054783
3,2025-06-01 00:00:00,2025,6,0.374841563
3,2025-06-17 00:00:00,2025,6,7.373832021
3,2025-06-21 00:00:00,2025,6,5.483042266
3,2025-06-25 00:00:00,2025,6,7.449692772
3,2025-06-26 00:00:00,2025,6,21.72825276
3,2025-06-27 00:00:00,2025,6,14.05521881
4,2025-06-03 00:00:00,2025,6,0.006385122
4,2025-06-07 00:00:00,2025,6,3.568571049
4,2025-06-11 00:00:00,2025,6,8.194456154
4,2025-06-16 00:00:00,2025,6,1.658314447
4,2025-06-18 00:00:00,2025,6,0.09343024
4,2025-06-22 00:00:00,2025,6,1.646719602
4,2025-06-29 00:00:00,2025,6,0.256255687
6,2025-06-01 00:00:00,2025,6,0.143909139
6,2025-06-11 00:00:00,2025,6,31.58054763
6,2025-06-14 00:00:00,2025,6,0.813810204
6,2025-06-19 00:00:00,2025,6,0.567336655
6,2025-06-27 00:00:00,2025,6,11.46650229
7,2025-06-11 00:00:00,2025,6,0.693932034
7,2025-06-14 00:00:00,2025,6,0.581629308
7,2025-06-24 00:00:00,2025,6,2.494071337
7,2025-06-30 00:00:00,2025,6,2.258022583
9,2025-06-09 00:00:00,2025,6,3.540275606
9,2025-06-18 00:00:00,2025,6,0.169294342
9,2025-06-29 00:00:00,2025,6,0.911446082
8,2025-06-03 00:00:00,2025,6,0.269537131
8,2025-06-04 00:00:00,2025,6,0.243701304
8,2025-06-07 00:00:00,2025,6,1.231478478
8,2025-06-13 00:00:00,2025,6,4.578642795
8,2025-06-15 00:00:00,2025,6,1.282748334
8,2025-06-18 00:00:00,2025,6,0.893645167
8,2025-06-20 00:00:00,2025,6,1.164574476
8,2025-06-22 00:00:00,2025,6,1.165111882
10,2025-06-02 00:00:00,2025,6,0.0
10,2025-06-11 00:00:00,2025,6,6.775823853
10,2025-06-16 00:00:00,2025,6,2.675952075
10,2025-06-22 00:00:00,2025,6,0.421579812
10,2025-06-24 00:00:00,2025,6,5.401356912
10,2025-06-27 00:00:00,2025,6,0.401423771
11,2025-06-03 00:00:00,2025,6,0.65155537
11,2025-06-09 00:00:00,2025,6,0.966759466
11,2025-06-18 00:00:00,2025,6,0.446732566
11,2025-06-21 00:00:00,2025,6,0.187327432
11,2025-06-27 00:00:00,2025,6,7.20828784
11,2025-06-30 00:00:00,2025,6,7.956529347
12,2025-06-02 00:00:00,2025,6,0.0
12,2025-06-07 00:00:00,2025,6,2.667292894
12,2025-06-08 00:00:00,2025,6,1.690390785
12,2025-06-10 00:00:00,2025,6,8.15350225
12,2025-06-22 00:00:00,2025,6,0.264589419
12,2025-06-23 00:00:00,2025,6,2.958045249
12,2025-06-25 00:00:00,2025,6,5.662880029
13,2025-06-13 00:00:00,2025,6,6.479037009
13,2025-06-18 00:00:00,2025,6,0.333663609
13,2025-06-19 00:00:00,2025,6,0.127841944
13,2025-06-23 00:00:00,2025,6,9.128889177
5,2025-06-09 00:00:00,2025,6,1.021909661
5,2025-06-13 00:00:00,2025,6,3.149302696
5,2025-06-14 00:00:00,2025,6,2.54333414
5,2025-06-17 00:00:00,2025,6,0.03466877
5,2025-06-20 00:00:00,2025,6,0.79490937
5,2025-06-21 00:00:00,2025,6,0.965459483
5,2025-06-23 00:00:00,2025,6,4.089595335
5,2025-06-28 00:00:00,2025,6,0.303900199
1,2025-05-09 00:00:00,2025,5,0.328346504
1,2025-05-18 00:00:00,2025,5,31.4033855
1,2025-05-31 00:00:00,2025,5,0.019093455
2,2025-05-02 00:00:00,2025,5,2.493480434
2,2025-05-15 00:00:00,2025,5,6.17482194
2,2025-05-21 00:00:00,2025,5,19.44494273
2,2025-05-24 00:00:00,2025,5,0.273041542
2,2025-05-25 00:00:00,2025,5,0.14191152
2,2025-05-26 00:00:00,2025,5,1.916770478
3,2025-05-01 00:00:00,2025,5,6.726554186
3,2025-05-07 00:00:00,2025,5,0.508386993
3,2025-05-17 00:00:00,2025,5,1.865720967
3,2025-05-18 00:00:00,2025,5,10.19453019
3,2025-05-29 00:00:00,2025,5,11.57442086
4,2025-05-04 00:00:00,2025,5,3.519720205
4,2025-05-15 00:00:00,2025,5,2.843909723
4,2025-05-16 00:00:00,2025,5,29.23401656
4,2025-05-17 00:00:00,2025,5,2.555532636
4,2025-05-19 00:00:00,2025,5,1.626050606
4,2025-05-28 00:00:00,2025,5,9.381657983
6,2025-05-07 00:00:00,2025,5,5.421367509
6,2025-05-18 00:00:00,2025,5,5.15578336
6,2025-05-19 00:00:00,2025,5,2.71889838
6,2025-05-21 00:00:00,2025,5,8.510412252
6,2025-05-25 00:00:00,2025,5,7.788749931
7,2025-05-05 00:00:00,2025,5,8.73e-05
7,2025-05-07 00:00:00,2025,5,2.140476187
7,2025-05-16 00:00:00,2025,5,1.695176747
7,2025-05-17 00:00:00,2025,5,5.644053865
7,2025-05-18 00:00:00,2025,5,20.91831472
7,2025-05-23 00:00:00,2025,5,0.047176887
7,2025-05-30 00:00:00,2025,5,4.384989558
9,2025-05-01 00:00:00,2025,5,1.926402819
9,2025-05-02 00:00:00,2025,5,3.333813806
9,2025-05-04 00:00:00,2025,5,0.114185009
9,2025-05-16 00:00:00,2025,5,12.99100454
9,2025-05-23 00:00:00,2025,5,0.095999868
9,2025-05-29 00:00:00,2025,5,0.590737645
8,2025-05-03 00:00:00,2025,5,0.883650748
8,2025-05-07 00:00:00,2025,5,20.32429884
8,2025-05-20 00:00:00,2025,5,15.18391022
8,2025-05-24 00:00:00,2025,5,0.064573752
8,2025-05-26 00:00:00,2025,5,12.74628915
8,2025-05-31 00:00:00,2025,5,0.475076375
10,2025-05-09 00:00:00,2025,5,0.055475645
10,2025-05-10 00:00:00,2025,5,0.004614372
10,2025-05-16 00:00:00,2025,5,0.057655165
10,2025-05-17 00:00:00,2025,5,2.292558305
10,2025-05-19 00:00:00,2025,5,1.024737243
10,2025-05-22 00:00:00,2025,5,0.268141754
10,2025-05-25 00:00:00,2025,5,0.312606196
11,2025-05-05 00:00:00,2025,5,10.48313713
11,2025-05-07 00:00:00,2025,5,0.168381953
11,2025-05-08 00:00:00,2025,5,3.311987991
11,2025-05-09 00:00:00,2025,5,1.86460547
11,2025-05-15 00:00:00,2025,5,7.104270206
11,2025-05-18 00:00:00,2025,5,6.993736218
11,2025-05-21 00:00:00,2025,5,9.269453703
11,2025-05-27 00:00:00,2025,5,8.594506063
12,2025-05-09 00:00:00,2025,5,0.249007174
12,2025-05-16 00:00:00,2025,5,0.714023298
12,2025-05-17 00:00:00,2025,5,5.065589727
12,2025-05-18 00:00:00,2025,5,2.147983197
12,2025-05-20 00:00:00,2025,5,4.988793983
12,2025-05-22 00:00:00,2025,5,7.152676125
12,2025-05-26 00:00:00,2025,5,12.4786338
12,2025-05-27 00:00:00,2025,5,2.780550225
12,2025-05-30 00:00:00,2025,5,3.650875865
13,2025-05-16 00:00:00,2025,5,11.23821228
13,2025-05-19 00:00:00,2025,5,3.848796884
13,2025-05-27 00:00:00,2025,5,1.773153692
5,2025-05-01 00:00:00,2025,5,2.257136117
5,2025-05-03 00:00:00,2025,5,4.928299471
5,2025-05-04 00:00:00,2025,5,0.031331489
5,2025-05-08 00:00:00,2025,5,3.378863153
5,2025-05-18 00:00:00,2025,5,14.24279745
5,2025-05-19 00:00:00,2025,5,10.47881528
5,2025-05-21 00:00:00,2025,5,17.3958089
4,2025-06-07 00:00:00,2025,6,3.568571049
4,2025-06-08 00:00:00,2025,6,1.85165985
4,2025-06-09 00:00:00,2025,6,1.574651289
4,2025-06-16 00:00:00,2025,6,1.658314447
4,2025-06-26 00:00:00,2025,6,10.30132266
4,2025-06-29 00:00:00,2025,6,0.256255687
6,2025-01-14 00:00:00,2025,1,0.0
6,2025-01-17 00:00:00,2025,1,0.0
6,2025-01-18 00:00:00,2025,1,0.000142768
6,2025-01-30 00:00:00,2025,1,0.0
6,2025-02-01 00:00:00,2025,2,0.010901425
6,2025-02-06 00:00:00,2025,2,0.0
6,2025-02-07 00:00:00,2025,2,0.0
6,2025-02-10 00:00:00,2025,2,0.0
6,2025-02-21 00:00:00,2025,2,0.0
6,2025-03-03 00:00:00,2025,3,0.000404505
6,2025-03-04 00:00:00,2025,3,0.0
6,2025-03-13 00:00:00,2025,3,0.0
6,2025-03-15 00:00:00,2025,3,0.0
6,2025-03-17 00:00:00,2025,3,0.0
6,2025-03-19 00:00:00,2025,3,0.0
6,2025-03-20 00:00:00,2025,3,0.0
6,2025-03-22 00:00:00,2025,3,0.297125672
6,2025-03-28 00:00:00,2025,3,0.005855044
6,2025-03-29 00:00:00,2025,3,0.062438379
6,2025-04-01 00:00:00,2025,4,1.67e-05
6,2025-04-02 00:00:00,2025,4,0.0
6,2025-05-06 00:00:00,2025,5,0.005054089
6,2025-05-03 00:00:00,2025,5,0.026471358
6,2025-05-19 00:00:00,2025,5,2.71889838
6,2025-05-29 00:00:00,2025,5,1.348867259
6,2025-05-31 00:00:00,2025,5,1.186912526
6,2025-06-01 00:00:00,2025,6,0.143909139
6,2025-06-10 00:00:00,2025,6,0.0
6,2025-06-16 00:00:00,2025,6,0.483845355
6,2025-06-24 00:00:00,2025,6,7.609417164
6,2025-06-26 00:00:00,2025,6,12.25183191
6,2025-06-29 00:00:00,2025,6,0.224873283
6,2025-06-30 00:00:00,2025,6,11.89311875
7,2025-01-02 00:00:00,2025,1,0.002961627
7,2025-01-08 00:00:00,2025,1,0.0
7,2025-01-10 00:00:00,2025,1,0.0
7,2025-01-11 00:00:00,2025,1,0.0
7,2025-01-13 00:00:00,2025,1,0.000814144
7,2025-01-14 00:00:00,2025,1,0.0
7,2025-01-12 00:00:00,2025,1,0.007300896
7,2025-01-23 00:00:00,2025,1,0.005775577
7,2025-01-25 00:00:00,2025,1,0.002024279
7,2025-01-28 00:00:00,2025,1,0.000136597
7,2025-01-30 00:00:00,2025,1,5.21e-05
7,2025-01-31 00:00:00,2025,1,0.0
7,2025-02-28 00:00:00,2025,2,0.0
7,2025-03-01 00:00:00,2025,3,0.0
7,2025-03-07 00:00:00,2025,3,0.0
7,2025-03-09 00:00:00,2025,3,0.0
7,2025-03-13 00:00:00,2025,3,0.0
7,2025-03-14 00:00:00,2025,3,0.0
7,2025-03-18 00:00:00,2025,3,0.0
7,2025-03-20 00:00:00,2025,3,1.47e-05
7,2025-03-21 00:00:00,2025,3,0.004083558
7,2025-03-29 00:00:00,2025,3,0.0
7,2025-03-30 00:00:00,2025,3,0.0
7,2025-04-27 00:00:00,2025,4,1.080967363
7,2025-04-30 00:00:00,2025,4,0.060689557
7,2025-05-04 00:00:00,2025,5,0.183132373
7,2025-05-07 00:00:00,2025,5,2.140476187
7,2025-05-09 00:00:00,2025,5,0.167009613
7,2025-05-18 00:00:00,2025,5,20.91831472
7,2025-05-24 00:00:00,2025,5,0.009066581
7,2025-05-26 00:00:00,2025,5,5.623238975
7,2025-05-27 00:00:00,2025,5,10.54279653
7,2025-05-31 00:00:00,2025,5,0.163020952
7,2025-06-02 00:00:00,2025,6,0.042133698
7,2025-06-03 00:00:00,2025,6,0.237802206
7,2025-06-10 00:00:00,2025,6,0.00234123
7,2025-06-12 00:00:00,2025,6,21.75834274
7,2025-06-17 00:00:00,2025,6,0.04637782
7,2025-06-22 00:00:00,2025,6,0.584485948
7,2025-06-23 00:00:00,2025,6,4.667364244
7,2025-06-25 00:00:00,2025,6,2.182186292
9,2025-01-09 00:00:00,2025,1,0.0
9,2025-01-16 00:00:00,2025,1,0.03087432
9,2025-01-20 00:00:00,2025,1,0.005896717
9,2025-01-28 00:00:00,2025,1,0.0
9,2025-01-29 00:00:00,2025,1,0.0
9,2025-02-01 00:00:00,2025,2,0.0
9,2025-02-02 00:00:00,2025,2,0.0
9,2025-02-08 00:00:00,2025,2,0.0
9,2025-03-02 00:00:00,2025,3,0.0
9,2025-03-10 00:00:00,2025,3,0.0
9,2025-03-18 00:00:00,2025,3,0.0
9,2025-03-21 00:00:00,2025,3,0.0
9,2025-03-25 00:00:00,2025,3,0.00135524
9,2025-04-01 00:00:00,2025,4,2.87e-05
9,2025-04-05 00:00:00,2025,4,0.532616935
9,2025-04-15 00:00:00,2025,4,0.002451539
9,2025-04-19 00:00:00,2025,4,0.14319878
9,2025-04-22 00:00:00,2025,4,0.0
9,2025-04-27 00:00:00,2025,4,0.000171293
9,2025-04-28 00:00:00,2025,4,0.399044402
9,2025-05-07 00:00:00,2025,5,7.395311915
9,2025-05-09 00:00:00,2025,5,4.516356102
9,2025-05-10 00:00:00,2025,5,1.69e-06
9,2025-05-03 00:00:00,2025,5,5.928986926
9,2025-05-17 00:00:00,2025,5,1.56394794
9,2025-05-20 00:00:00,2025,5,14.99956893
9,2025-05-22 00:00:00,2025,5,21.07856964
9,2025-05-24 00:00:00,2025,5,0.828265338
9,2025-05-27 00:00:00,2025,5,0.739032039
9,2025-06-02 00:00:00,2025,6,0.031376959
9,2025-06-06 00:00:00,2025,6,0.0
9,2025-06-12 00:00:00,2025,6,6.66372006
9,2025-06-19 00:00:00,2025,6,0.192454336
9,2025-06-22 00:00:00,2025,6,1.24838791
8,2025-01-04 00:00:00,2025,1,0.0
8,2025-01-07 00:00:00,2025,1,0.0
8,2025-01-17 00:00:00,2025,1,0.0
8,2025-01-27 00:00:00,2025,1,0.032502834
8,2025-02-19 00:00:00,2025,2,0.0
8,2025-02-22 00:00:00,2025,2,0.0
8,2025-02-23 00:00:00,2025,2,0.0
8,2025-02-24 00:00:00,2025,2,0.0
8,2025-02-25 00:00:00,2025,2,0.0
8,2025-03-03 00:00:00,2025,3,0.0
8,2025-03-07 00:00:00,2025,3,0.0
8,2025-03-11 00:00:00,2025,3,0.0
8,2025-03-14 00:00:00,2025,3,0.0
8,2025-03-16 00:00:00,2025,3,0.0
8,2025-03-17 00:00:00,2025,3,0.0
8,2025-03-19 00:00:00,2025,3,0.0
8,2025-03-20 00:00:00,2025,3,0.0
8,2025-03-21 00:00:00,2025,3,0.0
8,2025-03-23 00:00:00,2025,3,0.133991141
8,2025-03-29 00:00:00,2025,3,0.000409077
8,2025-03-31 00:00:00,2025,3,0.0
8,2025-04-03 00:00:00,2025,4,4.11e-07
8,2025-04-16 00:00:00,2025,4,3.195436449
8,2025-04-27 00:00:00,2025,4,0.0
8,2025-04-28 00:00:00,2025,4,0.010195464
8,2025-05-05 00:00:00,2025,5,9.332479898
8,2025-05-07 00:00:00,2025,5,20.32429884
8,2025-05-20 00:00:00,2025,5,15.18391022
8,2025-05-28 00:00:00,2025,5,0.073875724
8,2025-06-02 00:00:00,2025,6,0.349824191
8,2025-06-03 00:00:00,2025,6,0.269537131
8,2025-06-06 00:00:00,2025,6,0.112176596
8,2025-06-08 00:00:00,2025,6,0.702768396
8,2025-06-23 00:00:00,2025,6,5.442196122
10,2025-01-01 00:00:00,2025,1,0.0
10,2025-01-03 00:00:00,2025,1,0.0
10,2025-01-14 00:00:00,2025,1,0.0
10,2025-01-15 00:00:00,2025,1,0.0
10,2025-01-19 00:00:00,2025,1,8.7e-05
10,2025-01-27 00:00:00,2025,1,0.0
10,2025-02-03 00:00:00,2025,2,0.0
10,2025-02-04 00:00:00,2025,2,0.0
10,2025-02-07 00:00:00,2025,2,0.0
10,2025-02-14 00:00:00,2025,2,0.0
10,2025-02-15 00:00:00,2025,2,0.0
10,2025-02-20 00:00:00,2025,2,0.001164452
10,2025-03-15 00:00:00,2025,3,0.0
10,2025-03-16 00:00:00,2025,3,0.000108963
10,2025-03-29 00:00:00,2025,3,0.0
10,2025-03-30 00:00:00,2025,3,1.45e-05
10,2025-03-31 00:00:00,2025,3,4.59e-07
10,2025-04-01 00:00:00,2025,4,0.0
10,2025-04-02 00:00:00,2025,4,0.0
10,2025-04-10 00:00:00,2025,4,0.0
10,2025-04-13 00:00:00,2025,4,0.307084846
10,2025-04-16 00:00:00,2025,4,9.38624864
10,2025-04-19 00:00:00,2025,4,0.000458805
10,2025-04-24 00:00:00,2025,4,0.000247994
10,2025-04-26 00:00:00,2025,4,4.03e-05
10,2025-04-28 00:00:00,2025,4,0.445767128
10,2025-04-30 00:00:00,2025,4,9.078368578
10,2025-05-01 00:00:00,2025,5,0.372864253
10,2025-05-04 00:00:00,2025,5,2.063431207
10,2025-05-05 00:00:00,2025,5,0.364035113
10,2025-05-16 00:00:00,2025,5,0.057655165
10,2025-05-24 00:00:00,2025,5,0.503536395
10,2025-05-27 00:00:00,2025,5,5.360053778
10,2025-05-30 00:00:00,2025,5,1.306143636
10,2025-06-06 00:00:00,2025,6,1.213827639
10,2025-06-09 00:00:00,2025,6,0.03045303
10,2025-06-18 00:00:00,2025,6,0.767386315
10,2025-06-25 00:00:00,2025,6,4.224000592
10,2025-06-27 00:00:00,2025,6,0.401423771
1,2025-01-02 00:00:00,2025,1,9.68e-05
1,2025-01-03 00:00:00,2025,1,0.004889357
1,2025-01-07 00:00:00,2025,1,0.000279721
1,2025-01-14 00:00:00,2025,1,0.078376816
1,2025-01-21 00:00:00,2025,1,0.001670952
1,2025-01-25 00:00:00,2025,1,0.000421238
1,2025-01-27 00:00:00,2025,1,0.000599142
1,2025-01-28 00:00:00,2025,1,4.02e-06
1,2025-01-30 00:00:00,2025,1,0.0
1,2025-02-04 00:00:00,2025,2,0.002697124
1,2025-02-09 00:00:00,2025,2,0.000895364
1,2025-02-13 00:00:00,2025,2,0.0
1,2025-02-23 00:00:00,2025,2,0.0
1,2025-02-24 00:00:00,2025,2,0.003797711
1,2025-02-25 00:00:00,2025,2,0.0
1,2025-03-15 00:00:00,2025,3,0.0
1,2025-03-19 00:00:00,2025,3,0.0
1,2025-03-20 00:00:00,2025,3,0.000412553
1,2025-03-27 00:00:00,2025,3,0.000164214
1,2025-03-28 00:00:00,2025,3,8.95e-06
1,2025-03-29 00:00:00,2025,3,0.00013292
1,2025-04-01 00:00:00,2025,4,0.000336101
1,2025-04-02 00:00:00,2025,4,0.002166904
1,2025-04-09 00:00:00,2025,4,0.043690767
1,2025-04-16 00:00:00,2025,4,0.045282256
1,2025-04-18 00:00:00,2025,4,0.055575472
1,2025-04-29 00:00:00,2025,4,0.201548245
1,2025-05-05 00:00:00,2025,5,0.000146764
1,2025-05-09 00:00:00,2025,5,0.328346504
1,2025-05-10 00:00:00,2025,5,0.963536823
1,2025-05-03 00:00:00,2025,5,10.95027456
1,2025-05-23 00:00:00,2025,5,0.185925982
1,2025-05-24 00:00:00,2025,5,0.069055324
1,2025-05-28 00:00:00,2025,5,1.159341264
1,2025-06-05 00:00:00,2025,6,0.042853556
1,2025-06-11 00:00:00,2025,6,4.306747755
1,2025-06-14 00:00:00,2025,6,0.661812329
1,2025-06-19 00:00:00,2025,6,0.484562162
2,2025-01-02 00:00:00,2025,1,0.0
2,2025-01-03 00:00:00,2025,1,0.0
2,2025-01-07 00:00:00,2025,1,0.0
2,2025-01-09 00:00:00,2025,1,0.0
2,2025-01-25 00:00:00,2025,1,0.0
2,2025-01-28 00:00:00,2025,1,0.0
2,2025-01-29 00:00:00,2025,1,8.08e-06
2,2025-02-07 00:00:00,2025,2,0.0
2,2025-02-16 00:00:00,2025,2,0.0
2,2025-02-18 00:00:00,2025,2,0.0
2,2025-02-21 00:00:00,2025,2,0.0
2,2025-03-06 00:00:00,2025,3,0.009533697
2,2025-03-08 00:00:00,2025,3,0.000101235
2,2025-03-16 00:00:00,2025,3,0.0
2,2025-03-20 00:00:00,2025,3,0.0
2,2025-03-21 00:00:00,2025,3,0.0
2,2025-03-22 00:00:00,2025,3,0.0
2,2025-03-28 00:00:00,2025,3,0.0
2,2025-03-29 00:00:00,2025,3,2.46e-05
2,2025-04-10 00:00:00,2025,4,0.002423181
2,2025-04-12 00:00:00,2025,4,1.009013342
2,2025-04-14 00:00:00,2025,4,1.039115854
2,2025-04-17 00:00:00,2025,4,1.143240512
2,2025-04-19 00:00:00,2025,4,0.002022876
2,2025-05-09 00:00:00,2025,5,4.92633105
2,2025-05-19 00:00:00,2025,5,15.00441064
2,2025-05-20 00:00:00,2025,5,6.694092785
2,2025-05-24 00:00:00,2025,5,0.273041542
2,2025-05-26 00:00:00,2025,5,1.916770478
2,2025-05-31 00:00:00,2025,5,0.177534291
2,2025-06-03 00:00:00,2025,6,1.254869054
2,2025-06-13 00:00:00,2025,6,16.06937781
2,2025-06-14 00:00:00,2025,6,1.649620943
2,2025-06-20 00:00:00,2025,6,0.432754604
2,2025-06-22 00:00:00,2025,6,1.557649451
2,2025-06-24 00:00:00,2025,6,0.364152876
2,2025-06-28 00:00:00,2025,6,0.719796531
2,2025-06-29 00:00:00,2025,6,0.378054783
3,2025-01-02 00:00:00,2025,1,0.000161
3,2025-01-05 00:00:00,2025,1,3.36e-05
3,2025-01-07 00:00:00,2025,1,0.000108266
3,2025-01-08 00:00:00,2025,1,0.0
3,2025-01-14 00:00:00,2025,1,0.0
3,2025-01-16 00:00:00,2025,1,3.36e-05
3,2025-01-23 00:00:00,2025,1,0.0
3,2025-01-27 00:00:00,2025,1,0.0
3,2025-02-04 00:00:00,2025,2,0.0
3,2025-02-08 00:00:00,2025,2,0.002629115
3,2025-02-09 00:00:00,2025,2,0.0
3,2025-02-14 00:00:00,2025,2,0.0
3,2025-03-20 00:00:00,2025,3,0.0
3,2025-03-21 00:00:00,2025,3,0.0
3,2025-03-22 00:00:00,2025,3,0.147833536
3,2025-03-26 00:00:00,2025,3,0.065280958
3,2025-03-30 00:00:00,2025,3,0.046826959
3,2025-04-07 00:00:00,2025,4,2.935853271
3,2025-04-08 00:00:00,2025,4,1.75535426
3,2025-04-21 00:00:00,2025,4,0.872007972
3,2025-04-22 00:00:00,2025,4,0.0
3,2025-04-23 00:00:00,2025,4,0.838265285
3,2025-04-30 00:00:00,2025,4,5.736577746
3,2025-05-01 00:00:00,2025,5,6.726554186
3,2025-05-09 00:00:00,2025,5,1.036562127
3,2025-05-10 00:00:00,2025,5,2.507447691
3,2025-05-28 00:00:00,2025,5,33.30475138
3,2025-05-29 00:00:00,2025,5,11.57442086
3,2025-06-02 00:00:00,2025,6,0.002119639
3,2025-06-07 00:00:00,2025,6,0.846993079
3,2025-06-17 00:00:00,2025,6,7.373832021
4,2025-01-01 00:00:00,2025,1,0.000145564
4,2025-01-02 00:00:00,2025,1,6e-06
4,2025-01-05 00:00:00,2025,1,0.023431863
4,2025-01-06 00:00:00,2025,1,0.004981303
4,2025-01-19 00:00:00,2025,1,0.033745482
4,2025-01-23 00:00:00,2025,1,8.76e-05
4,2025-01-28 00:00:00,2025,1,0.000122257
4,2025-02-02 00:00:00,2025,2,0.0
4,2025-02-04 00:00:00,2025,2,0.042220446
4,2025-02-05 00:00:00,2025,2,0.0
4,2025-02-20 00:00:00,2025,2,0.0
4,2025-02-23 00:00:00,2025,2,0.000548771
4,2025-02-24 00:00:00,2025,2,0.0
4,2025-02-26 00:00:00,2025,2,0.007302338
4,2025-03-03 00:00:00,2025,3,0.0
4,2025-03-04 00:00:00,2025,3,0.0
4,2025-03-08 00:00:00,2025,3,0.0
4,2025-03-09 00:00:00,2025,3,0.0
4,2025-03-10 00:00:00,2025,3,0.039144161
4,2025-03-20 00:00:00,2025,3,0.025175314
4,2025-03-22 00:00:00,2025,3,0.042913713
4,2025-03-28 00:00:00,2025,3,0.000186313
4,2025-04-05 00:00:00,2025,4,0.227732455
4,2025-04-11 00:00:00,2025,4,0.644028931
4,2025-04-13 00:00:00,2025,4,0.393104599
4,2025-04-30 00:00:00,2025,4,0.074863342
4,2025-05-06 00:00:00,2025,5,0.004130898
4,2025-05-03 00:00:00,2025,5,3.94941647
4,2025-05-19 00:00:00,2025,5,1.626050606
4,2025-05-22 00:00:00,2025,5,36.25012145
4,2025-05-24 00:00:00,2025,5,10.4996572
4,2025-05-27 00:00:00,2025,5,0.056719314
11,2025-01-06 00:00:00,2025,1,0.0
11,2025-01-10 00:00:00,2025,1,0.0
11,2025-01-14 00:00:00,2025,1,0.001384568
11,2025-01-17 00:00:00,2025,1,0.0
11,2025-01-18 00:00:00,2025,1,0.028034225
11,2025-01-25 00:00:00,2025,1,0.0
11,2025-01-31 00:00:00,2025,1,0.0
11,2025-02-02 00:00:00,2025,2,0.003548861
11,2025-02-19 00:00:00,2025,2,0.0
11,2025-02-20 00:00:00,2025,2,3.48e-06
11,2025-02-23 00:00:00,2025,2,0.010778786
11,2025-02-25 00:00:00,2025,2,0.0
11,2025-03-03 00:00:00,2025,3,0.087599162
11,2025-03-05 00:00:00,2025,3,0.208689798
11,2025-03-06 00:00:00,2025,3,0.029853127
11,2025-03-08 00:00:00,2025,3,0.0
11,2025-03-12 00:00:00,2025,3,0.0
11,2025-03-13 00:00:00,2025,3,0.0
11,2025-03-17 00:00:00,2025,3,0.003905137
11,2025-04-03 00:00:00,2025,4,0.092176518
11,2025-04-22 00:00:00,2025,4,0.0
11,2025-04-27 00:00:00,2025,4,1.622937453
11,2025-04-28 00:00:00,2025,4,0.034805868
11,2025-04-30 00:00:00,2025,4,3.757079139
11,2025-05-05 00:00:00,2025,5,10.48313713
11,2025-05-16 00:00:00,2025,5,9.612133727
11,2025-05-20 00:00:00,2025,5,6.812375979
11,2025-05-21 00:00:00,2025,5,9.269453703
11,2025-05-23 00:00:00,2025,5,9.917964716
11,2025-06-01 00:00:00,2025,6,1.414747075
11,2025-06-06 00:00:00,2025,6,1.08974434
11,2025-06-10 00:00:00,2025,6,1.809784713
11,2025-06-16 00:00:00,2025,6,1.319565474
11,2025-06-18 00:00:00,2025,6,0.446732566
11,2025-06-20 00:00:00,2025,6,1.274604814
11,2025-06-15 00:00:00,2025,6,8.576343542
11,2025-06-24 00:00:00,2025,6,12.72347826
11,2025-06-30 00:00:00,2025,6,7.956529347
12,2025-01-04 00:00:00,2025,1,0.0
12,2025-01-06 00:00:00,2025,1,0.0
12,2025-01-09 00:00:00,2025,1,0.0
12,2025-01-11 00:00:00,2025,1,0.0
12,2025-01-13 00:00:00,2025,1,0.0
12,2025-01-16 00:00:00,2025,1,0.0
12,2025-01-20 00:00:00,2025,1,0.0
12,2025-01-22 00:00:00,2025,1,0.0
12,2025-01-27 00:00:00,2025,1,0.0
12,2025-01-29 00:00:00,2025,1,0.0
12,2025-02-01 00:00:00,2025,2,0.0
12,2025-02-06 00:00:00,2025,2,0.0
12,2025-02-08 00:00:00,2025,2,0.063195324
12,2025-02-09 00:00:00,2025,2,0.0
12,2025-03-08 00:00:00,2025,3,0.0
12,2025-03-09 00:00:00,2025,3,0.0
12,2025-03-19 00:00:00,2025,3,0.0
12,2025-03-21 00:00:00,2025,3,0.0
12,2025-03-24 00:00:00,2025,3,12.41988749
12,2025-03-25 00:00:00,2025,3,0.090169793
12,2025-03-28 00:00:00,2025,3,0.0
12,2025-04-11 00:00:00,2025,4,0.874684431
12,2025-04-16 00:00:00,2025,4,11.93088384
12,2025-04-19 00:00:00,2025,4,0.001674657
12,2025-05-01 00:00:00,2025,5,6.034434875
12,2025-05-04 00:00:00,2025,5,6.931841052
12,2025-05-15 00:00:00,2025,5,9.459284399
12,2025-05-20 00:00:00,2025,5,4.988793983
12,2025-05-24 00:00:00,2025,5,0.377910302
12,2025-05-30 00:00:00,2025,5,3.650875865
12,2025-06-24 00:00:00,2025,6,7.291490787
12,2025-06-27 00:00:00,2025,6,0.727303103
13,2025-01-01 00:00:00,2025,1,0.0
13,2025-01-04 00:00:00,2025,1,0.0
13,2025-01-07 00:00:00,2025,1,0.084807123
13,2025-01-09 00:00:00,2025,1,0.0
13,2025-01-13 00:00:00,2025,1,0.000118502
13,2025-01-12 00:00:00,2025,1,2.08e-05
13,2025-01-16 00:00:00,2025,1,0.001844963
13,2025-01-26 00:00:00,2025,1,4.53e-05
13,2025-01-30 00:00:00,2025,1,0.0
13,2025-02-19 00:00:00,2025,2,9.6e-05
13,2025-02-24 00:00:00,2025,2,0.0
13,2025-03-10 00:00:00,2025,3,0.0
13,2025-03-15 00:00:00,2025,3,0.0
13,2025-03-18 00:00:00,2025,3,0.0
13,2025-03-21 00:00:00,2025,3,0.0
13,2025-03-22 00:00:00,2025,3,0.020999717
13,2025-04-02 00:00:00,2025,4,0.0
13,2025-04-05 00:00:00,2025,4,0.492804585
13,2025-04-07 00:00:00,2025,4,1.622366771
13,2025-04-13 00:00:00,2025,4,1.229635421
13,2025-04-16 00:00:00,2025,4,5.266974984
13,2025-04-20 00:00:00,2025,4,0.020807015
13,2025-04-23 00:00:00,2025,4,0.024044014
13,2025-05-06 00:00:00,2025,5,0.311819776
13,2025-05-08 00:00:00,2025,5,4.20618671
13,2025-05-10 00:00:00,2025,5,4.322802921
13,2025-05-17 00:00:00,2025,5,1.502963983
13,2025-05-24 00:00:00,2025,5,12.91915494
13,2025-05-26 00:00:00,2025,5,5.306642304
13,2025-05-27 00:00:00,2025,5,1.773153692
13,2025-06-11 00:00:00,2025,6,13.45863539
13,2025-06-19 00:00:00,2025,6,0.127841944
13,2025-06-15 00:00:00,2025,6,10.72713607
13,2025-06-23 00:00:00,2025,6,9.128889177
13,2025-06-28 00:00:00,2025,6,0.42187444
13,2025-06-30 00:00:00,2025,6,15.84011026
5,2025-01-02 00:00:00,2025,1,0.002843046
5,2025-01-06 00:00:00,2025,1,0.0
5,2025-01-07 00:00:00,2025,1,0.008278736
5,2025-01-09 00:00:00,2025,1,0.0
5,2025-01-15 00:00:00,2025,1,0.0
5,2025-01-24 00:00:00,2025,1,0.000864923
5,2025-01-29 00:00:00,2025,1,0.010208712
5,2025-02-01 00:00:00,2025,2,0.007905501
5,2025-02-02 00:00:00,2025,2,0.000585538
5,2025-02-05 00:00:00,2025,2,0.010166615
5,2025-02-09 00:00:00,2025,2,0.000613328
5,2025-02-15 00:00:00,2025,2,0.0
5,2025-02-16 00:00:00,2025,2,0.0
5,2025-02-28 00:00:00,2025,2,0.0
5,2025-03-16 00:00:00,2025,3,0.0
5,2025-03-20 00:00:00,2025,3,0.000310227
5,2025-03-23 00:00:00,2025,3,0.576730733
5,2025-03-25 00:00:00,2025,3,0.0
5,2025-03-29 00:00:00,2025,3,0.000171117
5,2025-03-31 00:00:00,2025,3,0.013362491
5,2025-04-04 00:00:00,2025,4,7.027784693
5,2025-04-06 00:00:00,2025,4,0.014407945
5,2025-04-10 00:00:00,2025,4,5.16e-05
5,2025-04-20 00:00:00,2025,4,0.014781471
5,2025-04-23 00:00:00,2025,4,0.000299308
5,2025-05-02 00:00:00,2025,5,6.064434794
5,2025-05-08 00:00:00,2025,5,3.378863153
5,2025-05-22 00:00:00,2025,5,7.640032526
5,2025-05-27 00:00:00,2025,5,2.428182368
5,2025-06-02 00:00:00,2025,6,0.104645513
5,2025-06-14 00:00:00,2025,6,2.54333414
5,2025-06-22 00:00:00,2025,6,0.79948495
5,2025-06-24 00:00:00,2025,6,1.650758782
1,2025-01-10 00:00:00,2025,1,0.0
1,2025-01-15 00:00:00,2025,1,0.0
1,2025-01-16 00:00:00,2025,1,0.009550937
1,2025-01-17 00:00:00,2025,1,0.000255088
1,2025-01-25 00:00:00,2025,1,0.000421238
1,2025-01-31 00:00:00,2025,1,0.0
2,2025-01-12 00:00:00,2025,1,6.8e-06
2,2025-01-16 00:00:00,2025,1,7.23e-05
2,2025-01-18 00:00:00,2025,1,0.0
2,2025-01-26 00:00:00,2025,1,0.0
2,2025-01-25 00:00:00,2025,1,0.0
2,2025-01-28 00:00:00,2025,1,0.0
2,2025-01-30 00:00:00,2025,1,0.0
3,2025-01-03 00:00:00,2025,1,1.1e-06
3,2025-01-05 00:00:00,2025,1,3.36e-05
3,2025-01-06 00:00:00,2025,1,0.0
3,2025-01-15 00:00:00,2025,1,0.0
3,2025-01-18 00:00:00,2025,1,0.004968707
3,2025-01-19 00:00:00,2025,1,0.0
3,2025-01-27 00:00:00,2025,1,0.0
3,2025-01-30 00:00:00,2025,1,0.0
3,2025-01-31 00:00:00,2025,1,0.0
4,2025-01-02 00:00:00,2025,1,6e-06
4,2025-01-03 00:00:00,2025,1,0.004900416
4,2025-01-04 00:00:00,2025,1,0.002552386
4,2025-01-10 00:00:00,2025,1,0.007375174
4,2025-01-15 00:00:00,2025,1,0.0
4,2025-01-17 00:00:00,2025,1,4.08e-05
4,2025-01-21 00:00:00,2025,1,8.76e-05
4,2025-01-27 00:00:00,2025,1,0.000203762
4,2025-01-28 00:00:00,2025,1,0.000122257
4,2025-01-29 00:00:00,2025,1,0.038736728
6,2025-01-02 00:00:00,2025,1,5.2e-05
6,2025-01-04 00:00:00,2025,1,0.0
6,2025-01-08 00:00:00,2025,1,0.0
6,2025-01-10 00:00:00,2025,1,0.003864629
6,2025-01-12 00:00:00,2025,1,7.73e-05
6,2025-01-16 00:00:00,2025,1,0.000105373
6,2025-01-26 00:00:00,2025,1,5.41e-05
7,2025-01-01 00:00:00,2025,1,2.21e-05
7,2025-01-04 00:00:00,2025,1,0.0
7,2025-01-05 00:00:00,2025,1,0.002152166
7,2025-01-07 00:00:00,2025,1,0.008612148
7,2025-01-08 00:00:00,2025,1,0.0
7,2025-01-11 00:00:00,2025,1,0.0
7,2025-01-15 00:00:00,2025,1,0.0
7,2025-01-23 00:00:00,2025,1,0.005775577
7,2025-01-27 00:00:00,2025,1,0.016960969
7,2025-01-28 00:00:00,2025,1,0.000136597
7,2025-01-31 00:00:00,2025,1,0.0
9,2025-01-05 00:00:00,2025,1,3.25e-05
9,2025-01-12 00:00:00,2025,1,0.001003874
9,2025-01-20 00:00:00,2025,1,0.005896717
9,2025-01-21 00:00:00,2025,1,0.0
9,2025-01-23 00:00:00,2025,1,0.0
9,2025-01-28 00:00:00,2025,1,0.0
8,2025-01-06 00:00:00,2025,1,0.0
8,2025-01-09 00:00:00,2025,1,0.0
8,2025-01-16 00:00:00,2025,1,0.089969424
8,2025-01-17 00:00:00,2025,1,0.0
8,2025-01-23 00:00:00,2025,1,0.0
8,2025-01-28 00:00:00,2025,1,0.0
10,2025-01-02 00:00:00,2025,1,9e-05
10,2025-01-03 00:00:00,2025,1,0.0
10,2025-01-05 00:00:00,2025,1,0.000652684
10,2025-01-14 00:00:00,2025,1,0.0
10,2025-01-16 00:00:00,2025,1,0.0
10,2025-01-17 00:00:00,2025,1,0.0
10,2025-01-19 00:00:00,2025,1,8.7e-05
10,2025-01-26 00:00:00,2025,1,0.0
10,2025-01-27 00:00:00,2025,1,0.0
11,2025-01-02 00:00:00,2025,1,0.0
11,2025-01-10 00:00:00,2025,1,0.0
11,2025-01-12 00:00:00,2025,1,0.0
11,2025-01-16 00:00:00,2025,1,0.0
11,2025-01-17 00:00:00,2025,1,0.0
11,2025-01-25 00:00:00,2025,1,0.0
11,2025-01-28 00:00:00,2025,1,0.004295946
11,2025-01-29 00:00:00,2025,1,0.0
12,2025-01-03 00:00:00,2025,1,0.0
12,2025-01-04 00:00:00,2025,1,0.0
12,2025-01-05 00:00:00,2025,1,5.87e-05
12,2025-01-14 00:00:00,2025,1,0.0
12,2025-01-27 00:00:00,2025,1,0.0
13,2025-01-01 00:00:00,2025,1,0.0
13,2025-01-02 00:00:00,2025,1,0.000193334
13,2025-01-06 00:00:00,2025,1,0.0
13,2025-01-20 00:00:00,2025,1,0.0
13,2025-01-31 00:00:00,2025,1,0.0
5,2025-01-02 00:00:00,2025,1,0.002843046
5,2025-01-14 00:00:00,2025,1,0.559908615
5,2025-01-18 00:00:00,2025,1,0.0
5,2025-01-22 00:00:00,2025,1,0.0
5,2025-01-23 00:00:00,2025,1,0.0
1,2025-02-03 00:00:00,2025,2,0.000402024
1,2025-02-09 00:00:00,2025,2,0.000895364
1,2025-02-08 00:00:00,2025,2,0.0
1,2025-02-19 00:00:00,2025,2,0.0
1,2025-02-20 00:00:00,2025,2,7.32e-05
1,2025-02-22 00:00:00,2025,2,0.000342542
1,2025-02-23 00:00:00,2025,2,0.0
2,2025-02-02 00:00:00,2025,2,0.0
2,2025-02-04 00:00:00,2025,2,8.08e-06
2,2025-02-06 00:00:00,2025,2,0.0
2,2025-02-09 00:00:00,2025,2,2.69e-06
2,2025-02-13 00:00:00,2025,2,0.0
2,2025-02-14 00:00:00,2025,2,0.0
2,2025-02-15 00:00:00,2025,2,0.0
2,2025-02-16 00:00:00,2025,2,0.0
2,2025-02-18 00:00:00,2025,2,0.0
2,2025-02-25 00:00:00,2025,2,0.0
2,2025-02-28 00:00:00,2025,2,0.000207212
3,2025-02-14 00:00:00,2025,2,0.0
3,2025-02-24 00:00:00,2025,2,0.0
3,2025-02-28 00:00:00,2025,2,0.0
4,2025-02-08 00:00:00,2025,2,0.0
4,2025-02-10 00:00:00,2025,2,0.0
4,2025-02-14 00:00:00,2025,2,0.0
6,2025-02-09 00:00:00,2025,2,0.0
6,2025-02-13 00:00:00,2025,2,0.00135838
6,2025-02-17 00:00:00,2025,2,0.002596475
6,2025-02-20 00:00:00,2025,2,0.0
6,2025-02-25 00:00:00,2025,2,0.0
7,2025-02-02 00:00:00,2025,2,0.000346371
7,2025-02-20 00:00:00,2025,2,0.002195172
7,2025-02-26 00:00:00,2025,2,0.0
9,2025-02-14 00:00:00,2025,2,0.0
8,2025-02-05 00:00:00,2025,2,0.0
8,2025-02-07 00:00:00,2025,2,0.0
8,2025-02-08 00:00:00,2025,2,0.0
8,2025-02-13 00:00:00,2025,2,0.000237193
8,2025-02-18 00:00:00,2025,2,0.0
8,2025-02-27 00:00:00,2025,2,0.000774523
10,2025-02-05 00:00:00,2025,2,0.0
10,2025-02-18 00:00:00,2025,2,0.0
10,2025-02-23 00:00:00,2025,2,0.019484016
10,2025-02-24 00:00:00,2025,2,7.15e-05
10,2025-02-25 00:00:00,2025,2,0.0
11,2025-02-04 00:00:00,2025,2,0.0
11,2025-02-06 00:00:00,2025,2,0.0
11,2025-02-08 00:00:00,2025,2,0.02454471
11,2025-02-13 00:00:00,2025,2,0.0
11,2025-02-16 00:00:00,2025,2,0.0
12,2025-02-05 00:00:00,2025,2,0.0
12,2025-02-15 00:00:00,2025,2,0.0
12,2025-02-17 00:00:00,2025,2,0.0
12,2025-02-19 00:00:00,2025,2,0.0
12,2025-02-23 00:00:00,2025,2,0.070770505
12,2025-02-26 00:00:00,2025,2,0.000106835
12,2025-02-28 00:00:00,2025,2,0.0
13,2025-02-01 00:00:00,2025,2,0.195709846
13,2025-02-06 00:00:00,2025,2,0.0
13,2025-02-08 00:00:00,2025,2,0.0
13,2025-02-20 00:00:00,2025,2,0.0
13,2025-02-23 00:00:00,2025,2,0.001400011
13,2025-02-25 00:00:00,2025,2,0.048919218
5,2025-02-06 00:00:00,2025,2,0.0
5,2025-02-09 00:00:00,2025,2,0.000613328
5,2025-02-13 00:00:00,2025,2,0.0
5,2025-02-21 00:00:00,2025,2,0.0
5,2025-02-23 00:00:00,2025,2,0.0
5,2025-02-24 00:00:00,2025,2,0.002512075
5,2025-02-26 00:00:00,2025,2,4.15e-05
5,2025-02-27 00:00:00,2025,2,0.001471307
1,2025-03-04 00:00:00,2025,3,0.005991189
1,2025-03-10 00:00:00,2025,3,0.002043464
1,2025-03-22 00:00:00,2025,3,0.003322941
1,2025-03-27 00:00:00,2025,3,0.000164214
1,2025-03-31 00:00:00,2025,3,0.000686109
2,2025-03-03 00:00:00,2025,3,0.0
2,2025-03-08 00:00:00,2025,3,0.000101235
2,2025-03-10 00:00:00,2025,3,5.38e-06
2,2025-03-11 00:00:00,2025,3,0.0
2,2025-03-18 00:00:00,2025,3,5.61e-05
2,2025-03-28 00:00:00,2025,3,0.0
2,2025-03-29 00:00:00,2025,3,2.46e-05
2,2025-03-30 00:00:00,2025,3,0.0
3,2025-03-16 00:00:00,2025,3,0.0
3,2025-03-18 00:00:00,2025,3,0.0
3,2025-03-24 00:00:00,2025,3,0.098403799
3,2025-03-27 00:00:00,2025,3,0.100960436
4,2025-03-03 00:00:00,2025,3,0.0
4,2025-03-17 00:00:00,2025,3,0.0
4,2025-03-25 00:00:00,2025,3,0.043642008
4,2025-03-29 00:00:00,2025,3,0.000238843
6,2025-03-07 00:00:00,2025,3,0.04699106
6,2025-03-09 00:00:00,2025,3,0.0
6,2025-03-17 00:00:00,2025,3,0.0
6,2025-03-18 00:00:00,2025,3,0.0
6,2025-03-19 00:00:00,2025,3,0.0
6,2025-03-21 00:00:00,2025,3,0.0
7,2025-03-02 00:00:00,2025,3,0.0
7,2025-03-07 00:00:00,2025,3,0.0
7,2025-03-11 00:00:00,2025,3,0.001560367
7,2025-03-24 00:00:00,2025,3,0.005186049
9,2025-03-07 00:00:00,2025,3,0.0
9,2025-03-09 00:00:00,2025,3,0.0
9,2025-03-18 00:00:00,2025,3,0.0
9,2025-03-22 00:00:00,2025,3,3.27e-05
9,2025-03-23 00:00:00,2025,3,0.955964678
9,2025-03-27 00:00:00,2025,3,0.0
8,2025-03-04 00:00:00,2025,3,0.001924185
8,2025-03-06 00:00:00,2025,3,0.004348338
8,2025-03-07 00:00:00,2025,3,0.0
8,2025-03-12 00:00:00,2025,3,0.386992525
8,2025-03-17 00:00:00,2025,3,0.0
8,2025-03-18 00:00:00,2025,3,0.0
8,2025-03-22 00:00:00,2025,3,4.74e-05
8,2025-03-23 00:00:00,2025,3,0.133991141
8,2025-03-25 00:00:00,2025,3,0.0
8,2025-03-30 00:00:00,2025,3,0.001355415
8,2025-03-31 00:00:00,2025,3,0.0
10,2025-03-02 00:00:00,2025,3,0.0
10,2025-03-05 00:00:00,2025,3,0.001686964
10,2025-03-06 00:00:00,2025,3,0.09474486
10,2025-03-22 00:00:00,2025,3,9.46e-05
10,2025-03-23 00:00:00,2025,3,0.035941637
10,2025-03-27 00:00:00,2025,3,0.0
11,2025-03-08 00:00:00,2025,3,0.0
11,2025-03-17 00:00:00,2025,3,0.003905137
11,2025-03-19 00:00:00,2025,3,0.0
11,2025-03-25 00:00:00,2025,3,1.600488441
11,2025-03-26 00:00:00,2025,3,1.137804522
11,2025-03-27 00:00:00,2025,3,0.257181555
11,2025-03-28 00:00:00,2025,3,0.0
11,2025-03-31 00:00:00,2025,3,1.73e-05
12,2025-03-09 00:00:00,2025,3,0.0
12,2025-03-11 00:00:00,2025,3,0.0
12,2025-03-16 00:00:00,2025,3,0.222892045
12,2025-03-21 00:00:00,2025,3,0.0
12,2025-03-31 00:00:00,2025,3,0.000261525
13,2025-03-01 00:00:00,2025,3,0.0
5,2025-03-01 00:00:00,2025,3,0.012549709
5,2025-03-06 00:00:00,2025,3,0.00365099
5,2025-03-23 00:00:00,2025,3,0.576730733
5,2025-03-29 00:00:00,2025,3,0.000171117
1,2025-04-08 00:00:00,2025,4,5.12e-05
1,2025-04-19 00:00:00,2025,4,0.057134887
1,2025-04-20 00:00:00,2025,4,0.185338546
1,2025-04-27 00:00:00,2025,4,0.445331807
2,2025-04-01 00:00:00,2025,4,0.0
2,2025-04-02 00:00:00,2025,4,0.0
2,2025-04-07 00:00:00,2025,4,3.24e-05
2,2025-04-09 00:00:00,2025,4,0.138885557
2,2025-04-11 00:00:00,2025,4,0.894890508
2,2025-04-20 00:00:00,2025,4,0.013357669
2,2025-04-27 00:00:00,2025,4,0.006527733
3,2025-04-04 00:00:00,2025,4,2.44452987
3,2025-04-06 00:00:00,2025,4,8.837621299
3,2025-04-13 00:00:00,2025,4,1.127762669
3,2025-04-24 00:00:00,2025,4,0.035953746
4,2025-04-01 00:00:00,2025,4,0.000555964
4,2025-04-02 00:00:00,2025,4,0.008098792
4,2025-04-09 00:00:00,2025,4,0.006104527
4,2025-04-18 00:00:00,2025,4,0.0
4,2025-04-27 00:00:00,2025,4,0.021220279
4,2025-04-28 00:00:00,2025,4,0.003085502
6,2025-04-05 00:00:00,2025,4,0.243550105
6,2025-04-09 00:00:00,2025,4,0.034641272
6,2025-04-12 00:00:00,2025,4,0.34333053
6,2025-04-16 00:00:00,2025,4,3.610822262
6,2025-04-29 00:00:00,2025,4,0.0
7,2025-04-01 00:00:00,2025,4,0.0
7,2025-04-07 00:00:00,2025,4,0.036742951
7,2025-04-11 00:00:00,2025,4,0.642133547
7,2025-04-16 00:00:00,2025,4,0.056567215
7,2025-04-25 00:00:00,2025,4,2.408040794
7,2025-04-27 00:00:00,2025,4,1.080967363
7,2025-04-28 00:00:00,2025,4,6.564295633
7,2025-04-29 00:00:00,2025,4,0.183009152
9,2025-04-12 00:00:00,2025,4,0.200165531
9,2025-04-14 00:00:00,2025,4,4.256263046
9,2025-04-19 00:00:00,2025,4,0.14319878
9,2025-04-20 00:00:00,2025,4,0.058271439
9,2025-04-24 00:00:00,2025,4,0.0
9,2025-04-25 00:00:00,2025,4,0.0
9,2025-04-28 00:00:00,2025,4,0.399044402
8,2025-04-10 00:00:00,2025,4,0.0
8,2025-04-14 00:00:00,2025,4,0.538433196
8,2025-04-22 00:00:00,2025,4,0.0
8,2025-04-26 00:00:00,2025,4,0.0
8,2025-04-30 00:00:00,2025,4,4.11e-07
10,2025-04-01 00:00:00,2025,4,0.0
10,2025-04-04 00:00:00,2025,4,0.001119286
10,2025-04-06 00:00:00,2025,4,0.169285745
10,2025-04-10 00:00:00,2025,4,0.0
10,2025-04-16 00:00:00,2025,4,9.38624864
10,2025-04-17 00:00:00,2025,4,0.0
10,2025-04-22 00:00:00,2025,4,0.001150067
10,2025-04-27 00:00:00,2025,4,0.003132116
11,2025-04-03 00:00:00,2025,4,0.092176518
11,2025-04-10 00:00:00,2025,4,0.007104663
11,2025-04-11 00:00:00,2025,4,2.614449866
11,2025-04-13 00:00:00,2025,4,0.708269979
11,2025-04-19 00:00:00,2025,4,0.055683951
11,2025-04-20 00:00:00,2025,4,0.352115481
11,2025-04-21 00:00:00,2025,4,1.01135219
11,2025-04-29 00:00:00,2025,4,6.270747044
11,2025-04-30 00:00:00,2025,4,3.757079139
12,2025-04-07 00:00:00,2025,4,0.886922459
12,2025-04-10 00:00:00,2025,4,0.032955812
12,2025-04-27 00:00:00,2025,4,0.313568724
13,2025-04-08 00:00:00,2025,4,3.22312313
13,2025-04-11 00:00:00,2025,4,2.907160899
13,2025-04-12 00:00:00,2025,4,1.06255746
13,2025-04-20 00:00:00,2025,4,0.020807015
13,2025-04-27 00:00:00,2025,4,0.004660487
13,2025-04-30 00:00:00,2025,4,4.744150188
5,2025-04-04 00:00:00,2025,4,7.027784693
5,2025-04-09 00:00:00,2025,4,0.051745638
5,2025-04-14 00:00:00,2025,4,0.140440266
5,2025-04-20 00:00:00,2025,4,0.014781471
5,2025-04-28 00:00:00,2025,4,0.354088549
1,2025-05-04 00:00:00,2025,5,0.119739963
1,2025-05-06 00:00:00,2025,5,0.003354076
1,2025-05-07 00:00:00,2025,5,0.497407386
1,2025-05-10 00:00:00,2025,5,0.963536823
1,2025-05-16 00:00:00,2025,5,1.20820355
1,2025-05-28 00:00:00,2025,5,1.159341264
1,2025-05-30 00:00:00,2025,5,7.596770252
2,2025-05-04 00:00:00,2025,5,1.438686408
2,2025-05-07 00:00:00,2025,5,20.3468903
2,2025-05-09 00:00:00,2025,5,4.92633105
2,2025-05-30 00:00:00,2025,5,3.495042741
3,2025-05-05 00:00:00,2025,5,32.81630708
3,2025-05-06 00:00:00,2025,5,0.130681755
3,2025-05-16 00:00:00,2025,5,10.97519998
3,2025-05-20 00:00:00,2025,5,13.13647531
3,2025-05-25 00:00:00,2025,5,4.645316257
4,2025-05-05 00:00:00,2025,5,3.008958209
4,2025-05-06 00:00:00,2025,5,0.004130898
4,2025-05-08 00:00:00,2025,5,0.111904394
4,2025-05-20 00:00:00,2025,5,19.44794263
4,2025-05-21 00:00:00,2025,5,8.347939153
4,2025-05-23 00:00:00,2025,5,0.445469328
6,2025-05-04 00:00:00,2025,5,1.388681271
6,2025-05-22 00:00:00,2025,5,32.8350947
6,2025-05-23 00:00:00,2025,5,4.420988365
6,2025-05-26 00:00:00,2025,5,2.170259237
6,2025-05-27 00:00:00,2025,5,0.041022355
6,2025-05-30 00:00:00,2025,5,5.174593598
7,2025-05-01 00:00:00,2025,5,3.000042327
7,2025-05-04 00:00:00,2025,5,0.183132373
7,2025-05-15 00:00:00,2025,5,10.72858471
7,2025-05-19 00:00:00,2025,5,5.229471283
7,2025-05-21 00:00:00,2025,5,9.063992946
7,2025-05-22 00:00:00,2025,5,4.773554528
7,2025-05-26 00:00:00,2025,5,5.623238975
7,2025-05-27 00:00:00,2025,5,10.54279653
7,2025-05-28 00:00:00,2025,5,1.705866804
7,2025-05-31 00:00:00,2025,5,0.163020952
9,2025-05-17 00:00:00,2025,5,1.56394794
9,2025-05-19 00:00:00,2025,5,7.800915644
9,2025-05-21 00:00:00,2025,5,3.296669352
9,2025-05-24 00:00:00,2025,5,0.828265338
9,2025-05-26 00:00:00,2025,5,14.89596851
8,2025-05-01 00:00:00,2025,5,0.132909903
8,2025-05-05 00:00:00,2025,5,9.332479898
8,2025-05-06 00:00:00,2025,5,0.023464835
8,2025-05-16 00:00:00,2025,5,1.335907047
8,2025-05-18 00:00:00,2025,5,4.179240248
10,2025-05-04 00:00:00,2025,5,2.063431207
10,2025-05-05 00:00:00,2025,5,0.364035113
10,2025-05-24 00:00:00,2025,5,0.503536395
11,2025-05-02 00:00:00,2025,5,4.341574933
11,2025-05-06 00:00:00,2025,5,0.017167134
11,2025-05-19 00:00:00,2025,5,4.113738739
11,2025-05-20 00:00:00,2025,5,6.812375979
11,2025-05-25 00:00:00,2025,5,1.715477371
12,2025-05-02 00:00:00,2025,5,21.22013568
12,2025-05-10 00:00:00,2025,5,0.177453008
12,2025-05-23 00:00:00,2025,5,13.17047732
12,2025-05-25 00:00:00,2025,5,0.22303576
13,2025-05-01 00:00:00,2025,5,0.754373722
13,2025-05-03 00:00:00,2025,5,0.023962776
13,2025-05-06 00:00:00,2025,5,0.311819776
13,2025-05-07 00:00:00,2025,5,0.778445492
13,2025-05-18 00:00:00,2025,5,10.12766933
13,2025-05-28 00:00:00,2025,5,33.12916611
13,2025-05-29 00:00:00,2025,5,5.362349019
5,2025-05-05 00:00:00,2025,5,0.239302399
5,2025-05-07 00:00:00,2025,5,5.006674039
5,2025-05-15 00:00:00,2025,5,8.082941946
5,2025-05-25 00:00:00,2025,5,0.009906502
5,2025-05-27 00:00:00,2025,5,2.428182368
5,2025-05-29 00:00:00,2025,5,0.136472156
1,2025-06-03 00:00:00,2025,6,0.204765482
1,2025-06-13 00:00:00,2025,6,1.111116002
1,2025-06-09 00:00:00,2025,6,12.22301185
1,2025-06-16 00:00:00,2025,6,1.359113486
1,2025-06-18 00:00:00,2025,6,1.32760358
1,2025-06-20 00:00:00,2025,6,0.076531571
1,2025-06-23 00:00:00,2025,6,5.840909252
1,2025-06-24 00:00:00,2025,6,0.850701754
1,2025-06-28 00:00:00,2025,6,0.113348888
2,2025-06-03 00:00:00,2025,6,1.254869054
2,2025-06-06 00:00:00,2025,6,0.074579607
2,2025-06-10 00:00:00,2025,6,1.836669363
2,2025-06-22 00:00:00,2025,6,1.557649451
2,2025-06-27 00:00:00,2025,6,1.264286816
3,2025-06-03 00:00:00,2025,6,0.435580352
3,2025-06-05 00:00:00,2025,6,0.072097356
3,2025-06-07 00:00:00,2025,6,0.846993079
3,2025-06-14 00:00:00,2025,6,3.493971938
3,2025-06-16 00:00:00,2025,6,1.841053713
3,2025-06-19 00:00:00,2025,6,0.198666659
3,2025-06-23 00:00:00,2025,6,7.891039426
3,2025-06-29 00:00:00,2025,6,5.12620144
4,2025-06-01 00:00:00,2025,6,0.282169309
4,2025-06-04 00:00:00,2025,6,0.010267799
4,2025-06-08 00:00:00,2025,6,1.85165985
4,2025-06-10 00:00:00,2025,6,0.007647267
4,2025-06-09 00:00:00,2025,6,1.574651289
4,2025-06-14 00:00:00,2025,6,0.799191914
4,2025-06-15 00:00:00,2025,6,1.366350248
4,2025-06-17 00:00:00,2025,6,0.362198181
4,2025-06-24 00:00:00,2025,6,5.904118061
4,2025-06-25 00:00:00,2025,6,9.528319308
4,2025-06-27 00:00:00,2025,6,6.457512732
4,2025-06-28 00:00:00,2025,6,0.146912012
6,2025-06-07 00:00:00,2025,6,4.482961852
6,2025-06-15 00:00:00,2025,6,3.564037103
6,2025-06-18 00:00:00,2025,6,0.141923981
6,2025-06-20 00:00:00,2025,6,0.16602061
6,2025-06-24 00:00:00,2025,6,7.609417164
6,2025-06-25 00:00:00,2025,6,9.799994327
6,2025-06-28 00:00:00,2025,6,0.317025986
7,2025-06-02 00:00:00,2025,6,0.042133698
7,2025-06-12 00:00:00,2025,6,21.75834274
7,2025-06-21 00:00:00,2025,6,3.803955112
7,2025-06-26 00:00:00,2025,6,2.084198862
9,2025-06-01 00:00:00,2025,6,0.136296808
9,2025-06-12 00:00:00,2025,6,6.66372006
9,2025-06-14 00:00:00,2025,6,0.506247336
9,2025-06-16 00:00:00,2025,6,3.744910672
9,2025-06-19 00:00:00,2025,6,0.192454336
9,2025-06-26 00:00:00,2025,6,3.962139977
9,2025-06-30 00:00:00,2025,6,4.282664343
8,2025-06-05 00:00:00,2025,6,0.061247016
8,2025-06-08 00:00:00,2025,6,0.702768396
8,2025-06-16 00:00:00,2025,6,3.249024194
8,2025-06-17 00:00:00,2025,6,0.014282489
10,2025-06-05 00:00:00,2025,6,3.356171536
10,2025-06-07 00:00:00,2025,6,1.074436572
10,2025-06-12 00:00:00,2025,6,5.955832784
10,2025-06-13 00:00:00,2025,6,1.891252285
10,2025-06-15 00:00:00,2025,6,9.872452455
10,2025-06-21 00:00:00,2025,6,0.022440358
10,2025-06-26 00:00:00,2025,6,4.936374327
10,2025-06-29 00:00:00,2025,6,2.244805693
10,2025-06-30 00:00:00,2025,6,4.026873833
11,2025-06-15 00:00:00,2025,6,8.576343542
11,2025-06-17 00:00:00,2025,6,3.931167438
11,2025-06-19 00:00:00,2025,6,0.654151075
11,2025-06-22 00:00:00,2025,6,2.373640338
11,2025-06-23 00:00:00,2025,6,6.597618942
11,2025-06-28 00:00:00,2025,6,1.109967431
12,2025-06-11 00:00:00,2025,6,13.8501614
12,2025-06-14 00:00:00,2025,6,1.399436785
13,2025-06-05 00:00:00,2025,6,0.015336872
13,2025-06-06 00:00:00,2025,6,0.008542112
13,2025-06-15 00:00:00,2025,6,10.72713607
13,2025-06-16 00:00:00,2025,6,0.570122149
13,2025-06-21 00:00:00,2025,6,6.896809539
13,2025-06-24 00:00:00,2025,6,6.553817866
13,2025-06-27 00:00:00,2025,6,15.93619195
13,2025-06-30 00:00:00,2025,6,15.84011026
5,2025-06-01 00:00:00,2025,6,0.282352035
5,2025-06-03 00:00:00,2025,6,0.330108931
5,2025-06-05 00:00:00,2025,6,0.00529997
5,2025-06-08 00:00:00,2025,6,0.653890972
5,2025-06-19 00:00:00,2025,6,0.477310336
5,2025-06-30 00:00:00,2025,6,0.524527956
1,2025-01-06 00:00:00,2025,1,7.93e-05
1,2025-01-09 00:00:00,2025,1,0.0
1,2025-01-13 00:00:00,2025,1,2.85e-05
1,2025-01-16 00:00:00,2025,1,0.009550937
1,2025-01-12 00:00:00,2025,1,0.000222657
1,2025-01-19 00:00:00,2025,1,0.026514449
1,2025-01-23 00:00:00,2025,1,0.000426987
1,2025-01-24 00:00:00,2025,1,0.002571262
1,2025-02-01 00:00:00,2025,2,0.000366179
1,2025-02-02 00:00:00,2025,2,0.001414833
1,2025-02-10 00:00:00,2025,2,0.000347333
1,2025-02-16 00:00:00,2025,2,0.0
1,2025-02-18 00:00:00,2025,2,0.0
1,2025-02-21 00:00:00,2025,2,0.0
1,2025-02-26 00:00:00,2025,2,0.002183725
1,2025-03-04 00:00:00,2025,3,0.005991189
1,2025-03-05 00:00:00,2025,3,0.004812275
1,2025-03-06 00:00:00,2025,3,0.000754101
1,2025-03-08 00:00:00,2025,3,0.000473418
1,2025-03-12 00:00:00,2025,3,0.0
1,2025-03-14 00:00:00,2025,3,0.0
1,2025-03-18 00:00:00,2025,3,3.4e-05
1,2025-03-25 00:00:00,2025,3,0.0
1,2025-04-03 00:00:00,2025,4,0.213197539
1,2025-04-06 00:00:00,2025,4,0.132356647
1,2025-04-08 00:00:00,2025,4,5.12e-05
1,2025-04-14 00:00:00,2025,4,0.136012441
1,2025-04-15 00:00:00,2025,4,1.331706428
1,2025-04-23 00:00:00,2025,4,0.0
1,2025-04-24 00:00:00,2025,4,0.0
1,2025-04-25 00:00:00,2025,4,5.967835798
1,2025-04-30 00:00:00,2025,4,0.015179676
1,2025-05-01 00:00:00,2025,5,3.044418572
1,2025-05-02 00:00:00,2025,5,0.589501263
1,2025-05-07 00:00:00,2025,5,0.497407386
1,2025-05-20 00:00:00,2025,5,2.313194885
1,2025-05-21 00:00:00,2025,5,9.098412105
1,2025-05-31 00:00:00,2025,5,0.019093455
1,2025-06-01 00:00:00,2025,6,0.122337451
1,2025-06-03 00:00:00,2025,6,0.204765482
1,2025-06-06 00:00:00,2025,6,0.244936208
1,2025-06-07 00:00:00,2025,6,1.179144022
1,2025-06-16 00:00:00,2025,6,1.359113486
1,2025-06-25 00:00:00,2025,6,0.390893891
1,2025-06-27 00:00:00,2025,6,0.394102008
2,2025-01-01 00:00:00,2025,1,0.0
2,2025-01-06 00:00:00,2025,1,0.0
2,2025-01-10 00:00:00,2025,1,0.0
2,2025-01-12 00:00:00,2025,1,6.8e-06
2,2025-01-17 00:00:00,2025,1,0.0
2,2025-01-22 00:00:00,2025,1,0.0
2,2025-02-01 00:00:00,2025,2,0.0
2,2025-02-08 00:00:00,2025,2,0.0
2,2025-02-10 00:00:00,2025,2,0.0
2,2025-02-15 00:00:00,2025,2,0.0
2,2025-02-20 00:00:00,2025,2,0.0
2,2025-02-22 00:00:00,2025,2,7.66e-05
2,2025-02-23 00:00:00,2025,2,0.0
2,2025-03-02 00:00:00,2025,3,0.0
2,2025-03-04 00:00:00,2025,3,0.001993151
2,2025-03-12 00:00:00,2025,3,1.244840068
2,2025-04-08 00:00:00,2025,4,0.0
2,2025-04-09 00:00:00,2025,4,0.138885557
2,2025-04-13 00:00:00,2025,4,0.042435967
2,2025-04-15 00:00:00,2025,4,2.25460965
2,2025-04-20 00:00:00,2025,4,0.013357669
2,2025-04-21 00:00:00,2025,4,0.234625524
2,2025-04-23 00:00:00,2025,4,0.000955473
2,2025-04-29 00:00:00,2025,4,0.0
2,2025-04-30 00:00:00,2025,4,0.0
2,2025-05-02 00:00:00,2025,5,2.493480434
2,2025-05-15 00:00:00,2025,5,6.17482194
2,2025-05-17 00:00:00,2025,5,9.279513893
2,2025-05-30 00:00:00,2025,5,3.495042741
2,2025-06-05 00:00:00,2025,6,0.101217493
2,2025-06-06 00:00:00,2025,6,0.074579607
2,2025-06-08 00:00:00,2025,6,1.212601546
2,2025-06-09 00:00:00,2025,6,0.973146167
2,2025-06-12 00:00:00,2025,6,0.337292657
2,2025-06-17 00:00:00,2025,6,0.047408442
2,2025-06-18 00:00:00,2025,6,0.324441983
2,2025-06-19 00:00:00,2025,6,0.247788731
2,2025-06-26 00:00:00,2025,6,1.930016727
2,2025-06-30 00:00:00,2025,6,0.352736759
3,2025-01-03 00:00:00,2025,1,1.1e-06
3,2025-01-04 00:00:00,2025,1,0.0
3,2025-01-10 00:00:00,2025,1,0.000117586
3,2025-01-11 00:00:00,2025,1,0.0
3,2025-01-17 00:00:00,2025,1,0.0
3,2025-01-21 00:00:00,2025,1,0.0
3,2025-01-30 00:00:00,2025,1,0.0
3,2025-02-02 00:00:00,2025,2,0.0
3,2025-02-05 00:00:00,2025,2,0.0
3,2025-02-06 00:00:00,2025,2,0.0
3,2025-02-07 00:00:00,2025,2,0.0
3,2025-02-18 00:00:00,2025,2,0.0
3,2025-02-19 00:00:00,2025,2,0.0
3,2025-02-21 00:00:00,2025,2,0.0
3,2025-02-24 00:00:00,2025,2,0.0
3,2025-02-25 00:00:00,2025,2,1.56e-05
3,2025-02-26 00:00:00,2025,2,0.0
3,2025-03-04 00:00:00,2025,3,0.0
3,2025-03-05 00:00:00,2025,3,0.702207381
3,2025-03-09 00:00:00,2025,3,0.000184779
3,2025-03-13 00:00:00,2025,3,0.0
3,2025-03-14 00:00:00,2025,3,0.0
3,2025-03-18 00:00:00,2025,3,0.0
3,2025-03-19 00:00:00,2025,3,0.0
3,2025-03-23 00:00:00,2025,3,0.640109053
3,2025-04-01 00:00:00,2025,4,0.08806315
3,2025-04-06 00:00:00,2025,4,8.837621299
3,2025-04-25 00:00:00,2025,4,0.008922895
3,2025-05-06 00:00:00,2025,5,0.130681755
3,2025-05-15 00:00:00,2025,5,2.222726956
3,2025-05-25 00:00:00,2025,5,4.645316257
3,2025-05-27 00:00:00,2025,5,6.761994317
3,2025-05-30 00:00:00,2025,5,8.746888797
4,2025-01-03 00:00:00,2025,1,0.004900416
4,2025-01-13 00:00:00,2025,1,0.0
4,2025-01-14 00:00:00,2025,1,0.0
4,2025-01-15 00:00:00,2025,1,0.0
4,2025-01-12 00:00:00,2025,1,0.000107206
4,2025-01-24 00:00:00,2025,1,0.018406926
4,2025-01-27 00:00:00,2025,1,0.000203762
4,2025-02-07 00:00:00,2025,2,0.0
4,2025-02-10 00:00:00,2025,2,0.0
4,2025-02-13 00:00:00,2025,2,3.81e-07
4,2025-02-14 00:00:00,2025,2,0.0
4,2025-02-15 00:00:00,2025,2,0.0
4,2025-02-16 00:00:00,2025,2,0.0
4,2025-03-02 00:00:00,2025,3,0.0
4,2025-03-07 00:00:00,2025,3,0.0
4,2025-03-12 00:00:00,2025,3,0.0
4,2025-03-14 00:00:00,2025,3,0.0
4,2025-03-18 00:00:00,2025,3,0.0
4,2025-03-24 00:00:00,2025,3,0.056982334
4,2025-03-26 00:00:00,2025,3,0.0
4,2025-03-29 00:00:00,2025,3,0.000238843
4,2025-03-30 00:00:00,2025,3,0.0
4,2025-04-07 00:00:00,2025,4,0.434971854
4,2025-04-29 00:00:00,2025,4,5.27e-05
4,2025-05-05 00:00:00,2025,5,3.008958209
4,2025-05-09 00:00:00,2025,5,5.855529196
4,2025-05-16 00:00:00,2025,5,29.23401656
4,2025-05-25 00:00:00,2025,5,26.37131514
4,2025-05-28 00:00:00,2025,5,9.381657983
4,2025-05-30 00:00:00,2025,5,4.855930929
4,2025-06-05 00:00:00,2025,6,0.016601577
10,2025-03-22 00:00:00,2025,3,9.46e-05
10,2025-04-05 00:00:00,2025,4,0.024567743
10,2025-04-11 00:00:00,2025,4,0.878261833
10,2025-04-12 00:00:00,2025,4,0.139950441
10,2025-04-21 00:00:00,2025,4,0.046025419
10,2025-05-08 00:00:00,2025,5,0.296512014
10,2025-05-15 00:00:00,2025,5,11.73331627
10,2025-05-20 00:00:00,2025,5,2.018999561
10,2025-05-21 00:00:00,2025,5,5.107719974
10,2025-05-28 00:00:00,2025,5,34.77623484
10,2025-05-31 00:00:00,2025,5,2.056843152
10,2025-06-07 00:00:00,2025,6,1.074436572
10,2025-06-10 00:00:00,2025,6,10.10940376
10,2025-06-12 00:00:00,2025,6,5.955832784
10,2025-06-13 00:00:00,2025,6,1.891252285
10,2025-06-14 00:00:00,2025,6,0.485695426
10,2025-06-16 00:00:00,2025,6,2.675952075
10,2025-06-19 00:00:00,2025,6,0.226395525
10,2025-06-23 00:00:00,2025,6,1.609656794
10,2025-06-15 00:00:00,2025,6,9.872452455
10,2025-06-30 00:00:00,2025,6,4.026873833
11,2025-01-01 00:00:00,2025,1,0.000292015
11,2025-01-07 00:00:00,2025,1,0.0
11,2025-01-13 00:00:00,2025,1,0.006484262
11,2025-01-12 00:00:00,2025,1,0.0
11,2025-02-14 00:00:00,2025,2,0.0
11,2025-02-22 00:00:00,2025,2,0.19585706
11,2025-03-09 00:00:00,2025,3,0.0
11,2025-03-10 00:00:00,2025,3,0.0
11,2025-03-11 00:00:00,2025,3,0.0
11,2025-03-14 00:00:00,2025,3,0.0
11,2025-03-26 00:00:00,2025,3,1.137804522
11,2025-04-08 00:00:00,2025,4,0.346459187
11,2025-04-09 00:00:00,2025,4,0.336330379
11,2025-04-11 00:00:00,2025,4,2.614449866
11,2025-04-16 00:00:00,2025,4,8.875994447
11,2025-04-29 00:00:00,2025,4,6.270747044
11,2025-05-01 00:00:00,2025,5,11.42503243
11,2025-05-06 00:00:00,2025,5,0.017167134
11,2025-05-09 00:00:00,2025,5,1.86460547
11,2025-05-15 00:00:00,2025,5,7.104270206
11,2025-05-24 00:00:00,2025,5,1.330356169
11,2025-06-23 00:00:00,2025,6,6.597618942
11,2025-06-27 00:00:00,2025,6,7.20828784
11,2025-06-28 00:00:00,2025,6,1.109967431
12,2025-01-08 00:00:00,2025,1,0.0
12,2025-01-10 00:00:00,2025,1,0.0
12,2025-01-14 00:00:00,2025,1,0.0
12,2025-01-12 00:00:00,2025,1,1.92e-05
12,2025-01-17 00:00:00,2025,1,1.16e-05
12,2025-01-19 00:00:00,2025,1,0.0
12,2025-01-25 00:00:00,2025,1,0.0
12,2025-02-14 00:00:00,2025,2,0.0
12,2025-02-16 00:00:00,2025,2,0.0
12,2025-02-24 00:00:00,2025,2,0.0
12,2025-03-01 00:00:00,2025,3,0.0
12,2025-03-07 00:00:00,2025,3,0.0
12,2025-03-15 00:00:00,2025,3,0.0
12,2025-03-16 00:00:00,2025,3,0.222892045
12,2025-03-17 00:00:00,2025,3,1.37e-05
12,2025-03-23 00:00:00,2025,3,0.299029319
12,2025-03-26 00:00:00,2025,3,0.67422283
12,2025-04-02 00:00:00,2025,4,0.0
12,2025-04-03 00:00:00,2025,4,0.000427666
12,2025-04-04 00:00:00,2025,4,0.251348666
12,2025-04-10 00:00:00,2025,4,0.032955812
12,2025-04-12 00:00:00,2025,4,0.499382502
12,2025-04-18 00:00:00,2025,4,0.008449527
12,2025-04-24 00:00:00,2025,4,0.13658013
12,2025-04-27 00:00:00,2025,4,0.313568724
12,2025-05-06 00:00:00,2025,5,0.004969266
12,2025-05-08 00:00:00,2025,5,2.854171598
12,2025-05-22 00:00:00,2025,5,7.152676125
12,2025-05-28 00:00:00,2025,5,32.14264354
12,2025-05-31 00:00:00,2025,5,3.244016138
12,2025-06-04 00:00:00,2025,6,1.261130306
12,2025-06-05 00:00:00,2025,6,5.510050824
12,2025-06-06 00:00:00,2025,6,2.086830427
12,2025-06-12 00:00:00,2025,6,17.298397
12,2025-06-16 00:00:00,2025,6,4.778080708
12,2025-06-20 00:00:00,2025,6,1.57768192
12,2025-06-26 00:00:00,2025,6,6.640604628
12,2025-06-28 00:00:00,2025,6,0.292183213
12,2025-06-29 00:00:00,2025,6,10.39682136
12,2025-06-30 00:00:00,2025,6,7.255637972
13,2025-01-02 00:00:00,2025,1,0.000193334
13,2025-01-08 00:00:00,2025,1,0.0
13,2025-01-22 00:00:00,2025,1,0.0
13,2025-01-24 00:00:00,2025,1,5.21e-05
13,2025-01-25 00:00:00,2025,1,0.0
13,2025-02-01 00:00:00,2025,2,0.195709846
13,2025-02-07 00:00:00,2025,2,0.0
13,2025-02-15 00:00:00,2025,2,0.0
13,2025-02-16 00:00:00,2025,2,0.0
13,2025-02-25 00:00:00,2025,2,0.048919218
13,2025-03-06 00:00:00,2025,3,0.182784187
13,2025-03-08 00:00:00,2025,3,0.0
13,2025-03-11 00:00:00,2025,3,0.0
13,2025-03-23 00:00:00,2025,3,0.007417513
13,2025-03-27 00:00:00,2025,3,0.000448705
13,2025-04-01 00:00:00,2025,4,0.000204395
13,2025-04-08 00:00:00,2025,4,3.22312313
13,2025-05-01 00:00:00,2025,5,0.754373722
13,2025-05-09 00:00:00,2025,5,0.990460721
13,2025-05-03 00:00:00,2025,5,0.023962776
13,2025-05-18 00:00:00,2025,5,10.12766933
13,2025-06-03 00:00:00,2025,6,0.451384343
13,2025-06-05 00:00:00,2025,6,0.015336872
13,2025-06-27 00:00:00,2025,6,15.93619195
5,2025-01-10 00:00:00,2025,1,0.0
5,2025-01-13 00:00:00,2025,1,0.008025143
5,2025-01-18 00:00:00,2025,1,0.0
5,2025-01-20 00:00:00,2025,1,0.071363415
5,2025-01-22 00:00:00,2025,1,0.0
5,2025-01-25 00:00:00,2025,1,0.001742466
5,2025-02-10 00:00:00,2025,2,0.006338374
5,2025-02-14 00:00:00,2025,2,0.0
5,2025-02-18 00:00:00,2025,2,0.0
5,2025-02-21 00:00:00,2025,2,0.0
5,2025-02-23 00:00:00,2025,2,0.0
5,2025-02-24 00:00:00,2025,2,0.002512075
5,2025-03-02 00:00:00,2025,3,0.0
5,2025-03-04 00:00:00,2025,3,0.0003416
5,2025-03-07 00:00:00,2025,3,0.0
5,2025-03-08 00:00:00,2025,3,0.000689416
5,2025-03-17 00:00:00,2025,3,0.0
5,2025-03-27 00:00:00,2025,3,0.0
5,2025-03-30 00:00:00,2025,3,0.002095157
5,2025-04-01 00:00:00,2025,4,0.000165853
5,2025-04-12 00:00:00,2025,4,0.682789585
5,2025-04-13 00:00:00,2025,4,0.015963917
5,2025-04-14 00:00:00,2025,4,0.140440266
5,2025-04-16 00:00:00,2025,4,2.544551437
5,2025-04-24 00:00:00,2025,4,0.0
5,2025-04-26 00:00:00,2025,4,0.000281962
5,2025-05-04 00:00:00,2025,5,0.031331489
5,2025-05-06 00:00:00,2025,5,0.025719851
5,2025-05-03 00:00:00,2025,5,4.928299471
5,2025-05-24 00:00:00,2025,5,0.299494318
5,2025-05-26 00:00:00,2025,5,8.534441886
5,2025-06-01 00:00:00,2025,6,0.282352035
5,2025-06-05 00:00:00,2025,6,0.00529997
5,2025-06-12 00:00:00,2025,6,3.14044092
5,2025-06-13 00:00:00,2025,6,3.149302696
5,2025-06-16 00:00:00,2025,6,2.296539526
5,2025-06-17 00:00:00,2025,6,0.03466877
5,2025-06-18 00:00:00,2025,6,0.736373661
4,2025-06-11 00:00:00,2025,6,8.194456154
4,2025-06-13 00:00:00,2025,6,5.332405464
4,2025-06-18 00:00:00,2025,6,0.09343024
4,2025-06-22 00:00:00,2025,6,1.646719602
4,2025-06-23 00:00:00,2025,6,0.967913454
4,2025-06-25 00:00:00,2025,6,9.528319308
4,2025-06-27 00:00:00,2025,6,6.457512732
6,2025-01-06 00:00:00,2025,1,0.000514378
6,2025-01-07 00:00:00,2025,1,0.006256344
6,2025-01-11 00:00:00,2025,1,0.0
6,2025-01-13 00:00:00,2025,1,7.07e-05
6,2025-01-21 00:00:00,2025,1,0.001937665
6,2025-01-22 00:00:00,2025,1,0.0
6,2025-01-24 00:00:00,2025,1,0.008453548
6,2025-01-27 00:00:00,2025,1,0.0
6,2025-01-28 00:00:00,2025,1,0.0
6,2025-02-02 00:00:00,2025,2,0.0
6,2025-02-05 00:00:00,2025,2,0.0
6,2025-02-23 00:00:00,2025,2,0.000479991
6,2025-03-06 00:00:00,2025,3,0.037171516
6,2025-03-08 00:00:00,2025,3,0.000202253
6,2025-03-10 00:00:00,2025,3,0.0
6,2025-03-16 00:00:00,2025,3,0.0
6,2025-03-25 00:00:00,2025,3,0.008394138
6,2025-04-03 00:00:00,2025,4,0.0
6,2025-04-04 00:00:00,2025,4,5.500234648
6,2025-04-06 00:00:00,2025,4,0.348337898
6,2025-04-12 00:00:00,2025,4,0.34333053
6,2025-04-13 00:00:00,2025,4,0.718884792
6,2025-04-15 00:00:00,2025,4,0.002719472
6,2025-04-16 00:00:00,2025,4,3.610822262
6,2025-04-17 00:00:00,2025,4,0.004113498
6,2025-04-23 00:00:00,2025,4,2.14e-06
6,2025-04-26 00:00:00,2025,4,0.001458488
6,2025-04-29 00:00:00,2025,4,0.0
6,2025-05-08 00:00:00,2025,5,0.672299888
6,2025-05-15 00:00:00,2025,5,2.754699697
6,2025-05-16 00:00:00,2025,5,22.2725241
6,2025-05-21 00:00:00,2025,5,8.510412252
6,2025-05-23 00:00:00,2025,5,4.420988365
6,2025-05-24 00:00:00,2025,5,9.17670011
6,2025-05-25 00:00:00,2025,5,7.788749931
6,2025-05-27 00:00:00,2025,5,0.041022355
6,2025-06-02 00:00:00,2025,6,0.005687221
6,2025-06-06 00:00:00,2025,6,0.061128306
6,2025-06-07 00:00:00,2025,6,4.482961852
6,2025-06-09 00:00:00,2025,6,0.718845318
6,2025-06-11 00:00:00,2025,6,31.58054763
6,2025-06-15 00:00:00,2025,6,3.564037103
6,2025-06-23 00:00:00,2025,6,5.878000411
6,2025-06-25 00:00:00,2025,6,9.799994327
7,2025-01-04 00:00:00,2025,1,0.0
7,2025-01-07 00:00:00,2025,1,0.008612148
7,2025-01-22 00:00:00,2025,1,0.0
7,2025-01-29 00:00:00,2025,1,0.0096281
7,2025-02-02 00:00:00,2025,2,0.000346371
7,2025-02-16 00:00:00,2025,2,0.0
7,2025-02-25 00:00:00,2025,2,0.0
7,2025-02-27 00:00:00,2025,2,8.31e-06
7,2025-03-15 00:00:00,2025,3,0.0
7,2025-03-22 00:00:00,2025,3,0.079370904
7,2025-03-23 00:00:00,2025,3,5.501583938
7,2025-04-01 00:00:00,2025,4,0.0
7,2025-04-02 00:00:00,2025,4,0.000409606
7,2025-04-19 00:00:00,2025,4,0.111924306
7,2025-04-28 00:00:00,2025,4,6.564295633
7,2025-05-01 00:00:00,2025,5,3.000042327
7,2025-05-10 00:00:00,2025,5,0.000629877
7,2025-05-21 00:00:00,2025,5,9.063992946
7,2025-05-30 00:00:00,2025,5,4.384989558
7,2025-06-09 00:00:00,2025,6,7.66990325
7,2025-06-27 00:00:00,2025,6,0.219492543
9,2025-01-05 00:00:00,2025,1,3.25e-05
9,2025-01-21 00:00:00,2025,1,0.0
9,2025-01-22 00:00:00,2025,1,0.0
9,2025-01-26 00:00:00,2025,1,0.006190098
9,2025-01-31 00:00:00,2025,1,0.0
9,2025-02-10 00:00:00,2025,2,0.0
9,2025-02-16 00:00:00,2025,2,0.0
9,2025-02-21 00:00:00,2025,2,0.0
9,2025-02-25 00:00:00,2025,2,0.0
9,2025-02-27 00:00:00,2025,2,0.0
9,2025-03-04 00:00:00,2025,3,0.0
9,2025-03-08 00:00:00,2025,3,0.0
9,2025-03-11 00:00:00,2025,3,0.0
9,2025-03-12 00:00:00,2025,3,0.0
9,2025-03-15 00:00:00,2025,3,0.0
9,2025-03-23 00:00:00,2025,3,0.955964678
9,2025-03-28 00:00:00,2025,3,0.0
9,2025-04-03 00:00:00,2025,4,0.000305168
9,2025-04-06 00:00:00,2025,4,0.025036497
9,2025-04-09 00:00:00,2025,4,0.003102286
9,2025-04-10 00:00:00,2025,4,0.0
9,2025-04-12 00:00:00,2025,4,0.200165531
9,2025-04-13 00:00:00,2025,4,0.03372825
9,2025-04-14 00:00:00,2025,4,4.256263046
9,2025-04-16 00:00:00,2025,4,7.7176528
9,2025-04-23 00:00:00,2025,4,0.0
9,2025-04-24 00:00:00,2025,4,0.0
9,2025-04-30 00:00:00,2025,4,0.031907363
9,2025-05-01 00:00:00,2025,5,1.926402819
9,2025-05-19 00:00:00,2025,5,7.800915644
9,2025-05-28 00:00:00,2025,5,3.40825437
9,2025-06-09 00:00:00,2025,6,3.540275606
9,2025-06-14 00:00:00,2025,6,0.506247336
9,2025-06-18 00:00:00,2025,6,0.169294342
9,2025-06-20 00:00:00,2025,6,0.262654733
9,2025-06-28 00:00:00,2025,6,0.111284379
8,2025-01-10 00:00:00,2025,1,0.000289812
8,2025-01-16 00:00:00,2025,1,0.089969424
8,2025-01-19 00:00:00,2025,1,1.439722882
8,2025-01-20 00:00:00,2025,1,0.094468614
8,2025-01-24 00:00:00,2025,1,0.000550803
8,2025-01-25 00:00:00,2025,1,0.0
8,2025-01-26 00:00:00,2025,1,0.017852749
8,2025-01-30 00:00:00,2025,1,0.0
8,2025-02-01 00:00:00,2025,2,0.0
8,2025-02-04 00:00:00,2025,2,0.0
8,2025-02-05 00:00:00,2025,2,0.0
8,2025-02-15 00:00:00,2025,2,0.0
8,2025-02-16 00:00:00,2025,2,0.0
8,2025-02-21 00:00:00,2025,2,0.0
8,2025-03-06 00:00:00,2025,3,0.004348338
8,2025-03-09 00:00:00,2025,3,0.0
8,2025-03-13 00:00:00,2025,3,0.0
8,2025-03-24 00:00:00,2025,3,0.002310062
8,2025-03-30 00:00:00,2025,3,0.001355415
8,2025-04-01 00:00:00,2025,4,0.0
8,2025-04-04 00:00:00,2025,4,1.558350206
8,2025-04-07 00:00:00,2025,4,0.000721642
8,2025-04-11 00:00:00,2025,4,0.220836528
8,2025-04-21 00:00:00,2025,4,0.0
8,2025-04-26 00:00:00,2025,4,0.0
8,2025-04-29 00:00:00,2025,4,0.0
8,2025-04-30 00:00:00,2025,4,4.11e-07
8,2025-05-08 00:00:00,2025,5,0.745592223
8,2025-05-10 00:00:00,2025,5,0.041505258
8,2025-05-16 00:00:00,2025,5,1.335907047
8,2025-05-17 00:00:00,2025,5,1.285719477
8,2025-05-26 00:00:00,2025,5,12.74628915
8,2025-05-29 00:00:00,2025,5,0.006568966
8,2025-06-01 00:00:00,2025,6,0.329501364
8,2025-06-07 00:00:00,2025,6,1.231478478
8,2025-06-09 00:00:00,2025,6,2.30785956
8,2025-06-18 00:00:00,2025,6,0.893645167
8,2025-06-15 00:00:00,2025,6,1.282748334
8,2025-06-26 00:00:00,2025,6,5.19930115
8,2025-06-27 00:00:00,2025,6,1.81108911
8,2025-06-29 00:00:00,2025,6,0.367078539
8,2025-06-30 00:00:00,2025,6,1.633507448
10,2025-01-05 00:00:00,2025,1,0.000652684
10,2025-01-11 00:00:00,2025,1,0.0
10,2025-01-16 00:00:00,2025,1,0.0
10,2025-01-18 00:00:00,2025,1,4.59e-07
10,2025-01-25 00:00:00,2025,1,0.00303587
10,2025-02-01 00:00:00,2025,2,0.0
10,2025-02-13 00:00:00,2025,2,0.0
10,2025-02-23 00:00:00,2025,2,0.019484016
10,2025-02-24 00:00:00,2025,2,7.15e-05
10,2025-02-27 00:00:00,2025,2,0.0
10,2025-03-07 00:00:00,2025,3,0.0
10,2025-03-10 00:00:00,2025,3,0.0
10,2025-03-13 00:00:00,2025,3,0.0
1,2025-01-04 00:00:00,2025,1,0.0
1,2025-01-05 00:00:00,2025,1,0.000223812
1,2025-01-08 00:00:00,2025,1,0.0
1,2025-01-27 00:00:00,2025,1,0.000599142
2,2025-01-01 00:00:00,2025,1,0.0
2,2025-01-06 00:00:00,2025,1,0.0
2,2025-01-14 00:00:00,2025,1,3.198436212
2,2025-01-17 00:00:00,2025,1,0.0
2,2025-01-19 00:00:00,2025,1,5.368560819
2,2025-01-20 00:00:00,2025,1,6.079743707
2,2025-01-24 00:00:00,2025,1,6.15e-05
2,2025-01-29 00:00:00,2025,1,8.08e-06
3,2025-01-02 00:00:00,2025,1,0.000161
3,2025-01-07 00:00:00,2025,1,0.000108266
3,2025-01-09 00:00:00,2025,1,0.0
3,2025-01-14 00:00:00,2025,1,0.0
3,2025-01-17 00:00:00,2025,1,0.0
3,2025-01-22 00:00:00,2025,1,0.0
3,2025-01-23 00:00:00,2025,1,0.0
3,2025-01-24 00:00:00,2025,1,0.0
3,2025-01-26 00:00:00,2025,1,1.31e-06
3,2025-01-25 00:00:00,2025,1,0.0
3,2025-01-28 00:00:00,2025,1,0.0
4,2025-01-01 00:00:00,2025,1,0.000145564
4,2025-01-06 00:00:00,2025,1,0.004981303
4,2025-01-09 00:00:00,2025,1,0.0
4,2025-01-19 00:00:00,2025,1,0.033745482
4,2025-01-22 00:00:00,2025,1,0.0
4,2025-01-23 00:00:00,2025,1,8.76e-05
4,2025-01-30 00:00:00,2025,1,0.0
6,2025-01-05 00:00:00,2025,1,0.014457404
6,2025-01-13 00:00:00,2025,1,7.07e-05
6,2025-01-17 00:00:00,2025,1,0.0
6,2025-01-18 00:00:00,2025,1,0.000142768
6,2025-01-19 00:00:00,2025,1,1.6e-05
6,2025-01-20 00:00:00,2025,1,0.0
6,2025-01-21 00:00:00,2025,1,0.001937665
6,2025-01-23 00:00:00,2025,1,0.000662021
7,2025-01-02 00:00:00,2025,1,0.002961627
7,2025-01-06 00:00:00,2025,1,0.000910678
7,2025-01-18 00:00:00,2025,1,0.0
7,2025-01-19 00:00:00,2025,1,0.008524722
7,2025-01-26 00:00:00,2025,1,0.009494322
9,2025-01-01 00:00:00,2025,1,0.0
9,2025-01-03 00:00:00,2025,1,0.000311912
9,2025-01-07 00:00:00,2025,1,0.0
9,2025-01-08 00:00:00,2025,1,0.0
9,2025-01-14 00:00:00,2025,1,0.0
9,2025-01-18 00:00:00,2025,1,0.0
9,2025-01-19 00:00:00,2025,1,0.004301148
8,2025-01-05 00:00:00,2025,1,0.0
8,2025-01-18 00:00:00,2025,1,0.0
10,2025-01-04 00:00:00,2025,1,0.0
10,2025-01-09 00:00:00,2025,1,0.0
10,2025-01-13 00:00:00,2025,1,0.0
10,2025-01-21 00:00:00,2025,1,0.000631546
10,2025-01-24 00:00:00,2025,1,3.38e-08
10,2025-01-25 00:00:00,2025,1,0.00303587
10,2025-01-29 00:00:00,2025,1,0.0
10,2025-01-30 00:00:00,2025,1,0.0
11,2025-01-06 00:00:00,2025,1,0.0
11,2025-01-13 00:00:00,2025,1,0.006484262
11,2025-01-22 00:00:00,2025,1,0.0
11,2025-01-24 00:00:00,2025,1,0.0
11,2025-01-31 00:00:00,2025,1,0.0
12,2025-01-06 00:00:00,2025,1,0.0
12,2025-01-17 00:00:00,2025,1,1.16e-05
12,2025-01-20 00:00:00,2025,1,0.0
12,2025-01-21 00:00:00,2025,1,0.0
12,2025-01-31 00:00:00,2025,1,0.0
13,2025-01-14 00:00:00,2025,1,0.0
13,2025-01-16 00:00:00,2025,1,0.001844963
13,2025-01-25 00:00:00,2025,1,0.0
5,2025-01-04 00:00:00,2025,1,0.0
5,2025-01-06 00:00:00,2025,1,0.0
5,2025-01-09 00:00:00,2025,1,0.0
5,2025-01-10 00:00:00,2025,1,0.0
5,2025-01-24 00:00:00,2025,1,0.000864923
5,2025-01-30 00:00:00,2025,1,0.0
1,2025-02-02 00:00:00,2025,2,0.001414833
1,2025-02-15 00:00:00,2025,2,0.0
1,2025-02-18 00:00:00,2025,2,0.0
1,2025-02-24 00:00:00,2025,2,0.003797711
1,2025-02-27 00:00:00,2025,2,0.000172684
1,2025-02-28 00:00:00,2025,2,0.0
2,2025-02-03 00:00:00,2025,2,0.0
3,2025-02-04 00:00:00,2025,2,0.0
3,2025-02-06 00:00:00,2025,2,0.0
3,2025-02-15 00:00:00,2025,2,0.0
3,2025-02-16 00:00:00,2025,2,0.0
3,2025-02-18 00:00:00,2025,2,0.0
3,2025-02-20 00:00:00,2025,2,0.0
3,2025-02-22 00:00:00,2025,2,0.073076711
3,2025-02-25 00:00:00,2025,2,1.56e-05
4,2025-02-05 00:00:00,2025,2,0.0
4,2025-02-15 00:00:00,2025,2,0.0
4,2025-02-19 00:00:00,2025,2,0.0
4,2025-02-22 00:00:00,2025,2,0.003163874
4,2025-02-24 00:00:00,2025,2,0.0
6,2025-02-14 00:00:00,2025,2,0.0
6,2025-02-16 00:00:00,2025,2,0.0
6,2025-02-18 00:00:00,2025,2,0.0
6,2025-02-23 00:00:00,2025,2,0.000479991
6,2025-02-26 00:00:00,2025,2,0.000291762
7,2025-02-04 00:00:00,2025,2,0.000266961
7,2025-02-08 00:00:00,2025,2,0.0
7,2025-02-23 00:00:00,2025,2,0.0
9,2025-02-03 00:00:00,2025,2,0.0
9,2025-02-04 00:00:00,2025,2,0.0
9,2025-02-08 00:00:00,2025,2,0.0
9,2025-02-13 00:00:00,2025,2,0.000654614
9,2025-02-17 00:00:00,2025,2,0.0
9,2025-02-20 00:00:00,2025,2,0.0
9,2025-02-21 00:00:00,2025,2,0.0
9,2025-02-24 00:00:00,2025,2,0.0
8,2025-02-10 00:00:00,2025,2,0.0
8,2025-02-16 00:00:00,2025,2,0.0
8,2025-02-19 00:00:00,2025,2,0.0
8,2025-02-23 00:00:00,2025,2,0.0
8,2025-02-24 00:00:00,2025,2,0.0
8,2025-02-25 00:00:00,2025,2,0.0
8,2025-02-28 00:00:00,2025,2,0.006198984
10,2025-02-01 00:00:00,2025,2,0.0
10,2025-02-13 00:00:00,2025,2,0.0
10,2025-02-21 00:00:00,2025,2,0.229731455
10,2025-02-27 00:00:00,2025,2,0.0
11,2025-02-07 00:00:00,2025,2,0.0
11,2025-02-17 00:00:00,2025,2,0.0
11,2025-02-19 00:00:00,2025,2,0.0
11,2025-02-24 00:00:00,2025,2,0.0
11,2025-02-27 00:00:00,2025,2,0.0
12,2025-02-01 00:00:00,2025,2,0.0
12,2025-02-03 00:00:00,2025,2,0.0
12,2025-02-08 00:00:00,2025,2,0.063195324
12,2025-02-14 00:00:00,2025,2,0.0
12,2025-02-20 00:00:00,2025,2,0.002262641
12,2025-02-21 00:00:00,2025,2,0.796427981
12,2025-02-22 00:00:00,2025,2,0.150977686
12,2025-02-25 00:00:00,2025,2,0.0
13,2025-02-02 00:00:00,2025,2,0.0
13,2025-02-09 00:00:00,2025,2,0.0
13,2025-02-10 00:00:00,2025,2,0.0
13,2025-02-13 00:00:00,2025,2,9.12e-05
13,2025-02-22 00:00:00,2025,2,0.087438601
13,2025-02-24 00:00:00,2025,2,0.0
5,2025-02-02 00:00:00,2025,2,0.000585538
5,2025-02-03 00:00:00,2025,2,0.000456625
5,2025-02-04 00:00:00,2025,2,0.001797424
5,2025-02-07 00:00:00,2025,2,0.0
5,2025-02-10 00:00:00,2025,2,0.006338374
5,2025-02-16 00:00:00,2025,2,0.0
1,2025-03-03 00:00:00,2025,3,0.0
1,2025-03-06 00:00:00,2025,3,0.000754101
1,2025-03-12 00:00:00,2025,3,0.0
1,2025-03-16 00:00:00,2025,3,0.0
1,2025-03-20 00:00:00,2025,3,0.000412553
2,2025-03-05 00:00:00,2025,3,0.0208273
2,2025-03-17 00:00:00,2025,3,0.0
2,2025-03-19 00:00:00,2025,3,0.0
2,2025-03-21 00:00:00,2025,3,0.0
2,2025-03-22 00:00:00,2025,3,0.0
2,2025-03-27 00:00:00,2025,3,0.0
2,2025-03-31 00:00:00,2025,3,0.000106387
3,2025-03-03 00:00:00,2025,3,0.000274183
3,2025-03-14 00:00:00,2025,3,0.0
3,2025-03-20 00:00:00,2025,3,0.0
3,2025-03-21 00:00:00,2025,3,0.0
3,2025-03-22 00:00:00,2025,3,0.147833536
3,2025-03-23 00:00:00,2025,3,0.640109053
3,2025-03-25 00:00:00,2025,3,0.637972026
4,2025-03-08 00:00:00,2025,3,0.0
4,2025-03-12 00:00:00,2025,3,0.0
4,2025-03-21 00:00:00,2025,3,0.0
4,2025-03-23 00:00:00,2025,3,0.063208768
6,2025-03-01 00:00:00,2025,3,0.0
6,2025-03-05 00:00:00,2025,3,0.20637282
6,2025-03-12 00:00:00,2025,3,0.00492541
6,2025-03-23 00:00:00,2025,3,1.623399968
7,2025-03-10 00:00:00,2025,3,7.37e-05
7,2025-03-12 00:00:00,2025,3,0.0
7,2025-03-13 00:00:00,2025,3,0.0
7,2025-03-23 00:00:00,2025,3,5.501583938
9,2025-03-01 00:00:00,2025,3,0.0
9,2025-03-03 00:00:00,2025,3,0.0
9,2025-03-12 00:00:00,2025,3,0.0
9,2025-03-17 00:00:00,2025,3,0.0
9,2025-03-19 00:00:00,2025,3,0.0
9,2025-03-20 00:00:00,2025,3,0.0
9,2025-03-21 00:00:00,2025,3,0.0
9,2025-03-26 00:00:00,2025,3,0.0
8,2025-03-09 00:00:00,2025,3,0.0
8,2025-03-13 00:00:00,2025,3,0.0
8,2025-03-27 00:00:00,2025,3,0.0
10,2025-03-01 00:00:00,2025,3,0.0
10,2025-03-03 00:00:00,2025,3,0.09117135
10,2025-03-07 00:00:00,2025,3,0.0
10,2025-03-11 00:00:00,2025,3,0.0
10,2025-03-31 00:00:00,2025,3,4.59e-07
11,2025-03-14 00:00:00,2025,3,0.0
11,2025-03-16 00:00:00,2025,3,0.078995652
11,2025-03-30 00:00:00,2025,3,0.84895592
12,2025-03-01 00:00:00,2025,3,0.0
12,2025-03-07 00:00:00,2025,3,0.0
12,2025-03-08 00:00:00,2025,3,0.0
12,2025-03-17 00:00:00,2025,3,1.37e-05
12,2025-03-22 00:00:00,2025,3,0.004931342
12,2025-03-27 00:00:00,2025,3,0.0
13,2025-03-06 00:00:00,2025,3,0.182784187
13,2025-03-12 00:00:00,2025,3,0.095017223
13,2025-03-18 00:00:00,2025,3,0.0
13,2025-03-22 00:00:00,2025,3,0.020999717
13,2025-03-25 00:00:00,2025,3,0.049724497
13,2025-03-31 00:00:00,2025,3,0.003330773
5,2025-03-04 00:00:00,2025,3,0.0003416
5,2025-03-10 00:00:00,2025,3,0.001407212
5,2025-03-15 00:00:00,2025,3,0.0
5,2025-03-17 00:00:00,2025,3,0.0
5,2025-03-18 00:00:00,2025,3,0.0
5,2025-03-19 00:00:00,2025,3,0.0
5,2025-03-31 00:00:00,2025,3,0.013362491
1,2025-04-01 00:00:00,2025,4,0.000336101
1,2025-04-07 00:00:00,2025,4,0.018947695
1,2025-04-11 00:00:00,2025,4,1.18052969
1,2025-04-12 00:00:00,2025,4,0.497299315
1,2025-04-14 00:00:00,2025,4,0.136012441
1,2025-04-16 00:00:00,2025,4,0.045282256
1,2025-04-23 00:00:00,2025,4,0.0
1,2025-04-26 00:00:00,2025,4,0.068815502
2,2025-04-06 00:00:00,2025,4,0.036341042
2,2025-04-08 00:00:00,2025,4,0.0
2,2025-04-10 00:00:00,2025,4,0.002423181
2,2025-04-12 00:00:00,2025,4,1.009013342
2,2025-04-13 00:00:00,2025,4,0.042435967
2,2025-04-15 00:00:00,2025,4,2.25460965
2,2025-04-17 00:00:00,2025,4,1.143240512
2,2025-04-21 00:00:00,2025,4,0.234625524
2,2025-04-26 00:00:00,2025,4,2.69e-06
2,2025-04-29 00:00:00,2025,4,0.0
3,2025-04-15 00:00:00,2025,4,0.001113142
3,2025-04-27 00:00:00,2025,4,0.04014885
3,2025-04-30 00:00:00,2025,4,5.736577746
4,2025-04-06 00:00:00,2025,4,0.569138804
4,2025-04-07 00:00:00,2025,4,0.434971854
4,2025-04-16 00:00:00,2025,4,3.744769769
4,2025-04-20 00:00:00,2025,4,0.070368101
4,2025-04-22 00:00:00,2025,4,0.0
4,2025-04-26 00:00:00,2025,4,0.0
4,2025-04-29 00:00:00,2025,4,5.27e-05
6,2025-04-07 00:00:00,2025,4,0.262988075
6,2025-04-19 00:00:00,2025,4,0.030863473
6,2025-04-21 00:00:00,2025,4,0.121151705
6,2025-04-22 00:00:00,2025,4,0.0
6,2025-04-24 00:00:00,2025,4,0.0
6,2025-04-26 00:00:00,2025,4,0.001458488
7,2025-04-08 00:00:00,2025,4,0.001486627
7,2025-04-12 00:00:00,2025,4,0.183073337
7,2025-04-15 00:00:00,2025,4,0.606952316
7,2025-04-18 00:00:00,2025,4,0.284381688
7,2025-04-23 00:00:00,2025,4,0.001268025
9,2025-04-07 00:00:00,2025,4,0.003430053
9,2025-04-08 00:00:00,2025,4,0.043975357
9,2025-04-09 00:00:00,2025,4,0.003102286
9,2025-04-13 00:00:00,2025,4,0.03372825
9,2025-04-18 00:00:00,2025,4,0.0521164
9,2025-04-21 00:00:00,2025,4,0.029699971
9,2025-04-22 00:00:00,2025,4,0.0
9,2025-04-30 00:00:00,2025,4,0.031907363
8,2025-04-05 00:00:00,2025,4,0.251685862
8,2025-04-07 00:00:00,2025,4,0.000721642
8,2025-04-08 00:00:00,2025,4,0.0
8,2025-04-13 00:00:00,2025,4,0.0
8,2025-04-19 00:00:00,2025,4,0.0
8,2025-04-21 00:00:00,2025,4,0.0
8,2025-04-23 00:00:00,2025,4,0.00409398
8,2025-04-24 00:00:00,2025,4,0.0
8,2025-04-27 00:00:00,2025,4,0.0
8,2025-04-29 00:00:00,2025,4,0.0
10,2025-04-11 00:00:00,2025,4,0.878261833
10,2025-04-20 00:00:00,2025,4,0.001111849
10,2025-04-28 00:00:00,2025,4,0.445767128
10,2025-04-29 00:00:00,2025,4,5.181103771
11,2025-04-01 00:00:00,2025,4,0.024539304
11,2025-04-06 00:00:00,2025,4,5.686552121
11,2025-04-08 00:00:00,2025,4,0.346459187
11,2025-04-16 00:00:00,2025,4,8.875994447
11,2025-04-18 00:00:00,2025,4,0.202274052
11,2025-04-22 00:00:00,2025,4,0.0
12,2025-04-01 00:00:00,2025,4,0.000249805
12,2025-04-02 00:00:00,2025,4,0.0
12,2025-04-03 00:00:00,2025,4,0.000427666
12,2025-04-13 00:00:00,2025,4,0.290751717
12,2025-04-15 00:00:00,2025,4,0.150660268
12,2025-04-18 00:00:00,2025,4,0.008449527
12,2025-04-20 00:00:00,2025,4,0.010395632
12,2025-04-25 00:00:00,2025,4,0.167289317
12,2025-04-30 00:00:00,2025,4,14.3477348
13,2025-04-03 00:00:00,2025,4,0.0
13,2025-04-05 00:00:00,2025,4,0.492804585
13,2025-04-06 00:00:00,2025,4,0.633101131
13,2025-04-10 00:00:00,2025,4,0.640705133
13,2025-04-14 00:00:00,2025,4,11.14802348
5,2025-04-02 00:00:00,2025,4,0.000545902
5,2025-04-03 00:00:00,2025,4,0.000760175
5,2025-04-06 00:00:00,2025,4,0.014407945
5,2025-04-15 00:00:00,2025,4,0.701508446
5,2025-04-16 00:00:00,2025,4,2.544551437
5,2025-04-18 00:00:00,2025,4,0.067303453
5,2025-04-21 00:00:00,2025,4,0.797704333
5,2025-04-26 00:00:00,2025,4,0.000281962
5,2025-04-27 00:00:00,2025,4,0.0
5,2025-04-29 00:00:00,2025,4,0.00769844
1,2025-05-02 00:00:00,2025,5,0.589501263
1,2025-05-19 00:00:00,2025,5,10.31342353
1,2025-05-21 00:00:00,2025,5,9.098412105
1,2025-05-23 00:00:00,2025,5,0.185925982
1,2025-05-27 00:00:00,2025,5,2.823768311
2,2025-05-05 00:00:00,2025,5,3.952780447
2,2025-05-08 00:00:00,2025,5,8.580202643
2,2025-05-19 00:00:00,2025,5,15.00441064
2,2025-05-22 00:00:00,2025,5,3.034826733
2,2025-05-27 00:00:00,2025,5,0.593400467
2,2025-05-29 00:00:00,2025,5,0.357518724
2,2025-05-31 00:00:00,2025,5,0.177534291
3,2025-05-04 00:00:00,2025,5,6.270121181
3,2025-05-10 00:00:00,2025,5,2.507447691
3,2025-05-15 00:00:00,2025,5,2.222726956
3,2025-05-21 00:00:00,2025,5,21.40979336
3,2025-05-22 00:00:00,2025,5,11.50446621
3,2025-05-23 00:00:00,2025,5,8.552131743
3,2025-05-30 00:00:00,2025,5,8.746888797
3,2025-05-31 00:00:00,2025,5,2.691122159
4,2025-05-01 00:00:00,2025,5,1.089824074
4,2025-05-02 00:00:00,2025,5,2.596602261
4,2025-05-22 00:00:00,2025,5,36.25012145
4,2025-05-24 00:00:00,2025,5,10.4996572
4,2025-05-26 00:00:00,2025,5,5.307419592
4,2025-05-27 00:00:00,2025,5,0.056719314
4,2025-05-29 00:00:00,2025,5,0.57115639
6,2025-05-03 00:00:00,2025,5,0.026471358
6,2025-05-05 00:00:00,2025,5,14.86290049
6,2025-05-08 00:00:00,2025,5,0.672299888
6,2025-05-16 00:00:00,2025,5,22.2725241
6,2025-05-24 00:00:00,2025,5,9.17670011
7,2025-05-03 00:00:00,2025,5,6.099564145
7,2025-05-08 00:00:00,2025,5,2.132095081
7,2025-05-09 00:00:00,2025,5,0.167009613
7,2025-05-29 00:00:00,2025,5,2.564679554
9,2025-05-07 00:00:00,2025,5,7.395311915
9,2025-05-10 00:00:00,2025,5,1.69e-06
9,2025-05-18 00:00:00,2025,5,11.60001727
9,2025-05-30 00:00:00,2025,5,1.816018284
9,2025-05-31 00:00:00,2025,5,0.330034011
8,2025-05-09 00:00:00,2025,5,5.50780581
8,2025-05-19 00:00:00,2025,5,10.20472244
8,2025-05-21 00:00:00,2025,5,11.43748218
8,2025-05-29 00:00:00,2025,5,0.006568966
8,2025-05-30 00:00:00,2025,5,2.341669538
10,2025-05-01 00:00:00,2025,5,0.372864253
10,2025-05-08 00:00:00,2025,5,0.296512014
10,2025-05-15 00:00:00,2025,5,11.73331627
10,2025-05-26 00:00:00,2025,5,3.197667549
10,2025-05-27 00:00:00,2025,5,5.360053778
10,2025-05-28 00:00:00,2025,5,34.77623484
11,2025-05-03 00:00:00,2025,5,0.024025469
11,2025-05-04 00:00:00,2025,5,11.67380869
11,2025-05-10 00:00:00,2025,5,0.310491176
11,2025-05-16 00:00:00,2025,5,9.612133727
11,2025-05-17 00:00:00,2025,5,3.730188381
11,2025-05-24 00:00:00,2025,5,1.330356169
11,2025-05-26 00:00:00,2025,5,12.44986357
11,2025-05-28 00:00:00,2025,5,54.01642353
11,2025-05-29 00:00:00,2025,5,13.29305981
11,2025-05-30 00:00:00,2025,5,11.96476989
11,2025-05-31 00:00:00,2025,5,5.240859278
12,2025-05-01 00:00:00,2025,5,6.034434875
12,2025-05-03 00:00:00,2025,5,1.96e-05
12,2025-05-04 00:00:00,2025,5,6.931841052
12,2025-05-06 00:00:00,2025,5,0.004969266
12,2025-05-08 00:00:00,2025,5,2.854171598
12,2025-05-15 00:00:00,2025,5,9.459284399
12,2025-05-21 00:00:00,2025,5,9.011803381
12,2025-05-28 00:00:00,2025,5,32.14264354
13,2025-05-04 00:00:00,2025,5,4.403132625
13,2025-05-09 00:00:00,2025,5,0.990460721
13,2025-05-21 00:00:00,2025,5,12.28720555
13,2025-05-22 00:00:00,2025,5,13.63681406
13,2025-05-26 00:00:00,2025,5,5.306642304
13,2025-05-30 00:00:00,2025,5,5.82317825
5,2025-05-10 00:00:00,2025,5,0.066566126
5,2025-05-28 00:00:00,2025,5,0.169313938
1,2025-06-02 00:00:00,2025,6,0.44990405
1,2025-06-15 00:00:00,2025,6,0.06845154
1,2025-06-17 00:00:00,2025,6,0.041220061
1,2025-06-21 00:00:00,2025,6,1.291240249
2,2025-06-07 00:00:00,2025,6,0.222141029
2,2025-06-08 00:00:00,2025,6,1.212601546
2,2025-06-11 00:00:00,2025,6,1.280503543
2,2025-06-09 00:00:00,2025,6,0.973146167
2,2025-06-13 00:00:00,2025,6,16.06937781
2,2025-06-25 00:00:00,2025,6,0.021754067
2,2025-06-28 00:00:00,2025,6,0.719796531
3,2025-06-04 00:00:00,2025,6,0.131496557
3,2025-06-06 00:00:00,2025,6,0.125444299
4,2025-06-30 00:00:00,2025,6,5.239616822
6,2025-06-03 00:00:00,2025,6,0.221415426
6,2025-06-05 00:00:00,2025,6,0.022994149
6,2025-06-06 00:00:00,2025,6,0.061128306
6,2025-06-09 00:00:00,2025,6,0.718845318
6,2025-06-21 00:00:00,2025,6,0.292187199
6,2025-06-22 00:00:00,2025,6,8.164678489
6,2025-06-26 00:00:00,2025,6,12.25183191
7,2025-06-05 00:00:00,2025,6,0.054594073
7,2025-06-06 00:00:00,2025,6,0.0
7,2025-06-08 00:00:00,2025,6,4.948117862
7,2025-06-23 00:00:00,2025,6,4.667364244
7,2025-06-25 00:00:00,2025,6,2.182186292
9,2025-06-02 00:00:00,2025,6,0.031376959
9,2025-06-05 00:00:00,2025,6,0.014875334
9,2025-06-07 00:00:00,2025,6,2.119444659
9,2025-06-08 00:00:00,2025,6,1.587039264
9,2025-06-13 00:00:00,2025,6,3.059710017
9,2025-06-25 00:00:00,2025,6,3.134610663
8,2025-06-01 00:00:00,2025,6,0.329501364
8,2025-06-06 00:00:00,2025,6,0.112176596
8,2025-06-10 00:00:00,2025,6,0.020271187
8,2025-06-12 00:00:00,2025,6,1.23275409
8,2025-06-26 00:00:00,2025,6,5.19930115
8,2025-06-27 00:00:00,2025,6,1.81108911
10,2025-06-03 00:00:00,2025,6,0.154053755
10,2025-06-04 00:00:00,2025,6,0.340427269
10,2025-06-10 00:00:00,2025,6,10.10940376
10,2025-06-17 00:00:00,2025,6,2.700608307
10,2025-06-25 00:00:00,2025,6,4.224000592
11,2025-06-05 00:00:00,2025,6,1.746758525
11,2025-06-06 00:00:00,2025,6,1.08974434
11,2025-06-10 00:00:00,2025,6,1.809784713
11,2025-06-14 00:00:00,2025,6,2.029279724
11,2025-06-26 00:00:00,2025,6,10.06903166
12,2025-06-01 00:00:00,2025,6,7.201445001
12,2025-06-15 00:00:00,2025,6,11.45131226
12,2025-06-19 00:00:00,2025,6,0.1487926
12,2025-06-21 00:00:00,2025,6,0.057311831
13,2025-06-11 00:00:00,2025,6,13.45863539
13,2025-06-17 00:00:00,2025,6,5.222636651
13,2025-06-25 00:00:00,2025,6,9.054461225
13,2025-06-26 00:00:00,2025,6,27.1896235
13,2025-06-29 00:00:00,2025,6,2.187219538
5,2025-06-06 00:00:00,2025,6,0.005530777
5,2025-06-10 00:00:00,2025,6,0.359010903
5,2025-06-29 00:00:00,2025,6,0.173619487
