State,District,Date,Year,Month,Avg_rainfall,Agency_name
Andhra Pradesh,Prakasam,13-11-2021,2021,11,8.908350305,IMD GRID MODEL
Andhra Pradesh,Prakasam,14-11-2021,2021,11,10.19368448,IMD GRID MODEL
Andhra Pradesh,Prakasam,22-11-2021,2021,11,8.801283487,IMD GRID MODEL
Andhra Pradesh,Prakasam,02-12-2021,2021,12,0,IMD GRID MODEL
Andhra Pradesh,Prakasam,04-12-2021,2021,12,0,IMD GRID MODEL
Andhra Pradesh,Prakasam,08-12-2021,2021,12,0.082333551,IMD GRID MODEL
Andhra Pradesh,Prakasam,11-12-2021,2021,12,0.384491365,IMD GRID MODEL
Andhra Pradesh,Prakasam,18-12-2021,2021,12,0,IMD GRID MODEL
Andhra Pradesh,Prakasam,19-12-2021,2021,12,0,IMD GRID MODEL
Andhra Pradesh,Prakasam,21-12-2021,2021,12,0,IMD GRID MODEL
Andhra Pradesh,Prakasam,24-12-2021,2021,12,0,IMD GRID MODEL
Andhra Pradesh,Prakasam,26-12-2021,2021,12,0,IMD GRID MODEL
Andhra Pradesh,SPSR Nellore,03-01-2021,2021,1,0.075996454,IMD GRID MODEL
Andhra Pradesh,SPSR Nellore,04-01-2021,2021,1,0,IMD GRID MODEL
Andhra Pradesh,SPSR Nellore,05-01-2021,2021,1,2.701022795,IMD GRID MODEL
Andhra Pradesh,SPSR Nellore,10-01-2021,2021,1,0.24040186,IMD GRID MODEL
Andhra Pradesh,SPSR Nellore,18-01-2021,2021,1,0,IMD GRID MODEL
Andhra Pradesh,SPSR Nellore,22-01-2021,2021,1,0,IMD GRID MODEL
Andhra Pradesh,SPSR Nellore,23-01-2021,2021,1,0,IMD GRID MODEL
Andhra Pradesh,SPSR Nellore,25-01-2021,2021,1,0,IMD GRID MODEL
Andhra Pradesh,SPSR Nellore,11-02-2021,2021,2,0,IMD GRID MODEL
Andhra Pradesh,SPSR Nellore,15-02-2021,2021,2,0,IMD GRID MODEL
Andhra Pradesh,SPSR Nellore,24-02-2021,2021,2,0,IMD GRID MODEL
Andhra Pradesh,SPSR Nellore,05-03-2021,2021,3,0,IMD GRID MODEL
Andhra Pradesh,SPSR Nellore,06-03-2021,2021,3,0,IMD GRID MODEL
Andhra Pradesh,SPSR Nellore,08-03-2021,2021,3,0,IMD GRID MODEL
Andhra Pradesh,SPSR Nellore,14-03-2021,2021,3,0,IMD GRID MODEL
Andhra Pradesh,SPSR Nellore,27-03-2021,2021,3,0,IMD GRID MODEL
Andhra Pradesh,SPSR Nellore,02-04-2021,2021,4,0,IMD GRID MODEL
Andhra Pradesh,SPSR Nellore,07-04-2021,2021,4,0,IMD GRID MODEL
Andhra Pradesh,SPSR Nellore,08-04-2021,2021,4,0,IMD GRID MODEL
Andhra Pradesh,SPSR Nellore,10-04-2021,2021,4,0,IMD GRID MODEL
Andhra Pradesh,SPSR Nellore,25-04-2021,2021,4,4.22E-05,IMD GRID MODEL
Andhra Pradesh,SPSR Nellore,26-04-2021,2021,4,0,IMD GRID MODEL
Andhra Pradesh,SPSR Nellore,27-04-2021,2021,4,0,IMD GRID MODEL
Andhra Pradesh,SPSR Nellore,14-05-2021,2021,5,0,IMD GRID MODEL
Andhra Pradesh,SPSR Nellore,13-06-2021,2021,6,0.077766379,IMD GRID MODEL
Andhra Pradesh,SPSR Nellore,20-06-2021,2021,6,0.477237752,IMD GRID MODEL
Andhra Pradesh,SPSR Nellore,04-07-2021,2021,7,4.07244373,IMD GRID MODEL
Andhra Pradesh,SPSR Nellore,05-07-2021,2021,7,1.318436956,IMD GRID MODEL
Andhra Pradesh,SPSR Nellore,07-07-2021,2021,7,0.52208224,IMD GRID MODEL
Andhra Pradesh,SPSR Nellore,11-07-2021,2021,7,3.635286222,IMD GRID MODEL
Andhra Pradesh,SPSR Nellore,15-07-2021,2021,7,22.75673405,IMD GRID MODEL
Andhra Pradesh,SPSR Nellore,17-07-2021,2021,7,19.31291211,IMD GRID MODEL
Andhra Pradesh,SPSR Nellore,18-07-2021,2021,7,1.754195104,IMD GRID MODEL
Andhra Pradesh,SPSR Nellore,21-07-2021,2021,7,6.881530177,IMD GRID MODEL
Andhra Pradesh,SPSR Nellore,22-07-2021,2021,7,5.879813806,IMD GRID MODEL
Andhra Pradesh,SPSR Nellore,01-08-2021,2021,8,0.244827937,IMD GRID MODEL
Andhra Pradesh,SPSR Nellore,06-08-2021,2021,8,1.594134397,IMD GRID MODEL
Andhra Pradesh,SPSR Nellore,10-08-2021,2021,8,11.95835495,IMD GRID MODEL
Andhra Pradesh,SPSR Nellore,11-08-2021,2021,8,5.328114432,IMD GRID MODEL
Andhra Pradesh,SPSR Nellore,12-08-2021,2021,8,0.06693117,IMD GRID MODEL
Andhra Pradesh,SPSR Nellore,19-08-2021,2021,8,1.024266451,IMD GRID MODEL
Andhra Pradesh,SPSR Nellore,20-08-2021,2021,8,0.092501683,IMD GRID MODEL
Andhra Pradesh,SPSR Nellore,24-08-2021,2021,8,0.23911167,IMD GRID MODEL
Andhra Pradesh,SPSR Nellore,01-09-2021,2021,9,1.26003458,IMD GRID MODEL
Andhra Pradesh,SPSR Nellore,03-09-2021,2021,9,18.79170189,IMD GRID MODEL
Andhra Pradesh,SPSR Nellore,06-09-2021,2021,9,2.948369315,IMD GRID MODEL
Andhra Pradesh,SPSR Nellore,08-09-2021,2021,9,0,IMD GRID MODEL
Andhra Pradesh,SPSR Nellore,09-09-2021,2021,9,0,IMD GRID MODEL
Andhra Pradesh,SPSR Nellore,10-09-2021,2021,9,0,IMD GRID MODEL
Andhra Pradesh,SPSR Nellore,12-09-2021,2021,9,1.538345062,IMD GRID MODEL
Andhra Pradesh,SPSR Nellore,14-09-2021,2021,9,0.041769224,IMD GRID MODEL
Andhra Pradesh,SPSR Nellore,23-09-2021,2021,9,0.498056643,IMD GRID MODEL
Andhra Pradesh,SPSR Nellore,28-09-2021,2021,9,0,IMD GRID MODEL
Andhra Pradesh,SPSR Nellore,03-10-2021,2021,10,2.889336587,IMD GRID MODEL
Andhra Pradesh,SPSR Nellore,09-10-2021,2021,10,2.433366512,IMD GRID MODEL
Andhra Pradesh,SPSR Nellore,11-10-2021,2021,10,10.18750184,IMD GRID MODEL
Andhra Pradesh,SPSR Nellore,19-10-2021,2021,10,0,IMD GRID MODEL
Andhra Pradesh,SPSR Nellore,26-10-2021,2021,10,0,IMD GRID MODEL
Andhra Pradesh,SPSR Nellore,28-10-2021,2021,10,0,IMD GRID MODEL
Andhra Pradesh,SPSR Nellore,29-10-2021,2021,10,7.561364588,IMD GRID MODEL
Andhra Pradesh,SPSR Nellore,09-11-2021,2021,11,1.339385049,IMD GRID MODEL
Andhra Pradesh,SPSR Nellore,10-11-2021,2021,11,6.243728095,IMD GRID MODEL
Andhra Pradesh,SPSR Nellore,11-11-2021,2021,11,56.44459367,IMD GRID MODEL
Andhra Pradesh,SPSR Nellore,17-11-2021,2021,11,13.50640445,IMD GRID MODEL
Andhra Pradesh,SPSR Nellore,28-11-2021,2021,11,55.16741911,IMD GRID MODEL
Andhra Pradesh,SPSR Nellore,03-12-2021,2021,12,0,IMD GRID MODEL
Andhra Pradesh,SPSR Nellore,08-12-2021,2021,12,0.087810312,IMD GRID MODEL
Andhra Pradesh,SPSR Nellore,10-12-2021,2021,12,16.29053304,IMD GRID MODEL
Andhra Pradesh,SPSR Nellore,11-12-2021,2021,12,3.520084941,IMD GRID MODEL
Andhra Pradesh,SPSR Nellore,13-12-2021,2021,12,2.937495901,IMD GRID MODEL
Andhra Pradesh,SPSR Nellore,17-12-2021,2021,12,0,IMD GRID MODEL
Andhra Pradesh,SPSR Nellore,19-12-2021,2021,12,0,IMD GRID MODEL
Andhra Pradesh,SPSR Nellore,25-12-2021,2021,12,0,IMD GRID MODEL
Andhra Pradesh,SPSR Nellore,27-12-2021,2021,12,0,IMD GRID MODEL
Andhra Pradesh,SPSR Nellore,29-12-2021,2021,12,1.500996205,IMD GRID MODEL
Andhra Pradesh,SPSR Nellore,21-01-2021,2021,1,0,IMD GRID MODEL
Andhra Pradesh,SPSR Nellore,01-04-2021,2021,4,0,IMD GRID MODEL
Andhra Pradesh,SPSR Nellore,06-04-2021,2021,4,0,IMD GRID MODEL
Andhra Pradesh,Srikakulam,04-01-2021,2021,1,0,IMD GRID MODEL
Andhra Pradesh,Srikakulam,05-01-2021,2021,1,0,IMD GRID MODEL
Andhra Pradesh,Srikakulam,09-01-2021,2021,1,0,IMD GRID MODEL
Andhra Pradesh,Srikakulam,17-01-2021,2021,1,0,IMD GRID MODEL
Andhra Pradesh,Srikakulam,20-01-2021,2021,1,0,IMD GRID MODEL
Andhra Pradesh,Srikakulam,29-01-2021,2021,1,0,IMD GRID MODEL
Andhra Pradesh,Srikakulam,05-02-2021,2021,2,0,IMD GRID MODEL
Andhra Pradesh,Srikakulam,07-02-2021,2021,2,0,IMD GRID MODEL
Andhra Pradesh,Srikakulam,12-02-2021,2021,2,0,IMD GRID MODEL
Andhra Pradesh,Srikakulam,20-02-2021,2021,2,0,IMD GRID MODEL
Andhra Pradesh,Srikakulam,22-02-2021,2021,2,0,IMD GRID MODEL
Andhra Pradesh,Srikakulam,23-02-2021,2021,2,0,IMD GRID MODEL
Andhra Pradesh,Srikakulam,03-03-2021,2021,3,0,IMD GRID MODEL
Andhra Pradesh,Srikakulam,05-03-2021,2021,3,0,IMD GRID MODEL
Andhra Pradesh,Srikakulam,07-03-2021,2021,3,0,IMD GRID MODEL
Andhra Pradesh,Srikakulam,10-03-2021,2021,3,0,IMD GRID MODEL
Andhra Pradesh,Srikakulam,13-03-2021,2021,3,0,IMD GRID MODEL
Andhra Pradesh,Srikakulam,15-03-2021,2021,3,0,IMD GRID MODEL
Andhra Pradesh,Srikakulam,16-03-2021,2021,3,0,IMD GRID MODEL
Andhra Pradesh,Srikakulam,21-03-2021,2021,3,0,IMD GRID MODEL
Andhra Pradesh,Srikakulam,25-03-2021,2021,3,0,IMD GRID MODEL
Andhra Pradesh,Srikakulam,01-04-2021,2021,4,0,IMD GRID MODEL
Andhra Pradesh,Srikakulam,02-04-2021,2021,4,0,IMD GRID MODEL
Andhra Pradesh,Srikakulam,10-04-2021,2021,4,1.769537094,IMD GRID MODEL
Andhra Pradesh,Srikakulam,12-04-2021,2021,4,0,IMD GRID MODEL
Andhra Pradesh,Srikakulam,17-04-2021,2021,4,0.289128557,IMD GRID MODEL
Andhra Pradesh,Srikakulam,24-04-2021,2021,4,2.358087747,IMD GRID MODEL
Andhra Pradesh,Srikakulam,25-04-2021,2021,4,0,IMD GRID MODEL
Andhra Pradesh,Srikakulam,27-04-2021,2021,4,0,IMD GRID MODEL
Andhra Pradesh,Srikakulam,28-04-2021,2021,4,0.495662478,IMD GRID MODEL
Andhra Pradesh,Srikakulam,04-05-2021,2021,5,2.804321306,IMD GRID MODEL
Andhra Pradesh,Srikakulam,07-05-2021,2021,5,0,IMD GRID MODEL
Andhra Pradesh,Srikakulam,11-05-2021,2021,5,1.294648582,IMD GRID MODEL
Andhra Pradesh,Srikakulam,14-05-2021,2021,5,6.102225163,IMD GRID MODEL
Andhra Pradesh,Srikakulam,20-05-2021,2021,5,0,IMD GRID MODEL
Andhra Pradesh,Srikakulam,27-05-2021,2021,5,0,IMD GRID MODEL
Andhra Pradesh,Srikakulam,02-06-2021,2021,6,0,IMD GRID MODEL
Andhra Pradesh,Srikakulam,03-06-2021,2021,6,20.45679409,IMD GRID MODEL
Andhra Pradesh,Srikakulam,21-06-2021,2021,6,0,IMD GRID MODEL
Andhra Pradesh,Srikakulam,05-07-2021,2021,7,7.756145261,IMD GRID MODEL
Andhra Pradesh,Srikakulam,15-07-2021,2021,7,15.83276246,IMD GRID MODEL
Andhra Pradesh,Srikakulam,16-07-2021,2021,7,2.384371735,IMD GRID MODEL
Andhra Pradesh,Srikakulam,17-07-2021,2021,7,0.074214137,IMD GRID MODEL
Andhra Pradesh,Srikakulam,19-07-2021,2021,7,1.207431069,IMD GRID MODEL
Andhra Pradesh,Srikakulam,21-07-2021,2021,7,23.26099016,IMD GRID MODEL
Andhra Pradesh,Srikakulam,23-07-2021,2021,7,0.72914866,IMD GRID MODEL
Andhra Pradesh,Srikakulam,14-07-2021,2021,7,29.47142507,IMD GRID MODEL
Andhra Pradesh,Srikakulam,26-07-2021,2021,7,0.069197644,IMD GRID MODEL
Andhra Pradesh,Srikakulam,31-07-2021,2021,7,0.05614392,IMD GRID MODEL
Andhra Pradesh,Srikakulam,01-08-2021,2021,8,0.029218386,IMD GRID MODEL
Andhra Pradesh,Srikakulam,06-08-2021,2021,8,0.437338784,IMD GRID MODEL
Andhra Pradesh,Srikakulam,14-08-2021,2021,8,1.514684533,IMD GRID MODEL
Andhra Pradesh,Srikakulam,19-08-2021,2021,8,1.891319355,IMD GRID MODEL
Andhra Pradesh,Srikakulam,26-08-2021,2021,8,13.47933987,IMD GRID MODEL
Andhra Pradesh,Srikakulam,30-08-2021,2021,8,17.50033925,IMD GRID MODEL
Andhra Pradesh,Srikakulam,31-08-2021,2021,8,12.93780273,IMD GRID MODEL
Andhra Pradesh,Srikakulam,02-09-2021,2021,9,0.24981024,IMD GRID MODEL
Andhra Pradesh,Srikakulam,04-09-2021,2021,9,0.919733927,IMD GRID MODEL
Andhra Pradesh,Srikakulam,16-09-2021,2021,9,0.683585836,IMD GRID MODEL
Andhra Pradesh,Srikakulam,23-09-2021,2021,9,0.75915504,IMD GRID MODEL
Andhra Pradesh,Srikakulam,02-10-2021,2021,10,0.311461325,IMD GRID MODEL
Andhra Pradesh,Srikakulam,06-10-2021,2021,10,1.591948009,IMD GRID MODEL
Andhra Pradesh,Srikakulam,13-10-2021,2021,10,0.048590475,IMD GRID MODEL
Andhra Pradesh,Srikakulam,14-10-2021,2021,10,0,IMD GRID MODEL
Andhra Pradesh,Srikakulam,18-10-2021,2021,10,0.053531827,IMD GRID MODEL
Andhra Pradesh,Srikakulam,19-10-2021,2021,10,6.925643776,IMD GRID MODEL
Andhra Pradesh,Srikakulam,30-10-2021,2021,10,10.69430096,IMD GRID MODEL
Andhra Pradesh,Srikakulam,05-11-2021,2021,11,0.051531767,IMD GRID MODEL
Andhra Pradesh,Srikakulam,08-11-2021,2021,11,0,IMD GRID MODEL
Andhra Pradesh,Srikakulam,15-11-2021,2021,11,1.945240076,IMD GRID MODEL
Andhra Pradesh,Srikakulam,17-11-2021,2021,11,0.479616974,IMD GRID MODEL
Andhra Pradesh,Srikakulam,23-11-2021,2021,11,5.895483953,IMD GRID MODEL
Andhra Pradesh,Srikakulam,24-11-2021,2021,11,0.249872179,IMD GRID MODEL
Andhra Pradesh,Srikakulam,29-11-2021,2021,11,0,IMD GRID MODEL
Andhra Pradesh,Srikakulam,07-12-2021,2021,12,0.006491386,IMD GRID MODEL
Andhra Pradesh,Srikakulam,11-12-2021,2021,12,0,IMD GRID MODEL
Andhra Pradesh,Srikakulam,13-12-2021,2021,12,0,IMD GRID MODEL
Andhra Pradesh,Srikakulam,21-12-2021,2021,12,0,IMD GRID MODEL
Andhra Pradesh,Visakhapatanam,09-01-2021,2021,1,0,IMD GRID MODEL
Andhra Pradesh,Visakhapatanam,16-01-2021,2021,1,0,IMD GRID MODEL
Andhra Pradesh,Visakhapatanam,18-01-2021,2021,1,0,IMD GRID MODEL
Andhra Pradesh,Visakhapatanam,19-01-2021,2021,1,0,IMD GRID MODEL
Andhra Pradesh,Visakhapatanam,20-01-2021,2021,1,0,IMD GRID MODEL
Andhra Pradesh,Visakhapatanam,22-01-2021,2021,1,0,IMD GRID MODEL
Andhra Pradesh,Visakhapatanam,28-01-2021,2021,1,0,IMD GRID MODEL
Andhra Pradesh,Visakhapatanam,30-01-2021,2021,1,0,IMD GRID MODEL
Andhra Pradesh,Visakhapatanam,31-01-2021,2021,1,0.074872709,IMD GRID MODEL
Andhra Pradesh,Visakhapatanam,03-02-2021,2021,2,0,IMD GRID MODEL
Andhra Pradesh,Visakhapatanam,04-02-2021,2021,2,0,IMD GRID MODEL
Andhra Pradesh,Visakhapatanam,13-02-2021,2021,2,0,IMD GRID MODEL
Andhra Pradesh,Visakhapatanam,18-02-2021,2021,2,0,IMD GRID MODEL
Andhra Pradesh,Visakhapatanam,20-02-2021,2021,2,0,IMD GRID MODEL
Andhra Pradesh,Visakhapatanam,16-03-2021,2021,3,0,IMD GRID MODEL
Andhra Pradesh,Visakhapatanam,20-03-2021,2021,3,0,IMD GRID MODEL
Andhra Pradesh,Visakhapatanam,21-03-2021,2021,3,0.517466815,IMD GRID MODEL
Andhra Pradesh,Visakhapatanam,23-03-2021,2021,3,0.004413488,IMD GRID MODEL
Andhra Pradesh,Visakhapatanam,13-04-2021,2021,4,4.098639809,IMD GRID MODEL
Andhra Pradesh,Visakhapatanam,21-04-2021,2021,4,0.716364664,IMD GRID MODEL
Andhra Pradesh,Visakhapatanam,11-05-2021,2021,5,1.401040376,IMD GRID MODEL
Andhra Pradesh,Visakhapatanam,15-05-2021,2021,5,8.886558369,IMD GRID MODEL
Andhra Pradesh,Visakhapatanam,18-05-2021,2021,5,0.115682118,IMD GRID MODEL
Andhra Pradesh,Visakhapatanam,30-05-2021,2021,5,4.550515294,IMD GRID MODEL
Andhra Pradesh,Visakhapatanam,05-06-2021,2021,6,1.240111209,IMD GRID MODEL
Andhra Pradesh,Visakhapatanam,09-06-2021,2021,6,3.818540237,IMD GRID MODEL
Andhra Pradesh,Visakhapatanam,11-06-2021,2021,6,1.428647282,IMD GRID MODEL
Andhra Pradesh,Visakhapatanam,22-06-2021,2021,6,0,IMD GRID MODEL
Andhra Pradesh,Visakhapatanam,29-06-2021,2021,6,0.002212429,IMD GRID MODEL
Andhra Pradesh,Visakhapatanam,02-07-2021,2021,7,0.398562581,IMD GRID MODEL
Andhra Pradesh,Visakhapatanam,14-07-2021,2021,7,7.34740931,IMD GRID MODEL
Andhra Pradesh,Visakhapatanam,02-08-2021,2021,8,0.068164576,IMD GRID MODEL
Andhra Pradesh,Visakhapatanam,04-08-2021,2021,8,0.235997401,IMD GRID MODEL
Andhra Pradesh,Visakhapatanam,05-08-2021,2021,8,0.224182261,IMD GRID MODEL
Andhra Pradesh,Visakhapatanam,06-08-2021,2021,8,1.051872825,IMD GRID MODEL
Andhra Pradesh,Visakhapatanam,15-08-2021,2021,8,21.76584153,IMD GRID MODEL
Andhra Pradesh,Visakhapatanam,16-08-2021,2021,8,22.38410949,IMD GRID MODEL
Andhra Pradesh,Visakhapatanam,22-08-2021,2021,8,4.710434454,IMD GRID MODEL
Andhra Pradesh,Visakhapatanam,31-08-2021,2021,8,11.91990079,IMD GRID MODEL
Andhra Pradesh,Visakhapatanam,01-09-2021,2021,9,10.22109424,IMD GRID MODEL
Andhra Pradesh,Visakhapatanam,05-09-2021,2021,9,10.39146051,IMD GRID MODEL
Andhra Pradesh,Visakhapatanam,08-09-2021,2021,9,17.8605685,IMD GRID MODEL
Andhra Pradesh,Visakhapatanam,11-09-2021,2021,9,12.88936137,IMD GRID MODEL
Andhra Pradesh,Visakhapatanam,24-09-2021,2021,9,6.929004395,IMD GRID MODEL
Andhra Pradesh,Visakhapatanam,27-09-2021,2021,9,130.1252858,IMD GRID MODEL
Andhra Pradesh,Visakhapatanam,04-10-2021,2021,10,0.113901351,IMD GRID MODEL
Andhra Pradesh,Visakhapatanam,13-10-2021,2021,10,0.601504447,IMD GRID MODEL
Andhra Pradesh,Visakhapatanam,25-10-2021,2021,10,0.002246535,IMD GRID MODEL
Andhra Pradesh,Visakhapatanam,26-10-2021,2021,10,0,IMD GRID MODEL
Andhra Pradesh,Visakhapatanam,01-11-2021,2021,11,0.30403312,IMD GRID MODEL
Andhra Pradesh,Visakhapatanam,06-11-2021,2021,11,0.005910304,IMD GRID MODEL
Andhra Pradesh,Visakhapatanam,10-11-2021,2021,11,0.027389817,IMD GRID MODEL
Andhra Pradesh,Visakhapatanam,14-11-2021,2021,11,8.423053271,IMD GRID MODEL
Andhra Pradesh,Visakhapatanam,26-11-2021,2021,11,0.119867438,IMD GRID MODEL
Andhra Pradesh,Visakhapatanam,27-11-2021,2021,11,0,IMD GRID MODEL
Andhra Pradesh,Visakhapatanam,30-11-2021,2021,11,0,IMD GRID MODEL
Andhra Pradesh,Visakhapatanam,02-12-2021,2021,12,0,IMD GRID MODEL
Andhra Pradesh,Visakhapatanam,06-12-2021,2021,12,0.560430377,IMD GRID MODEL
Andhra Pradesh,Visakhapatanam,07-12-2021,2021,12,0.013348844,IMD GRID MODEL
Andhra Pradesh,Visakhapatanam,08-12-2021,2021,12,0,IMD GRID MODEL
Andhra Pradesh,Visakhapatanam,13-12-2021,2021,12,0.013348844,IMD GRID MODEL
Andhra Pradesh,Visakhapatanam,19-12-2021,2021,12,0,IMD GRID MODEL
Andhra Pradesh,Visakhapatanam,27-12-2021,2021,12,0,IMD GRID MODEL
Andhra Pradesh,Visakhapatanam,30-12-2021,2021,12,0.848479956,IMD GRID MODEL
Andhra Pradesh,Visakhapatanam,10-04-2021,2021,4,1.371084509,IMD GRID MODEL
Andhra Pradesh,Visakhapatanam,26-05-2021,2021,5,0.002091858,IMD GRID MODEL
Andhra Pradesh,Vizianagaram,04-01-2021,2021,1,0,IMD GRID MODEL
Andhra Pradesh,Vizianagaram,12-01-2021,2021,1,0,IMD GRID MODEL
Andhra Pradesh,Vizianagaram,15-01-2021,2021,1,0,IMD GRID MODEL
Andhra Pradesh,Vizianagaram,17-01-2021,2021,1,0,IMD GRID MODEL
Andhra Pradesh,Vizianagaram,21-01-2021,2021,1,0,IMD GRID MODEL
Andhra Pradesh,Vizianagaram,22-01-2021,2021,1,0,IMD GRID MODEL
Andhra Pradesh,Vizianagaram,24-01-2021,2021,1,0,IMD GRID MODEL
Andhra Pradesh,Vizianagaram,25-01-2021,2021,1,0,IMD GRID MODEL
Andhra Pradesh,Vizianagaram,02-02-2021,2021,2,0,IMD GRID MODEL
Andhra Pradesh,Vizianagaram,16-02-2021,2021,2,0,IMD GRID MODEL
Andhra Pradesh,Vizianagaram,17-02-2021,2021,2,0,IMD GRID MODEL
Andhra Pradesh,Vizianagaram,25-02-2021,2021,2,0,IMD GRID MODEL
Andhra Pradesh,Vizianagaram,02-03-2021,2021,3,0,IMD GRID MODEL
Andhra Pradesh,Vizianagaram,05-03-2021,2021,3,0,IMD GRID MODEL
Andhra Pradesh,Vizianagaram,08-03-2021,2021,3,0,IMD GRID MODEL
Andhra Pradesh,Vizianagaram,09-03-2021,2021,3,0,IMD GRID MODEL
Andhra Pradesh,Vizianagaram,10-03-2021,2021,3,0,IMD GRID MODEL
Andhra Pradesh,Vizianagaram,16-03-2021,2021,3,0,IMD GRID MODEL
Andhra Pradesh,Vizianagaram,28-03-2021,2021,3,0.202839063,IMD GRID MODEL
Andhra Pradesh,Vizianagaram,30-03-2021,2021,3,0,IMD GRID MODEL
Andhra Pradesh,Vizianagaram,15-04-2021,2021,4,7.601880473,IMD GRID MODEL
Andhra Pradesh,Vizianagaram,23-04-2021,2021,4,0.041768104,IMD GRID MODEL
Andhra Pradesh,Vizianagaram,27-04-2021,2021,4,0,IMD GRID MODEL
Andhra Pradesh,Vizianagaram,01-05-2021,2021,5,1.049904745,IMD GRID MODEL
Andhra Pradesh,Vizianagaram,03-05-2021,2021,5,1.291612261,IMD GRID MODEL
Andhra Pradesh,Vizianagaram,07-05-2021,2021,5,0,IMD GRID MODEL
Andhra Pradesh,Vizianagaram,10-05-2021,2021,5,0.573631128,IMD GRID MODEL
Andhra Pradesh,Vizianagaram,18-05-2021,2021,5,0,IMD GRID MODEL
Andhra Pradesh,Vizianagaram,21-05-2021,2021,5,0,IMD GRID MODEL
Andhra Pradesh,Vizianagaram,22-05-2021,2021,5,10.30322357,IMD GRID MODEL
Andhra Pradesh,Vizianagaram,27-05-2021,2021,5,0,IMD GRID MODEL
Andhra Pradesh,Vizianagaram,04-06-2021,2021,6,6.731727692,IMD GRID MODEL
Andhra Pradesh,Vizianagaram,05-06-2021,2021,6,0,IMD GRID MODEL
Andhra Pradesh,Vizianagaram,09-06-2021,2021,6,4.662368838,IMD GRID MODEL
Andhra Pradesh,Vizianagaram,20-06-2021,2021,6,0,IMD GRID MODEL
Andhra Pradesh,Vizianagaram,22-06-2021,2021,6,0.120812651,IMD GRID MODEL
Andhra Pradesh,Vizianagaram,27-06-2021,2021,6,0.972562674,IMD GRID MODEL
Andhra Pradesh,Vizianagaram,01-07-2021,2021,7,6.595516116,IMD GRID MODEL
Andhra Pradesh,Vizianagaram,04-07-2021,2021,7,3.47036515,IMD GRID MODEL
Andhra Pradesh,Vizianagaram,07-07-2021,2021,7,11.23392743,IMD GRID MODEL
Andhra Pradesh,Vizianagaram,08-07-2021,2021,7,13.95956009,IMD GRID MODEL
Andhra Pradesh,Vizianagaram,18-07-2021,2021,7,0.093592357,IMD GRID MODEL
Andhra Pradesh,Vizianagaram,19-07-2021,2021,7,0.429565559,IMD GRID MODEL
Andhra Pradesh,Vizianagaram,20-07-2021,2021,7,3.92126616,IMD GRID MODEL
Andhra Pradesh,Vizianagaram,30-07-2021,2021,7,3.231864001,IMD GRID MODEL
Andhra Pradesh,Vizianagaram,12-08-2021,2021,8,9.071815555,IMD GRID MODEL
Andhra Pradesh,Vizianagaram,13-08-2021,2021,8,26.54679083,IMD GRID MODEL
Andhra Pradesh,Vizianagaram,20-08-2021,2021,8,2.295828954,IMD GRID MODEL
Andhra Pradesh,Vizianagaram,03-09-2021,2021,9,1.297351164,IMD GRID MODEL
Andhra Pradesh,Vizianagaram,04-09-2021,2021,9,6.719747521,IMD GRID MODEL
Andhra Pradesh,Vizianagaram,10-09-2021,2021,9,12.54320351,IMD GRID MODEL
Andhra Pradesh,Vizianagaram,11-09-2021,2021,9,21.43482937,IMD GRID MODEL
Andhra Pradesh,Vizianagaram,12-09-2021,2021,9,1.819175835,IMD GRID MODEL
Andhra Pradesh,Guntur,14-11-2021,2021,11,15.03821617,IMD GRID MODEL
Andhra Pradesh,Guntur,29-11-2021,2021,11,9.105995092,IMD GRID MODEL
Andhra Pradesh,Guntur,01-12-2021,2021,12,0,IMD GRID MODEL
Andhra Pradesh,Guntur,02-12-2021,2021,12,0,IMD GRID MODEL
Andhra Pradesh,Guntur,04-12-2021,2021,12,0,IMD GRID MODEL
Andhra Pradesh,Guntur,07-12-2021,2021,12,0.004913238,IMD GRID MODEL
Andhra Pradesh,Guntur,10-12-2021,2021,12,0.806659198,IMD GRID MODEL
Andhra Pradesh,Guntur,12-12-2021,2021,12,0,IMD GRID MODEL
Andhra Pradesh,Guntur,13-12-2021,2021,12,0,IMD GRID MODEL
Andhra Pradesh,Guntur,22-12-2021,2021,12,0,IMD GRID MODEL
Andhra Pradesh,Guntur,24-12-2021,2021,12,0,IMD GRID MODEL
Andhra Pradesh,Guntur,28-12-2021,2021,12,0,IMD GRID MODEL
Andhra Pradesh,Guntur,30-12-2021,2021,12,0.26038093,IMD GRID MODEL
Andhra Pradesh,Krishna,04-01-2021,2021,1,0,IMD GRID MODEL
Andhra Pradesh,Krishna,08-01-2021,2021,1,0,IMD GRID MODEL
Andhra Pradesh,Krishna,14-01-2021,2021,1,0,IMD GRID MODEL
Andhra Pradesh,Krishna,15-01-2021,2021,1,0,IMD GRID MODEL
Andhra Pradesh,Krishna,17-01-2021,2021,1,0,IMD GRID MODEL
Andhra Pradesh,Krishna,21-01-2021,2021,1,0,IMD GRID MODEL
Andhra Pradesh,Krishna,22-01-2021,2021,1,0,IMD GRID MODEL
Andhra Pradesh,Krishna,30-01-2021,2021,1,0,IMD GRID MODEL
Andhra Pradesh,Krishna,01-02-2021,2021,2,0,IMD GRID MODEL
Andhra Pradesh,Krishna,02-02-2021,2021,2,0,IMD GRID MODEL
Andhra Pradesh,Krishna,06-02-2021,2021,2,0,IMD GRID MODEL
Andhra Pradesh,Krishna,09-02-2021,2021,2,0,IMD GRID MODEL
Andhra Pradesh,Krishna,12-02-2021,2021,2,0,IMD GRID MODEL
Andhra Pradesh,Krishna,17-02-2021,2021,2,0,IMD GRID MODEL
Andhra Pradesh,Krishna,02-03-2021,2021,3,0,IMD GRID MODEL
Andhra Pradesh,Krishna,03-03-2021,2021,3,0,IMD GRID MODEL
Andhra Pradesh,Krishna,08-03-2021,2021,3,0,IMD GRID MODEL
Andhra Pradesh,Krishna,12-03-2021,2021,3,0,IMD GRID MODEL
Andhra Pradesh,Krishna,15-03-2021,2021,3,0,IMD GRID MODEL
Andhra Pradesh,Krishna,17-03-2021,2021,3,0,IMD GRID MODEL
Andhra Pradesh,Krishna,18-03-2021,2021,3,0,IMD GRID MODEL
Andhra Pradesh,Krishna,28-03-2021,2021,3,0.013518516,IMD GRID MODEL
Andhra Pradesh,Krishna,31-03-2021,2021,3,0,IMD GRID MODEL
Andhra Pradesh,Krishna,03-04-2021,2021,4,0,IMD GRID MODEL
Andhra Pradesh,Krishna,07-04-2021,2021,4,0,IMD GRID MODEL
Andhra Pradesh,Krishna,10-04-2021,2021,4,0,IMD GRID MODEL
Andhra Pradesh,Krishna,15-04-2021,2021,4,13.95653456,IMD GRID MODEL
Andhra Pradesh,Krishna,23-04-2021,2021,4,0.12975661,IMD GRID MODEL
Andhra Pradesh,Krishna,29-04-2021,2021,4,0,IMD GRID MODEL
Andhra Pradesh,Krishna,03-05-2021,2021,5,0.000547256,IMD GRID MODEL
Andhra Pradesh,Krishna,13-05-2021,2021,5,0,IMD GRID MODEL
Andhra Pradesh,Krishna,16-05-2021,2021,5,2.189040387,IMD GRID MODEL
Andhra Pradesh,Krishna,22-05-2021,2021,5,22.42334713,IMD GRID MODEL
Andhra Pradesh,Krishna,23-05-2021,2021,5,6.785235317,IMD GRID MODEL
Andhra Pradesh,Krishna,01-06-2021,2021,6,0,IMD GRID MODEL
Andhra Pradesh,Krishna,02-06-2021,2021,6,0,IMD GRID MODEL
Andhra Pradesh,Krishna,04-06-2021,2021,6,7.887389698,IMD GRID MODEL
Andhra Pradesh,Krishna,05-06-2021,2021,6,0.760756745,IMD GRID MODEL
Andhra Pradesh,Krishna,10-06-2021,2021,6,1.679373812,IMD GRID MODEL
Andhra Pradesh,Krishna,11-06-2021,2021,6,9.653052511,IMD GRID MODEL
Andhra Pradesh,Krishna,13-06-2021,2021,6,11.77772153,IMD GRID MODEL
Andhra Pradesh,Krishna,17-06-2021,2021,6,0.010360836,IMD GRID MODEL
Andhra Pradesh,Krishna,22-06-2021,2021,6,0.258327276,IMD GRID MODEL
Andhra Pradesh,Krishna,26-06-2021,2021,6,0.954326613,IMD GRID MODEL
Andhra Pradesh,Krishna,30-06-2021,2021,6,7.797888557,IMD GRID MODEL
Andhra Pradesh,Krishna,05-07-2021,2021,7,5.396011354,IMD GRID MODEL
Andhra Pradesh,Krishna,07-07-2021,2021,7,0.123994401,IMD GRID MODEL
Andhra Pradesh,Krishna,13-07-2021,2021,7,17.01696771,IMD GRID MODEL
Andhra Pradesh,Krishna,22-07-2021,2021,7,59.51046044,IMD GRID MODEL
Andhra Pradesh,Krishna,26-07-2021,2021,7,13.11569541,IMD GRID MODEL
Andhra Pradesh,Krishna,27-07-2021,2021,7,0.363149025,IMD GRID MODEL
Andhra Pradesh,Krishna,09-08-2021,2021,8,12.96848888,IMD GRID MODEL
Andhra Pradesh,Krishna,10-08-2021,2021,8,0.840259117,IMD GRID MODEL
Andhra Pradesh,Krishna,13-08-2021,2021,8,13.13973986,IMD GRID MODEL
Andhra Pradesh,Krishna,18-08-2021,2021,8,3.624461032,IMD GRID MODEL
Andhra Pradesh,Krishna,23-08-2021,2021,8,0.021551079,IMD GRID MODEL
Andhra Pradesh,Krishna,26-08-2021,2021,8,17.05137337,IMD GRID MODEL
Andhra Pradesh,Krishna,05-09-2021,2021,9,9.776294356,IMD GRID MODEL
Andhra Pradesh,Krishna,09-09-2021,2021,9,1.371296352,IMD GRID MODEL
Andhra Pradesh,Krishna,17-09-2021,2021,9,0,IMD GRID MODEL
Andhra Pradesh,Krishna,21-09-2021,2021,9,11.79275217,IMD GRID MODEL
Andhra Pradesh,Krishna,22-09-2021,2021,9,4.304602634,IMD GRID MODEL
Andhra Pradesh,Krishna,02-10-2021,2021,10,4.182435287,IMD GRID MODEL
Andhra Pradesh,Krishna,07-10-2021,2021,10,7.878209606,IMD GRID MODEL
Andhra Pradesh,Krishna,21-10-2021,2021,10,0,IMD GRID MODEL
Andhra Pradesh,Krishna,27-10-2021,2021,10,0,IMD GRID MODEL
Andhra Pradesh,Krishna,01-11-2021,2021,11,4.253120606,IMD GRID MODEL
Andhra Pradesh,Krishna,11-11-2021,2021,11,3.407117784,IMD GRID MODEL
Andhra Pradesh,Krishna,13-11-2021,2021,11,13.43812674,IMD GRID MODEL
Andhra Pradesh,Krishna,14-11-2021,2021,11,5.775814102,IMD GRID MODEL
Andhra Pradesh,Krishna,24-11-2021,2021,11,5.578099229,IMD GRID MODEL
Andhra Pradesh,Krishna,03-12-2021,2021,12,0,IMD GRID MODEL
Andhra Pradesh,Krishna,12-12-2021,2021,12,0,IMD GRID MODEL
Andhra Pradesh,Krishna,13-12-2021,2021,12,0,IMD GRID MODEL
Andhra Pradesh,Krishna,14-12-2021,2021,12,0,IMD GRID MODEL
Andhra Pradesh,Krishna,21-12-2021,2021,12,0,IMD GRID MODEL
Andhra Pradesh,Krishna,26-12-2021,2021,12,0,IMD GRID MODEL
Andhra Pradesh,Krishna,28-12-2021,2021,12,0,IMD GRID MODEL
Andhra Pradesh,Kurnool,03-01-2021,2021,1,0,IMD GRID MODEL
Andhra Pradesh,Kurnool,05-01-2021,2021,1,0,IMD GRID MODEL
Andhra Pradesh,Kurnool,06-01-2021,2021,1,0.092656195,IMD GRID MODEL
Andhra Pradesh,Kurnool,16-01-2021,2021,1,0,IMD GRID MODEL
Andhra Pradesh,Kurnool,19-01-2021,2021,1,0,IMD GRID MODEL
Andhra Pradesh,Kurnool,22-01-2021,2021,1,0,IMD GRID MODEL
Andhra Pradesh,Kurnool,24-01-2021,2021,1,0,IMD GRID MODEL
Andhra Pradesh,Kurnool,12-02-2021,2021,2,0,IMD GRID MODEL
Andhra Pradesh,Kurnool,13-02-2021,2021,2,0,IMD GRID MODEL
Andhra Pradesh,Kurnool,16-02-2021,2021,2,0,IMD GRID MODEL
Andhra Pradesh,Kurnool,21-02-2021,2021,2,1.432339182,IMD GRID MODEL
Andhra Pradesh,Kurnool,24-02-2021,2021,2,0,IMD GRID MODEL
Andhra Pradesh,Kurnool,01-03-2021,2021,3,0,IMD GRID MODEL
Andhra Pradesh,Kurnool,03-03-2021,2021,3,0,IMD GRID MODEL
Andhra Pradesh,Kurnool,07-03-2021,2021,3,0,IMD GRID MODEL
Andhra Pradesh,Kurnool,12-03-2021,2021,3,0,IMD GRID MODEL
Andhra Pradesh,Kurnool,23-03-2021,2021,3,0,IMD GRID MODEL
Andhra Pradesh,Kurnool,24-03-2021,2021,3,0,IMD GRID MODEL
Andhra Pradesh,Kurnool,31-03-2021,2021,3,0,IMD GRID MODEL
Andhra Pradesh,Kurnool,02-04-2021,2021,4,0,IMD GRID MODEL
Andhra Pradesh,Kurnool,04-04-2021,2021,4,0,IMD GRID MODEL
Andhra Pradesh,Kurnool,05-04-2021,2021,4,0.01407931,IMD GRID MODEL
Andhra Pradesh,Kurnool,08-04-2021,2021,4,0,IMD GRID MODEL
Andhra Pradesh,Kurnool,09-04-2021,2021,4,0,IMD GRID MODEL
Andhra Pradesh,Kurnool,23-04-2021,2021,4,0.712291723,IMD GRID MODEL
Andhra Pradesh,Kurnool,26-04-2021,2021,4,0,IMD GRID MODEL
Andhra Pradesh,Kurnool,02-05-2021,2021,5,0.056576653,IMD GRID MODEL
Andhra Pradesh,Kurnool,03-05-2021,2021,5,0,IMD GRID MODEL
Andhra Pradesh,Kurnool,04-05-2021,2021,5,6.15E-05,IMD GRID MODEL
Andhra Pradesh,Kurnool,07-05-2021,2021,5,0,IMD GRID MODEL
Andhra Pradesh,Kurnool,11-05-2021,2021,5,0.131289204,IMD GRID MODEL
Andhra Pradesh,Kurnool,13-05-2021,2021,5,0.213228608,IMD GRID MODEL
Andhra Pradesh,Kurnool,17-05-2021,2021,5,0.639316766,IMD GRID MODEL
Andhra Pradesh,Kurnool,18-05-2021,2021,5,3.759792895,IMD GRID MODEL
Andhra Pradesh,Kurnool,20-05-2021,2021,5,11.30282244,IMD GRID MODEL
Andhra Pradesh,Kurnool,31-05-2021,2021,5,0.081870955,IMD GRID MODEL
Andhra Pradesh,Kurnool,03-06-2021,2021,6,26.10204087,IMD GRID MODEL
Andhra Pradesh,Kurnool,05-06-2021,2021,6,5.652178038,IMD GRID MODEL
Andhra Pradesh,Kurnool,10-06-2021,2021,6,1.442574381,IMD GRID MODEL
Andhra Pradesh,Kurnool,16-06-2021,2021,6,0.00281235,IMD GRID MODEL
Andhra Pradesh,Kurnool,17-06-2021,2021,6,0.710942971,IMD GRID MODEL
Andhra Pradesh,Kurnool,21-06-2021,2021,6,0,IMD GRID MODEL
Andhra Pradesh,Kurnool,23-06-2021,2021,6,0.052107547,IMD GRID MODEL
Andhra Pradesh,Kurnool,03-07-2021,2021,7,1.289058065,IMD GRID MODEL
Andhra Pradesh,Kurnool,06-07-2021,2021,7,6.214346303,IMD GRID MODEL
Andhra Pradesh,Kurnool,11-07-2021,2021,7,0.077670901,IMD GRID MODEL
Andhra Pradesh,Kurnool,16-07-2021,2021,7,6.891231784,IMD GRID MODEL
Andhra Pradesh,Kurnool,17-07-2021,2021,7,5.31207695,IMD GRID MODEL
Andhra Pradesh,Kurnool,23-07-2021,2021,7,8.004678064,IMD GRID MODEL
Andhra Pradesh,Kurnool,03-08-2021,2021,8,1.815380758,IMD GRID MODEL
Andhra Pradesh,Kurnool,09-08-2021,2021,8,0.1135604,IMD GRID MODEL
Andhra Pradesh,Kurnool,11-08-2021,2021,8,0.010008013,IMD GRID MODEL
Andhra Pradesh,Kurnool,15-08-2021,2021,8,0.167813679,IMD GRID MODEL
Andhra Pradesh,Kurnool,17-08-2021,2021,8,0.987647448,IMD GRID MODEL
Andhra Pradesh,Kurnool,20-08-2021,2021,8,0.430705326,IMD GRID MODEL
Andhra Pradesh,Kurnool,24-08-2021,2021,8,8.871720029,IMD GRID MODEL
Andhra Pradesh,Kurnool,29-08-2021,2021,8,3.973909701,IMD GRID MODEL
Andhra Pradesh,Kurnool,01-09-2021,2021,9,11.31372781,IMD GRID MODEL
Andhra Pradesh,Kurnool,05-09-2021,2021,9,4.267969715,IMD GRID MODEL
Andhra Pradesh,Kurnool,06-09-2021,2021,9,6.99937115,IMD GRID MODEL
Andhra Pradesh,Kurnool,09-09-2021,2021,9,0.000311881,IMD GRID MODEL
Andhra Pradesh,Kurnool,12-09-2021,2021,9,0.844999303,IMD GRID MODEL
Andhra Pradesh,Kurnool,16-09-2021,2021,9,0,IMD GRID MODEL
Andhra Pradesh,Kurnool,19-09-2021,2021,9,0.024868258,IMD GRID MODEL
Andhra Pradesh,Kurnool,20-09-2021,2021,9,0.001527847,IMD GRID MODEL
Andhra Pradesh,Kurnool,28-10-2021,2021,10,0,IMD GRID MODEL
Andhra Pradesh,Kurnool,03-11-2021,2021,11,5.709952896,IMD GRID MODEL
Andhra Pradesh,Kurnool,04-11-2021,2021,11,7.454651284,IMD GRID MODEL
Andhra Pradesh,Kurnool,06-11-2021,2021,11,0.077207755,IMD GRID MODEL
Andhra Pradesh,Kurnool,10-11-2021,2021,11,0,IMD GRID MODEL
Andhra Pradesh,Kurnool,13-11-2021,2021,11,8.018354694,IMD GRID MODEL
Andhra Pradesh,Kurnool,19-11-2021,2021,11,27.54435859,IMD GRID MODEL
Andhra Pradesh,Kurnool,23-11-2021,2021,11,1.374836433,IMD GRID MODEL
Andhra Pradesh,Kurnool,01-12-2021,2021,12,0.179280489,IMD GRID MODEL
Andhra Pradesh,Kurnool,22-12-2021,2021,12,0,IMD GRID MODEL
Andhra Pradesh,Kurnool,23-12-2021,2021,12,0,IMD GRID MODEL
Andhra Pradesh,Prakasam,05-01-2021,2021,1,0,IMD GRID MODEL
Andhra Pradesh,Prakasam,09-01-2021,2021,1,0.140447132,IMD GRID MODEL
Andhra Pradesh,Prakasam,12-01-2021,2021,1,0,IMD GRID MODEL
Andhra Pradesh,Prakasam,17-01-2021,2021,1,0,IMD GRID MODEL
Andhra Pradesh,Prakasam,20-01-2021,2021,1,0,IMD GRID MODEL
Andhra Pradesh,Prakasam,22-01-2021,2021,1,0,IMD GRID MODEL
Andhra Pradesh,Prakasam,23-02-2021,2021,2,0,IMD GRID MODEL
Andhra Pradesh,Prakasam,26-02-2021,2021,2,0,IMD GRID MODEL
Andhra Pradesh,Prakasam,27-02-2021,2021,2,0,IMD GRID MODEL
Andhra Pradesh,Prakasam,09-03-2021,2021,3,0,IMD GRID MODEL
Andhra Pradesh,Prakasam,11-03-2021,2021,3,0,IMD GRID MODEL
Andhra Pradesh,Prakasam,19-03-2021,2021,3,0,IMD GRID MODEL
Andhra Pradesh,Prakasam,24-03-2021,2021,3,0,IMD GRID MODEL
Andhra Pradesh,Prakasam,27-03-2021,2021,3,0,IMD GRID MODEL
Andhra Pradesh,Prakasam,07-04-2021,2021,4,0,IMD GRID MODEL
Andhra Pradesh,Prakasam,13-04-2021,2021,4,0,IMD GRID MODEL
Andhra Pradesh,Prakasam,17-04-2021,2021,4,0.52297814,IMD GRID MODEL
Andhra Pradesh,Prakasam,20-04-2021,2021,4,0.821725673,IMD GRID MODEL
Andhra Pradesh,Prakasam,23-04-2021,2021,4,0.95154425,IMD GRID MODEL
Andhra Pradesh,Prakasam,30-04-2021,2021,4,0.134828471,IMD GRID MODEL
Andhra Pradesh,Prakasam,01-05-2021,2021,5,0,IMD GRID MODEL
Andhra Pradesh,Prakasam,04-05-2021,2021,5,0.261514142,IMD GRID MODEL
Andhra Pradesh,Prakasam,14-05-2021,2021,5,0.282177462,IMD GRID MODEL
Andhra Pradesh,Prakasam,16-05-2021,2021,5,2.865066846,IMD GRID MODEL
Andhra Pradesh,Prakasam,20-05-2021,2021,5,3.255896358,IMD GRID MODEL
Andhra Pradesh,Prakasam,21-05-2021,2021,5,13.56654015,IMD GRID MODEL
Andhra Pradesh,Prakasam,26-05-2021,2021,5,0.003862117,IMD GRID MODEL
Andhra Pradesh,Prakasam,28-05-2021,2021,5,0,IMD GRID MODEL
Andhra Pradesh,Prakasam,01-06-2021,2021,6,0.120669343,IMD GRID MODEL
Andhra Pradesh,Prakasam,05-06-2021,2021,6,4.25557969,IMD GRID MODEL
Andhra Pradesh,Prakasam,07-06-2021,2021,6,0.127322529,IMD GRID MODEL
Andhra Pradesh,Prakasam,08-06-2021,2021,6,1.137664357,IMD GRID MODEL
Andhra Pradesh,Prakasam,09-06-2021,2021,6,0,IMD GRID MODEL
Andhra Pradesh,Prakasam,10-06-2021,2021,6,1.145621699,IMD GRID MODEL
Andhra Pradesh,Prakasam,12-06-2021,2021,6,0.157348367,IMD GRID MODEL
Andhra Pradesh,Prakasam,17-06-2021,2021,6,1.346482344,IMD GRID MODEL
Andhra Pradesh,Prakasam,27-06-2021,2021,6,9.412394961,IMD GRID MODEL
Andhra Pradesh,Prakasam,03-07-2021,2021,7,3.35841792,IMD GRID MODEL
Andhra Pradesh,Prakasam,06-07-2021,2021,7,10.70592097,IMD GRID MODEL
Andhra Pradesh,Prakasam,12-07-2021,2021,7,0.367168283,IMD GRID MODEL
Andhra Pradesh,Prakasam,21-07-2021,2021,7,3.534791263,IMD GRID MODEL
Andhra Pradesh,Prakasam,22-07-2021,2021,7,16.18947845,IMD GRID MODEL
Andhra Pradesh,Prakasam,02-08-2021,2021,8,0,IMD GRID MODEL
Andhra Pradesh,Prakasam,05-08-2021,2021,8,0.646238914,IMD GRID MODEL
Andhra Pradesh,Prakasam,14-08-2021,2021,8,5.28891803,IMD GRID MODEL
Andhra Pradesh,Prakasam,16-08-2021,2021,8,7.472694583,IMD GRID MODEL
Andhra Pradesh,Prakasam,19-08-2021,2021,8,0.679071871,IMD GRID MODEL
Andhra Pradesh,Prakasam,20-08-2021,2021,8,0.360474115,IMD GRID MODEL
Andhra Pradesh,Prakasam,28-08-2021,2021,8,10.19014461,IMD GRID MODEL
Andhra Pradesh,Prakasam,01-09-2021,2021,9,4.790417627,IMD GRID MODEL
Andhra Pradesh,Prakasam,04-09-2021,2021,9,3.597189424,IMD GRID MODEL
Andhra Pradesh,Prakasam,10-09-2021,2021,9,0.184314535,IMD GRID MODEL
Andhra Pradesh,Prakasam,11-09-2021,2021,9,0.48570688,IMD GRID MODEL
Andhra Pradesh,Prakasam,18-09-2021,2021,9,0.138112589,IMD GRID MODEL
Andhra Pradesh,Prakasam,20-09-2021,2021,9,6.937785764,IMD GRID MODEL
Andhra Pradesh,Prakasam,29-09-2021,2021,9,2.950771877,IMD GRID MODEL
Andhra Pradesh,Prakasam,01-10-2021,2021,10,4.016157947,IMD GRID MODEL
Andhra Pradesh,Prakasam,06-10-2021,2021,10,8.111826433,IMD GRID MODEL
Andhra Pradesh,Prakasam,07-10-2021,2021,10,11.58294756,IMD GRID MODEL
Andhra Pradesh,Prakasam,22-10-2021,2021,10,0.001789836,IMD GRID MODEL
Andhra Pradesh,Prakasam,26-10-2021,2021,10,0.159226722,IMD GRID MODEL
Andhra Pradesh,Prakasam,05-11-2021,2021,11,5.056812974,IMD GRID MODEL
Andhra Pradesh,Prakasam,06-11-2021,2021,11,0.569930475,IMD GRID MODEL
Andhra Pradesh,Prakasam,11-11-2021,2021,11,4.177484528,IMD GRID MODEL
Andhra Pradesh,West Godavari,28-10-2021,2021,10,0.045886727,IMD GRID MODEL
Andhra Pradesh,West Godavari,30-10-2021,2021,10,8.898831683,IMD GRID MODEL
Andhra Pradesh,West Godavari,01-11-2021,2021,11,7.689890832,IMD GRID MODEL
Andhra Pradesh,West Godavari,04-11-2021,2021,11,3.207591073,IMD GRID MODEL
Andhra Pradesh,West Godavari,05-11-2021,2021,11,0.745017512,IMD GRID MODEL
Andhra Pradesh,West Godavari,22-11-2021,2021,11,4.897589054,IMD GRID MODEL
Andhra Pradesh,West Godavari,24-11-2021,2021,11,7.648723396,IMD GRID MODEL
Andhra Pradesh,West Godavari,27-11-2021,2021,11,0,IMD GRID MODEL
Andhra Pradesh,West Godavari,03-12-2021,2021,12,0,IMD GRID MODEL
Andhra Pradesh,West Godavari,04-12-2021,2021,12,0,IMD GRID MODEL
Andhra Pradesh,West Godavari,05-12-2021,2021,12,0,IMD GRID MODEL
Andhra Pradesh,West Godavari,07-12-2021,2021,12,0,IMD GRID MODEL
Andhra Pradesh,West Godavari,09-12-2021,2021,12,0.066345877,IMD GRID MODEL
Andhra Pradesh,West Godavari,15-12-2021,2021,12,0,IMD GRID MODEL
Andhra Pradesh,West Godavari,22-12-2021,2021,12,0,IMD GRID MODEL
Andhra Pradesh,West Godavari,28-12-2021,2021,12,0,IMD GRID MODEL
Andhra Pradesh,West Godavari,29-12-2021,2021,12,0,IMD GRID MODEL
Andhra Pradesh,Y.S.R.,07-01-2021,2021,1,33.05239946,IMD GRID MODEL
Andhra Pradesh,Y.S.R.,08-01-2021,2021,1,3.391358018,IMD GRID MODEL
Andhra Pradesh,Y.S.R.,06-01-2021,2021,1,6.572680931,IMD GRID MODEL
Andhra Pradesh,Y.S.R.,10-01-2021,2021,1,0.007432074,IMD GRID MODEL
Andhra Pradesh,Y.S.R.,14-01-2021,2021,1,0,IMD GRID MODEL
Andhra Pradesh,Y.S.R.,22-01-2021,2021,1,0,IMD GRID MODEL
Andhra Pradesh,Y.S.R.,24-01-2021,2021,1,0,IMD GRID MODEL
Andhra Pradesh,Y.S.R.,06-02-2021,2021,2,0,IMD GRID MODEL
Andhra Pradesh,Y.S.R.,15-02-2021,2021,2,0,IMD GRID MODEL
Andhra Pradesh,Y.S.R.,19-02-2021,2021,2,0.0561038,IMD GRID MODEL
Andhra Pradesh,Y.S.R.,08-03-2021,2021,3,0,IMD GRID MODEL
Andhra Pradesh,Y.S.R.,18-03-2021,2021,3,0,IMD GRID MODEL
Andhra Pradesh,Y.S.R.,25-03-2021,2021,3,0,IMD GRID MODEL
Andhra Pradesh,Y.S.R.,27-03-2021,2021,3,0,IMD GRID MODEL
Andhra Pradesh,Y.S.R.,29-03-2021,2021,3,0,IMD GRID MODEL
Andhra Pradesh,Y.S.R.,06-04-2021,2021,4,0,IMD GRID MODEL
Andhra Pradesh,Y.S.R.,10-04-2021,2021,4,0,IMD GRID MODEL
Andhra Pradesh,Y.S.R.,17-04-2021,2021,4,0.354854343,IMD GRID MODEL
Andhra Pradesh,Y.S.R.,19-04-2021,2021,4,0,IMD GRID MODEL
Andhra Pradesh,Y.S.R.,22-04-2021,2021,4,2.386923091,IMD GRID MODEL
Andhra Pradesh,Y.S.R.,30-04-2021,2021,4,0.003049546,IMD GRID MODEL
Andhra Pradesh,Y.S.R.,14-05-2021,2021,5,0.005406558,IMD GRID MODEL
Andhra Pradesh,Y.S.R.,18-05-2021,2021,5,1.464013194,IMD GRID MODEL
Andhra Pradesh,Y.S.R.,31-05-2021,2021,5,0.003716037,IMD GRID MODEL
Andhra Pradesh,Y.S.R.,10-06-2021,2021,6,1.492617722,IMD GRID MODEL
Andhra Pradesh,Y.S.R.,15-06-2021,2021,6,0.001829687,IMD GRID MODEL
Andhra Pradesh,Y.S.R.,23-06-2021,2021,6,4.372629346,IMD GRID MODEL
Andhra Pradesh,Y.S.R.,28-06-2021,2021,6,0.115608141,IMD GRID MODEL
Andhra Pradesh,Y.S.R.,01-07-2021,2021,7,0.001909798,IMD GRID MODEL
Andhra Pradesh,Y.S.R.,09-07-2021,2021,7,12.37010144,IMD GRID MODEL
Andhra Pradesh,Y.S.R.,12-07-2021,2021,7,3.865417321,IMD GRID MODEL
Andhra Pradesh,Y.S.R.,13-07-2021,2021,7,0,IMD GRID MODEL
Andhra Pradesh,Y.S.R.,15-07-2021,2021,7,36.24213428,IMD GRID MODEL
Andhra Pradesh,Y.S.R.,16-07-2021,2021,7,7.426262939,IMD GRID MODEL
Andhra Pradesh,Y.S.R.,17-07-2021,2021,7,15.01991464,IMD GRID MODEL
Andhra Pradesh,Y.S.R.,22-07-2021,2021,7,6.235041024,IMD GRID MODEL
Andhra Pradesh,Y.S.R.,23-07-2021,2021,7,4.986908238,IMD GRID MODEL
Andhra Pradesh,Y.S.R.,26-07-2021,2021,7,0.367604328,IMD GRID MODEL
Andhra Pradesh,Y.S.R.,27-07-2021,2021,7,0,IMD GRID MODEL
Andhra Pradesh,Y.S.R.,10-08-2021,2021,8,27.23982627,IMD GRID MODEL
Andhra Pradesh,Y.S.R.,19-08-2021,2021,8,0.026016027,IMD GRID MODEL
Andhra Pradesh,Y.S.R.,20-08-2021,2021,8,0.044620329,IMD GRID MODEL
Andhra Pradesh,Y.S.R.,12-09-2021,2021,9,0.169286481,IMD GRID MODEL
Andhra Pradesh,Y.S.R.,16-09-2021,2021,9,0,IMD GRID MODEL
Andhra Pradesh,Y.S.R.,18-09-2021,2021,9,0.11711999,IMD GRID MODEL
Andhra Pradesh,Y.S.R.,26-09-2021,2021,9,17.61922054,IMD GRID MODEL
Andhra Pradesh,Y.S.R.,27-09-2021,2021,9,0,IMD GRID MODEL
Andhra Pradesh,Y.S.R.,28-09-2021,2021,9,0,IMD GRID MODEL
Andhra Pradesh,Y.S.R.,03-10-2021,2021,10,2.508934178,IMD GRID MODEL
Andhra Pradesh,Y.S.R.,13-10-2021,2021,10,1.445512878,IMD GRID MODEL
Andhra Pradesh,Y.S.R.,16-10-2021,2021,10,0.844426259,IMD GRID MODEL
Andhra Pradesh,Y.S.R.,26-10-2021,2021,10,0,IMD GRID MODEL
Andhra Pradesh,Y.S.R.,01-11-2021,2021,11,27.29303425,IMD GRID MODEL
Andhra Pradesh,Y.S.R.,03-11-2021,2021,11,22.90363822,IMD GRID MODEL
Andhra Pradesh,Y.S.R.,10-11-2021,2021,11,0.430865045,IMD GRID MODEL
Andhra Pradesh,Y.S.R.,18-11-2021,2021,11,46.05525749,IMD GRID MODEL
Andhra Pradesh,Y.S.R.,22-11-2021,2021,11,2.317210784,IMD GRID MODEL
Andhra Pradesh,Y.S.R.,02-12-2021,2021,12,0,IMD GRID MODEL
Andhra Pradesh,Y.S.R.,12-12-2021,2021,12,4.453956263,IMD GRID MODEL
Andhra Pradesh,Y.S.R.,15-12-2021,2021,12,0.538791351,IMD GRID MODEL
Andhra Pradesh,Y.S.R.,14-12-2021,2021,12,9.132979578,IMD GRID MODEL
Andhra Pradesh,Y.S.R.,19-12-2021,2021,12,0,IMD GRID MODEL
Andhra Pradesh,Vizianagaram,16-09-2021,2021,9,3.48869067,IMD GRID MODEL
Andhra Pradesh,Vizianagaram,13-10-2021,2021,10,1.199982913,IMD GRID MODEL
Andhra Pradesh,Vizianagaram,17-10-2021,2021,10,24.71471764,IMD GRID MODEL
Andhra Pradesh,Vizianagaram,20-10-2021,2021,10,4.899661615,IMD GRID MODEL
Andhra Pradesh,Vizianagaram,21-10-2021,2021,10,0.446882242,IMD GRID MODEL
Andhra Pradesh,Vizianagaram,24-10-2021,2021,10,0,IMD GRID MODEL
Andhra Pradesh,Vizianagaram,27-10-2021,2021,10,0,IMD GRID MODEL
Andhra Pradesh,Vizianagaram,02-11-2021,2021,11,2.404102466,IMD GRID MODEL
Andhra Pradesh,Vizianagaram,11-11-2021,2021,11,0.130674485,IMD GRID MODEL
Andhra Pradesh,Vizianagaram,18-11-2021,2021,11,0,IMD GRID MODEL
Andhra Pradesh,Vizianagaram,21-11-2021,2021,11,1.010706627,IMD GRID MODEL
Andhra Pradesh,Vizianagaram,22-11-2021,2021,11,0.038307344,IMD GRID MODEL
Andhra Pradesh,Vizianagaram,25-11-2021,2021,11,0,IMD GRID MODEL
Andhra Pradesh,Vizianagaram,03-12-2021,2021,12,0,IMD GRID MODEL
Andhra Pradesh,Vizianagaram,04-12-2021,2021,12,8.365497155,IMD GRID MODEL
Andhra Pradesh,Vizianagaram,07-12-2021,2021,12,0.017826653,IMD GRID MODEL
Andhra Pradesh,Vizianagaram,08-12-2021,2021,12,0,IMD GRID MODEL
Andhra Pradesh,Vizianagaram,10-12-2021,2021,12,0.973553436,IMD GRID MODEL
Andhra Pradesh,Vizianagaram,14-12-2021,2021,12,0,IMD GRID MODEL
Andhra Pradesh,Vizianagaram,25-12-2021,2021,12,0,IMD GRID MODEL
Andhra Pradesh,Vizianagaram,28-12-2021,2021,12,0,IMD GRID MODEL
Andhra Pradesh,West Godavari,04-01-2021,2021,1,0,IMD GRID MODEL
Andhra Pradesh,West Godavari,07-01-2021,2021,1,0,IMD GRID MODEL
Andhra Pradesh,West Godavari,08-01-2021,2021,1,0,IMD GRID MODEL
Andhra Pradesh,West Godavari,13-01-2021,2021,1,0,IMD GRID MODEL
Andhra Pradesh,West Godavari,05-02-2021,2021,2,0,IMD GRID MODEL
Andhra Pradesh,West Godavari,11-02-2021,2021,2,0,IMD GRID MODEL
Andhra Pradesh,West Godavari,12-02-2021,2021,2,0,IMD GRID MODEL
Andhra Pradesh,West Godavari,24-02-2021,2021,2,0,IMD GRID MODEL
Andhra Pradesh,West Godavari,26-02-2021,2021,2,0,IMD GRID MODEL
Andhra Pradesh,West Godavari,28-02-2021,2021,2,0,IMD GRID MODEL
Andhra Pradesh,West Godavari,03-03-2021,2021,3,0,IMD GRID MODEL
Andhra Pradesh,West Godavari,08-03-2021,2021,3,0,IMD GRID MODEL
Andhra Pradesh,West Godavari,09-03-2021,2021,3,0,IMD GRID MODEL
Andhra Pradesh,West Godavari,13-03-2021,2021,3,0,IMD GRID MODEL
Andhra Pradesh,West Godavari,16-03-2021,2021,3,0,IMD GRID MODEL
Andhra Pradesh,West Godavari,19-03-2021,2021,3,0,IMD GRID MODEL
Andhra Pradesh,West Godavari,23-03-2021,2021,3,0,IMD GRID MODEL
Andhra Pradesh,West Godavari,28-03-2021,2021,3,0.08314341,IMD GRID MODEL
Andhra Pradesh,West Godavari,30-03-2021,2021,3,0,IMD GRID MODEL
Andhra Pradesh,West Godavari,04-04-2021,2021,4,0.838962704,IMD GRID MODEL
Andhra Pradesh,West Godavari,05-04-2021,2021,4,0.028187919,IMD GRID MODEL
Andhra Pradesh,West Godavari,08-04-2021,2021,4,0,IMD GRID MODEL
Andhra Pradesh,West Godavari,15-04-2021,2021,4,15.44445061,IMD GRID MODEL
Andhra Pradesh,West Godavari,20-04-2021,2021,4,0,IMD GRID MODEL
Andhra Pradesh,West Godavari,26-04-2021,2021,4,0,IMD GRID MODEL
Andhra Pradesh,West Godavari,27-04-2021,2021,4,0,IMD GRID MODEL
Andhra Pradesh,West Godavari,11-05-2021,2021,5,1.487828674,IMD GRID MODEL
Andhra Pradesh,West Godavari,12-05-2021,2021,5,20.36389738,IMD GRID MODEL
Andhra Pradesh,West Godavari,21-05-2021,2021,5,1.212692469,IMD GRID MODEL
Andhra Pradesh,West Godavari,27-05-2021,2021,5,0,IMD GRID MODEL
Andhra Pradesh,West Godavari,29-05-2021,2021,5,0,IMD GRID MODEL
Andhra Pradesh,West Godavari,31-05-2021,2021,5,0,IMD GRID MODEL
Andhra Pradesh,West Godavari,03-06-2021,2021,6,4.084791823,IMD GRID MODEL
Andhra Pradesh,West Godavari,06-06-2021,2021,6,0.298556213,IMD GRID MODEL
Andhra Pradesh,West Godavari,07-06-2021,2021,6,0.149298825,IMD GRID MODEL
Andhra Pradesh,West Godavari,15-06-2021,2021,6,0.908706953,IMD GRID MODEL
Andhra Pradesh,West Godavari,16-06-2021,2021,6,1.305885627,IMD GRID MODEL
Andhra Pradesh,West Godavari,17-06-2021,2021,6,0.510163308,IMD GRID MODEL
Andhra Pradesh,West Godavari,22-06-2021,2021,6,0.143353388,IMD GRID MODEL
Andhra Pradesh,West Godavari,23-06-2021,2021,6,5.962013897,IMD GRID MODEL
Andhra Pradesh,West Godavari,01-07-2021,2021,7,26.9492639,IMD GRID MODEL
Andhra Pradesh,West Godavari,03-07-2021,2021,7,7.611822407,IMD GRID MODEL
Andhra Pradesh,West Godavari,23-07-2021,2021,7,25.14040919,IMD GRID MODEL
Andhra Pradesh,West Godavari,26-07-2021,2021,7,21.59959949,IMD GRID MODEL
Andhra Pradesh,West Godavari,29-07-2021,2021,7,0.715031098,IMD GRID MODEL
Andhra Pradesh,West Godavari,30-07-2021,2021,7,0.118396398,IMD GRID MODEL
Andhra Pradesh,West Godavari,31-07-2021,2021,7,0.998548843,IMD GRID MODEL
Andhra Pradesh,West Godavari,01-08-2021,2021,8,0.21364042,IMD GRID MODEL
Andhra Pradesh,West Godavari,10-08-2021,2021,8,1.714823754,IMD GRID MODEL
Andhra Pradesh,West Godavari,14-08-2021,2021,8,15.67688504,IMD GRID MODEL
Andhra Pradesh,West Godavari,16-08-2021,2021,8,24.63058993,IMD GRID MODEL
Andhra Pradesh,West Godavari,20-08-2021,2021,8,7.005202878,IMD GRID MODEL
Andhra Pradesh,West Godavari,22-08-2021,2021,8,14.3620532,IMD GRID MODEL
Andhra Pradesh,West Godavari,27-08-2021,2021,8,4.315552241,IMD GRID MODEL
Andhra Pradesh,West Godavari,23-09-2021,2021,9,5.971729403,IMD GRID MODEL
Andhra Pradesh,West Godavari,29-09-2021,2021,9,9.247962137,IMD GRID MODEL
Andhra Pradesh,West Godavari,01-10-2021,2021,10,10.87373563,IMD GRID MODEL
Andhra Pradesh,West Godavari,17-10-2021,2021,10,1.370331067,IMD GRID MODEL
Andhra Pradesh,Anantapur,18-12-2021,2021,12,0,IMD GRID MODEL
Andhra Pradesh,Anantapur,24-01-2021,2021,1,0,IMD GRID MODEL
Andhra Pradesh,Anantapur,28-01-2021,2021,1,0,IMD GRID MODEL
Andhra Pradesh,Anantapur,31-01-2021,2021,1,0,IMD GRID MODEL
Andhra Pradesh,Anantapur,02-02-2021,2021,2,0,IMD GRID MODEL
Andhra Pradesh,Anantapur,05-02-2021,2021,2,0,IMD GRID MODEL
Andhra Pradesh,Anantapur,11-02-2021,2021,2,0,IMD GRID MODEL
Andhra Pradesh,Anantapur,15-02-2021,2021,2,0,IMD GRID MODEL
Andhra Pradesh,Anantapur,17-02-2021,2021,2,0,IMD GRID MODEL
Andhra Pradesh,Anantapur,20-02-2021,2021,2,5.015461089,IMD GRID MODEL
Andhra Pradesh,Anantapur,08-03-2021,2021,3,0,IMD GRID MODEL
Andhra Pradesh,Anantapur,09-03-2021,2021,3,0,IMD GRID MODEL
Andhra Pradesh,Anantapur,12-03-2021,2021,3,0,IMD GRID MODEL
Andhra Pradesh,Anantapur,22-03-2021,2021,3,0,IMD GRID MODEL
Andhra Pradesh,Anantapur,23-03-2021,2021,3,0,IMD GRID MODEL
Andhra Pradesh,Chittoor,12-01-2021,2021,1,0,IMD GRID MODEL
Andhra Pradesh,Chittoor,13-01-2021,2021,1,0,IMD GRID MODEL
Andhra Pradesh,Chittoor,20-01-2021,2021,1,0,IMD GRID MODEL
Andhra Pradesh,Chittoor,22-01-2021,2021,1,0,IMD GRID MODEL
Andhra Pradesh,Chittoor,23-01-2021,2021,1,0,IMD GRID MODEL
Andhra Pradesh,Chittoor,25-01-2021,2021,1,0,IMD GRID MODEL
Andhra Pradesh,Chittoor,31-01-2021,2021,1,0,IMD GRID MODEL
Andhra Pradesh,Chittoor,11-02-2021,2021,2,0,IMD GRID MODEL
Andhra Pradesh,Chittoor,15-02-2021,2021,2,0,IMD GRID MODEL
Andhra Pradesh,Chittoor,17-02-2021,2021,2,0,IMD GRID MODEL
Andhra Pradesh,Chittoor,24-02-2021,2021,2,0,IMD GRID MODEL
Andhra Pradesh,Chittoor,26-02-2021,2021,2,0,IMD GRID MODEL
Andhra Pradesh,Chittoor,08-03-2021,2021,3,0,IMD GRID MODEL
Andhra Pradesh,Chittoor,09-03-2021,2021,3,0,IMD GRID MODEL
Andhra Pradesh,Chittoor,11-03-2021,2021,3,0,IMD GRID MODEL
Andhra Pradesh,Chittoor,16-03-2021,2021,3,0,IMD GRID MODEL
Andhra Pradesh,Chittoor,18-03-2021,2021,3,0,IMD GRID MODEL
Andhra Pradesh,Chittoor,20-03-2021,2021,3,0,IMD GRID MODEL
Andhra Pradesh,Chittoor,26-03-2021,2021,3,0,IMD GRID MODEL
Andhra Pradesh,Chittoor,29-03-2021,2021,3,0,IMD GRID MODEL
Andhra Pradesh,Chittoor,31-03-2021,2021,3,0,IMD GRID MODEL
Andhra Pradesh,Chittoor,01-04-2021,2021,4,0,IMD GRID MODEL
Andhra Pradesh,Chittoor,03-04-2021,2021,4,0,IMD GRID MODEL
Andhra Pradesh,Chittoor,12-04-2021,2021,4,0,IMD GRID MODEL
Andhra Pradesh,Chittoor,14-04-2021,2021,4,0.12842338,IMD GRID MODEL
Andhra Pradesh,Chittoor,25-04-2021,2021,4,1.229325215,IMD GRID MODEL
Andhra Pradesh,Chittoor,27-04-2021,2021,4,0,IMD GRID MODEL
Andhra Pradesh,Chittoor,29-04-2021,2021,4,0.004489119,IMD GRID MODEL
Andhra Pradesh,Chittoor,30-04-2021,2021,4,0.336251814,IMD GRID MODEL
Andhra Pradesh,Chittoor,01-05-2021,2021,5,0.386789426,IMD GRID MODEL
Andhra Pradesh,Chittoor,02-05-2021,2021,5,0,IMD GRID MODEL
Andhra Pradesh,Chittoor,08-05-2021,2021,5,0.924228593,IMD GRID MODEL
Andhra Pradesh,Chittoor,15-05-2021,2021,5,0.004237212,IMD GRID MODEL
Andhra Pradesh,Chittoor,24-05-2021,2021,5,0.001045516,IMD GRID MODEL
Andhra Pradesh,Chittoor,28-05-2021,2021,5,0,IMD GRID MODEL
Andhra Pradesh,Chittoor,29-05-2021,2021,5,0.034149646,IMD GRID MODEL
Andhra Pradesh,Chittoor,05-06-2021,2021,6,13.290297,IMD GRID MODEL
Andhra Pradesh,Chittoor,09-06-2021,2021,6,0.813150627,IMD GRID MODEL
Andhra Pradesh,Chittoor,13-06-2021,2021,6,0.249991286,IMD GRID MODEL
Andhra Pradesh,Chittoor,15-06-2021,2021,6,0.337686519,IMD GRID MODEL
Andhra Pradesh,Chittoor,21-06-2021,2021,6,0,IMD GRID MODEL
Andhra Pradesh,Chittoor,24-06-2021,2021,6,22.33195401,IMD GRID MODEL
Andhra Pradesh,Chittoor,27-06-2021,2021,6,1.247918049,IMD GRID MODEL
Andhra Pradesh,Chittoor,30-06-2021,2021,6,0,IMD GRID MODEL
Andhra Pradesh,Chittoor,06-07-2021,2021,7,1.352752233,IMD GRID MODEL
Andhra Pradesh,Chittoor,09-07-2021,2021,7,38.38201276,IMD GRID MODEL
Andhra Pradesh,Chittoor,13-07-2021,2021,7,0,IMD GRID MODEL
Andhra Pradesh,Chittoor,17-07-2021,2021,7,21.86730108,IMD GRID MODEL
Andhra Pradesh,Chittoor,21-07-2021,2021,7,2.797827601,IMD GRID MODEL
Andhra Pradesh,Chittoor,27-07-2021,2021,7,0.947807803,IMD GRID MODEL
Andhra Pradesh,Chittoor,29-07-2021,2021,7,0.002880583,IMD GRID MODEL
Andhra Pradesh,Chittoor,31-07-2021,2021,7,0,IMD GRID MODEL
Andhra Pradesh,Chittoor,03-08-2021,2021,8,0.309554977,IMD GRID MODEL
Andhra Pradesh,Chittoor,16-08-2021,2021,8,0.038088488,IMD GRID MODEL
Andhra Pradesh,Chittoor,20-08-2021,2021,8,2.290462188,IMD GRID MODEL
Andhra Pradesh,Chittoor,21-08-2021,2021,8,0.503874983,IMD GRID MODEL
Andhra Pradesh,Chittoor,26-08-2021,2021,8,6.403973008,IMD GRID MODEL
Andhra Pradesh,Chittoor,10-09-2021,2021,9,0.004975021,IMD GRID MODEL
Andhra Pradesh,Chittoor,15-09-2021,2021,9,0,IMD GRID MODEL
Andhra Pradesh,Chittoor,21-09-2021,2021,9,11.6073391,IMD GRID MODEL
Andhra Pradesh,Chittoor,23-09-2021,2021,9,4.359066266,IMD GRID MODEL
Andhra Pradesh,Chittoor,28-09-2021,2021,9,0.000172934,IMD GRID MODEL
Andhra Pradesh,Chittoor,01-10-2021,2021,10,1.231265015,IMD GRID MODEL
Andhra Pradesh,Chittoor,04-10-2021,2021,10,3.498072949,IMD GRID MODEL
Andhra Pradesh,Chittoor,10-10-2021,2021,10,3.755757998,IMD GRID MODEL
Andhra Pradesh,Chittoor,23-10-2021,2021,10,8.711341277,IMD GRID MODEL
Andhra Pradesh,Chittoor,25-10-2021,2021,10,9.399518294,IMD GRID MODEL
Andhra Pradesh,Chittoor,30-10-2021,2021,10,17.59598888,IMD GRID MODEL
Andhra Pradesh,Chittoor,08-11-2021,2021,11,32.59181149,IMD GRID MODEL
Andhra Pradesh,Chittoor,21-11-2021,2021,11,22.13260551,IMD GRID MODEL
Andhra Pradesh,Chittoor,23-11-2021,2021,11,2.4485904,IMD GRID MODEL
Andhra Pradesh,Chittoor,01-12-2021,2021,12,10.99579594,IMD GRID MODEL
Andhra Pradesh,Chittoor,03-12-2021,2021,12,0,IMD GRID MODEL
Andhra Pradesh,Chittoor,10-12-2021,2021,12,5.86235632,IMD GRID MODEL
Andhra Pradesh,Chittoor,15-12-2021,2021,12,0.213764917,IMD GRID MODEL
Andhra Pradesh,Chittoor,18-12-2021,2021,12,0,IMD GRID MODEL
Andhra Pradesh,East Godavari,01-01-2021,2021,1,0,IMD GRID MODEL
Andhra Pradesh,East Godavari,03-01-2021,2021,1,0,IMD GRID MODEL
Andhra Pradesh,East Godavari,05-01-2021,2021,1,0,IMD GRID MODEL
Andhra Pradesh,East Godavari,07-01-2021,2021,1,0,IMD GRID MODEL
Andhra Pradesh,East Godavari,14-01-2021,2021,1,0,IMD GRID MODEL
Andhra Pradesh,East Godavari,17-01-2021,2021,1,0,IMD GRID MODEL
Andhra Pradesh,East Godavari,20-01-2021,2021,1,0,IMD GRID MODEL
Andhra Pradesh,East Godavari,27-01-2021,2021,1,0,IMD GRID MODEL
Andhra Pradesh,East Godavari,29-01-2021,2021,1,0.372807888,IMD GRID MODEL
Andhra Pradesh,East Godavari,03-02-2021,2021,2,0,IMD GRID MODEL
Andhra Pradesh,East Godavari,05-02-2021,2021,2,0,IMD GRID MODEL
Andhra Pradesh,East Godavari,08-02-2021,2021,2,0,IMD GRID MODEL
Andhra Pradesh,East Godavari,09-02-2021,2021,2,0,IMD GRID MODEL
Andhra Pradesh,East Godavari,16-02-2021,2021,2,0,IMD GRID MODEL
Andhra Pradesh,East Godavari,27-02-2021,2021,2,0,IMD GRID MODEL
Andhra Pradesh,East Godavari,04-03-2021,2021,3,0,IMD GRID MODEL
Andhra Pradesh,East Godavari,07-03-2021,2021,3,0,IMD GRID MODEL
Andhra Pradesh,East Godavari,13-03-2021,2021,3,0,IMD GRID MODEL
Andhra Pradesh,East Godavari,15-03-2021,2021,3,0,IMD GRID MODEL
Andhra Pradesh,East Godavari,18-03-2021,2021,3,0,IMD GRID MODEL
Andhra Pradesh,East Godavari,25-03-2021,2021,3,0,IMD GRID MODEL
Andhra Pradesh,East Godavari,26-03-2021,2021,3,0.677664344,IMD GRID MODEL
Andhra Pradesh,East Godavari,27-03-2021,2021,3,0,IMD GRID MODEL
Andhra Pradesh,East Godavari,03-04-2021,2021,4,0,IMD GRID MODEL
Andhra Pradesh,East Godavari,05-04-2021,2021,4,0.168182232,IMD GRID MODEL
Andhra Pradesh,East Godavari,10-04-2021,2021,4,0,IMD GRID MODEL
Andhra Pradesh,East Godavari,14-04-2021,2021,4,1.273890588,IMD GRID MODEL
Andhra Pradesh,East Godavari,15-04-2021,2021,4,8.441255018,IMD GRID MODEL
Andhra Pradesh,East Godavari,19-04-2021,2021,4,5.410370295,IMD GRID MODEL
Andhra Pradesh,East Godavari,06-05-2021,2021,5,4.742317871,IMD GRID MODEL
Andhra Pradesh,East Godavari,07-05-2021,2021,5,0.000383227,IMD GRID MODEL
Andhra Pradesh,East Godavari,08-05-2021,2021,5,0.895528843,IMD GRID MODEL
Andhra Pradesh,East Godavari,09-05-2021,2021,5,2.115718373,IMD GRID MODEL
Andhra Pradesh,East Godavari,14-05-2021,2021,5,1.229488616,IMD GRID MODEL
Andhra Pradesh,East Godavari,17-05-2021,2021,5,8.735351299,IMD GRID MODEL
Andhra Pradesh,East Godavari,18-05-2021,2021,5,2.170856397,IMD GRID MODEL
Andhra Pradesh,East Godavari,02-06-2021,2021,6,0.208754909,IMD GRID MODEL
Andhra Pradesh,East Godavari,06-06-2021,2021,6,0.574417695,IMD GRID MODEL
Andhra Pradesh,East Godavari,10-06-2021,2021,6,3.421882522,IMD GRID MODEL
Andhra Pradesh,East Godavari,21-06-2021,2021,6,0.008248904,IMD GRID MODEL
Andhra Pradesh,East Godavari,27-06-2021,2021,6,20.63069656,IMD GRID MODEL
Andhra Pradesh,East Godavari,02-07-2021,2021,7,12.10889931,IMD GRID MODEL
Andhra Pradesh,East Godavari,08-07-2021,2021,7,33.33528348,IMD GRID MODEL
Andhra Pradesh,East Godavari,12-07-2021,2021,7,29.7539792,IMD GRID MODEL
Andhra Pradesh,East Godavari,13-07-2021,2021,7,23.80345847,IMD GRID MODEL
Andhra Pradesh,East Godavari,15-07-2021,2021,7,8.24642553,IMD GRID MODEL
Andhra Pradesh,East Godavari,17-07-2021,2021,7,1.742888511,IMD GRID MODEL
Andhra Pradesh,East Godavari,02-08-2021,2021,8,0.307630135,IMD GRID MODEL
Andhra Pradesh,East Godavari,04-08-2021,2021,8,0.056940571,IMD GRID MODEL
Andhra Pradesh,East Godavari,16-08-2021,2021,8,24.60500992,IMD GRID MODEL
Andhra Pradesh,East Godavari,21-08-2021,2021,8,7.297529205,IMD GRID MODEL
Andhra Pradesh,East Godavari,27-08-2021,2021,8,0.417975401,IMD GRID MODEL
Andhra Pradesh,East Godavari,29-08-2021,2021,8,4.004447446,IMD GRID MODEL
Andhra Pradesh,East Godavari,01-09-2021,2021,9,4.979020481,IMD GRID MODEL
Andhra Pradesh,East Godavari,10-09-2021,2021,9,0.583542569,IMD GRID MODEL
Andhra Pradesh,East Godavari,15-09-2021,2021,9,1.970991019,IMD GRID MODEL
Andhra Pradesh,East Godavari,20-09-2021,2021,9,5.156356748,IMD GRID MODEL
Andhra Pradesh,East Godavari,25-09-2021,2021,9,0.883718513,IMD GRID MODEL
Andhra Pradesh,East Godavari,28-09-2021,2021,9,28.46496159,IMD GRID MODEL
Andhra Pradesh,East Godavari,07-10-2021,2021,10,2.09137606,IMD GRID MODEL
Andhra Pradesh,East Godavari,09-10-2021,2021,10,1.054277191,IMD GRID MODEL
Andhra Pradesh,East Godavari,10-10-2021,2021,10,8.897086533,IMD GRID MODEL
Andhra Pradesh,East Godavari,18-10-2021,2021,10,0.828764837,IMD GRID MODEL
Andhra Pradesh,East Godavari,24-10-2021,2021,10,10.96998414,IMD GRID MODEL
Andhra Pradesh,East Godavari,03-11-2021,2021,11,3.785470928,IMD GRID MODEL
Andhra Pradesh,East Godavari,04-11-2021,2021,11,5.992335844,IMD GRID MODEL
Andhra Pradesh,East Godavari,08-11-2021,2021,11,0,IMD GRID MODEL
Andhra Pradesh,East Godavari,14-11-2021,2021,11,9.672118377,IMD GRID MODEL
Andhra Pradesh,East Godavari,19-11-2021,2021,11,4.422177082,IMD GRID MODEL
Andhra Pradesh,East Godavari,25-11-2021,2021,11,1.779890673,IMD GRID MODEL
Andhra Pradesh,East Godavari,29-11-2021,2021,11,0.003458391,IMD GRID MODEL
Andhra Pradesh,East Godavari,09-12-2021,2021,12,0.069224074,IMD GRID MODEL
Andhra Pradesh,East Godavari,13-12-2021,2021,12,0.14047152,IMD GRID MODEL
Andhra Pradesh,East Godavari,17-12-2021,2021,12,0,IMD GRID MODEL
Andhra Pradesh,East Godavari,18-12-2021,2021,12,0,IMD GRID MODEL
Andhra Pradesh,East Godavari,22-12-2021,2021,12,0,IMD GRID MODEL
Andhra Pradesh,Guntur,11-01-2021,2021,1,0,IMD GRID MODEL
Andhra Pradesh,Guntur,18-01-2021,2021,1,0,IMD GRID MODEL
Andhra Pradesh,Guntur,20-01-2021,2021,1,0,IMD GRID MODEL
Andhra Pradesh,Guntur,26-01-2021,2021,1,0,IMD GRID MODEL
Andhra Pradesh,Guntur,27-01-2021,2021,1,0,IMD GRID MODEL
Andhra Pradesh,Guntur,28-01-2021,2021,1,0,IMD GRID MODEL
Andhra Pradesh,Guntur,05-02-2021,2021,2,0,IMD GRID MODEL
Andhra Pradesh,Guntur,28-02-2021,2021,2,0,IMD GRID MODEL
Andhra Pradesh,Guntur,03-03-2021,2021,3,0,IMD GRID MODEL
Andhra Pradesh,Guntur,21-03-2021,2021,3,0,IMD GRID MODEL
Andhra Pradesh,Guntur,23-03-2021,2021,3,0,IMD GRID MODEL
Andhra Pradesh,Guntur,30-03-2021,2021,3,0,IMD GRID MODEL
Andhra Pradesh,Guntur,04-04-2021,2021,4,0,IMD GRID MODEL
Andhra Pradesh,Guntur,09-04-2021,2021,4,0,IMD GRID MODEL
Andhra Pradesh,Guntur,11-04-2021,2021,4,0,IMD GRID MODEL
Andhra Pradesh,Guntur,16-04-2021,2021,4,0,IMD GRID MODEL
Andhra Pradesh,Guntur,18-04-2021,2021,4,0,IMD GRID MODEL
Andhra Pradesh,Guntur,20-04-2021,2021,4,0,IMD GRID MODEL
Andhra Pradesh,Guntur,23-04-2021,2021,4,1.04580356,IMD GRID MODEL
Andhra Pradesh,Guntur,26-04-2021,2021,4,0,IMD GRID MODEL
Andhra Pradesh,Guntur,30-04-2021,2021,4,0.675786168,IMD GRID MODEL
Andhra Pradesh,Guntur,02-05-2021,2021,5,0,IMD GRID MODEL
Andhra Pradesh,Guntur,04-05-2021,2021,5,0.167249527,IMD GRID MODEL
Andhra Pradesh,Guntur,08-05-2021,2021,5,0,IMD GRID MODEL
Andhra Pradesh,Guntur,17-05-2021,2021,5,4.605319275,IMD GRID MODEL
Andhra Pradesh,Guntur,19-05-2021,2021,5,0.01561247,IMD GRID MODEL
Andhra Pradesh,Guntur,24-05-2021,2021,5,3.018657335,IMD GRID MODEL
Andhra Pradesh,Guntur,25-05-2021,2021,5,0,IMD GRID MODEL
Andhra Pradesh,Guntur,06-06-2021,2021,6,0.406734289,IMD GRID MODEL
Andhra Pradesh,Guntur,10-06-2021,2021,6,0.540489212,IMD GRID MODEL
Andhra Pradesh,Guntur,15-06-2021,2021,6,0,IMD GRID MODEL
Andhra Pradesh,Guntur,17-06-2021,2021,6,0.171295907,IMD GRID MODEL
Andhra Pradesh,Guntur,18-06-2021,2021,6,0.368945622,IMD GRID MODEL
Andhra Pradesh,Guntur,02-07-2021,2021,7,9.787614487,IMD GRID MODEL
Andhra Pradesh,Guntur,04-07-2021,2021,7,1.396573566,IMD GRID MODEL
Andhra Pradesh,Guntur,05-07-2021,2021,7,3.029813193,IMD GRID MODEL
Andhra Pradesh,Guntur,07-07-2021,2021,7,1.531152783,IMD GRID MODEL
Andhra Pradesh,Guntur,10-07-2021,2021,7,11.72052035,IMD GRID MODEL
Andhra Pradesh,Guntur,11-07-2021,2021,7,1.229483569,IMD GRID MODEL
Andhra Pradesh,Guntur,16-07-2021,2021,7,23.40953385,IMD GRID MODEL
Andhra Pradesh,Guntur,21-07-2021,2021,7,2.087506182,IMD GRID MODEL
Andhra Pradesh,Guntur,02-08-2021,2021,8,0,IMD GRID MODEL
Andhra Pradesh,Guntur,16-08-2021,2021,8,35.68968391,IMD GRID MODEL
Andhra Pradesh,Guntur,24-08-2021,2021,8,0.10248285,IMD GRID MODEL
Andhra Pradesh,Guntur,01-09-2021,2021,9,5.956610789,IMD GRID MODEL
Andhra Pradesh,Guntur,14-09-2021,2021,9,0.422387996,IMD GRID MODEL
Andhra Pradesh,Guntur,27-09-2021,2021,9,19.25355953,IMD GRID MODEL
Andhra Pradesh,Guntur,30-09-2021,2021,9,0.125019167,IMD GRID MODEL
Andhra Pradesh,Guntur,04-10-2021,2021,10,0.767626727,IMD GRID MODEL
Andhra Pradesh,Guntur,05-10-2021,2021,10,8.603968951,IMD GRID MODEL
Andhra Pradesh,Guntur,14-10-2021,2021,10,1.240104667,IMD GRID MODEL
Andhra Pradesh,Guntur,15-10-2021,2021,10,0.296966821,IMD GRID MODEL
Andhra Pradesh,Guntur,17-10-2021,2021,10,4.380639754,IMD GRID MODEL
Andhra Pradesh,Guntur,31-10-2021,2021,10,4.332751047,IMD GRID MODEL
Andhra Pradesh,Guntur,04-11-2021,2021,11,4.668949946,IMD GRID MODEL
Andhra Pradesh,Guntur,06-11-2021,2021,11,0.012405797,IMD GRID MODEL
Andhra Pradesh,Anantapur,16-03-2021,2021,3,0,IMD GRID MODEL
Andhra Pradesh,Anantapur,18-03-2021,2021,3,0,IMD GRID MODEL
Andhra Pradesh,Anantapur,25-03-2021,2021,3,0,IMD GRID MODEL
Andhra Pradesh,Anantapur,03-04-2021,2021,4,0,IMD GRID MODEL
Andhra Pradesh,Anantapur,07-06-2021,2021,6,0.278927834,IMD GRID MODEL
Andhra Pradesh,Anantapur,28-06-2021,2021,6,0.612683303,IMD GRID MODEL
Andhra Pradesh,Anantapur,19-07-2021,2021,7,7.896571524,IMD GRID MODEL
Andhra Pradesh,Anantapur,02-08-2021,2021,8,0.044632451,IMD GRID MODEL
Andhra Pradesh,Anantapur,25-08-2021,2021,8,10.3827672,IMD GRID MODEL
Andhra Pradesh,Anantapur,27-09-2021,2021,9,0.010609143,IMD GRID MODEL
Andhra Pradesh,Anantapur,04-10-2021,2021,10,0.316199437,IMD GRID MODEL
Andhra Pradesh,Anantapur,19-11-2021,2021,11,94.43499949,IMD GRID MODEL
Andhra Pradesh,Anantapur,25-11-2021,2021,11,2.962127727,IMD GRID MODEL
Andhra Pradesh,Anantapur,08-12-2021,2021,12,0,IMD GRID MODEL
Andhra Pradesh,Anantapur,29-03-2021,2021,3,0,IMD GRID MODEL
Andhra Pradesh,Anantapur,01-01-2021,2021,1,0,IMD GRID MODEL
Andhra Pradesh,Anantapur,01-04-2021,2021,4,0,IMD GRID MODEL
Andhra Pradesh,Anantapur,08-04-2021,2021,4,0,IMD GRID MODEL
Andhra Pradesh,Anantapur,11-04-2021,2021,4,0,IMD GRID MODEL
Andhra Pradesh,Anantapur,29-06-2021,2021,6,0.362562894,IMD GRID MODEL
Andhra Pradesh,Anantapur,17-04-2021,2021,4,0.018646221,IMD GRID MODEL
Andhra Pradesh,Anantapur,18-04-2021,2021,4,0,IMD GRID MODEL
Andhra Pradesh,Anantapur,19-04-2021,2021,4,0,IMD GRID MODEL
Andhra Pradesh,Anantapur,26-04-2021,2021,4,0,IMD GRID MODEL
Andhra Pradesh,Anantapur,08-05-2021,2021,5,0.154979747,IMD GRID MODEL
Andhra Pradesh,Anantapur,10-05-2021,2021,5,0,IMD GRID MODEL
Andhra Pradesh,Anantapur,01-07-2021,2021,7,0.030874274,IMD GRID MODEL
Andhra Pradesh,Anantapur,04-07-2021,2021,7,8.160531555,IMD GRID MODEL
Andhra Pradesh,Anantapur,18-07-2021,2021,7,23.42244247,IMD GRID MODEL
Andhra Pradesh,Anantapur,25-07-2021,2021,7,0.181715577,IMD GRID MODEL
Andhra Pradesh,Anantapur,07-08-2021,2021,8,0.454684054,IMD GRID MODEL
Andhra Pradesh,Anantapur,19-08-2021,2021,8,0.069754721,IMD GRID MODEL
Andhra Pradesh,Anantapur,29-08-2021,2021,8,3.976180059,IMD GRID MODEL
Andhra Pradesh,Anantapur,03-09-2021,2021,9,14.72372908,IMD GRID MODEL
Andhra Pradesh,Anantapur,10-09-2021,2021,9,0,IMD GRID MODEL
Andhra Pradesh,Anantapur,20-09-2021,2021,9,0.071935916,IMD GRID MODEL
Andhra Pradesh,Anantapur,20-05-2021,2021,5,11.90707768,IMD GRID MODEL
Andhra Pradesh,Anantapur,21-05-2021,2021,5,11.37416796,IMD GRID MODEL
Andhra Pradesh,Anantapur,25-05-2021,2021,5,0.664649641,IMD GRID MODEL
Andhra Pradesh,Anantapur,09-06-2021,2021,6,0,IMD GRID MODEL
Andhra Pradesh,Anantapur,16-06-2021,2021,6,0.019536733,IMD GRID MODEL
Andhra Pradesh,Anantapur,18-06-2021,2021,6,0.143949209,IMD GRID MODEL
Andhra Pradesh,Anantapur,06-10-2021,2021,10,5.583203565,IMD GRID MODEL
Andhra Pradesh,Anantapur,10-10-2021,2021,10,12.94312097,IMD GRID MODEL
Andhra Pradesh,Anantapur,16-10-2021,2021,10,0.018418958,IMD GRID MODEL
Andhra Pradesh,Anantapur,20-10-2021,2021,10,0.000233961,IMD GRID MODEL
Andhra Pradesh,Anantapur,21-10-2021,2021,10,12.83606636,IMD GRID MODEL
Andhra Pradesh,Anantapur,25-10-2021,2021,10,3.463169694,IMD GRID MODEL
Andhra Pradesh,Anantapur,24-09-2021,2021,9,2.075319049,IMD GRID MODEL
Andhra Pradesh,Anantapur,30-09-2021,2021,9,6.96593616,IMD GRID MODEL
Andhra Pradesh,Anantapur,01-10-2021,2021,10,0.81712666,IMD GRID MODEL
Andhra Pradesh,Anantapur,28-12-2021,2021,12,0,IMD GRID MODEL
Andhra Pradesh,Anantapur,28-10-2021,2021,10,0,IMD GRID MODEL
Andhra Pradesh,Anantapur,03-11-2021,2021,11,4.95773421,IMD GRID MODEL
Andhra Pradesh,Anantapur,11-11-2021,2021,11,1.224841336,IMD GRID MODEL
Andhra Pradesh,Anantapur,09-01-2021,2021,1,0.039357022,IMD GRID MODEL
Andhra Pradesh,Anantapur,13-11-2021,2021,11,15.73681296,IMD GRID MODEL
Andhra Pradesh,Anantapur,14-11-2021,2021,11,9.124304528,IMD GRID MODEL
Andhra Pradesh,Anantapur,10-01-2021,2021,1,0.000122936,IMD GRID MODEL
Andhra Pradesh,Anantapur,15-11-2021,2021,11,7.771801323,IMD GRID MODEL
Andhra Pradesh,Anantapur,11-01-2021,2021,1,0,IMD GRID MODEL
Andhra Pradesh,Anantapur,20-11-2021,2021,11,15.82158843,IMD GRID MODEL
Andhra Pradesh,Anantapur,29-11-2021,2021,11,4.340966812,IMD GRID MODEL
Andhra Pradesh,Anantapur,01-12-2021,2021,12,1.543836486,IMD GRID MODEL
Andhra Pradesh,Anantapur,04-12-2021,2021,12,0.016132784,IMD GRID MODEL
Andhra Pradesh,Anantapur,10-12-2021,2021,12,4.145985689,IMD GRID MODEL
Andhra Pradesh,Anantapur,19-01-2021,2021,1,0,IMD GRID MODEL
Andhra Pradesh,Anantapur,20-12-2021,2021,12,0,IMD GRID MODEL
Andhra Pradesh,Anantapur,21-12-2021,2021,12,0,IMD GRID MODEL
Andhra Pradesh,Anantapur,26-12-2021,2021,12,0,IMD GRID MODEL
Andhra Pradesh,Anantapur,06-02-2021,2021,2,0,IMD GRID MODEL
Andhra Pradesh,Anantapur,13-02-2021,2021,2,0,IMD GRID MODEL
Andhra Pradesh,Anantapur,28-02-2021,2021,2,0,IMD GRID MODEL
Andhra Pradesh,Anantapur,03-03-2021,2021,3,0,IMD GRID MODEL
Andhra Pradesh,Anantapur,11-03-2021,2021,3,0,IMD GRID MODEL
Andhra Pradesh,Chittoor,09-01-2021,2021,1,1.902303633,IMD GRID MODEL
Andhra Pradesh,Chittoor,10-01-2021,2021,1,0.206188399,IMD GRID MODEL
Andhra Pradesh,Chittoor,26-01-2021,2021,1,0,IMD GRID MODEL
Andhra Pradesh,Chittoor,30-01-2021,2021,1,0,IMD GRID MODEL
Andhra Pradesh,Chittoor,03-02-2021,2021,2,0.346211182,IMD GRID MODEL
Andhra Pradesh,Chittoor,05-02-2021,2021,2,0,IMD GRID MODEL
Andhra Pradesh,Chittoor,07-02-2021,2021,2,0,IMD GRID MODEL
Andhra Pradesh,Chittoor,08-02-2021,2021,2,0,IMD GRID MODEL
Andhra Pradesh,Chittoor,12-02-2021,2021,2,0,IMD GRID MODEL
Andhra Pradesh,Chittoor,16-02-2021,2021,2,0,IMD GRID MODEL
Andhra Pradesh,Chittoor,23-02-2021,2021,2,0,IMD GRID MODEL
Andhra Pradesh,Chittoor,04-03-2021,2021,3,0,IMD GRID MODEL
Andhra Pradesh,Chittoor,05-03-2021,2021,3,0,IMD GRID MODEL
Andhra Pradesh,Chittoor,07-03-2021,2021,3,0,IMD GRID MODEL
Andhra Pradesh,Chittoor,10-03-2021,2021,3,0,IMD GRID MODEL
Andhra Pradesh,Chittoor,14-03-2021,2021,3,0,IMD GRID MODEL
Andhra Pradesh,Chittoor,17-03-2021,2021,3,0,IMD GRID MODEL
Andhra Pradesh,Chittoor,21-03-2021,2021,3,0,IMD GRID MODEL
Andhra Pradesh,Chittoor,25-03-2021,2021,3,0,IMD GRID MODEL
Andhra Pradesh,Chittoor,11-04-2021,2021,4,0,IMD GRID MODEL
Andhra Pradesh,Chittoor,15-04-2021,2021,4,24.43905326,IMD GRID MODEL
Andhra Pradesh,Chittoor,17-04-2021,2021,4,0,IMD GRID MODEL
Andhra Pradesh,Chittoor,21-04-2021,2021,4,0.029169077,IMD GRID MODEL
Andhra Pradesh,Chittoor,22-04-2021,2021,4,0.011136317,IMD GRID MODEL
Andhra Pradesh,Chittoor,09-05-2021,2021,5,0.391475752,IMD GRID MODEL
Andhra Pradesh,Chittoor,10-05-2021,2021,5,0,IMD GRID MODEL
Andhra Pradesh,Chittoor,18-05-2021,2021,5,0.014281087,IMD GRID MODEL
Andhra Pradesh,Chittoor,03-06-2021,2021,6,7.815022131,IMD GRID MODEL
Andhra Pradesh,Chittoor,04-06-2021,2021,6,3.38421308,IMD GRID MODEL
Andhra Pradesh,Chittoor,06-06-2021,2021,6,28.04360533,IMD GRID MODEL
Andhra Pradesh,Chittoor,11-06-2021,2021,6,0.032846311,IMD GRID MODEL
Andhra Pradesh,Chittoor,26-06-2021,2021,6,0.156469618,IMD GRID MODEL
Andhra Pradesh,Chittoor,28-06-2021,2021,6,1.351314573,IMD GRID MODEL
Andhra Pradesh,Chittoor,04-07-2021,2021,7,4.054354881,IMD GRID MODEL
Andhra Pradesh,Chittoor,07-07-2021,2021,7,1.557437344,IMD GRID MODEL
Andhra Pradesh,Chittoor,19-07-2021,2021,7,10.41119155,IMD GRID MODEL
Andhra Pradesh,Chittoor,24-07-2021,2021,7,0,IMD GRID MODEL
Andhra Pradesh,Chittoor,25-07-2021,2021,7,0.078911937,IMD GRID MODEL
Andhra Pradesh,Chittoor,02-08-2021,2021,8,0.22362054,IMD GRID MODEL
Andhra Pradesh,Chittoor,07-08-2021,2021,8,0.536799961,IMD GRID MODEL
Andhra Pradesh,Chittoor,10-08-2021,2021,8,32.44410849,IMD GRID MODEL
Andhra Pradesh,Chittoor,11-08-2021,2021,8,1.411508489,IMD GRID MODEL
Andhra Pradesh,Chittoor,13-08-2021,2021,8,0.319239348,IMD GRID MODEL
Andhra Pradesh,Chittoor,18-08-2021,2021,8,1.963469337,IMD GRID MODEL
Andhra Pradesh,Chittoor,25-08-2021,2021,8,13.12235803,IMD GRID MODEL
Andhra Pradesh,Chittoor,29-08-2021,2021,8,12.854203,IMD GRID MODEL
Andhra Pradesh,Chittoor,01-09-2021,2021,9,1.731665455,IMD GRID MODEL
Andhra Pradesh,Chittoor,14-09-2021,2021,9,0.011097178,IMD GRID MODEL
Andhra Pradesh,Chittoor,17-09-2021,2021,9,0.053394052,IMD GRID MODEL
Andhra Pradesh,Chittoor,19-09-2021,2021,9,3.577168602,IMD GRID MODEL
Andhra Pradesh,Chittoor,13-10-2021,2021,10,8.222488516,IMD GRID MODEL
Andhra Pradesh,Chittoor,14-10-2021,2021,10,11.60788145,IMD GRID MODEL
Andhra Pradesh,Chittoor,15-10-2021,2021,10,1.518644769,IMD GRID MODEL
Andhra Pradesh,Chittoor,16-10-2021,2021,10,9.734307603,IMD GRID MODEL
Andhra Pradesh,Chittoor,19-10-2021,2021,10,0.009390874,IMD GRID MODEL
Andhra Pradesh,Chittoor,29-10-2021,2021,10,0.591332715,IMD GRID MODEL
Andhra Pradesh,Chittoor,02-11-2021,2021,11,9.060543437,IMD GRID MODEL
Andhra Pradesh,Chittoor,09-11-2021,2021,11,3.424489079,IMD GRID MODEL
Andhra Pradesh,Chittoor,19-11-2021,2021,11,105.3626329,IMD GRID MODEL
Andhra Pradesh,Chittoor,24-11-2021,2021,11,0.001496373,IMD GRID MODEL
Andhra Pradesh,Chittoor,25-11-2021,2021,11,1.238965088,IMD GRID MODEL
Andhra Pradesh,Chittoor,28-11-2021,2021,11,14.08511183,IMD GRID MODEL
Andhra Pradesh,Chittoor,02-12-2021,2021,12,0.017686032,IMD GRID MODEL
Andhra Pradesh,Chittoor,21-12-2021,2021,12,0,IMD GRID MODEL
Andhra Pradesh,Chittoor,26-12-2021,2021,12,0,IMD GRID MODEL
Andhra Pradesh,Chittoor,27-12-2021,2021,12,0,IMD GRID MODEL
Andhra Pradesh,Chittoor,31-12-2021,2021,12,21.10017017,IMD GRID MODEL
Andhra Pradesh,East Godavari,04-01-2021,2021,1,0,IMD GRID MODEL
Andhra Pradesh,East Godavari,18-01-2021,2021,1,0,IMD GRID MODEL
Andhra Pradesh,East Godavari,19-01-2021,2021,1,0,IMD GRID MODEL
Andhra Pradesh,East Godavari,25-01-2021,2021,1,0,IMD GRID MODEL
Andhra Pradesh,East Godavari,31-01-2021,2021,1,0.488976381,IMD GRID MODEL
Andhra Pradesh,East Godavari,06-02-2021,2021,2,0,IMD GRID MODEL
Andhra Pradesh,East Godavari,10-02-2021,2021,2,0,IMD GRID MODEL
Andhra Pradesh,East Godavari,11-02-2021,2021,2,0,IMD GRID MODEL
Andhra Pradesh,East Godavari,12-02-2021,2021,2,0,IMD GRID MODEL
Andhra Pradesh,East Godavari,13-02-2021,2021,2,0,IMD GRID MODEL
Andhra Pradesh,East Godavari,18-02-2021,2021,2,0,IMD GRID MODEL
Andhra Pradesh,East Godavari,20-02-2021,2021,2,0,IMD GRID MODEL
Andhra Pradesh,East Godavari,21-02-2021,2021,2,0.005673867,IMD GRID MODEL
Andhra Pradesh,East Godavari,22-02-2021,2021,2,0,IMD GRID MODEL
Andhra Pradesh,East Godavari,25-02-2021,2021,2,0,IMD GRID MODEL
Andhra Pradesh,East Godavari,02-03-2021,2021,3,0,IMD GRID MODEL
Andhra Pradesh,East Godavari,03-03-2021,2021,3,0,IMD GRID MODEL
Andhra Pradesh,Anantapur,30-01-2021,2021,1,0,IMD GRID MODEL
Andhra Pradesh,Anantapur,07-02-2021,2021,2,0,IMD GRID MODEL
Andhra Pradesh,Anantapur,22-02-2021,2021,2,4.26471047,IMD GRID MODEL
Andhra Pradesh,Anantapur,04-03-2021,2021,3,0,IMD GRID MODEL
Andhra Pradesh,Anantapur,19-03-2021,2021,3,0,IMD GRID MODEL
Andhra Pradesh,Anantapur,07-04-2021,2021,4,0,IMD GRID MODEL
Andhra Pradesh,Anantapur,24-04-2021,2021,4,5.612940624,IMD GRID MODEL
Andhra Pradesh,Anantapur,01-05-2021,2021,5,0.1425757,IMD GRID MODEL
Andhra Pradesh,Anantapur,14-06-2021,2021,6,0.624548415,IMD GRID MODEL
Andhra Pradesh,Anantapur,23-06-2021,2021,6,0.000285582,IMD GRID MODEL
Andhra Pradesh,Anantapur,25-06-2021,2021,6,0.018816824,IMD GRID MODEL
Andhra Pradesh,Anantapur,09-07-2021,2021,7,1.826038826,IMD GRID MODEL
Andhra Pradesh,Anantapur,11-07-2021,2021,7,0.014404427,IMD GRID MODEL
Andhra Pradesh,Anantapur,13-07-2021,2021,7,0.017458056,IMD GRID MODEL
Andhra Pradesh,Anantapur,20-07-2021,2021,7,3.790854156,IMD GRID MODEL
Andhra Pradesh,Anantapur,01-08-2021,2021,8,0.644660029,IMD GRID MODEL
Andhra Pradesh,Anantapur,04-08-2021,2021,8,0.869597699,IMD GRID MODEL
Andhra Pradesh,Anantapur,08-08-2021,2021,8,1.005784086,IMD GRID MODEL
Andhra Pradesh,Anantapur,17-09-2021,2021,9,0,IMD GRID MODEL
Andhra Pradesh,Anantapur,27-10-2021,2021,10,0,IMD GRID MODEL
Andhra Pradesh,Anantapur,01-11-2021,2021,11,4.340789777,IMD GRID MODEL
Andhra Pradesh,Anantapur,04-11-2021,2021,11,9.659583488,IMD GRID MODEL
Andhra Pradesh,Anantapur,10-11-2021,2021,11,0,IMD GRID MODEL
Andhra Pradesh,Anantapur,19-12-2021,2021,12,0,IMD GRID MODEL
Andhra Pradesh,Anantapur,30-03-2021,2021,3,0,IMD GRID MODEL
Andhra Pradesh,Anantapur,06-04-2021,2021,4,0,IMD GRID MODEL
Andhra Pradesh,Anantapur,22-04-2021,2021,4,5.948348536,IMD GRID MODEL
Andhra Pradesh,Anantapur,27-04-2021,2021,4,0,IMD GRID MODEL
Andhra Pradesh,Anantapur,28-04-2021,2021,4,0,IMD GRID MODEL
Andhra Pradesh,Anantapur,29-04-2021,2021,4,1.347722693,IMD GRID MODEL
Andhra Pradesh,Anantapur,09-05-2021,2021,5,0,IMD GRID MODEL
Andhra Pradesh,Anantapur,13-05-2021,2021,5,3.793389064,IMD GRID MODEL
Andhra Pradesh,Anantapur,05-07-2021,2021,7,25.01004012,IMD GRID MODEL
Andhra Pradesh,Anantapur,10-07-2021,2021,7,7.476735824,IMD GRID MODEL
Andhra Pradesh,Anantapur,28-07-2021,2021,7,0.009588781,IMD GRID MODEL
Andhra Pradesh,Anantapur,03-08-2021,2021,8,1.427249694,IMD GRID MODEL
Andhra Pradesh,Anantapur,09-08-2021,2021,8,1.1343472,IMD GRID MODEL
Andhra Pradesh,Anantapur,16-08-2021,2021,8,1.51979504,IMD GRID MODEL
Andhra Pradesh,Anantapur,20-08-2021,2021,8,2.1754394,IMD GRID MODEL
Andhra Pradesh,Anantapur,27-08-2021,2021,8,2.705954056,IMD GRID MODEL
Andhra Pradesh,Anantapur,06-09-2021,2021,9,3.9385881,IMD GRID MODEL
Andhra Pradesh,Anantapur,12-09-2021,2021,9,1.436514163,IMD GRID MODEL
Andhra Pradesh,Anantapur,15-09-2021,2021,9,0,IMD GRID MODEL
Andhra Pradesh,Anantapur,31-05-2021,2021,5,0,IMD GRID MODEL
Andhra Pradesh,Anantapur,06-06-2021,2021,6,27.82827969,IMD GRID MODEL
Andhra Pradesh,Anantapur,08-06-2021,2021,6,0,IMD GRID MODEL
Andhra Pradesh,Anantapur,12-06-2021,2021,6,0,IMD GRID MODEL
Andhra Pradesh,Anantapur,20-06-2021,2021,6,0.795773153,IMD GRID MODEL
Andhra Pradesh,Anantapur,07-10-2021,2021,10,17.76116785,IMD GRID MODEL
Andhra Pradesh,Anantapur,11-10-2021,2021,10,3.638768665,IMD GRID MODEL
Andhra Pradesh,Anantapur,13-10-2021,2021,10,3.513746068,IMD GRID MODEL
Andhra Pradesh,Anantapur,17-10-2021,2021,10,0.022127957,IMD GRID MODEL
Andhra Pradesh,Anantapur,19-10-2021,2021,10,0.735321146,IMD GRID MODEL
Andhra Pradesh,Anantapur,22-10-2021,2021,10,8.81991866,IMD GRID MODEL
Andhra Pradesh,Anantapur,21-09-2021,2021,9,1.187140875,IMD GRID MODEL
Andhra Pradesh,Anantapur,12-11-2021,2021,11,28.60923903,IMD GRID MODEL
Andhra Pradesh,Anantapur,23-11-2021,2021,11,0.716230613,IMD GRID MODEL
Andhra Pradesh,Anantapur,24-11-2021,2021,11,0.520961996,IMD GRID MODEL
Andhra Pradesh,Anantapur,16-01-2021,2021,1,0,IMD GRID MODEL
Andhra Pradesh,Anantapur,28-11-2021,2021,11,1.02779261,IMD GRID MODEL
Andhra Pradesh,Anantapur,30-11-2021,2021,11,5.168756739,IMD GRID MODEL
Andhra Pradesh,Anantapur,12-12-2021,2021,12,1.150087998,IMD GRID MODEL
Andhra Pradesh,Anantapur,17-12-2021,2021,12,0,IMD GRID MODEL
Andhra Pradesh,Kurnool,29-03-2021,2021,3,0,IMD GRID MODEL
Andhra Pradesh,Kurnool,01-04-2021,2021,4,0,IMD GRID MODEL
Andhra Pradesh,Kurnool,03-04-2021,2021,4,0,IMD GRID MODEL
Andhra Pradesh,Kurnool,13-04-2021,2021,4,0,IMD GRID MODEL
Andhra Pradesh,Kurnool,17-04-2021,2021,4,0.210473229,IMD GRID MODEL
Andhra Pradesh,Kurnool,20-04-2021,2021,4,0.649677128,IMD GRID MODEL
Andhra Pradesh,Kurnool,22-04-2021,2021,4,2.786204717,IMD GRID MODEL
Andhra Pradesh,Kurnool,25-04-2021,2021,4,0,IMD GRID MODEL
Andhra Pradesh,Kurnool,29-04-2021,2021,4,2.391618349,IMD GRID MODEL
Andhra Pradesh,Kurnool,01-05-2021,2021,5,0.350974449,IMD GRID MODEL
Andhra Pradesh,Kurnool,05-05-2021,2021,5,0.131892576,IMD GRID MODEL
Andhra Pradesh,Kurnool,06-05-2021,2021,5,0.365462679,IMD GRID MODEL
Andhra Pradesh,Kurnool,09-05-2021,2021,5,0,IMD GRID MODEL
Andhra Pradesh,Kurnool,15-05-2021,2021,5,0.005258727,IMD GRID MODEL
Andhra Pradesh,Kurnool,21-05-2021,2021,5,13.86523657,IMD GRID MODEL
Andhra Pradesh,Kurnool,25-05-2021,2021,5,0,IMD GRID MODEL
Andhra Pradesh,Kurnool,26-05-2021,2021,5,1.417831634,IMD GRID MODEL
Andhra Pradesh,Kurnool,27-05-2021,2021,5,8.197993236,IMD GRID MODEL
Andhra Pradesh,Kurnool,30-05-2021,2021,5,0.021816112,IMD GRID MODEL
Andhra Pradesh,Kurnool,01-06-2021,2021,6,1.729019049,IMD GRID MODEL
Andhra Pradesh,Kurnool,04-06-2021,2021,6,6.540551541,IMD GRID MODEL
Andhra Pradesh,Kurnool,12-06-2021,2021,6,0.021391858,IMD GRID MODEL
Andhra Pradesh,Kurnool,28-06-2021,2021,6,8.02228215,IMD GRID MODEL
Andhra Pradesh,Kurnool,30-06-2021,2021,6,0.036771274,IMD GRID MODEL
Andhra Pradesh,Kurnool,02-07-2021,2021,7,0.012666719,IMD GRID MODEL
Andhra Pradesh,Kurnool,09-07-2021,2021,7,4.771478294,IMD GRID MODEL
Andhra Pradesh,Kurnool,12-07-2021,2021,7,0.154679988,IMD GRID MODEL
Andhra Pradesh,Kurnool,15-07-2021,2021,7,24.22517259,IMD GRID MODEL
Andhra Pradesh,Kurnool,18-07-2021,2021,7,4.022385689,IMD GRID MODEL
Andhra Pradesh,Kurnool,20-07-2021,2021,7,0.999560609,IMD GRID MODEL
Andhra Pradesh,Kurnool,14-07-2021,2021,7,6.029779531,IMD GRID MODEL
Andhra Pradesh,Kurnool,22-07-2021,2021,7,19.29364421,IMD GRID MODEL
Andhra Pradesh,Kurnool,07-08-2021,2021,8,0.408957699,IMD GRID MODEL
Andhra Pradesh,Kurnool,12-08-2021,2021,8,0.098929199,IMD GRID MODEL
Andhra Pradesh,Kurnool,14-08-2021,2021,8,0.39720777,IMD GRID MODEL
Andhra Pradesh,Kurnool,28-08-2021,2021,8,9.350330257,IMD GRID MODEL
Andhra Pradesh,Kurnool,31-08-2021,2021,8,2.30982646,IMD GRID MODEL
Andhra Pradesh,Kurnool,25-09-2021,2021,9,1.265490754,IMD GRID MODEL
Andhra Pradesh,Kurnool,28-09-2021,2021,9,0.478128755,IMD GRID MODEL
Andhra Pradesh,Kurnool,01-10-2021,2021,10,0.11025851,IMD GRID MODEL
Andhra Pradesh,Kurnool,07-10-2021,2021,10,7.014661127,IMD GRID MODEL
Andhra Pradesh,Kurnool,13-10-2021,2021,10,2.414998288,IMD GRID MODEL
Andhra Pradesh,Kurnool,15-10-2021,2021,10,0.307849999,IMD GRID MODEL
Andhra Pradesh,Kurnool,16-10-2021,2021,10,0,IMD GRID MODEL
Andhra Pradesh,Kurnool,18-10-2021,2021,10,0.187115173,IMD GRID MODEL
Andhra Pradesh,Kurnool,19-10-2021,2021,10,0,IMD GRID MODEL
Andhra Pradesh,Kurnool,21-10-2021,2021,10,3.154984936,IMD GRID MODEL
Andhra Pradesh,Kurnool,24-10-2021,2021,10,8.48265362,IMD GRID MODEL
Andhra Pradesh,Kurnool,26-10-2021,2021,10,0,IMD GRID MODEL
Andhra Pradesh,Kurnool,29-10-2021,2021,10,0.294633886,IMD GRID MODEL
Andhra Pradesh,Kurnool,31-10-2021,2021,10,6.241169036,IMD GRID MODEL
Andhra Pradesh,Kurnool,12-11-2021,2021,11,6.664565453,IMD GRID MODEL
Andhra Pradesh,Kurnool,14-11-2021,2021,11,10.55144621,IMD GRID MODEL
Andhra Pradesh,Kurnool,17-11-2021,2021,11,9.380983795,IMD GRID MODEL
Andhra Pradesh,Kurnool,22-11-2021,2021,11,4.302654128,IMD GRID MODEL
Andhra Pradesh,Kurnool,28-11-2021,2021,11,0.415547483,IMD GRID MODEL
Andhra Pradesh,Kurnool,02-12-2021,2021,12,0,IMD GRID MODEL
Andhra Pradesh,Kurnool,10-12-2021,2021,12,0.943310036,IMD GRID MODEL
Andhra Pradesh,Kurnool,11-12-2021,2021,12,0,IMD GRID MODEL
Andhra Pradesh,Kurnool,20-12-2021,2021,12,0,IMD GRID MODEL
Andhra Pradesh,Kurnool,29-12-2021,2021,12,0,IMD GRID MODEL
Andhra Pradesh,Prakasam,01-01-2021,2021,1,0,IMD GRID MODEL
Andhra Pradesh,Prakasam,10-01-2021,2021,1,0,IMD GRID MODEL
Andhra Pradesh,Prakasam,24-01-2021,2021,1,0,IMD GRID MODEL
Andhra Pradesh,Prakasam,03-02-2021,2021,2,0,IMD GRID MODEL
Andhra Pradesh,Prakasam,08-02-2021,2021,2,0,IMD GRID MODEL
Andhra Pradesh,Prakasam,11-02-2021,2021,2,0,IMD GRID MODEL
Andhra Pradesh,Prakasam,13-02-2021,2021,2,0,IMD GRID MODEL
Andhra Pradesh,Prakasam,15-02-2021,2021,2,0,IMD GRID MODEL
Andhra Pradesh,Prakasam,20-02-2021,2021,2,9.539081196,IMD GRID MODEL
Andhra Pradesh,Prakasam,22-02-2021,2021,2,1.521348185,IMD GRID MODEL
Andhra Pradesh,Prakasam,04-03-2021,2021,3,0,IMD GRID MODEL
Andhra Pradesh,Prakasam,12-03-2021,2021,3,0,IMD GRID MODEL
Andhra Pradesh,Prakasam,13-03-2021,2021,3,0,IMD GRID MODEL
Andhra Pradesh,Prakasam,15-03-2021,2021,3,0,IMD GRID MODEL
Andhra Pradesh,Prakasam,17-03-2021,2021,3,0,IMD GRID MODEL
Andhra Pradesh,Prakasam,21-03-2021,2021,3,0,IMD GRID MODEL
Andhra Pradesh,Prakasam,11-04-2021,2021,4,0,IMD GRID MODEL
Andhra Pradesh,Prakasam,12-04-2021,2021,4,0,IMD GRID MODEL
Andhra Pradesh,Prakasam,16-04-2021,2021,4,0.069141193,IMD GRID MODEL
Andhra Pradesh,Prakasam,11-05-2021,2021,5,0,IMD GRID MODEL
Andhra Pradesh,Prakasam,22-05-2021,2021,5,18.76265053,IMD GRID MODEL
Andhra Pradesh,Prakasam,24-05-2021,2021,5,8.860269536,IMD GRID MODEL
Andhra Pradesh,Prakasam,27-05-2021,2021,5,0.089067529,IMD GRID MODEL
Andhra Pradesh,Prakasam,29-05-2021,2021,5,0,IMD GRID MODEL
Andhra Pradesh,Prakasam,02-06-2021,2021,6,1.486712053,IMD GRID MODEL
Andhra Pradesh,Prakasam,06-06-2021,2021,6,6.644037053,IMD GRID MODEL
Andhra Pradesh,Prakasam,14-06-2021,2021,6,0.135431714,IMD GRID MODEL
Andhra Pradesh,Prakasam,23-06-2021,2021,6,0.472248634,IMD GRID MODEL
Andhra Pradesh,Prakasam,24-06-2021,2021,6,3.821179981,IMD GRID MODEL
Andhra Pradesh,Prakasam,28-06-2021,2021,6,1.953130984,IMD GRID MODEL
Andhra Pradesh,Prakasam,04-07-2021,2021,7,1.877505993,IMD GRID MODEL
Andhra Pradesh,Prakasam,09-07-2021,2021,7,5.093544405,IMD GRID MODEL
Andhra Pradesh,Prakasam,17-07-2021,2021,7,11.86205066,IMD GRID MODEL
Andhra Pradesh,Prakasam,31-07-2021,2021,7,0.405621675,IMD GRID MODEL
Andhra Pradesh,Prakasam,10-08-2021,2021,8,4.558963361,IMD GRID MODEL
Andhra Pradesh,Prakasam,25-08-2021,2021,8,1.30972804,IMD GRID MODEL
Andhra Pradesh,Prakasam,29-08-2021,2021,8,4.756323611,IMD GRID MODEL
Andhra Pradesh,Prakasam,06-09-2021,2021,9,5.239276482,IMD GRID MODEL
Andhra Pradesh,Prakasam,07-09-2021,2021,9,6.307342987,IMD GRID MODEL
Andhra Pradesh,Prakasam,09-09-2021,2021,9,0.035038437,IMD GRID MODEL
Andhra Pradesh,Prakasam,13-09-2021,2021,9,0.149194991,IMD GRID MODEL
Andhra Pradesh,Prakasam,16-09-2021,2021,9,0.121600305,IMD GRID MODEL
Andhra Pradesh,Prakasam,23-09-2021,2021,9,0.341331887,IMD GRID MODEL
Andhra Pradesh,Prakasam,24-09-2021,2021,9,1.099096351,IMD GRID MODEL
Andhra Pradesh,Prakasam,28-09-2021,2021,9,2.47056415,IMD GRID MODEL
Andhra Pradesh,Prakasam,09-10-2021,2021,10,3.83786553,IMD GRID MODEL
Andhra Pradesh,Prakasam,18-10-2021,2021,10,3.738341124,IMD GRID MODEL
Andhra Pradesh,Prakasam,25-10-2021,2021,10,4.511212094,IMD GRID MODEL
Andhra Pradesh,Prakasam,27-10-2021,2021,10,0.055992642,IMD GRID MODEL
Andhra Pradesh,Prakasam,28-10-2021,2021,10,0,IMD GRID MODEL
Andhra Pradesh,Prakasam,29-10-2021,2021,10,5.57582889,IMD GRID MODEL
Andhra Pradesh,Prakasam,01-11-2021,2021,11,9.781050013,IMD GRID MODEL
Andhra Pradesh,Prakasam,02-11-2021,2021,11,26.59294083,IMD GRID MODEL
Andhra Pradesh,Prakasam,07-11-2021,2021,11,2.33147713,IMD GRID MODEL
Andhra Pradesh,Prakasam,09-11-2021,2021,11,0,IMD GRID MODEL
Andhra Pradesh,Srikakulam,23-10-2021,2021,10,0.011126488,IMD GRID MODEL
Andhra Pradesh,Srikakulam,24-10-2021,2021,10,0,IMD GRID MODEL
Andhra Pradesh,Srikakulam,25-10-2021,2021,10,0,IMD GRID MODEL
Andhra Pradesh,Srikakulam,27-10-2021,2021,10,0,IMD GRID MODEL
Andhra Pradesh,Srikakulam,29-10-2021,2021,10,0,IMD GRID MODEL
Andhra Pradesh,Srikakulam,04-11-2021,2021,11,5.365345858,IMD GRID MODEL
Andhra Pradesh,Srikakulam,10-11-2021,2021,11,0,IMD GRID MODEL
Andhra Pradesh,Srikakulam,16-11-2021,2021,11,5.043307949,IMD GRID MODEL
Andhra Pradesh,Srikakulam,18-11-2021,2021,11,0,IMD GRID MODEL
Andhra Pradesh,Srikakulam,19-11-2021,2021,11,0,IMD GRID MODEL
Andhra Pradesh,Srikakulam,20-11-2021,2021,11,3.80327588,IMD GRID MODEL
Andhra Pradesh,Srikakulam,22-11-2021,2021,11,0.006491386,IMD GRID MODEL
Andhra Pradesh,Srikakulam,25-11-2021,2021,11,0,IMD GRID MODEL
Andhra Pradesh,Srikakulam,26-11-2021,2021,11,0,IMD GRID MODEL
Andhra Pradesh,Srikakulam,27-11-2021,2021,11,0,IMD GRID MODEL
Andhra Pradesh,Srikakulam,01-12-2021,2021,12,0,IMD GRID MODEL
Andhra Pradesh,Srikakulam,06-12-2021,2021,12,1.018826218,IMD GRID MODEL
Andhra Pradesh,Srikakulam,16-12-2021,2021,12,0,IMD GRID MODEL
Andhra Pradesh,Srikakulam,27-12-2021,2021,12,0,IMD GRID MODEL
Andhra Pradesh,Srikakulam,28-12-2021,2021,12,0,IMD GRID MODEL
Andhra Pradesh,Srikakulam,31-12-2021,2021,12,0,IMD GRID MODEL
Andhra Pradesh,Visakhapatanam,26-01-2021,2021,1,0,IMD GRID MODEL
Andhra Pradesh,Visakhapatanam,06-02-2021,2021,2,0,IMD GRID MODEL
Andhra Pradesh,Visakhapatanam,11-02-2021,2021,2,0,IMD GRID MODEL
Andhra Pradesh,Visakhapatanam,24-02-2021,2021,2,0,IMD GRID MODEL
Andhra Pradesh,Visakhapatanam,25-02-2021,2021,2,0,IMD GRID MODEL
Andhra Pradesh,Visakhapatanam,01-03-2021,2021,3,0,IMD GRID MODEL
Andhra Pradesh,Visakhapatanam,04-03-2021,2021,3,0,IMD GRID MODEL
Andhra Pradesh,Visakhapatanam,12-03-2021,2021,3,0,IMD GRID MODEL
Andhra Pradesh,Visakhapatanam,22-03-2021,2021,3,0,IMD GRID MODEL
Andhra Pradesh,Visakhapatanam,01-04-2021,2021,4,0,IMD GRID MODEL
Andhra Pradesh,Visakhapatanam,31-03-2021,2021,3,0,IMD GRID MODEL
Andhra Pradesh,Visakhapatanam,03-04-2021,2021,4,0,IMD GRID MODEL
Andhra Pradesh,Visakhapatanam,08-04-2021,2021,4,0.896324673,IMD GRID MODEL
Andhra Pradesh,Visakhapatanam,12-04-2021,2021,4,0.063331922,IMD GRID MODEL
Andhra Pradesh,Visakhapatanam,29-04-2021,2021,4,1.183638577,IMD GRID MODEL
Andhra Pradesh,Visakhapatanam,04-05-2021,2021,5,1.867363991,IMD GRID MODEL
Andhra Pradesh,Visakhapatanam,06-05-2021,2021,5,12.86683517,IMD GRID MODEL
Andhra Pradesh,Visakhapatanam,08-05-2021,2021,5,2.575356105,IMD GRID MODEL
Andhra Pradesh,Visakhapatanam,16-05-2021,2021,5,1.994343324,IMD GRID MODEL
Andhra Pradesh,Visakhapatanam,01-06-2021,2021,6,4.280216602,IMD GRID MODEL
Andhra Pradesh,Visakhapatanam,06-06-2021,2021,6,0.248621207,IMD GRID MODEL
Andhra Pradesh,Visakhapatanam,07-06-2021,2021,6,0.000466121,IMD GRID MODEL
Andhra Pradesh,Visakhapatanam,18-06-2021,2021,6,4.395495382,IMD GRID MODEL
Andhra Pradesh,Visakhapatanam,20-06-2021,2021,6,0.002610336,IMD GRID MODEL
Andhra Pradesh,Visakhapatanam,24-06-2021,2021,6,23.48678592,IMD GRID MODEL
Andhra Pradesh,Visakhapatanam,27-06-2021,2021,6,6.736568812,IMD GRID MODEL
Andhra Pradesh,Visakhapatanam,30-06-2021,2021,6,0,IMD GRID MODEL
Andhra Pradesh,Visakhapatanam,06-07-2021,2021,7,1.007054082,IMD GRID MODEL
Andhra Pradesh,Visakhapatanam,08-07-2021,2021,7,13.21497958,IMD GRID MODEL
Andhra Pradesh,Visakhapatanam,15-07-2021,2021,7,4.049111613,IMD GRID MODEL
Andhra Pradesh,Visakhapatanam,21-07-2021,2021,7,10.86021985,IMD GRID MODEL
Andhra Pradesh,Visakhapatanam,28-07-2021,2021,7,0.505261145,IMD GRID MODEL
Andhra Pradesh,Visakhapatanam,29-07-2021,2021,7,4.256930247,IMD GRID MODEL
Andhra Pradesh,Visakhapatanam,30-07-2021,2021,7,3.076019363,IMD GRID MODEL
Andhra Pradesh,Visakhapatanam,07-08-2021,2021,8,0.837096056,IMD GRID MODEL
Andhra Pradesh,Visakhapatanam,23-08-2021,2021,8,4.089821295,IMD GRID MODEL
Andhra Pradesh,Visakhapatanam,25-08-2021,2021,8,0,IMD GRID MODEL
Andhra Pradesh,Visakhapatanam,27-08-2021,2021,8,3.847009812,IMD GRID MODEL
Andhra Pradesh,Visakhapatanam,28-08-2021,2021,8,10.55043529,IMD GRID MODEL
Andhra Pradesh,Visakhapatanam,06-09-2021,2021,9,42.142678,IMD GRID MODEL
Andhra Pradesh,Visakhapatanam,09-09-2021,2021,9,0.859602075,IMD GRID MODEL
Andhra Pradesh,Visakhapatanam,10-09-2021,2021,9,2.342799807,IMD GRID MODEL
Andhra Pradesh,Visakhapatanam,12-09-2021,2021,9,4.313194978,IMD GRID MODEL
Andhra Pradesh,Visakhapatanam,13-09-2021,2021,9,14.47699661,IMD GRID MODEL
Andhra Pradesh,Visakhapatanam,14-09-2021,2021,9,4.005604667,IMD GRID MODEL
Andhra Pradesh,Visakhapatanam,16-09-2021,2021,9,0.01042473,IMD GRID MODEL
Andhra Pradesh,Visakhapatanam,21-09-2021,2021,9,5.540185669,IMD GRID MODEL
Andhra Pradesh,Visakhapatanam,25-09-2021,2021,9,0.134632641,IMD GRID MODEL
Andhra Pradesh,Visakhapatanam,28-09-2021,2021,9,30.70347829,IMD GRID MODEL
Andhra Pradesh,Visakhapatanam,03-10-2021,2021,10,3.02E-05,IMD GRID MODEL
Andhra Pradesh,Visakhapatanam,10-10-2021,2021,10,1.525323533,IMD GRID MODEL
Andhra Pradesh,Visakhapatanam,14-10-2021,2021,10,0.886379446,IMD GRID MODEL
Andhra Pradesh,Visakhapatanam,18-10-2021,2021,10,2.56099382,IMD GRID MODEL
Andhra Pradesh,Visakhapatanam,19-10-2021,2021,10,0.328304732,IMD GRID MODEL
Andhra Pradesh,Visakhapatanam,30-10-2021,2021,10,6.329301946,IMD GRID MODEL
Andhra Pradesh,Visakhapatanam,11-11-2021,2021,11,0.008715055,IMD GRID MODEL
Andhra Pradesh,Visakhapatanam,13-11-2021,2021,11,25.11650652,IMD GRID MODEL
Andhra Pradesh,Visakhapatanam,17-11-2021,2021,11,5.546327913,IMD GRID MODEL
Andhra Pradesh,Visakhapatanam,19-11-2021,2021,11,0.457184451,IMD GRID MODEL
Andhra Pradesh,Visakhapatanam,21-11-2021,2021,11,1.404833889,IMD GRID MODEL
Andhra Pradesh,Visakhapatanam,22-11-2021,2021,11,0.573467909,IMD GRID MODEL
Andhra Pradesh,Visakhapatanam,29-11-2021,2021,11,0.027389817,IMD GRID MODEL
Andhra Pradesh,Visakhapatanam,23-12-2021,2021,12,0,IMD GRID MODEL
Andhra Pradesh,Visakhapatanam,18-04-2021,2021,4,0,IMD GRID MODEL
Andhra Pradesh,Vizianagaram,02-01-2021,2021,1,0,IMD GRID MODEL
Andhra Pradesh,Vizianagaram,08-01-2021,2021,1,0,IMD GRID MODEL
Andhra Pradesh,Vizianagaram,18-01-2021,2021,1,0,IMD GRID MODEL
Andhra Pradesh,Vizianagaram,19-01-2021,2021,1,0,IMD GRID MODEL
Andhra Pradesh,Vizianagaram,27-01-2021,2021,1,0,IMD GRID MODEL
Andhra Pradesh,Vizianagaram,28-01-2021,2021,1,0,IMD GRID MODEL
Andhra Pradesh,Vizianagaram,03-02-2021,2021,2,0,IMD GRID MODEL
Andhra Pradesh,Vizianagaram,05-02-2021,2021,2,0,IMD GRID MODEL
Andhra Pradesh,Vizianagaram,07-02-2021,2021,2,0,IMD GRID MODEL
Andhra Pradesh,Vizianagaram,10-02-2021,2021,2,0,IMD GRID MODEL
Andhra Pradesh,Vizianagaram,27-02-2021,2021,2,0,IMD GRID MODEL
Andhra Pradesh,Vizianagaram,01-03-2021,2021,3,0,IMD GRID MODEL
Andhra Pradesh,Vizianagaram,07-03-2021,2021,3,0,IMD GRID MODEL
Andhra Pradesh,Vizianagaram,13-03-2021,2021,3,0,IMD GRID MODEL
Andhra Pradesh,Vizianagaram,18-03-2021,2021,3,0,IMD GRID MODEL
Andhra Pradesh,Vizianagaram,20-03-2021,2021,3,0,IMD GRID MODEL
Andhra Pradesh,Vizianagaram,23-03-2021,2021,3,0,IMD GRID MODEL
Andhra Pradesh,Vizianagaram,24-03-2021,2021,3,0,IMD GRID MODEL
Andhra Pradesh,Vizianagaram,31-03-2021,2021,3,0,IMD GRID MODEL
Andhra Pradesh,Vizianagaram,10-04-2021,2021,4,1.040728668,IMD GRID MODEL
Andhra Pradesh,Vizianagaram,11-04-2021,2021,4,2.517364523,IMD GRID MODEL
Andhra Pradesh,Vizianagaram,19-04-2021,2021,4,2.633680254,IMD GRID MODEL
Andhra Pradesh,Vizianagaram,21-04-2021,2021,4,0.170402566,IMD GRID MODEL
Andhra Pradesh,Vizianagaram,25-04-2021,2021,4,0.002243498,IMD GRID MODEL
Andhra Pradesh,Vizianagaram,26-04-2021,2021,4,0,IMD GRID MODEL
Andhra Pradesh,Vizianagaram,04-05-2021,2021,5,1.529237078,IMD GRID MODEL
Andhra Pradesh,Vizianagaram,05-05-2021,2021,5,4.908775171,IMD GRID MODEL
Andhra Pradesh,Vizianagaram,11-05-2021,2021,5,0,IMD GRID MODEL
Andhra Pradesh,Vizianagaram,20-05-2021,2021,5,0,IMD GRID MODEL
Andhra Pradesh,Vizianagaram,31-05-2021,2021,5,0.033362923,IMD GRID MODEL
Andhra Pradesh,Vizianagaram,02-06-2021,2021,6,0.016680138,IMD GRID MODEL
Andhra Pradesh,Vizianagaram,03-06-2021,2021,6,24.27578398,IMD GRID MODEL
Andhra Pradesh,Guntur,01-08-2021,2021,8,0.072464144,IMD GRID MODEL
Andhra Pradesh,Guntur,08-08-2021,2021,8,0.833529649,IMD GRID MODEL
Andhra Pradesh,Guntur,09-08-2021,2021,8,5.890239669,IMD GRID MODEL
Andhra Pradesh,Guntur,18-08-2021,2021,8,1.911740759,IMD GRID MODEL
Andhra Pradesh,Guntur,23-08-2021,2021,8,2.160636877,IMD GRID MODEL
Andhra Pradesh,Guntur,25-08-2021,2021,8,0.203049417,IMD GRID MODEL
Andhra Pradesh,Guntur,28-08-2021,2021,8,3.858870154,IMD GRID MODEL
Andhra Pradesh,Guntur,29-08-2021,2021,8,7.50774225,IMD GRID MODEL
Andhra Pradesh,Guntur,02-09-2021,2021,9,17.6797581,IMD GRID MODEL
Andhra Pradesh,Guntur,05-09-2021,2021,9,6.041362041,IMD GRID MODEL
Andhra Pradesh,Guntur,11-09-2021,2021,9,0.301354089,IMD GRID MODEL
Andhra Pradesh,Guntur,12-09-2021,2021,9,0.120369942,IMD GRID MODEL
Andhra Pradesh,Guntur,21-09-2021,2021,9,14.50052464,IMD GRID MODEL
Andhra Pradesh,Guntur,24-09-2021,2021,9,0.854124373,IMD GRID MODEL
Andhra Pradesh,Guntur,07-10-2021,2021,10,9.737945214,IMD GRID MODEL
Andhra Pradesh,Guntur,09-10-2021,2021,10,0.627284913,IMD GRID MODEL
Andhra Pradesh,Guntur,11-10-2021,2021,10,0.157954012,IMD GRID MODEL
Andhra Pradesh,Guntur,21-10-2021,2021,10,0.000417933,IMD GRID MODEL
Andhra Pradesh,Guntur,24-10-2021,2021,10,1.141481929,IMD GRID MODEL
Andhra Pradesh,Guntur,25-10-2021,2021,10,0.399905434,IMD GRID MODEL
Andhra Pradesh,Guntur,11-11-2021,2021,11,2.186361873,IMD GRID MODEL
Andhra Pradesh,Guntur,13-11-2021,2021,11,2.163328529,IMD GRID MODEL
Andhra Pradesh,Guntur,15-11-2021,2021,11,5.000621792,IMD GRID MODEL
Andhra Pradesh,Guntur,19-11-2021,2021,11,15.23756837,IMD GRID MODEL
Andhra Pradesh,Guntur,20-11-2021,2021,11,20.51928216,IMD GRID MODEL
Andhra Pradesh,Guntur,30-11-2021,2021,11,0.048526638,IMD GRID MODEL
Andhra Pradesh,Guntur,03-12-2021,2021,12,0,IMD GRID MODEL
Andhra Pradesh,Guntur,08-12-2021,2021,12,0,IMD GRID MODEL
Andhra Pradesh,Guntur,19-12-2021,2021,12,0,IMD GRID MODEL
Andhra Pradesh,Guntur,21-12-2021,2021,12,0,IMD GRID MODEL
Andhra Pradesh,Guntur,25-12-2021,2021,12,0,IMD GRID MODEL
Andhra Pradesh,Guntur,27-12-2021,2021,12,0,IMD GRID MODEL
Andhra Pradesh,Krishna,01-01-2021,2021,1,0,IMD GRID MODEL
Andhra Pradesh,Krishna,02-01-2021,2021,1,0,IMD GRID MODEL
Andhra Pradesh,Krishna,05-01-2021,2021,1,0,IMD GRID MODEL
Andhra Pradesh,Krishna,12-01-2021,2021,1,0,IMD GRID MODEL
Andhra Pradesh,Krishna,18-01-2021,2021,1,0,IMD GRID MODEL
Andhra Pradesh,Krishna,19-01-2021,2021,1,0,IMD GRID MODEL
Andhra Pradesh,Krishna,20-01-2021,2021,1,0,IMD GRID MODEL
Andhra Pradesh,Krishna,25-01-2021,2021,1,0,IMD GRID MODEL
Andhra Pradesh,Krishna,03-02-2021,2021,2,0,IMD GRID MODEL
Andhra Pradesh,Krishna,07-02-2021,2021,2,0,IMD GRID MODEL
Andhra Pradesh,Krishna,10-02-2021,2021,2,0,IMD GRID MODEL
Andhra Pradesh,Krishna,16-02-2021,2021,2,0,IMD GRID MODEL
Andhra Pradesh,Krishna,24-02-2021,2021,2,0,IMD GRID MODEL
Andhra Pradesh,Krishna,25-02-2021,2021,2,0,IMD GRID MODEL
Andhra Pradesh,Krishna,26-02-2021,2021,2,0,IMD GRID MODEL
Andhra Pradesh,Krishna,27-02-2021,2021,2,0,IMD GRID MODEL
Andhra Pradesh,Krishna,01-04-2021,2021,4,0,IMD GRID MODEL
Andhra Pradesh,Krishna,04-04-2021,2021,4,0,IMD GRID MODEL
Andhra Pradesh,Krishna,12-04-2021,2021,4,0,IMD GRID MODEL
Andhra Pradesh,Krishna,17-04-2021,2021,4,0,IMD GRID MODEL
Andhra Pradesh,Krishna,24-04-2021,2021,4,2.978312441,IMD GRID MODEL
Andhra Pradesh,Krishna,01-05-2021,2021,5,0.057503629,IMD GRID MODEL
Andhra Pradesh,Krishna,02-05-2021,2021,5,0,IMD GRID MODEL
Andhra Pradesh,Krishna,07-05-2021,2021,5,0.615082082,IMD GRID MODEL
Andhra Pradesh,Krishna,11-05-2021,2021,5,0,IMD GRID MODEL
Andhra Pradesh,Krishna,12-05-2021,2021,5,9.945223869,IMD GRID MODEL
Andhra Pradesh,Krishna,15-05-2021,2021,5,0.312297835,IMD GRID MODEL
Andhra Pradesh,Krishna,24-05-2021,2021,5,0.141280855,IMD GRID MODEL
Andhra Pradesh,Krishna,29-05-2021,2021,5,0.351871265,IMD GRID MODEL
Andhra Pradesh,Krishna,08-06-2021,2021,6,0.662068876,IMD GRID MODEL
Andhra Pradesh,Krishna,12-06-2021,2021,6,3.588578147,IMD GRID MODEL
Andhra Pradesh,Krishna,14-06-2021,2021,6,14.54574587,IMD GRID MODEL
Andhra Pradesh,Krishna,18-06-2021,2021,6,2.086236397,IMD GRID MODEL
Andhra Pradesh,Krishna,25-06-2021,2021,6,1.187340529,IMD GRID MODEL
Andhra Pradesh,Krishna,27-06-2021,2021,6,4.879943529,IMD GRID MODEL
Andhra Pradesh,Krishna,28-06-2021,2021,6,16.19233743,IMD GRID MODEL
Andhra Pradesh,Krishna,06-07-2021,2021,7,0,IMD GRID MODEL
Andhra Pradesh,Krishna,15-07-2021,2021,7,15.44136364,IMD GRID MODEL
Andhra Pradesh,Krishna,16-07-2021,2021,7,9.921546634,IMD GRID MODEL
Andhra Pradesh,Krishna,20-07-2021,2021,7,2.495762745,IMD GRID MODEL
Andhra Pradesh,Krishna,14-07-2021,2021,7,18.35613024,IMD GRID MODEL
Andhra Pradesh,Krishna,23-07-2021,2021,7,54.62496598,IMD GRID MODEL
Andhra Pradesh,Krishna,28-07-2021,2021,7,0,IMD GRID MODEL
Andhra Pradesh,Krishna,06-08-2021,2021,8,0.163492799,IMD GRID MODEL
Andhra Pradesh,Krishna,08-08-2021,2021,8,1.377290694,IMD GRID MODEL
Andhra Pradesh,Krishna,15-08-2021,2021,8,15.50975175,IMD GRID MODEL
Andhra Pradesh,Krishna,21-08-2021,2021,8,3.078978873,IMD GRID MODEL
Andhra Pradesh,Krishna,29-08-2021,2021,8,4.613063849,IMD GRID MODEL
Andhra Pradesh,Krishna,01-09-2021,2021,9,9.094237278,IMD GRID MODEL
Andhra Pradesh,Krishna,02-09-2021,2021,9,5.338447091,IMD GRID MODEL
Andhra Pradesh,Krishna,04-09-2021,2021,9,6.615759313,IMD GRID MODEL
Andhra Pradesh,Krishna,15-09-2021,2021,9,7.291850596,IMD GRID MODEL
Andhra Pradesh,Krishna,18-09-2021,2021,9,0.254193493,IMD GRID MODEL
Andhra Pradesh,Krishna,19-09-2021,2021,9,4.539125692,IMD GRID MODEL
Andhra Pradesh,Krishna,25-09-2021,2021,9,9.407435665,IMD GRID MODEL
Andhra Pradesh,Krishna,26-09-2021,2021,9,9.783214217,IMD GRID MODEL
Andhra Pradesh,Krishna,29-09-2021,2021,9,11.15086636,IMD GRID MODEL
Andhra Pradesh,Krishna,09-10-2021,2021,10,0.569688091,IMD GRID MODEL
Andhra Pradesh,Krishna,10-10-2021,2021,10,0.159783176,IMD GRID MODEL
Andhra Pradesh,Krishna,12-10-2021,2021,10,0.073295352,IMD GRID MODEL
Andhra Pradesh,Krishna,18-10-2021,2021,10,4.355563699,IMD GRID MODEL
Andhra Pradesh,Krishna,24-10-2021,2021,10,1.367625638,IMD GRID MODEL
Andhra Pradesh,Krishna,26-10-2021,2021,10,0.1948102,IMD GRID MODEL
Andhra Pradesh,Krishna,29-10-2021,2021,10,0.897066129,IMD GRID MODEL
Andhra Pradesh,Krishna,31-10-2021,2021,10,4.822996981,IMD GRID MODEL
Andhra Pradesh,Krishna,08-11-2021,2021,11,0,IMD GRID MODEL
Andhra Pradesh,Krishna,12-11-2021,2021,11,18.2752913,IMD GRID MODEL
Andhra Pradesh,Krishna,15-11-2021,2021,11,4.202792697,IMD GRID MODEL
Andhra Pradesh,Krishna,22-11-2021,2021,11,6.023753831,IMD GRID MODEL
Andhra Pradesh,Krishna,02-12-2021,2021,12,0,IMD GRID MODEL
Andhra Pradesh,Krishna,06-12-2021,2021,12,0,IMD GRID MODEL
Andhra Pradesh,Krishna,09-12-2021,2021,12,0,IMD GRID MODEL
Andhra Pradesh,Krishna,29-12-2021,2021,12,0,IMD GRID MODEL
Andhra Pradesh,Krishna,31-12-2021,2021,12,0.655667592,IMD GRID MODEL
Andhra Pradesh,Kurnool,09-01-2021,2021,1,0.001406175,IMD GRID MODEL
Andhra Pradesh,Kurnool,06-02-2021,2021,2,0,IMD GRID MODEL
Andhra Pradesh,Kurnool,19-02-2021,2021,2,0.020683838,IMD GRID MODEL
Andhra Pradesh,Kurnool,27-02-2021,2021,2,0,IMD GRID MODEL
Andhra Pradesh,Kurnool,02-03-2021,2021,3,0,IMD GRID MODEL
Andhra Pradesh,Kurnool,05-03-2021,2021,3,0,IMD GRID MODEL
Andhra Pradesh,Kurnool,08-03-2021,2021,3,0,IMD GRID MODEL
Andhra Pradesh,Kurnool,17-03-2021,2021,3,0,IMD GRID MODEL
Andhra Pradesh,Kurnool,19-03-2021,2021,3,0,IMD GRID MODEL
Andhra Pradesh,Prakasam,17-11-2021,2021,11,20.50266414,IMD GRID MODEL
Andhra Pradesh,Prakasam,20-11-2021,2021,11,24.70561561,IMD GRID MODEL
Andhra Pradesh,Prakasam,25-11-2021,2021,11,1.323552831,IMD GRID MODEL
Andhra Pradesh,Prakasam,03-12-2021,2021,12,0,IMD GRID MODEL
Andhra Pradesh,Prakasam,06-12-2021,2021,12,0,IMD GRID MODEL
Andhra Pradesh,Prakasam,16-12-2021,2021,12,0,IMD GRID MODEL
Andhra Pradesh,Prakasam,23-12-2021,2021,12,0,IMD GRID MODEL
Andhra Pradesh,SPSR Nellore,01-01-2021,2021,1,0,IMD GRID MODEL
Andhra Pradesh,SPSR Nellore,14-01-2021,2021,1,0,IMD GRID MODEL
Andhra Pradesh,SPSR Nellore,19-01-2021,2021,1,0,IMD GRID MODEL
Andhra Pradesh,SPSR Nellore,30-01-2021,2021,1,0,IMD GRID MODEL
Andhra Pradesh,SPSR Nellore,04-02-2021,2021,2,0,IMD GRID MODEL
Andhra Pradesh,SPSR Nellore,09-02-2021,2021,2,0,IMD GRID MODEL
Andhra Pradesh,SPSR Nellore,08-02-2021,2021,2,0,IMD GRID MODEL
Andhra Pradesh,SPSR Nellore,12-02-2021,2021,2,0,IMD GRID MODEL
Andhra Pradesh,SPSR Nellore,13-02-2021,2021,2,0,IMD GRID MODEL
Andhra Pradesh,SPSR Nellore,10-03-2021,2021,3,0,IMD GRID MODEL
Andhra Pradesh,SPSR Nellore,11-03-2021,2021,3,0,IMD GRID MODEL
Andhra Pradesh,SPSR Nellore,15-03-2021,2021,3,0,IMD GRID MODEL
Andhra Pradesh,SPSR Nellore,16-03-2021,2021,3,0,IMD GRID MODEL
Andhra Pradesh,SPSR Nellore,17-03-2021,2021,3,0,IMD GRID MODEL
Andhra Pradesh,SPSR Nellore,20-03-2021,2021,3,0,IMD GRID MODEL
Andhra Pradesh,SPSR Nellore,22-03-2021,2021,3,0,IMD GRID MODEL
Andhra Pradesh,SPSR Nellore,24-03-2021,2021,3,0,IMD GRID MODEL
Andhra Pradesh,SPSR Nellore,30-03-2021,2021,3,0,IMD GRID MODEL
Andhra Pradesh,SPSR Nellore,13-04-2021,2021,4,0,IMD GRID MODEL
Andhra Pradesh,SPSR Nellore,16-04-2021,2021,4,0,IMD GRID MODEL
Andhra Pradesh,SPSR Nellore,28-04-2021,2021,4,0,IMD GRID MODEL
Andhra Pradesh,SPSR Nellore,04-05-2021,2021,5,0,IMD GRID MODEL
Andhra Pradesh,SPSR Nellore,08-05-2021,2021,5,0.085366145,IMD GRID MODEL
Andhra Pradesh,SPSR Nellore,16-05-2021,2021,5,0,IMD GRID MODEL
Andhra Pradesh,SPSR Nellore,20-05-2021,2021,5,2.884174271,IMD GRID MODEL
Andhra Pradesh,SPSR Nellore,30-05-2021,2021,5,0,IMD GRID MODEL
Andhra Pradesh,SPSR Nellore,02-06-2021,2021,6,1.890360338,IMD GRID MODEL
Andhra Pradesh,SPSR Nellore,03-06-2021,2021,6,0.382526208,IMD GRID MODEL
Andhra Pradesh,SPSR Nellore,08-06-2021,2021,6,0.097374553,IMD GRID MODEL
Andhra Pradesh,SPSR Nellore,11-06-2021,2021,6,0,IMD GRID MODEL
Andhra Pradesh,SPSR Nellore,19-06-2021,2021,6,0,IMD GRID MODEL
Andhra Pradesh,SPSR Nellore,26-06-2021,2021,6,1.07962059,IMD GRID MODEL
Andhra Pradesh,SPSR Nellore,27-06-2021,2021,6,0.138208153,IMD GRID MODEL
Andhra Pradesh,SPSR Nellore,28-06-2021,2021,6,0.163873616,IMD GRID MODEL
Andhra Pradesh,SPSR Nellore,14-07-2021,2021,7,2.005421037,IMD GRID MODEL
Andhra Pradesh,SPSR Nellore,19-07-2021,2021,7,5.771055814,IMD GRID MODEL
Andhra Pradesh,SPSR Nellore,20-07-2021,2021,7,2.601238866,IMD GRID MODEL
Andhra Pradesh,SPSR Nellore,25-07-2021,2021,7,0,IMD GRID MODEL
Andhra Pradesh,SPSR Nellore,26-07-2021,2021,7,2.298754362,IMD GRID MODEL
Andhra Pradesh,SPSR Nellore,30-07-2021,2021,7,0,IMD GRID MODEL
Andhra Pradesh,SPSR Nellore,05-08-2021,2021,8,0,IMD GRID MODEL
Andhra Pradesh,SPSR Nellore,09-08-2021,2021,8,2.574125177,IMD GRID MODEL
Andhra Pradesh,SPSR Nellore,15-08-2021,2021,8,0.054007066,IMD GRID MODEL
Andhra Pradesh,SPSR Nellore,31-08-2021,2021,8,0.427203278,IMD GRID MODEL
Andhra Pradesh,SPSR Nellore,07-09-2021,2021,9,0.186102028,IMD GRID MODEL
Andhra Pradesh,SPSR Nellore,17-09-2021,2021,9,0,IMD GRID MODEL
Andhra Pradesh,SPSR Nellore,24-09-2021,2021,9,2.912328735,IMD GRID MODEL
Andhra Pradesh,SPSR Nellore,26-09-2021,2021,9,19.34330956,IMD GRID MODEL
Andhra Pradesh,SPSR Nellore,01-10-2021,2021,10,0.964067914,IMD GRID MODEL
Andhra Pradesh,SPSR Nellore,07-10-2021,2021,10,3.486345254,IMD GRID MODEL
Andhra Pradesh,SPSR Nellore,08-10-2021,2021,10,0.231701459,IMD GRID MODEL
Andhra Pradesh,SPSR Nellore,15-10-2021,2021,10,0,IMD GRID MODEL
Andhra Pradesh,SPSR Nellore,17-10-2021,2021,10,0.932134824,IMD GRID MODEL
Andhra Pradesh,SPSR Nellore,21-10-2021,2021,10,0.912155373,IMD GRID MODEL
Andhra Pradesh,SPSR Nellore,23-10-2021,2021,10,0.19388422,IMD GRID MODEL
Andhra Pradesh,SPSR Nellore,24-10-2021,2021,10,4.365478157,IMD GRID MODEL
Andhra Pradesh,SPSR Nellore,31-10-2021,2021,10,7.59816187,IMD GRID MODEL
Andhra Pradesh,SPSR Nellore,02-11-2021,2021,11,40.1361312,IMD GRID MODEL
Andhra Pradesh,SPSR Nellore,05-11-2021,2021,11,4.825457977,IMD GRID MODEL
Andhra Pradesh,SPSR Nellore,06-11-2021,2021,11,5.968581881,IMD GRID MODEL
Andhra Pradesh,SPSR Nellore,15-11-2021,2021,11,19.36501751,IMD GRID MODEL
Andhra Pradesh,SPSR Nellore,20-11-2021,2021,11,18.56054109,IMD GRID MODEL
Andhra Pradesh,SPSR Nellore,29-11-2021,2021,11,103.8123949,IMD GRID MODEL
Andhra Pradesh,SPSR Nellore,01-12-2021,2021,12,5.780548693,IMD GRID MODEL
Andhra Pradesh,SPSR Nellore,16-12-2021,2021,12,0,IMD GRID MODEL
Andhra Pradesh,SPSR Nellore,22-12-2021,2021,12,0,IMD GRID MODEL
Andhra Pradesh,SPSR Nellore,24-12-2021,2021,12,0,IMD GRID MODEL
Andhra Pradesh,SPSR Nellore,30-12-2021,2021,12,0.206733217,IMD GRID MODEL
Andhra Pradesh,SPSR Nellore,28-12-2021,2021,12,0,IMD GRID MODEL
Andhra Pradesh,SPSR Nellore,23-02-2021,2021,2,0,IMD GRID MODEL
Andhra Pradesh,SPSR Nellore,24-05-2021,2021,5,0.371634918,IMD GRID MODEL
Andhra Pradesh,SPSR Nellore,29-06-2021,2021,6,0.018710203,IMD GRID MODEL
Andhra Pradesh,SPSR Nellore,24-11-2021,2021,11,0.086913929,IMD GRID MODEL
Andhra Pradesh,Srikakulam,11-01-2021,2021,1,0,IMD GRID MODEL
Andhra Pradesh,Srikakulam,15-01-2021,2021,1,0,IMD GRID MODEL
Andhra Pradesh,Srikakulam,19-01-2021,2021,1,0,IMD GRID MODEL
Andhra Pradesh,Srikakulam,22-01-2021,2021,1,0,IMD GRID MODEL
Andhra Pradesh,Srikakulam,24-01-2021,2021,1,0,IMD GRID MODEL
Andhra Pradesh,Srikakulam,27-01-2021,2021,1,0,IMD GRID MODEL
Andhra Pradesh,Srikakulam,31-01-2021,2021,1,0.807999102,IMD GRID MODEL
Andhra Pradesh,Srikakulam,19-02-2021,2021,2,0,IMD GRID MODEL
Andhra Pradesh,Srikakulam,25-02-2021,2021,2,0,IMD GRID MODEL
Andhra Pradesh,Srikakulam,17-03-2021,2021,3,0,IMD GRID MODEL
Andhra Pradesh,Srikakulam,18-03-2021,2021,3,0,IMD GRID MODEL
Andhra Pradesh,Srikakulam,19-03-2021,2021,3,0,IMD GRID MODEL
Andhra Pradesh,Srikakulam,22-03-2021,2021,3,0,IMD GRID MODEL
Andhra Pradesh,Srikakulam,23-03-2021,2021,3,0,IMD GRID MODEL
Andhra Pradesh,Srikakulam,28-03-2021,2021,3,0,IMD GRID MODEL
Andhra Pradesh,Srikakulam,29-03-2021,2021,3,0,IMD GRID MODEL
Andhra Pradesh,Srikakulam,31-03-2021,2021,3,0,IMD GRID MODEL
Andhra Pradesh,Srikakulam,11-04-2021,2021,4,0.154042565,IMD GRID MODEL
Andhra Pradesh,Srikakulam,13-04-2021,2021,4,0.235610191,IMD GRID MODEL
Andhra Pradesh,Srikakulam,03-05-2021,2021,5,0.20373569,IMD GRID MODEL
Andhra Pradesh,Srikakulam,12-05-2021,2021,5,4.833644104,IMD GRID MODEL
Andhra Pradesh,Srikakulam,22-05-2021,2021,5,2.275760451,IMD GRID MODEL
Andhra Pradesh,Srikakulam,23-05-2021,2021,5,16.87600592,IMD GRID MODEL
Andhra Pradesh,Srikakulam,25-05-2021,2021,5,0.035585967,IMD GRID MODEL
Andhra Pradesh,Srikakulam,28-05-2021,2021,5,0,IMD GRID MODEL
Andhra Pradesh,Srikakulam,29-05-2021,2021,5,0.130779432,IMD GRID MODEL
Andhra Pradesh,Srikakulam,11-06-2021,2021,6,0.699047641,IMD GRID MODEL
Andhra Pradesh,Srikakulam,12-06-2021,2021,6,3.407404566,IMD GRID MODEL
Andhra Pradesh,Srikakulam,13-06-2021,2021,6,0.567797216,IMD GRID MODEL
Andhra Pradesh,Srikakulam,14-06-2021,2021,6,0.291993691,IMD GRID MODEL
Andhra Pradesh,Srikakulam,25-06-2021,2021,6,10.00086383,IMD GRID MODEL
Andhra Pradesh,Srikakulam,29-06-2021,2021,6,0,IMD GRID MODEL
Andhra Pradesh,Srikakulam,04-07-2021,2021,7,0.373835767,IMD GRID MODEL
Andhra Pradesh,Srikakulam,06-07-2021,2021,7,11.63270088,IMD GRID MODEL
Andhra Pradesh,Srikakulam,08-07-2021,2021,7,13.85286616,IMD GRID MODEL
Andhra Pradesh,Srikakulam,09-07-2021,2021,7,0.206417675,IMD GRID MODEL
Andhra Pradesh,Srikakulam,12-07-2021,2021,7,6.224112258,IMD GRID MODEL
Andhra Pradesh,Srikakulam,28-07-2021,2021,7,0.330991439,IMD GRID MODEL
Andhra Pradesh,Srikakulam,03-08-2021,2021,8,0.563030521,IMD GRID MODEL
Andhra Pradesh,Srikakulam,05-08-2021,2021,8,0.016419003,IMD GRID MODEL
Andhra Pradesh,Srikakulam,08-08-2021,2021,8,1.563438856,IMD GRID MODEL
Andhra Pradesh,Srikakulam,10-08-2021,2021,8,0.377189736,IMD GRID MODEL
Andhra Pradesh,Srikakulam,12-08-2021,2021,8,4.181567118,IMD GRID MODEL
Andhra Pradesh,Srikakulam,16-08-2021,2021,8,14.01877205,IMD GRID MODEL
Andhra Pradesh,Srikakulam,17-08-2021,2021,8,12.48636819,IMD GRID MODEL
Andhra Pradesh,Srikakulam,24-08-2021,2021,8,0.774935573,IMD GRID MODEL
Andhra Pradesh,Srikakulam,03-09-2021,2021,9,5.04516963,IMD GRID MODEL
Andhra Pradesh,Srikakulam,06-09-2021,2021,9,39.42280373,IMD GRID MODEL
Andhra Pradesh,Srikakulam,21-09-2021,2021,9,4.381791897,IMD GRID MODEL
Andhra Pradesh,Srikakulam,25-09-2021,2021,9,0.863485947,IMD GRID MODEL
Andhra Pradesh,Srikakulam,03-10-2021,2021,10,0.464132816,IMD GRID MODEL
Andhra Pradesh,Srikakulam,05-10-2021,2021,10,5.802169,IMD GRID MODEL
Andhra Pradesh,West Godavari,23-10-2021,2021,10,0,IMD GRID MODEL
Andhra Pradesh,West Godavari,21-10-2021,2021,10,0,IMD GRID MODEL
Andhra Pradesh,West Godavari,27-10-2021,2021,10,0,IMD GRID MODEL
Andhra Pradesh,West Godavari,06-11-2021,2021,11,2.079041014,IMD GRID MODEL
Andhra Pradesh,West Godavari,09-11-2021,2021,11,0,IMD GRID MODEL
Andhra Pradesh,West Godavari,13-11-2021,2021,11,34.14622249,IMD GRID MODEL
Andhra Pradesh,West Godavari,16-11-2021,2021,11,6.652786045,IMD GRID MODEL
Andhra Pradesh,West Godavari,17-11-2021,2021,11,0.161169416,IMD GRID MODEL
Andhra Pradesh,West Godavari,21-11-2021,2021,11,1.103029378,IMD GRID MODEL
Andhra Pradesh,West Godavari,23-11-2021,2021,11,5.195323566,IMD GRID MODEL
Andhra Pradesh,West Godavari,28-11-2021,2021,11,0,IMD GRID MODEL
Andhra Pradesh,West Godavari,11-12-2021,2021,12,0.129773676,IMD GRID MODEL
Andhra Pradesh,West Godavari,12-12-2021,2021,12,0,IMD GRID MODEL
Andhra Pradesh,West Godavari,20-12-2021,2021,12,0,IMD GRID MODEL
Andhra Pradesh,West Godavari,27-12-2021,2021,12,0,IMD GRID MODEL
Andhra Pradesh,West Godavari,30-12-2021,2021,12,0,IMD GRID MODEL
Andhra Pradesh,Y.S.R.,01-01-2021,2021,1,0,IMD GRID MODEL
Andhra Pradesh,Y.S.R.,04-01-2021,2021,1,0,IMD GRID MODEL
Andhra Pradesh,Y.S.R.,18-01-2021,2021,1,0,IMD GRID MODEL
Andhra Pradesh,Y.S.R.,21-01-2021,2021,1,0,IMD GRID MODEL
Andhra Pradesh,Y.S.R.,23-01-2021,2021,1,0,IMD GRID MODEL
Andhra Pradesh,Y.S.R.,25-01-2021,2021,1,0,IMD GRID MODEL
Andhra Pradesh,Y.S.R.,28-01-2021,2021,1,0,IMD GRID MODEL
Andhra Pradesh,Y.S.R.,27-01-2021,2021,1,0,IMD GRID MODEL
Andhra Pradesh,Y.S.R.,30-01-2021,2021,1,0,IMD GRID MODEL
Andhra Pradesh,Y.S.R.,31-01-2021,2021,1,0,IMD GRID MODEL
Andhra Pradesh,Y.S.R.,05-02-2021,2021,2,0,IMD GRID MODEL
Andhra Pradesh,Y.S.R.,11-02-2021,2021,2,0,IMD GRID MODEL
Andhra Pradesh,Y.S.R.,16-02-2021,2021,2,0,IMD GRID MODEL
Andhra Pradesh,Y.S.R.,21-02-2021,2021,2,1.955602906,IMD GRID MODEL
Andhra Pradesh,Y.S.R.,24-02-2021,2021,2,0,IMD GRID MODEL
Andhra Pradesh,Y.S.R.,07-03-2021,2021,3,0,IMD GRID MODEL
Andhra Pradesh,Y.S.R.,15-03-2021,2021,3,0,IMD GRID MODEL
Andhra Pradesh,Y.S.R.,17-03-2021,2021,3,0,IMD GRID MODEL
Andhra Pradesh,Y.S.R.,21-03-2021,2021,3,0,IMD GRID MODEL
Andhra Pradesh,Y.S.R.,22-03-2021,2021,3,0,IMD GRID MODEL
Andhra Pradesh,Y.S.R.,23-03-2021,2021,3,0,IMD GRID MODEL
Andhra Pradesh,Y.S.R.,04-04-2021,2021,4,0,IMD GRID MODEL
Andhra Pradesh,Y.S.R.,08-04-2021,2021,4,0,IMD GRID MODEL
Andhra Pradesh,Y.S.R.,09-04-2021,2021,4,0,IMD GRID MODEL
Andhra Pradesh,Y.S.R.,16-04-2021,2021,4,0.001612234,IMD GRID MODEL
Andhra Pradesh,Y.S.R.,20-04-2021,2021,4,0.087590179,IMD GRID MODEL
Andhra Pradesh,Y.S.R.,26-04-2021,2021,4,0,IMD GRID MODEL
Andhra Pradesh,Y.S.R.,08-05-2021,2021,5,0.061060132,IMD GRID MODEL
Andhra Pradesh,Y.S.R.,12-05-2021,2021,5,10.75468855,IMD GRID MODEL
Andhra Pradesh,Y.S.R.,20-05-2021,2021,5,7.655805232,IMD GRID MODEL
Andhra Pradesh,Y.S.R.,21-05-2021,2021,5,17.20597677,IMD GRID MODEL
Andhra Pradesh,Y.S.R.,26-05-2021,2021,5,0.478706544,IMD GRID MODEL
Andhra Pradesh,Y.S.R.,29-05-2021,2021,5,0,IMD GRID MODEL
Andhra Pradesh,Y.S.R.,30-05-2021,2021,5,0,IMD GRID MODEL
Andhra Pradesh,Y.S.R.,03-06-2021,2021,6,15.67968966,IMD GRID MODEL
Andhra Pradesh,Y.S.R.,20-06-2021,2021,6,1.662177956,IMD GRID MODEL
Andhra Pradesh,Y.S.R.,21-06-2021,2021,6,0,IMD GRID MODEL
Andhra Pradesh,Y.S.R.,30-06-2021,2021,6,0,IMD GRID MODEL
Andhra Pradesh,Y.S.R.,04-07-2021,2021,7,10.49802261,IMD GRID MODEL
Andhra Pradesh,Y.S.R.,05-07-2021,2021,7,28.74598624,IMD GRID MODEL
Andhra Pradesh,Y.S.R.,07-07-2021,2021,7,0.823095627,IMD GRID MODEL
Andhra Pradesh,Y.S.R.,18-07-2021,2021,7,7.843513177,IMD GRID MODEL
Andhra Pradesh,Y.S.R.,25-07-2021,2021,7,0,IMD GRID MODEL
Andhra Pradesh,Y.S.R.,29-07-2021,2021,7,0,IMD GRID MODEL
Andhra Pradesh,Y.S.R.,11-08-2021,2021,8,1.331385752,IMD GRID MODEL
Andhra Pradesh,Y.S.R.,16-08-2021,2021,8,0.766668056,IMD GRID MODEL
Andhra Pradesh,Y.S.R.,21-08-2021,2021,8,0,IMD GRID MODEL
Andhra Pradesh,Y.S.R.,22-08-2021,2021,8,3.09270335,IMD GRID MODEL
Andhra Pradesh,Y.S.R.,31-08-2021,2021,8,1.318734469,IMD GRID MODEL
Andhra Pradesh,Y.S.R.,01-09-2021,2021,9,0.792604954,IMD GRID MODEL
Andhra Pradesh,Y.S.R.,09-09-2021,2021,9,0,IMD GRID MODEL
Andhra Pradesh,Y.S.R.,24-09-2021,2021,9,4.355935542,IMD GRID MODEL
Andhra Pradesh,Y.S.R.,05-10-2021,2021,10,0.00067582,IMD GRID MODEL
Andhra Pradesh,Y.S.R.,15-10-2021,2021,10,0.208374951,IMD GRID MODEL
Andhra Pradesh,Y.S.R.,19-10-2021,2021,10,0,IMD GRID MODEL
Andhra Pradesh,Y.S.R.,23-10-2021,2021,10,5.071912385,IMD GRID MODEL
Andhra Pradesh,Y.S.R.,27-10-2021,2021,10,0.124281469,IMD GRID MODEL
Andhra Pradesh,Y.S.R.,29-10-2021,2021,10,3.233448272,IMD GRID MODEL
Andhra Pradesh,Y.S.R.,08-11-2021,2021,11,7.127534458,IMD GRID MODEL
Andhra Pradesh,Y.S.R.,09-11-2021,2021,11,0,IMD GRID MODEL
Andhra Pradesh,Y.S.R.,14-11-2021,2021,11,7.446144197,IMD GRID MODEL
Andhra Pradesh,Y.S.R.,20-11-2021,2021,11,11.00614605,IMD GRID MODEL
Andhra Pradesh,Y.S.R.,24-11-2021,2021,11,1.238431159,IMD GRID MODEL
Andhra Pradesh,Y.S.R.,27-11-2021,2021,11,0.091763089,IMD GRID MODEL
Andhra Pradesh,Y.S.R.,28-11-2021,2021,11,16.40986636,IMD GRID MODEL
Andhra Pradesh,Y.S.R.,05-12-2021,2021,12,0,IMD GRID MODEL
Andhra Pradesh,Y.S.R.,06-12-2021,2021,12,0,IMD GRID MODEL
Andhra Pradesh,Y.S.R.,16-12-2021,2021,12,0,IMD GRID MODEL
Andhra Pradesh,Y.S.R.,17-12-2021,2021,12,0,IMD GRID MODEL
Andhra Pradesh,Y.S.R.,18-12-2021,2021,12,0,IMD GRID MODEL
Andhra Pradesh,Y.S.R.,22-12-2021,2021,12,0,IMD GRID MODEL
Andhra Pradesh,Y.S.R.,24-12-2021,2021,12,0,IMD GRID MODEL
Andhra Pradesh,Y.S.R.,25-12-2021,2021,12,0,IMD GRID MODEL
Andhra Pradesh,Y.S.R.,28-12-2021,2021,12,0,IMD GRID MODEL
Andhra Pradesh,Vizianagaram,08-06-2021,2021,6,2.102226681,IMD GRID MODEL
Andhra Pradesh,Vizianagaram,14-06-2021,2021,6,2.368683376,IMD GRID MODEL
Andhra Pradesh,Vizianagaram,19-06-2021,2021,6,2.293591,IMD GRID MODEL
Andhra Pradesh,Vizianagaram,02-07-2021,2021,7,1.916571321,IMD GRID MODEL
Andhra Pradesh,Vizianagaram,11-07-2021,2021,7,10.17053145,IMD GRID MODEL
Andhra Pradesh,Vizianagaram,15-07-2021,2021,7,4.17521993,IMD GRID MODEL
Andhra Pradesh,Vizianagaram,17-07-2021,2021,7,0.851858948,IMD GRID MODEL
Andhra Pradesh,Vizianagaram,21-07-2021,2021,7,31.46712064,IMD GRID MODEL
Andhra Pradesh,Vizianagaram,22-07-2021,2021,7,4.393850006,IMD GRID MODEL
Andhra Pradesh,Vizianagaram,26-07-2021,2021,7,0.006024248,IMD GRID MODEL
Andhra Pradesh,Vizianagaram,28-07-2021,2021,7,1.491359716,IMD GRID MODEL
Andhra Pradesh,Vizianagaram,31-07-2021,2021,7,0.242939697,IMD GRID MODEL
Andhra Pradesh,Vizianagaram,07-08-2021,2021,8,3.491581896,IMD GRID MODEL
Andhra Pradesh,Vizianagaram,15-08-2021,2021,8,14.99623447,IMD GRID MODEL
Andhra Pradesh,Vizianagaram,21-08-2021,2021,8,0.890732967,IMD GRID MODEL
Andhra Pradesh,Vizianagaram,22-08-2021,2021,8,0.442353513,IMD GRID MODEL
Andhra Pradesh,Vizianagaram,23-08-2021,2021,8,2.52045186,IMD GRID MODEL
Andhra Pradesh,Vizianagaram,24-08-2021,2021,8,2.071756276,IMD GRID MODEL
Andhra Pradesh,Vizianagaram,30-08-2021,2021,8,16.1135768,IMD GRID MODEL
Andhra Pradesh,Vizianagaram,01-09-2021,2021,9,17.15483824,IMD GRID MODEL
Andhra Pradesh,Vizianagaram,02-09-2021,2021,9,3.035084587,IMD GRID MODEL
Andhra Pradesh,Vizianagaram,17-09-2021,2021,9,1.263729309,IMD GRID MODEL
Andhra Pradesh,Vizianagaram,26-09-2021,2021,9,8.60390959,IMD GRID MODEL
Andhra Pradesh,Vizianagaram,03-10-2021,2021,10,0.013894001,IMD GRID MODEL
Andhra Pradesh,Vizianagaram,05-10-2021,2021,10,4.145091636,IMD GRID MODEL
Andhra Pradesh,Vizianagaram,07-10-2021,2021,10,2.201912949,IMD GRID MODEL
Andhra Pradesh,Vizianagaram,11-10-2021,2021,10,0,IMD GRID MODEL
Andhra Pradesh,Vizianagaram,15-10-2021,2021,10,10.820006,IMD GRID MODEL
Andhra Pradesh,Vizianagaram,23-10-2021,2021,10,1.714136557,IMD GRID MODEL
Andhra Pradesh,Vizianagaram,01-11-2021,2021,11,0.265473546,IMD GRID MODEL
Andhra Pradesh,Vizianagaram,09-11-2021,2021,11,0,IMD GRID MODEL
Andhra Pradesh,Vizianagaram,20-11-2021,2021,11,2.074511453,IMD GRID MODEL
Andhra Pradesh,Vizianagaram,23-11-2021,2021,11,16.94878287,IMD GRID MODEL
Andhra Pradesh,Vizianagaram,02-12-2021,2021,12,0,IMD GRID MODEL
Andhra Pradesh,Vizianagaram,17-12-2021,2021,12,0,IMD GRID MODEL
Andhra Pradesh,West Godavari,11-01-2021,2021,1,0,IMD GRID MODEL
Andhra Pradesh,West Godavari,19-01-2021,2021,1,0,IMD GRID MODEL
Andhra Pradesh,West Godavari,20-01-2021,2021,1,0,IMD GRID MODEL
Andhra Pradesh,West Godavari,23-01-2021,2021,1,0,IMD GRID MODEL
Andhra Pradesh,West Godavari,26-01-2021,2021,1,0,IMD GRID MODEL
Andhra Pradesh,West Godavari,29-01-2021,2021,1,0,IMD GRID MODEL
Andhra Pradesh,West Godavari,03-02-2021,2021,2,0,IMD GRID MODEL
Andhra Pradesh,West Godavari,09-02-2021,2021,2,0,IMD GRID MODEL
Andhra Pradesh,West Godavari,15-02-2021,2021,2,0,IMD GRID MODEL
Andhra Pradesh,West Godavari,17-02-2021,2021,2,0,IMD GRID MODEL
Andhra Pradesh,West Godavari,18-02-2021,2021,2,0,IMD GRID MODEL
Andhra Pradesh,West Godavari,25-02-2021,2021,2,0,IMD GRID MODEL
Andhra Pradesh,West Godavari,27-02-2021,2021,2,0,IMD GRID MODEL
Andhra Pradesh,West Godavari,06-03-2021,2021,3,0,IMD GRID MODEL
Andhra Pradesh,West Godavari,14-03-2021,2021,3,0,IMD GRID MODEL
Andhra Pradesh,West Godavari,15-03-2021,2021,3,0,IMD GRID MODEL
Andhra Pradesh,West Godavari,18-03-2021,2021,3,0,IMD GRID MODEL
Andhra Pradesh,West Godavari,24-03-2021,2021,3,0,IMD GRID MODEL
Andhra Pradesh,West Godavari,26-03-2021,2021,3,0.180923947,IMD GRID MODEL
Andhra Pradesh,West Godavari,27-03-2021,2021,3,0,IMD GRID MODEL
Andhra Pradesh,West Godavari,09-04-2021,2021,4,0.217797074,IMD GRID MODEL
Andhra Pradesh,West Godavari,11-04-2021,2021,4,0.004088018,IMD GRID MODEL
Andhra Pradesh,West Godavari,14-04-2021,2021,4,0.292694598,IMD GRID MODEL
Andhra Pradesh,West Godavari,19-04-2021,2021,4,0.17016195,IMD GRID MODEL
Andhra Pradesh,West Godavari,30-04-2021,2021,4,2.560285992,IMD GRID MODEL
Andhra Pradesh,West Godavari,03-05-2021,2021,5,1.040682096,IMD GRID MODEL
Andhra Pradesh,West Godavari,14-05-2021,2021,5,1.513781664,IMD GRID MODEL
Andhra Pradesh,West Godavari,17-05-2021,2021,5,10.46936688,IMD GRID MODEL
Andhra Pradesh,West Godavari,22-05-2021,2021,5,31.77350785,IMD GRID MODEL
Andhra Pradesh,West Godavari,25-05-2021,2021,5,0,IMD GRID MODEL
Andhra Pradesh,West Godavari,28-05-2021,2021,5,0,IMD GRID MODEL
Andhra Pradesh,West Godavari,05-06-2021,2021,6,0.757781612,IMD GRID MODEL
Andhra Pradesh,West Godavari,10-06-2021,2021,6,4.917560406,IMD GRID MODEL
Andhra Pradesh,West Godavari,13-06-2021,2021,6,4.339529027,IMD GRID MODEL
Andhra Pradesh,West Godavari,28-06-2021,2021,6,6.755317157,IMD GRID MODEL
Andhra Pradesh,West Godavari,29-06-2021,2021,6,0.133019873,IMD GRID MODEL
Andhra Pradesh,West Godavari,30-06-2021,2021,6,2.23885607,IMD GRID MODEL
Andhra Pradesh,West Godavari,04-07-2021,2021,7,2.96844308,IMD GRID MODEL
Andhra Pradesh,West Godavari,11-07-2021,2021,7,19.62498202,IMD GRID MODEL
Andhra Pradesh,West Godavari,16-07-2021,2021,7,14.08643053,IMD GRID MODEL
Andhra Pradesh,West Godavari,19-07-2021,2021,7,5.004722206,IMD GRID MODEL
Andhra Pradesh,West Godavari,21-07-2021,2021,7,17.32661897,IMD GRID MODEL
Andhra Pradesh,West Godavari,28-07-2021,2021,7,0.616397824,IMD GRID MODEL
Andhra Pradesh,West Godavari,05-08-2021,2021,8,1.088485384,IMD GRID MODEL
Andhra Pradesh,West Godavari,12-08-2021,2021,8,1.077218778,IMD GRID MODEL
Andhra Pradesh,West Godavari,17-08-2021,2021,8,4.108126426,IMD GRID MODEL
Andhra Pradesh,West Godavari,19-08-2021,2021,8,5.81318217,IMD GRID MODEL
Andhra Pradesh,West Godavari,24-08-2021,2021,8,0.620287612,IMD GRID MODEL
Andhra Pradesh,West Godavari,04-09-2021,2021,9,7.126258258,IMD GRID MODEL
Andhra Pradesh,West Godavari,06-09-2021,2021,9,16.37972782,IMD GRID MODEL
Andhra Pradesh,West Godavari,12-09-2021,2021,9,2.043030357,IMD GRID MODEL
Andhra Pradesh,West Godavari,14-09-2021,2021,9,0.256204146,IMD GRID MODEL
Andhra Pradesh,West Godavari,15-09-2021,2021,9,5.462669831,IMD GRID MODEL
Andhra Pradesh,West Godavari,19-09-2021,2021,9,3.529215429,IMD GRID MODEL
Andhra Pradesh,West Godavari,21-09-2021,2021,9,5.002411097,IMD GRID MODEL
Andhra Pradesh,West Godavari,22-09-2021,2021,9,0.04028602,IMD GRID MODEL
Andhra Pradesh,West Godavari,28-09-2021,2021,9,22.35548173,IMD GRID MODEL
Andhra Pradesh,West Godavari,02-10-2021,2021,10,0.735892471,IMD GRID MODEL
Andhra Pradesh,West Godavari,06-10-2021,2021,10,0.815278532,IMD GRID MODEL
Andhra Pradesh,West Godavari,10-10-2021,2021,10,0.543077557,IMD GRID MODEL
Andhra Pradesh,West Godavari,12-10-2021,2021,10,0.349175795,IMD GRID MODEL
Andhra Pradesh,East Godavari,17-03-2021,2021,3,0,IMD GRID MODEL
Andhra Pradesh,East Godavari,29-03-2021,2021,3,0,IMD GRID MODEL
Andhra Pradesh,East Godavari,08-04-2021,2021,4,0,IMD GRID MODEL
Andhra Pradesh,East Godavari,09-04-2021,2021,4,0.845354567,IMD GRID MODEL
Andhra Pradesh,East Godavari,12-04-2021,2021,4,0,IMD GRID MODEL
Andhra Pradesh,East Godavari,20-04-2021,2021,4,0.499888274,IMD GRID MODEL
Andhra Pradesh,East Godavari,22-04-2021,2021,4,1.925812724,IMD GRID MODEL
Andhra Pradesh,East Godavari,25-04-2021,2021,4,0,IMD GRID MODEL
Andhra Pradesh,East Godavari,26-04-2021,2021,4,0,IMD GRID MODEL
Andhra Pradesh,East Godavari,29-04-2021,2021,4,0.20533984,IMD GRID MODEL
Andhra Pradesh,East Godavari,15-05-2021,2021,5,1.286904604,IMD GRID MODEL
Andhra Pradesh,East Godavari,16-05-2021,2021,5,3.064915843,IMD GRID MODEL
Andhra Pradesh,East Godavari,28-05-2021,2021,5,0,IMD GRID MODEL
Andhra Pradesh,East Godavari,01-06-2021,2021,6,5.183700613,IMD GRID MODEL
Andhra Pradesh,East Godavari,04-06-2021,2021,6,7.161318933,IMD GRID MODEL
Andhra Pradesh,East Godavari,07-06-2021,2021,6,0.587909736,IMD GRID MODEL
Andhra Pradesh,East Godavari,11-06-2021,2021,6,5.150431598,IMD GRID MODEL
Andhra Pradesh,East Godavari,14-06-2021,2021,6,4.585285659,IMD GRID MODEL
Andhra Pradesh,East Godavari,18-06-2021,2021,6,7.648765704,IMD GRID MODEL
Andhra Pradesh,East Godavari,22-06-2021,2021,6,0.018981689,IMD GRID MODEL
Andhra Pradesh,East Godavari,24-06-2021,2021,6,17.26947305,IMD GRID MODEL
Andhra Pradesh,East Godavari,01-07-2021,2021,7,13.31719454,IMD GRID MODEL
Andhra Pradesh,East Godavari,03-07-2021,2021,7,11.88324429,IMD GRID MODEL
Andhra Pradesh,East Godavari,10-07-2021,2021,7,4.37149609,IMD GRID MODEL
Andhra Pradesh,East Godavari,18-07-2021,2021,7,0.247959249,IMD GRID MODEL
Andhra Pradesh,East Godavari,20-07-2021,2021,7,8.59500839,IMD GRID MODEL
Andhra Pradesh,East Godavari,27-07-2021,2021,7,0.968716253,IMD GRID MODEL
Andhra Pradesh,East Godavari,30-07-2021,2021,7,0.40100249,IMD GRID MODEL
Andhra Pradesh,East Godavari,31-07-2021,2021,7,1.501356608,IMD GRID MODEL
Andhra Pradesh,East Godavari,12-08-2021,2021,8,2.882010859,IMD GRID MODEL
Andhra Pradesh,East Godavari,17-08-2021,2021,8,7.758257065,IMD GRID MODEL
Andhra Pradesh,East Godavari,25-08-2021,2021,8,0.453587195,IMD GRID MODEL
Andhra Pradesh,East Godavari,26-08-2021,2021,8,8.29230131,IMD GRID MODEL
Andhra Pradesh,East Godavari,04-09-2021,2021,9,3.007634812,IMD GRID MODEL
Andhra Pradesh,East Godavari,11-09-2021,2021,9,13.41087343,IMD GRID MODEL
Andhra Pradesh,East Godavari,16-09-2021,2021,9,0,IMD GRID MODEL
Andhra Pradesh,East Godavari,29-09-2021,2021,9,6.259675962,IMD GRID MODEL
Andhra Pradesh,East Godavari,01-10-2021,2021,10,4.322989809,IMD GRID MODEL
Andhra Pradesh,East Godavari,04-10-2021,2021,10,1.017356224,IMD GRID MODEL
Andhra Pradesh,East Godavari,05-10-2021,2021,10,0.736910451,IMD GRID MODEL
Andhra Pradesh,East Godavari,09-11-2021,2021,11,0,IMD GRID MODEL
Andhra Pradesh,East Godavari,16-11-2021,2021,11,5.04586037,IMD GRID MODEL
Andhra Pradesh,East Godavari,18-11-2021,2021,11,0.413394761,IMD GRID MODEL
Andhra Pradesh,East Godavari,30-11-2021,2021,11,0,IMD GRID MODEL
Andhra Pradesh,East Godavari,05-12-2021,2021,12,0.00144435,IMD GRID MODEL
Andhra Pradesh,East Godavari,12-12-2021,2021,12,0,IMD GRID MODEL
Andhra Pradesh,East Godavari,14-12-2021,2021,12,0,IMD GRID MODEL
Andhra Pradesh,East Godavari,15-12-2021,2021,12,0,IMD GRID MODEL
Andhra Pradesh,East Godavari,20-12-2021,2021,12,0,IMD GRID MODEL
Andhra Pradesh,East Godavari,21-12-2021,2021,12,0,IMD GRID MODEL
Andhra Pradesh,East Godavari,29-12-2021,2021,12,0,IMD GRID MODEL
Andhra Pradesh,East Godavari,31-12-2021,2021,12,0,IMD GRID MODEL
Andhra Pradesh,Guntur,05-01-2021,2021,1,0,IMD GRID MODEL
Andhra Pradesh,Guntur,10-01-2021,2021,1,0,IMD GRID MODEL
Andhra Pradesh,Guntur,15-01-2021,2021,1,0,IMD GRID MODEL
Andhra Pradesh,Guntur,21-01-2021,2021,1,0,IMD GRID MODEL
Andhra Pradesh,Guntur,29-01-2021,2021,1,0,IMD GRID MODEL
Andhra Pradesh,Guntur,09-02-2021,2021,2,0,IMD GRID MODEL
Andhra Pradesh,Guntur,14-02-2021,2021,2,0,IMD GRID MODEL
Andhra Pradesh,Guntur,16-02-2021,2021,2,0,IMD GRID MODEL
Andhra Pradesh,Guntur,20-02-2021,2021,2,2.402015329,IMD GRID MODEL
Andhra Pradesh,Guntur,22-02-2021,2021,2,0.411693948,IMD GRID MODEL
Andhra Pradesh,Guntur,23-02-2021,2021,2,0,IMD GRID MODEL
Andhra Pradesh,Guntur,27-02-2021,2021,2,0,IMD GRID MODEL
Andhra Pradesh,Guntur,02-03-2021,2021,3,0,IMD GRID MODEL
Andhra Pradesh,Guntur,06-03-2021,2021,3,0,IMD GRID MODEL
Andhra Pradesh,Guntur,08-03-2021,2021,3,0,IMD GRID MODEL
Andhra Pradesh,Guntur,09-03-2021,2021,3,0,IMD GRID MODEL
Andhra Pradesh,Guntur,14-03-2021,2021,3,0,IMD GRID MODEL
Andhra Pradesh,Guntur,26-03-2021,2021,3,0,IMD GRID MODEL
Andhra Pradesh,Guntur,28-03-2021,2021,3,0,IMD GRID MODEL
Andhra Pradesh,Guntur,05-04-2021,2021,4,0,IMD GRID MODEL
Andhra Pradesh,Guntur,12-04-2021,2021,4,0,IMD GRID MODEL
Andhra Pradesh,Guntur,15-04-2021,2021,4,6.61739559,IMD GRID MODEL
Andhra Pradesh,Guntur,25-04-2021,2021,4,0.756391328,IMD GRID MODEL
Andhra Pradesh,Guntur,27-04-2021,2021,4,0,IMD GRID MODEL
Andhra Pradesh,Guntur,29-04-2021,2021,4,0,IMD GRID MODEL
Andhra Pradesh,Guntur,06-05-2021,2021,5,0.050689895,IMD GRID MODEL
Andhra Pradesh,Guntur,10-05-2021,2021,5,0,IMD GRID MODEL
Andhra Pradesh,Guntur,13-05-2021,2021,5,0,IMD GRID MODEL
Andhra Pradesh,Guntur,14-05-2021,2021,5,1.516365137,IMD GRID MODEL
Andhra Pradesh,Guntur,30-05-2021,2021,5,0.009272998,IMD GRID MODEL
Andhra Pradesh,Guntur,08-06-2021,2021,6,1.460686379,IMD GRID MODEL
Andhra Pradesh,Guntur,09-06-2021,2021,6,0,IMD GRID MODEL
Andhra Pradesh,Guntur,11-06-2021,2021,6,6.405624924,IMD GRID MODEL
Andhra Pradesh,Guntur,19-06-2021,2021,6,0.116794959,IMD GRID MODEL
Andhra Pradesh,Guntur,21-06-2021,2021,6,0.100477011,IMD GRID MODEL
Andhra Pradesh,Guntur,01-07-2021,2021,7,10.03880118,IMD GRID MODEL
Andhra Pradesh,Guntur,09-07-2021,2021,7,0.099512089,IMD GRID MODEL
Andhra Pradesh,Guntur,18-07-2021,2021,7,22.13141124,IMD GRID MODEL
Andhra Pradesh,Guntur,22-07-2021,2021,7,35.33874677,IMD GRID MODEL
Andhra Pradesh,Guntur,14-07-2021,2021,7,11.77774585,IMD GRID MODEL
Andhra Pradesh,Guntur,23-07-2021,2021,7,34.15523841,IMD GRID MODEL
Andhra Pradesh,Guntur,25-07-2021,2021,7,0.06149281,IMD GRID MODEL
Andhra Pradesh,Guntur,27-07-2021,2021,7,0.039978256,IMD GRID MODEL
Andhra Pradesh,Guntur,28-07-2021,2021,7,0.012122841,IMD GRID MODEL
Andhra Pradesh,Anantapur,28-08-2021,2021,8,3.032109038,IMD GRID MODEL
Andhra Pradesh,Anantapur,02-09-2021,2021,9,3.267341426,IMD GRID MODEL
Andhra Pradesh,Anantapur,05-09-2021,2021,9,1.35523173,IMD GRID MODEL
Andhra Pradesh,Anantapur,08-09-2021,2021,9,0.139061973,IMD GRID MODEL
Andhra Pradesh,Anantapur,09-09-2021,2021,9,0.018019154,IMD GRID MODEL
Andhra Pradesh,Anantapur,18-09-2021,2021,9,0,IMD GRID MODEL
Andhra Pradesh,Anantapur,14-10-2021,2021,10,1.329713306,IMD GRID MODEL
Andhra Pradesh,Anantapur,09-11-2021,2021,11,0.0148528,IMD GRID MODEL
Andhra Pradesh,Anantapur,02-12-2021,2021,12,0,IMD GRID MODEL
Andhra Pradesh,Anantapur,11-12-2021,2021,12,0.017682952,IMD GRID MODEL
Andhra Pradesh,Anantapur,23-12-2021,2021,12,0,IMD GRID MODEL
Andhra Pradesh,Anantapur,03-01-2021,2021,1,0,IMD GRID MODEL
Andhra Pradesh,Anantapur,10-04-2021,2021,4,0,IMD GRID MODEL
Andhra Pradesh,Anantapur,27-06-2021,2021,6,6.28673995,IMD GRID MODEL
Andhra Pradesh,Anantapur,14-04-2021,2021,4,0,IMD GRID MODEL
Andhra Pradesh,Anantapur,15-04-2021,2021,4,12.20357363,IMD GRID MODEL
Andhra Pradesh,Anantapur,06-05-2021,2021,5,2.437666169,IMD GRID MODEL
Andhra Pradesh,Anantapur,15-05-2021,2021,5,0.843096626,IMD GRID MODEL
Andhra Pradesh,Anantapur,06-07-2021,2021,7,0.966841733,IMD GRID MODEL
Andhra Pradesh,Anantapur,14-07-2021,2021,7,0.949454506,IMD GRID MODEL
Andhra Pradesh,Anantapur,15-07-2021,2021,7,21.03061605,IMD GRID MODEL
Andhra Pradesh,Anantapur,22-07-2021,2021,7,4.650785602,IMD GRID MODEL
Andhra Pradesh,Anantapur,30-07-2021,2021,7,0.19319991,IMD GRID MODEL
Andhra Pradesh,Anantapur,31-07-2021,2021,7,1.04226437,IMD GRID MODEL
Andhra Pradesh,Anantapur,05-08-2021,2021,8,0.210142382,IMD GRID MODEL
Andhra Pradesh,Anantapur,06-08-2021,2021,8,3.099723503,IMD GRID MODEL
Andhra Pradesh,Anantapur,12-08-2021,2021,8,0.093502708,IMD GRID MODEL
Andhra Pradesh,Anantapur,22-08-2021,2021,8,5.87506465,IMD GRID MODEL
Andhra Pradesh,Anantapur,24-08-2021,2021,8,17.14963143,IMD GRID MODEL
Andhra Pradesh,Anantapur,26-05-2021,2021,5,4.569640635,IMD GRID MODEL
Andhra Pradesh,Anantapur,27-05-2021,2021,5,4.198193517,IMD GRID MODEL
Andhra Pradesh,Anantapur,11-06-2021,2021,6,0,IMD GRID MODEL
Andhra Pradesh,Anantapur,15-06-2021,2021,6,0.000909205,IMD GRID MODEL
Andhra Pradesh,Anantapur,19-06-2021,2021,6,0.071698809,IMD GRID MODEL
Andhra Pradesh,Anantapur,15-10-2021,2021,10,1.822996877,IMD GRID MODEL
Andhra Pradesh,Anantapur,23-09-2021,2021,9,0.112592161,IMD GRID MODEL
Andhra Pradesh,Anantapur,25-09-2021,2021,9,1.530873761,IMD GRID MODEL
Andhra Pradesh,Anantapur,28-09-2021,2021,9,0.010421831,IMD GRID MODEL
Andhra Pradesh,Anantapur,29-09-2021,2021,9,2.728256942,IMD GRID MODEL
Andhra Pradesh,Anantapur,02-10-2021,2021,10,2.137531379,IMD GRID MODEL
Andhra Pradesh,Anantapur,05-11-2021,2021,11,0.691498793,IMD GRID MODEL
Andhra Pradesh,Anantapur,21-11-2021,2021,11,25.15352533,IMD GRID MODEL
Andhra Pradesh,Anantapur,06-12-2021,2021,12,0,IMD GRID MODEL
Andhra Pradesh,Anantapur,15-12-2021,2021,12,0.0148528,IMD GRID MODEL
Andhra Pradesh,Anantapur,18-01-2021,2021,1,0,IMD GRID MODEL
Andhra Pradesh,Anantapur,22-12-2021,2021,12,0,IMD GRID MODEL
Andhra Pradesh,Anantapur,25-12-2021,2021,12,0,IMD GRID MODEL
Andhra Pradesh,Anantapur,23-01-2021,2021,1,0,IMD GRID MODEL
Andhra Pradesh,Anantapur,26-01-2021,2021,1,0,IMD GRID MODEL
Andhra Pradesh,Anantapur,08-02-2021,2021,2,0,IMD GRID MODEL
Andhra Pradesh,Anantapur,10-02-2021,2021,2,0,IMD GRID MODEL
Andhra Pradesh,Anantapur,16-02-2021,2021,2,0,IMD GRID MODEL
Andhra Pradesh,Anantapur,19-02-2021,2021,2,0.500383314,IMD GRID MODEL
Andhra Pradesh,Anantapur,21-02-2021,2021,2,3.329570394,IMD GRID MODEL
Andhra Pradesh,Anantapur,25-02-2021,2021,2,0,IMD GRID MODEL
Andhra Pradesh,Anantapur,01-03-2021,2021,3,0,IMD GRID MODEL
Andhra Pradesh,Anantapur,10-03-2021,2021,3,0,IMD GRID MODEL
Andhra Pradesh,Anantapur,14-03-2021,2021,3,0,IMD GRID MODEL
Andhra Pradesh,Anantapur,17-03-2021,2021,3,0,IMD GRID MODEL
Andhra Pradesh,Anantapur,28-03-2021,2021,3,0,IMD GRID MODEL
Andhra Pradesh,Chittoor,02-01-2021,2021,1,0,IMD GRID MODEL
Andhra Pradesh,Chittoor,05-01-2021,2021,1,2.99914707,IMD GRID MODEL
Andhra Pradesh,Chittoor,07-01-2021,2021,1,19.38007934,IMD GRID MODEL
Andhra Pradesh,Chittoor,11-01-2021,2021,1,0,IMD GRID MODEL
Andhra Pradesh,Chittoor,21-01-2021,2021,1,0,IMD GRID MODEL
Andhra Pradesh,Chittoor,24-01-2021,2021,1,0,IMD GRID MODEL
Andhra Pradesh,Chittoor,27-01-2021,2021,1,0,IMD GRID MODEL
Andhra Pradesh,Chittoor,04-02-2021,2021,2,0.005414916,IMD GRID MODEL
Andhra Pradesh,Chittoor,06-02-2021,2021,2,0,IMD GRID MODEL
Andhra Pradesh,Chittoor,09-02-2021,2021,2,0,IMD GRID MODEL
Andhra Pradesh,Chittoor,13-02-2021,2021,2,0,IMD GRID MODEL
Andhra Pradesh,Chittoor,20-02-2021,2021,2,8.000610683,IMD GRID MODEL
Andhra Pradesh,Chittoor,27-02-2021,2021,2,0,IMD GRID MODEL
Andhra Pradesh,Chittoor,28-02-2021,2021,2,0,IMD GRID MODEL
Andhra Pradesh,Chittoor,02-03-2021,2021,3,0,IMD GRID MODEL
Andhra Pradesh,Chittoor,06-03-2021,2021,3,0,IMD GRID MODEL
Andhra Pradesh,Chittoor,12-03-2021,2021,3,0,IMD GRID MODEL
Andhra Pradesh,Chittoor,19-03-2021,2021,3,0,IMD GRID MODEL
Andhra Pradesh,Chittoor,22-03-2021,2021,3,0,IMD GRID MODEL
Andhra Pradesh,Chittoor,23-03-2021,2021,3,0,IMD GRID MODEL
Andhra Pradesh,Chittoor,09-04-2021,2021,4,0,IMD GRID MODEL
Andhra Pradesh,Chittoor,13-04-2021,2021,4,2.209043506,IMD GRID MODEL
Andhra Pradesh,Chittoor,19-04-2021,2021,4,0,IMD GRID MODEL
Andhra Pradesh,Chittoor,14-05-2021,2021,5,0.448779014,IMD GRID MODEL
Andhra Pradesh,Chittoor,16-05-2021,2021,5,0,IMD GRID MODEL
Andhra Pradesh,Chittoor,17-05-2021,2021,5,0.001037607,IMD GRID MODEL
Andhra Pradesh,Chittoor,19-05-2021,2021,5,0.152638395,IMD GRID MODEL
Andhra Pradesh,Visakhapatanam,23-01-2021,2021,1,0,IMD GRID MODEL
Andhra Pradesh,Visakhapatanam,24-01-2021,2021,1,0,IMD GRID MODEL
Andhra Pradesh,Visakhapatanam,27-01-2021,2021,1,0,IMD GRID MODEL
Andhra Pradesh,Visakhapatanam,29-01-2021,2021,1,0.627793374,IMD GRID MODEL
Andhra Pradesh,Visakhapatanam,01-02-2021,2021,2,0,IMD GRID MODEL
Andhra Pradesh,Visakhapatanam,05-02-2021,2021,2,0,IMD GRID MODEL
Andhra Pradesh,Visakhapatanam,08-02-2021,2021,2,0,IMD GRID MODEL
Andhra Pradesh,Visakhapatanam,09-02-2021,2021,2,0,IMD GRID MODEL
Andhra Pradesh,Visakhapatanam,10-02-2021,2021,2,0,IMD GRID MODEL
Andhra Pradesh,Visakhapatanam,14-02-2021,2021,2,0,IMD GRID MODEL
Andhra Pradesh,Visakhapatanam,16-02-2021,2021,2,0,IMD GRID MODEL
Andhra Pradesh,Visakhapatanam,19-02-2021,2021,2,0.100392825,IMD GRID MODEL
Andhra Pradesh,Visakhapatanam,23-02-2021,2021,2,0,IMD GRID MODEL
Andhra Pradesh,Visakhapatanam,27-02-2021,2021,2,0,IMD GRID MODEL
Andhra Pradesh,Visakhapatanam,03-03-2021,2021,3,0,IMD GRID MODEL
Andhra Pradesh,Visakhapatanam,05-03-2021,2021,3,0,IMD GRID MODEL
Andhra Pradesh,Visakhapatanam,07-03-2021,2021,3,0,IMD GRID MODEL
Andhra Pradesh,Visakhapatanam,15-03-2021,2021,3,0,IMD GRID MODEL
Andhra Pradesh,Visakhapatanam,24-03-2021,2021,3,0.006591811,IMD GRID MODEL
Andhra Pradesh,Visakhapatanam,26-03-2021,2021,3,0.129795306,IMD GRID MODEL
Andhra Pradesh,Visakhapatanam,04-04-2021,2021,4,6.374261568,IMD GRID MODEL
Andhra Pradesh,Visakhapatanam,06-04-2021,2021,4,0.636345151,IMD GRID MODEL
Andhra Pradesh,Visakhapatanam,07-04-2021,2021,4,0,IMD GRID MODEL
Andhra Pradesh,Visakhapatanam,09-04-2021,2021,4,1.78176,IMD GRID MODEL
Andhra Pradesh,Visakhapatanam,15-04-2021,2021,4,3.015423148,IMD GRID MODEL
Andhra Pradesh,Visakhapatanam,20-04-2021,2021,4,4.002109306,IMD GRID MODEL
Andhra Pradesh,Visakhapatanam,25-04-2021,2021,4,0,IMD GRID MODEL
Andhra Pradesh,Visakhapatanam,01-05-2021,2021,5,0.242713803,IMD GRID MODEL
Andhra Pradesh,Visakhapatanam,07-05-2021,2021,5,0.050635745,IMD GRID MODEL
Andhra Pradesh,Visakhapatanam,10-05-2021,2021,5,6.509604202,IMD GRID MODEL
Andhra Pradesh,Visakhapatanam,12-05-2021,2021,5,24.5315822,IMD GRID MODEL
Andhra Pradesh,Visakhapatanam,13-05-2021,2021,5,0.000397908,IMD GRID MODEL
Andhra Pradesh,Visakhapatanam,27-05-2021,2021,5,0.000227376,IMD GRID MODEL
Andhra Pradesh,Visakhapatanam,02-06-2021,2021,6,0.004436226,IMD GRID MODEL
Andhra Pradesh,Visakhapatanam,16-06-2021,2021,6,0.078941569,IMD GRID MODEL
Andhra Pradesh,Visakhapatanam,21-06-2021,2021,6,0,IMD GRID MODEL
Andhra Pradesh,Visakhapatanam,23-06-2021,2021,6,1.365051386,IMD GRID MODEL
Andhra Pradesh,Visakhapatanam,26-06-2021,2021,6,0.396924496,IMD GRID MODEL
Andhra Pradesh,Visakhapatanam,12-07-2021,2021,7,14.69087072,IMD GRID MODEL
Andhra Pradesh,Visakhapatanam,22-07-2021,2021,7,2.96855948,IMD GRID MODEL
Andhra Pradesh,Visakhapatanam,23-07-2021,2021,7,0.310424512,IMD GRID MODEL
Andhra Pradesh,Visakhapatanam,24-07-2021,2021,7,3.597733155,IMD GRID MODEL
Andhra Pradesh,Visakhapatanam,26-07-2021,2021,7,1.933153232,IMD GRID MODEL
Andhra Pradesh,Visakhapatanam,27-07-2021,2021,7,0.1254431,IMD GRID MODEL
Andhra Pradesh,Visakhapatanam,03-08-2021,2021,8,2.990304404,IMD GRID MODEL
Andhra Pradesh,Visakhapatanam,08-08-2021,2021,8,8.013149792,IMD GRID MODEL
Andhra Pradesh,Visakhapatanam,11-08-2021,2021,8,3.97402406,IMD GRID MODEL
Andhra Pradesh,Visakhapatanam,18-08-2021,2021,8,1.603725977,IMD GRID MODEL
Andhra Pradesh,Visakhapatanam,26-08-2021,2021,8,13.89260937,IMD GRID MODEL
Andhra Pradesh,Visakhapatanam,07-09-2021,2021,9,46.18342247,IMD GRID MODEL
Andhra Pradesh,Visakhapatanam,15-09-2021,2021,9,3.550269312,IMD GRID MODEL
Andhra Pradesh,Visakhapatanam,17-09-2021,2021,9,0.998520562,IMD GRID MODEL
Andhra Pradesh,Visakhapatanam,29-09-2021,2021,9,9.050813847,IMD GRID MODEL
Andhra Pradesh,Visakhapatanam,12-10-2021,2021,10,0.116446462,IMD GRID MODEL
Andhra Pradesh,Visakhapatanam,27-10-2021,2021,10,0,IMD GRID MODEL
Andhra Pradesh,Visakhapatanam,31-10-2021,2021,10,9.452328286,IMD GRID MODEL
Andhra Pradesh,Visakhapatanam,02-11-2021,2021,11,7.239390299,IMD GRID MODEL
Andhra Pradesh,Visakhapatanam,03-11-2021,2021,11,2.742085342,IMD GRID MODEL
Andhra Pradesh,Visakhapatanam,04-11-2021,2021,11,7.357706442,IMD GRID MODEL
Andhra Pradesh,Visakhapatanam,05-11-2021,2021,11,3.482399308,IMD GRID MODEL
Andhra Pradesh,Visakhapatanam,15-11-2021,2021,11,4.060931076,IMD GRID MODEL
Andhra Pradesh,Visakhapatanam,25-11-2021,2021,11,0.133897042,IMD GRID MODEL
Andhra Pradesh,Visakhapatanam,04-12-2021,2021,12,1.022292304,IMD GRID MODEL
Andhra Pradesh,Visakhapatanam,05-12-2021,2021,12,1.003541281,IMD GRID MODEL
Andhra Pradesh,Visakhapatanam,09-12-2021,2021,12,0.049448989,IMD GRID MODEL
Andhra Pradesh,Visakhapatanam,11-12-2021,2021,12,1.29824743,IMD GRID MODEL
Andhra Pradesh,Visakhapatanam,16-12-2021,2021,12,0,IMD GRID MODEL
Andhra Pradesh,Visakhapatanam,21-12-2021,2021,12,0,IMD GRID MODEL
Andhra Pradesh,Visakhapatanam,26-12-2021,2021,12,0,IMD GRID MODEL
Andhra Pradesh,Visakhapatanam,04-01-2021,2021,1,0,IMD GRID MODEL
Andhra Pradesh,Visakhapatanam,19-04-2021,2021,4,3.379574106,IMD GRID MODEL
Andhra Pradesh,Visakhapatanam,17-12-2021,2021,12,0.052303886,IMD GRID MODEL
Andhra Pradesh,Vizianagaram,13-01-2021,2021,1,0,IMD GRID MODEL
Andhra Pradesh,Vizianagaram,23-01-2021,2021,1,0,IMD GRID MODEL
Andhra Pradesh,Vizianagaram,26-01-2021,2021,1,0,IMD GRID MODEL
Andhra Pradesh,Vizianagaram,30-01-2021,2021,1,2.008076435,IMD GRID MODEL
Andhra Pradesh,Vizianagaram,31-01-2021,2021,1,0.835111927,IMD GRID MODEL
Andhra Pradesh,Vizianagaram,06-02-2021,2021,2,0,IMD GRID MODEL
Andhra Pradesh,Vizianagaram,11-02-2021,2021,2,0,IMD GRID MODEL
Andhra Pradesh,Vizianagaram,14-02-2021,2021,2,0,IMD GRID MODEL
Andhra Pradesh,Vizianagaram,18-02-2021,2021,2,0,IMD GRID MODEL
Andhra Pradesh,Vizianagaram,28-02-2021,2021,2,0,IMD GRID MODEL
Andhra Pradesh,Vizianagaram,03-03-2021,2021,3,0,IMD GRID MODEL
Andhra Pradesh,Vizianagaram,15-03-2021,2021,3,0,IMD GRID MODEL
Andhra Pradesh,Vizianagaram,19-03-2021,2021,3,0,IMD GRID MODEL
Andhra Pradesh,Vizianagaram,21-03-2021,2021,3,0,IMD GRID MODEL
Andhra Pradesh,Vizianagaram,22-03-2021,2021,3,0,IMD GRID MODEL
Andhra Pradesh,Vizianagaram,27-03-2021,2021,3,0,IMD GRID MODEL
Andhra Pradesh,Vizianagaram,29-03-2021,2021,3,0,IMD GRID MODEL
Andhra Pradesh,Vizianagaram,02-04-2021,2021,4,0,IMD GRID MODEL
Andhra Pradesh,Vizianagaram,03-04-2021,2021,4,0,IMD GRID MODEL
Andhra Pradesh,Vizianagaram,04-04-2021,2021,4,4.38472309,IMD GRID MODEL
Andhra Pradesh,Vizianagaram,05-04-2021,2021,4,0,IMD GRID MODEL
Andhra Pradesh,Vizianagaram,09-04-2021,2021,4,0.05765204,IMD GRID MODEL
Andhra Pradesh,Vizianagaram,12-04-2021,2021,4,0,IMD GRID MODEL
Andhra Pradesh,Vizianagaram,24-04-2021,2021,4,12.14512303,IMD GRID MODEL
Andhra Pradesh,Vizianagaram,29-04-2021,2021,4,0,IMD GRID MODEL
Andhra Pradesh,Vizianagaram,30-04-2021,2021,4,1.712521565,IMD GRID MODEL
Andhra Pradesh,Vizianagaram,02-05-2021,2021,5,0.11150658,IMD GRID MODEL
Andhra Pradesh,Vizianagaram,12-05-2021,2021,5,14.12581009,IMD GRID MODEL
Andhra Pradesh,Vizianagaram,14-05-2021,2021,5,1.853946658,IMD GRID MODEL
Andhra Pradesh,Vizianagaram,16-05-2021,2021,5,0.714407434,IMD GRID MODEL
Andhra Pradesh,Vizianagaram,11-06-2021,2021,6,0.393965557,IMD GRID MODEL
Andhra Pradesh,Vizianagaram,13-06-2021,2021,6,2.619435313,IMD GRID MODEL
Andhra Pradesh,Vizianagaram,26-06-2021,2021,6,0.813859586,IMD GRID MODEL
Andhra Pradesh,Vizianagaram,28-06-2021,2021,6,5.174056612,IMD GRID MODEL
Andhra Pradesh,Vizianagaram,29-06-2021,2021,6,0,IMD GRID MODEL
Andhra Pradesh,Vizianagaram,06-07-2021,2021,7,1.130887212,IMD GRID MODEL
Andhra Pradesh,Vizianagaram,09-07-2021,2021,7,0.257374456,IMD GRID MODEL
Andhra Pradesh,Vizianagaram,14-07-2021,2021,7,16.47401068,IMD GRID MODEL
Andhra Pradesh,Vizianagaram,25-07-2021,2021,7,0.169373555,IMD GRID MODEL
Andhra Pradesh,Vizianagaram,02-08-2021,2021,8,1.306038249,IMD GRID MODEL
Andhra Pradesh,Vizianagaram,03-08-2021,2021,8,3.771093784,IMD GRID MODEL
Andhra Pradesh,Vizianagaram,06-08-2021,2021,8,0.621287278,IMD GRID MODEL
Andhra Pradesh,Vizianagaram,11-08-2021,2021,8,11.05550625,IMD GRID MODEL
Andhra Pradesh,Vizianagaram,17-08-2021,2021,8,6.704927077,IMD GRID MODEL
Andhra Pradesh,Vizianagaram,18-08-2021,2021,8,2.476865277,IMD GRID MODEL
Andhra Pradesh,Vizianagaram,26-08-2021,2021,8,16.23778257,IMD GRID MODEL
Andhra Pradesh,Vizianagaram,27-08-2021,2021,8,6.39758686,IMD GRID MODEL
Andhra Pradesh,Vizianagaram,08-09-2021,2021,9,5.054680612,IMD GRID MODEL
Andhra Pradesh,SPSR Nellore,27-02-2021,2021,2,0,IMD GRID MODEL
Andhra Pradesh,SPSR Nellore,26-03-2021,2021,3,0,IMD GRID MODEL
Andhra Pradesh,SPSR Nellore,28-03-2021,2021,3,0,IMD GRID MODEL
Andhra Pradesh,SPSR Nellore,31-03-2021,2021,3,0,IMD GRID MODEL
Andhra Pradesh,SPSR Nellore,04-04-2021,2021,4,0,IMD GRID MODEL
Andhra Pradesh,SPSR Nellore,23-04-2021,2021,4,0.035905133,IMD GRID MODEL
Andhra Pradesh,SPSR Nellore,30-04-2021,2021,4,0,IMD GRID MODEL
Andhra Pradesh,SPSR Nellore,06-05-2021,2021,5,0,IMD GRID MODEL
Andhra Pradesh,SPSR Nellore,07-05-2021,2021,5,0,IMD GRID MODEL
Andhra Pradesh,SPSR Nellore,13-05-2021,2021,5,0,IMD GRID MODEL
Andhra Pradesh,SPSR Nellore,25-05-2021,2021,5,0,IMD GRID MODEL
Andhra Pradesh,SPSR Nellore,26-05-2021,2021,5,0,IMD GRID MODEL
Andhra Pradesh,SPSR Nellore,29-05-2021,2021,5,0,IMD GRID MODEL
Andhra Pradesh,SPSR Nellore,07-06-2021,2021,6,0.104253936,IMD GRID MODEL
Andhra Pradesh,SPSR Nellore,10-06-2021,2021,6,0.278658771,IMD GRID MODEL
Andhra Pradesh,SPSR Nellore,06-07-2021,2021,7,1.976856303,IMD GRID MODEL
Andhra Pradesh,SPSR Nellore,08-07-2021,2021,7,5.607003859,IMD GRID MODEL
Andhra Pradesh,SPSR Nellore,09-07-2021,2021,7,12.29275261,IMD GRID MODEL
Andhra Pradesh,SPSR Nellore,10-07-2021,2021,7,6.918831974,IMD GRID MODEL
Andhra Pradesh,SPSR Nellore,16-07-2021,2021,7,5.35795637,IMD GRID MODEL
Andhra Pradesh,SPSR Nellore,29-07-2021,2021,7,0,IMD GRID MODEL
Andhra Pradesh,SPSR Nellore,02-08-2021,2021,8,0,IMD GRID MODEL
Andhra Pradesh,SPSR Nellore,03-08-2021,2021,8,0.028532115,IMD GRID MODEL
Andhra Pradesh,SPSR Nellore,07-08-2021,2021,8,1.489488433,IMD GRID MODEL
Andhra Pradesh,SPSR Nellore,13-08-2021,2021,8,1.748697871,IMD GRID MODEL
Andhra Pradesh,SPSR Nellore,21-08-2021,2021,8,0.200235812,IMD GRID MODEL
Andhra Pradesh,SPSR Nellore,29-08-2021,2021,8,3.651005581,IMD GRID MODEL
Andhra Pradesh,SPSR Nellore,02-09-2021,2021,9,3.475289829,IMD GRID MODEL
Andhra Pradesh,SPSR Nellore,13-09-2021,2021,9,0.193701567,IMD GRID MODEL
Andhra Pradesh,SPSR Nellore,18-09-2021,2021,9,0.004772802,IMD GRID MODEL
Andhra Pradesh,SPSR Nellore,19-09-2021,2021,9,0.846283653,IMD GRID MODEL
Andhra Pradesh,SPSR Nellore,20-09-2021,2021,9,0.218306924,IMD GRID MODEL
Andhra Pradesh,SPSR Nellore,21-09-2021,2021,9,13.77752251,IMD GRID MODEL
Andhra Pradesh,SPSR Nellore,06-10-2021,2021,10,47.46905962,IMD GRID MODEL
Andhra Pradesh,SPSR Nellore,20-10-2021,2021,10,0.3393523,IMD GRID MODEL
Andhra Pradesh,SPSR Nellore,22-10-2021,2021,10,0.067371845,IMD GRID MODEL
Andhra Pradesh,SPSR Nellore,07-11-2021,2021,11,69.044426,IMD GRID MODEL
Andhra Pradesh,SPSR Nellore,08-11-2021,2021,11,25.9650389,IMD GRID MODEL
Andhra Pradesh,SPSR Nellore,12-11-2021,2021,11,69.54099494,IMD GRID MODEL
Andhra Pradesh,SPSR Nellore,14-11-2021,2021,11,6.339715854,IMD GRID MODEL
Andhra Pradesh,SPSR Nellore,22-11-2021,2021,11,8.959404859,IMD GRID MODEL
Andhra Pradesh,SPSR Nellore,02-12-2021,2021,12,0.018569855,IMD GRID MODEL
Andhra Pradesh,SPSR Nellore,04-12-2021,2021,12,0,IMD GRID MODEL
Andhra Pradesh,SPSR Nellore,06-12-2021,2021,12,0,IMD GRID MODEL
Andhra Pradesh,SPSR Nellore,21-12-2021,2021,12,0,IMD GRID MODEL
Andhra Pradesh,SPSR Nellore,23-12-2021,2021,12,0,IMD GRID MODEL
Andhra Pradesh,SPSR Nellore,06-01-2021,2021,1,26.05201153,IMD GRID MODEL
Andhra Pradesh,SPSR Nellore,29-01-2021,2021,1,0.145453266,IMD GRID MODEL
Andhra Pradesh,SPSR Nellore,03-02-2021,2021,2,0.713168793,IMD GRID MODEL
Andhra Pradesh,SPSR Nellore,19-02-2021,2021,2,0.001784845,IMD GRID MODEL
Andhra Pradesh,SPSR Nellore,13-03-2021,2021,3,0,IMD GRID MODEL
Andhra Pradesh,SPSR Nellore,21-03-2021,2021,3,0,IMD GRID MODEL
Andhra Pradesh,SPSR Nellore,30-06-2021,2021,6,0.002273436,IMD GRID MODEL
Andhra Pradesh,SPSR Nellore,03-07-2021,2021,7,16.43481901,IMD GRID MODEL
Andhra Pradesh,SPSR Nellore,17-08-2021,2021,8,2.533448395,IMD GRID MODEL
Andhra Pradesh,SPSR Nellore,25-08-2021,2021,8,0.84605179,IMD GRID MODEL
Andhra Pradesh,SPSR Nellore,26-08-2021,2021,8,1.171165431,IMD GRID MODEL
Andhra Pradesh,SPSR Nellore,28-08-2021,2021,8,13.5559415,IMD GRID MODEL
Andhra Pradesh,SPSR Nellore,03-11-2021,2021,11,14.6452287,IMD GRID MODEL
Andhra Pradesh,SPSR Nellore,27-11-2021,2021,11,4.333083099,IMD GRID MODEL
Andhra Pradesh,Srikakulam,07-01-2021,2021,1,0,IMD GRID MODEL
Andhra Pradesh,Srikakulam,10-01-2021,2021,1,0,IMD GRID MODEL
Andhra Pradesh,Srikakulam,12-01-2021,2021,1,0,IMD GRID MODEL
Andhra Pradesh,Srikakulam,13-01-2021,2021,1,0,IMD GRID MODEL
Andhra Pradesh,Srikakulam,16-01-2021,2021,1,0,IMD GRID MODEL
Andhra Pradesh,Srikakulam,18-01-2021,2021,1,0,IMD GRID MODEL
Andhra Pradesh,Srikakulam,21-01-2021,2021,1,0,IMD GRID MODEL
Andhra Pradesh,Srikakulam,08-02-2021,2021,2,0,IMD GRID MODEL
Andhra Pradesh,Srikakulam,09-02-2021,2021,2,0,IMD GRID MODEL
Andhra Pradesh,Srikakulam,11-02-2021,2021,2,0,IMD GRID MODEL
Andhra Pradesh,Srikakulam,14-02-2021,2021,2,0,IMD GRID MODEL
Andhra Pradesh,Srikakulam,27-02-2021,2021,2,0,IMD GRID MODEL
Andhra Pradesh,Srikakulam,09-03-2021,2021,3,0,IMD GRID MODEL
Andhra Pradesh,Srikakulam,12-03-2021,2021,3,0.00486854,IMD GRID MODEL
Andhra Pradesh,Srikakulam,27-03-2021,2021,3,0,IMD GRID MODEL
Andhra Pradesh,Srikakulam,30-03-2021,2021,3,0,IMD GRID MODEL
Andhra Pradesh,Srikakulam,03-04-2021,2021,4,0,IMD GRID MODEL
Andhra Pradesh,Srikakulam,05-04-2021,2021,4,0.493579533,IMD GRID MODEL
Andhra Pradesh,Srikakulam,08-04-2021,2021,4,0,IMD GRID MODEL
Andhra Pradesh,Srikakulam,09-04-2021,2021,4,0,IMD GRID MODEL
Andhra Pradesh,Srikakulam,19-04-2021,2021,4,0.650796058,IMD GRID MODEL
Andhra Pradesh,Srikakulam,26-04-2021,2021,4,0,IMD GRID MODEL
Andhra Pradesh,Srikakulam,29-04-2021,2021,4,0,IMD GRID MODEL
Andhra Pradesh,Srikakulam,01-05-2021,2021,5,0.4154535,IMD GRID MODEL
Andhra Pradesh,Srikakulam,16-05-2021,2021,5,0.060774836,IMD GRID MODEL
Andhra Pradesh,Srikakulam,17-05-2021,2021,5,0.012387372,IMD GRID MODEL
Andhra Pradesh,Srikakulam,18-05-2021,2021,5,0,IMD GRID MODEL
Andhra Pradesh,Srikakulam,19-05-2021,2021,5,0,IMD GRID MODEL
Andhra Pradesh,Srikakulam,30-05-2021,2021,5,1.034198343,IMD GRID MODEL
Andhra Pradesh,Srikakulam,05-06-2021,2021,6,0,IMD GRID MODEL
Andhra Pradesh,Srikakulam,06-06-2021,2021,6,0,IMD GRID MODEL
Andhra Pradesh,Srikakulam,10-06-2021,2021,6,9.533601847,IMD GRID MODEL
Andhra Pradesh,Srikakulam,15-06-2021,2021,6,0.001794088,IMD GRID MODEL
Andhra Pradesh,Srikakulam,16-06-2021,2021,6,0,IMD GRID MODEL
Andhra Pradesh,Srikakulam,18-06-2021,2021,6,0.112981804,IMD GRID MODEL
Andhra Pradesh,Srikakulam,23-06-2021,2021,6,0.263360848,IMD GRID MODEL
Andhra Pradesh,Srikakulam,26-06-2021,2021,6,0.633989202,IMD GRID MODEL
Andhra Pradesh,Srikakulam,10-07-2021,2021,7,7.161319397,IMD GRID MODEL
Andhra Pradesh,Srikakulam,18-07-2021,2021,7,4.29E-05,IMD GRID MODEL
Andhra Pradesh,Srikakulam,27-07-2021,2021,7,1.670870658,IMD GRID MODEL
Andhra Pradesh,Srikakulam,02-08-2021,2021,8,0.711372793,IMD GRID MODEL
Andhra Pradesh,Srikakulam,04-08-2021,2021,8,0.235242847,IMD GRID MODEL
Andhra Pradesh,Srikakulam,11-08-2021,2021,8,2.006183366,IMD GRID MODEL
Andhra Pradesh,Srikakulam,13-08-2021,2021,8,4.043404035,IMD GRID MODEL
Andhra Pradesh,Srikakulam,21-08-2021,2021,8,5.297217085,IMD GRID MODEL
Andhra Pradesh,Srikakulam,22-08-2021,2021,8,1.31777733,IMD GRID MODEL
Andhra Pradesh,Srikakulam,27-08-2021,2021,8,0.672801085,IMD GRID MODEL
Andhra Pradesh,Srikakulam,07-09-2021,2021,9,38.86280569,IMD GRID MODEL
Andhra Pradesh,Srikakulam,13-09-2021,2021,9,12.19369096,IMD GRID MODEL
Andhra Pradesh,Srikakulam,17-09-2021,2021,9,0.401923276,IMD GRID MODEL
Andhra Pradesh,Srikakulam,18-09-2021,2021,9,4.65575894,IMD GRID MODEL
Andhra Pradesh,Srikakulam,20-09-2021,2021,9,18.32011298,IMD GRID MODEL
Andhra Pradesh,Srikakulam,26-09-2021,2021,9,6.087029875,IMD GRID MODEL
Andhra Pradesh,Srikakulam,30-09-2021,2021,9,2.507605851,IMD GRID MODEL
Andhra Pradesh,Srikakulam,07-10-2021,2021,10,0.480119625,IMD GRID MODEL
Andhra Pradesh,Srikakulam,08-10-2021,2021,10,0.175267429,IMD GRID MODEL
Andhra Pradesh,Srikakulam,09-10-2021,2021,10,3.669189602,IMD GRID MODEL
Andhra Pradesh,Srikakulam,12-10-2021,2021,10,0.032957986,IMD GRID MODEL
Andhra Pradesh,Srikakulam,22-10-2021,2021,10,6.262307727,IMD GRID MODEL
Andhra Pradesh,Srikakulam,28-10-2021,2021,10,0,IMD GRID MODEL
Andhra Pradesh,Srikakulam,06-11-2021,2021,11,0,IMD GRID MODEL
Andhra Pradesh,Srikakulam,07-11-2021,2021,11,0,IMD GRID MODEL
Andhra Pradesh,Srikakulam,12-11-2021,2021,11,18.01231351,IMD GRID MODEL
Andhra Pradesh,Srikakulam,21-11-2021,2021,11,0.246537739,IMD GRID MODEL
Andhra Pradesh,Srikakulam,30-11-2021,2021,11,0,IMD GRID MODEL
Andhra Pradesh,Srikakulam,05-12-2021,2021,12,16.66328199,IMD GRID MODEL
Andhra Pradesh,Srikakulam,09-12-2021,2021,12,6.574811765,IMD GRID MODEL
Andhra Pradesh,Srikakulam,14-12-2021,2021,12,0,IMD GRID MODEL
Andhra Pradesh,Visakhapatanam,02-01-2021,2021,1,0,IMD GRID MODEL
Andhra Pradesh,Visakhapatanam,03-01-2021,2021,1,0,IMD GRID MODEL
Andhra Pradesh,Visakhapatanam,05-01-2021,2021,1,0,IMD GRID MODEL
Andhra Pradesh,Visakhapatanam,08-01-2021,2021,1,0,IMD GRID MODEL
Andhra Pradesh,Visakhapatanam,06-01-2021,2021,1,0,IMD GRID MODEL
Andhra Pradesh,Visakhapatanam,11-01-2021,2021,1,0,IMD GRID MODEL
Andhra Pradesh,Visakhapatanam,17-01-2021,2021,1,0,IMD GRID MODEL
Andhra Pradesh,Kurnool,08-07-2021,2021,7,21.04731814,IMD GRID MODEL
Andhra Pradesh,Kurnool,19-07-2021,2021,7,5.842518248,IMD GRID MODEL
Andhra Pradesh,Kurnool,21-07-2021,2021,7,4.567322009,IMD GRID MODEL
Andhra Pradesh,Kurnool,27-07-2021,2021,7,0,IMD GRID MODEL
Andhra Pradesh,Kurnool,30-07-2021,2021,7,0.092600302,IMD GRID MODEL
Andhra Pradesh,Kurnool,01-08-2021,2021,8,0.066559207,IMD GRID MODEL
Andhra Pradesh,Kurnool,04-08-2021,2021,8,0.946961709,IMD GRID MODEL
Andhra Pradesh,Kurnool,06-08-2021,2021,8,1.456791709,IMD GRID MODEL
Andhra Pradesh,Kurnool,08-08-2021,2021,8,1.875971456,IMD GRID MODEL
Andhra Pradesh,Kurnool,10-08-2021,2021,8,0.756242742,IMD GRID MODEL
Andhra Pradesh,Kurnool,19-08-2021,2021,8,0.374725482,IMD GRID MODEL
Andhra Pradesh,Kurnool,30-08-2021,2021,8,9.454691271,IMD GRID MODEL
Andhra Pradesh,Kurnool,11-09-2021,2021,9,0.095412728,IMD GRID MODEL
Andhra Pradesh,Kurnool,14-09-2021,2021,9,1.709632214,IMD GRID MODEL
Andhra Pradesh,Kurnool,17-09-2021,2021,9,0,IMD GRID MODEL
Andhra Pradesh,Kurnool,22-09-2021,2021,9,1.976292202,IMD GRID MODEL
Andhra Pradesh,Kurnool,23-09-2021,2021,9,0.646662708,IMD GRID MODEL
Andhra Pradesh,Kurnool,26-09-2021,2021,9,2.312713949,IMD GRID MODEL
Andhra Pradesh,Kurnool,29-09-2021,2021,9,0.206248733,IMD GRID MODEL
Andhra Pradesh,Kurnool,30-09-2021,2021,9,1.618460085,IMD GRID MODEL
Andhra Pradesh,Kurnool,05-10-2021,2021,10,0.717967026,IMD GRID MODEL
Andhra Pradesh,Kurnool,20-10-2021,2021,10,0.021103687,IMD GRID MODEL
Andhra Pradesh,Kurnool,25-10-2021,2021,10,2.101653213,IMD GRID MODEL
Andhra Pradesh,Kurnool,02-11-2021,2021,11,2.82324121,IMD GRID MODEL
Andhra Pradesh,Kurnool,09-11-2021,2021,11,0,IMD GRID MODEL
Andhra Pradesh,Kurnool,16-11-2021,2021,11,6.306098101,IMD GRID MODEL
Andhra Pradesh,Kurnool,24-11-2021,2021,11,0.880931667,IMD GRID MODEL
Andhra Pradesh,Kurnool,25-11-2021,2021,11,1.102088592,IMD GRID MODEL
Andhra Pradesh,Kurnool,30-11-2021,2021,11,21.30228968,IMD GRID MODEL
Andhra Pradesh,Kurnool,03-12-2021,2021,12,0,IMD GRID MODEL
Andhra Pradesh,Kurnool,04-12-2021,2021,12,0,IMD GRID MODEL
Andhra Pradesh,Kurnool,06-12-2021,2021,12,0,IMD GRID MODEL
Andhra Pradesh,Kurnool,08-12-2021,2021,12,0,IMD GRID MODEL
Andhra Pradesh,Kurnool,09-12-2021,2021,12,0.070531636,IMD GRID MODEL
Andhra Pradesh,Kurnool,15-12-2021,2021,12,0,IMD GRID MODEL
Andhra Pradesh,Kurnool,16-12-2021,2021,12,0,IMD GRID MODEL
Andhra Pradesh,Kurnool,17-12-2021,2021,12,0,IMD GRID MODEL
Andhra Pradesh,Kurnool,18-12-2021,2021,12,0,IMD GRID MODEL
Andhra Pradesh,Kurnool,21-12-2021,2021,12,0,IMD GRID MODEL
Andhra Pradesh,Kurnool,24-12-2021,2021,12,0,IMD GRID MODEL
Andhra Pradesh,Kurnool,25-12-2021,2021,12,0,IMD GRID MODEL
Andhra Pradesh,Kurnool,26-12-2021,2021,12,0,IMD GRID MODEL
Andhra Pradesh,Kurnool,31-12-2021,2021,12,0,IMD GRID MODEL
Andhra Pradesh,Prakasam,03-01-2021,2021,1,0,IMD GRID MODEL
Andhra Pradesh,Prakasam,04-01-2021,2021,1,0,IMD GRID MODEL
Andhra Pradesh,Prakasam,06-01-2021,2021,1,1.173999317,IMD GRID MODEL
Andhra Pradesh,Prakasam,07-01-2021,2021,1,3.767245856,IMD GRID MODEL
Andhra Pradesh,Prakasam,13-01-2021,2021,1,0,IMD GRID MODEL
Andhra Pradesh,Prakasam,14-01-2021,2021,1,0,IMD GRID MODEL
Andhra Pradesh,Prakasam,21-01-2021,2021,1,0,IMD GRID MODEL
Andhra Pradesh,Prakasam,25-01-2021,2021,1,0,IMD GRID MODEL
Andhra Pradesh,Prakasam,28-01-2021,2021,1,0,IMD GRID MODEL
Andhra Pradesh,Prakasam,01-02-2021,2021,2,0,IMD GRID MODEL
Andhra Pradesh,Prakasam,05-02-2021,2021,2,0,IMD GRID MODEL
Andhra Pradesh,Prakasam,06-02-2021,2021,2,0,IMD GRID MODEL
Andhra Pradesh,Prakasam,10-02-2021,2021,2,0,IMD GRID MODEL
Andhra Pradesh,Prakasam,16-02-2021,2021,2,0,IMD GRID MODEL
Andhra Pradesh,Prakasam,18-02-2021,2021,2,0,IMD GRID MODEL
Andhra Pradesh,Prakasam,21-02-2021,2021,2,5.34633587,IMD GRID MODEL
Andhra Pradesh,Prakasam,24-02-2021,2021,2,0,IMD GRID MODEL
Andhra Pradesh,Prakasam,25-02-2021,2021,2,0,IMD GRID MODEL
Andhra Pradesh,Prakasam,03-03-2021,2021,3,0,IMD GRID MODEL
Andhra Pradesh,Prakasam,07-03-2021,2021,3,0,IMD GRID MODEL
Andhra Pradesh,Prakasam,08-03-2021,2021,3,0,IMD GRID MODEL
Andhra Pradesh,Prakasam,10-03-2021,2021,3,0,IMD GRID MODEL
Andhra Pradesh,Prakasam,14-03-2021,2021,3,0,IMD GRID MODEL
Andhra Pradesh,Prakasam,20-03-2021,2021,3,0,IMD GRID MODEL
Andhra Pradesh,Prakasam,08-04-2021,2021,4,0,IMD GRID MODEL
Andhra Pradesh,Prakasam,14-04-2021,2021,4,0,IMD GRID MODEL
Andhra Pradesh,Prakasam,15-04-2021,2021,4,4.183078896,IMD GRID MODEL
Andhra Pradesh,Prakasam,19-04-2021,2021,4,0,IMD GRID MODEL
Andhra Pradesh,Prakasam,26-04-2021,2021,4,0,IMD GRID MODEL
Andhra Pradesh,Prakasam,28-04-2021,2021,4,0,IMD GRID MODEL
Andhra Pradesh,Prakasam,02-05-2021,2021,5,0,IMD GRID MODEL
Andhra Pradesh,Prakasam,05-05-2021,2021,5,0,IMD GRID MODEL
Andhra Pradesh,Prakasam,06-05-2021,2021,5,0.079592957,IMD GRID MODEL
Andhra Pradesh,Prakasam,07-05-2021,2021,5,0,IMD GRID MODEL
Andhra Pradesh,Prakasam,18-05-2021,2021,5,0.82789222,IMD GRID MODEL
Andhra Pradesh,Prakasam,19-05-2021,2021,5,0.126341928,IMD GRID MODEL
Andhra Pradesh,Prakasam,23-05-2021,2021,5,0.110604393,IMD GRID MODEL
Andhra Pradesh,Prakasam,31-05-2021,2021,5,0.064830195,IMD GRID MODEL
Andhra Pradesh,Prakasam,11-06-2021,2021,6,0.444029894,IMD GRID MODEL
Andhra Pradesh,Prakasam,25-06-2021,2021,6,2.851597592,IMD GRID MODEL
Andhra Pradesh,Prakasam,29-06-2021,2021,6,0.28659148,IMD GRID MODEL
Andhra Pradesh,Prakasam,08-07-2021,2021,7,12.88108527,IMD GRID MODEL
Andhra Pradesh,Prakasam,11-07-2021,2021,7,1.456888445,IMD GRID MODEL
Andhra Pradesh,Prakasam,27-07-2021,2021,7,0.021571256,IMD GRID MODEL
Andhra Pradesh,Prakasam,28-07-2021,2021,7,0.021571256,IMD GRID MODEL
Andhra Pradesh,Prakasam,29-07-2021,2021,7,0,IMD GRID MODEL
Andhra Pradesh,Prakasam,03-08-2021,2021,8,0,IMD GRID MODEL
Andhra Pradesh,Prakasam,04-08-2021,2021,8,0.706158227,IMD GRID MODEL
Andhra Pradesh,Prakasam,07-08-2021,2021,8,0,IMD GRID MODEL
Andhra Pradesh,Prakasam,11-08-2021,2021,8,3.012238681,IMD GRID MODEL
Andhra Pradesh,Prakasam,26-08-2021,2021,8,11.8394888,IMD GRID MODEL
Andhra Pradesh,Prakasam,27-08-2021,2021,8,5.11661552,IMD GRID MODEL
Andhra Pradesh,Prakasam,31-08-2021,2021,8,2.804763797,IMD GRID MODEL
Andhra Pradesh,Prakasam,03-09-2021,2021,9,10.85960243,IMD GRID MODEL
Andhra Pradesh,Prakasam,15-09-2021,2021,9,1.006838198,IMD GRID MODEL
Andhra Pradesh,Prakasam,19-09-2021,2021,9,2.308618057,IMD GRID MODEL
Andhra Pradesh,Prakasam,22-09-2021,2021,9,0.891418745,IMD GRID MODEL
Andhra Pradesh,Prakasam,11-10-2021,2021,10,2.315069641,IMD GRID MODEL
Andhra Pradesh,Prakasam,13-10-2021,2021,10,1.602409927,IMD GRID MODEL
Andhra Pradesh,Prakasam,15-10-2021,2021,10,0.085667716,IMD GRID MODEL
Andhra Pradesh,Prakasam,17-10-2021,2021,10,4.531342128,IMD GRID MODEL
Andhra Pradesh,Prakasam,19-10-2021,2021,10,0,IMD GRID MODEL
Andhra Pradesh,Prakasam,23-10-2021,2021,10,0.409989291,IMD GRID MODEL
Andhra Pradesh,Prakasam,21-10-2021,2021,10,3.810447129,IMD GRID MODEL
Andhra Pradesh,Prakasam,30-10-2021,2021,10,22.07531246,IMD GRID MODEL
Andhra Pradesh,Prakasam,03-11-2021,2021,11,4.823241649,IMD GRID MODEL
Andhra Pradesh,Prakasam,08-11-2021,2021,11,1.296076657,IMD GRID MODEL
Andhra Pradesh,Prakasam,12-11-2021,2021,11,19.47259949,IMD GRID MODEL
Andhra Pradesh,Prakasam,15-11-2021,2021,11,16.87558813,IMD GRID MODEL
Andhra Pradesh,Prakasam,18-11-2021,2021,11,10.32169793,IMD GRID MODEL
Andhra Pradesh,Prakasam,23-11-2021,2021,11,1.497112983,IMD GRID MODEL
Andhra Pradesh,Prakasam,24-11-2021,2021,11,1.670008514,IMD GRID MODEL
Andhra Pradesh,Prakasam,26-11-2021,2021,11,0,IMD GRID MODEL
Andhra Pradesh,Prakasam,30-11-2021,2021,11,21.97609118,IMD GRID MODEL
Andhra Pradesh,Prakasam,12-12-2021,2021,12,2.300432793,IMD GRID MODEL
Andhra Pradesh,Prakasam,20-12-2021,2021,12,0,IMD GRID MODEL
Andhra Pradesh,Prakasam,22-12-2021,2021,12,0,IMD GRID MODEL
Andhra Pradesh,Prakasam,27-12-2021,2021,12,0,IMD GRID MODEL
Andhra Pradesh,Prakasam,31-12-2021,2021,12,0.081128186,IMD GRID MODEL
Andhra Pradesh,SPSR Nellore,02-01-2021,2021,1,0,IMD GRID MODEL
Andhra Pradesh,SPSR Nellore,08-01-2021,2021,1,4.895845957,IMD GRID MODEL
Andhra Pradesh,SPSR Nellore,15-01-2021,2021,1,0,IMD GRID MODEL
Andhra Pradesh,SPSR Nellore,17-01-2021,2021,1,0,IMD GRID MODEL
Andhra Pradesh,SPSR Nellore,20-01-2021,2021,1,0,IMD GRID MODEL
Andhra Pradesh,SPSR Nellore,26-01-2021,2021,1,0,IMD GRID MODEL
Andhra Pradesh,SPSR Nellore,27-01-2021,2021,1,0,IMD GRID MODEL
Andhra Pradesh,SPSR Nellore,01-02-2021,2021,2,0,IMD GRID MODEL
Andhra Pradesh,SPSR Nellore,10-02-2021,2021,2,0,IMD GRID MODEL
Andhra Pradesh,SPSR Nellore,16-02-2021,2021,2,0,IMD GRID MODEL
Andhra Pradesh,West Godavari,18-10-2021,2021,10,3.440730163,IMD GRID MODEL
Andhra Pradesh,West Godavari,22-10-2021,2021,10,1.072576826,IMD GRID MODEL
Andhra Pradesh,West Godavari,24-10-2021,2021,10,7.2280095,IMD GRID MODEL
Andhra Pradesh,West Godavari,25-10-2021,2021,10,0,IMD GRID MODEL
Andhra Pradesh,West Godavari,02-11-2021,2021,11,12.7611849,IMD GRID MODEL
Andhra Pradesh,West Godavari,03-11-2021,2021,11,4.004765153,IMD GRID MODEL
Andhra Pradesh,West Godavari,14-11-2021,2021,11,1.878581611,IMD GRID MODEL
Andhra Pradesh,West Godavari,18-11-2021,2021,11,0.339761787,IMD GRID MODEL
Andhra Pradesh,West Godavari,29-11-2021,2021,11,2.026741277,IMD GRID MODEL
Andhra Pradesh,West Godavari,01-12-2021,2021,12,0,IMD GRID MODEL
Andhra Pradesh,West Godavari,10-12-2021,2021,12,0.153355516,IMD GRID MODEL
Andhra Pradesh,West Godavari,14-12-2021,2021,12,0,IMD GRID MODEL
Andhra Pradesh,West Godavari,19-12-2021,2021,12,0,IMD GRID MODEL
Andhra Pradesh,West Godavari,24-12-2021,2021,12,0,IMD GRID MODEL
Andhra Pradesh,Y.S.R.,02-01-2021,2021,1,0,IMD GRID MODEL
Andhra Pradesh,Y.S.R.,20-01-2021,2021,1,0,IMD GRID MODEL
Andhra Pradesh,Y.S.R.,01-02-2021,2021,2,0,IMD GRID MODEL
Andhra Pradesh,Y.S.R.,09-02-2021,2021,2,0,IMD GRID MODEL
Andhra Pradesh,Y.S.R.,08-02-2021,2021,2,0,IMD GRID MODEL
Andhra Pradesh,Y.S.R.,27-02-2021,2021,2,0,IMD GRID MODEL
Andhra Pradesh,Y.S.R.,02-03-2021,2021,3,0,IMD GRID MODEL
Andhra Pradesh,Y.S.R.,06-03-2021,2021,3,0,IMD GRID MODEL
Andhra Pradesh,Y.S.R.,11-03-2021,2021,3,0,IMD GRID MODEL
Andhra Pradesh,Y.S.R.,12-03-2021,2021,3,0,IMD GRID MODEL
Andhra Pradesh,Y.S.R.,24-03-2021,2021,3,0,IMD GRID MODEL
Andhra Pradesh,Y.S.R.,28-03-2021,2021,3,0,IMD GRID MODEL
Andhra Pradesh,Y.S.R.,07-04-2021,2021,4,0,IMD GRID MODEL
Andhra Pradesh,Y.S.R.,21-04-2021,2021,4,0.022083107,IMD GRID MODEL
Andhra Pradesh,Y.S.R.,25-04-2021,2021,4,0.14570496,IMD GRID MODEL
Andhra Pradesh,Y.S.R.,28-04-2021,2021,4,0,IMD GRID MODEL
Andhra Pradesh,Y.S.R.,29-04-2021,2021,4,2.347323987,IMD GRID MODEL
Andhra Pradesh,Y.S.R.,01-05-2021,2021,5,0.00438397,IMD GRID MODEL
Andhra Pradesh,Y.S.R.,03-05-2021,2021,5,0.078773653,IMD GRID MODEL
Andhra Pradesh,Y.S.R.,05-05-2021,2021,5,0,IMD GRID MODEL
Andhra Pradesh,Y.S.R.,15-05-2021,2021,5,0,IMD GRID MODEL
Andhra Pradesh,Y.S.R.,17-05-2021,2021,5,0.023816949,IMD GRID MODEL
Andhra Pradesh,Y.S.R.,28-05-2021,2021,5,0,IMD GRID MODEL
Andhra Pradesh,Y.S.R.,02-06-2021,2021,6,1.19865377,IMD GRID MODEL
Andhra Pradesh,Y.S.R.,05-06-2021,2021,6,30.4693184,IMD GRID MODEL
Andhra Pradesh,Y.S.R.,14-06-2021,2021,6,0.004315513,IMD GRID MODEL
Andhra Pradesh,Y.S.R.,16-06-2021,2021,6,0.354854343,IMD GRID MODEL
Andhra Pradesh,Y.S.R.,24-06-2021,2021,6,0.488564923,IMD GRID MODEL
Andhra Pradesh,Y.S.R.,02-07-2021,2021,7,3.571686759,IMD GRID MODEL
Andhra Pradesh,Y.S.R.,14-07-2021,2021,7,1.220112457,IMD GRID MODEL
Andhra Pradesh,Y.S.R.,20-07-2021,2021,7,2.315436898,IMD GRID MODEL
Andhra Pradesh,Y.S.R.,31-07-2021,2021,7,0.257649396,IMD GRID MODEL
Andhra Pradesh,Y.S.R.,02-08-2021,2021,8,0.045690763,IMD GRID MODEL
Andhra Pradesh,Y.S.R.,03-08-2021,2021,8,0.003049769,IMD GRID MODEL
Andhra Pradesh,Y.S.R.,05-08-2021,2021,8,0.006603566,IMD GRID MODEL
Andhra Pradesh,Y.S.R.,14-08-2021,2021,8,0.213503801,IMD GRID MODEL
Andhra Pradesh,Y.S.R.,15-08-2021,2021,8,0.002314654,IMD GRID MODEL
Andhra Pradesh,Y.S.R.,17-08-2021,2021,8,6.494462871,IMD GRID MODEL
Andhra Pradesh,Y.S.R.,18-08-2021,2021,8,0.03965637,IMD GRID MODEL
Andhra Pradesh,Y.S.R.,27-08-2021,2021,8,1.834293922,IMD GRID MODEL
Andhra Pradesh,Y.S.R.,28-08-2021,2021,8,16.36055558,IMD GRID MODEL
Andhra Pradesh,Y.S.R.,03-09-2021,2021,9,11.94707853,IMD GRID MODEL
Andhra Pradesh,Y.S.R.,04-09-2021,2021,9,6.51605963,IMD GRID MODEL
Andhra Pradesh,Y.S.R.,05-09-2021,2021,9,3.436061147,IMD GRID MODEL
Andhra Pradesh,Y.S.R.,08-09-2021,2021,9,0.024145391,IMD GRID MODEL
Andhra Pradesh,Y.S.R.,14-09-2021,2021,9,0.070331022,IMD GRID MODEL
Andhra Pradesh,Y.S.R.,21-09-2021,2021,9,1.524428726,IMD GRID MODEL
Andhra Pradesh,Y.S.R.,01-10-2021,2021,10,0.275376715,IMD GRID MODEL
Andhra Pradesh,Y.S.R.,02-10-2021,2021,10,1.963310259,IMD GRID MODEL
Andhra Pradesh,Y.S.R.,04-10-2021,2021,10,0.024881826,IMD GRID MODEL
Andhra Pradesh,Y.S.R.,06-10-2021,2021,10,22.00273727,IMD GRID MODEL
Andhra Pradesh,Y.S.R.,07-10-2021,2021,10,6.278821837,IMD GRID MODEL
Andhra Pradesh,Y.S.R.,17-10-2021,2021,10,1.69149393,IMD GRID MODEL
Andhra Pradesh,Y.S.R.,21-10-2021,2021,10,3.16303056,IMD GRID MODEL
Andhra Pradesh,Y.S.R.,22-10-2021,2021,10,1.647520353,IMD GRID MODEL
Andhra Pradesh,Y.S.R.,24-10-2021,2021,10,13.49682202,IMD GRID MODEL
Andhra Pradesh,Y.S.R.,30-10-2021,2021,10,35.58422129,IMD GRID MODEL
Andhra Pradesh,Y.S.R.,05-11-2021,2021,11,2.043705225,IMD GRID MODEL
Andhra Pradesh,Y.S.R.,07-11-2021,2021,11,20.13504417,IMD GRID MODEL
Andhra Pradesh,Y.S.R.,17-11-2021,2021,11,4.474295714,IMD GRID MODEL
Andhra Pradesh,Y.S.R.,21-11-2021,2021,11,10.32408296,IMD GRID MODEL
Andhra Pradesh,Y.S.R.,26-11-2021,2021,11,0.220106001,IMD GRID MODEL
Andhra Pradesh,Y.S.R.,30-11-2021,2021,11,26.72926072,IMD GRID MODEL
Andhra Pradesh,Y.S.R.,09-12-2021,2021,12,5.657650524,IMD GRID MODEL
Andhra Pradesh,Y.S.R.,10-12-2021,2021,12,10.43943178,IMD GRID MODEL
Andhra Pradesh,Y.S.R.,13-12-2021,2021,12,0.658894829,IMD GRID MODEL
Andhra Pradesh,Y.S.R.,20-12-2021,2021,12,0,IMD GRID MODEL
Andhra Pradesh,Y.S.R.,27-12-2021,2021,12,0,IMD GRID MODEL
Andhra Pradesh,Krishna,19-02-2021,2021,2,0,IMD GRID MODEL
Andhra Pradesh,Krishna,20-02-2021,2021,2,1.261371336,IMD GRID MODEL
Andhra Pradesh,Krishna,01-03-2021,2021,3,0,IMD GRID MODEL
Andhra Pradesh,Krishna,04-03-2021,2021,3,0,IMD GRID MODEL
Andhra Pradesh,Krishna,09-03-2021,2021,3,0,IMD GRID MODEL
Andhra Pradesh,Krishna,21-03-2021,2021,3,0,IMD GRID MODEL
Andhra Pradesh,Krishna,23-03-2021,2021,3,0,IMD GRID MODEL
Andhra Pradesh,Krishna,11-04-2021,2021,4,0,IMD GRID MODEL
Andhra Pradesh,Krishna,16-04-2021,2021,4,0.000294057,IMD GRID MODEL
Andhra Pradesh,Krishna,18-04-2021,2021,4,0,IMD GRID MODEL
Andhra Pradesh,Krishna,19-04-2021,2021,4,0,IMD GRID MODEL
Andhra Pradesh,Krishna,20-04-2021,2021,4,0,IMD GRID MODEL
Andhra Pradesh,Krishna,25-04-2021,2021,4,0.867353792,IMD GRID MODEL
Andhra Pradesh,Krishna,28-04-2021,2021,4,1.204663349,IMD GRID MODEL
Andhra Pradesh,Krishna,20-05-2021,2021,5,1.426429397,IMD GRID MODEL
Andhra Pradesh,Krishna,19-06-2021,2021,6,0.95441469,IMD GRID MODEL
Andhra Pradesh,Krishna,21-06-2021,2021,6,0,IMD GRID MODEL
Andhra Pradesh,Krishna,29-06-2021,2021,6,0.185528473,IMD GRID MODEL
Andhra Pradesh,Krishna,02-07-2021,2021,7,24.51825879,IMD GRID MODEL
Andhra Pradesh,Krishna,17-07-2021,2021,7,1.264898033,IMD GRID MODEL
Andhra Pradesh,Krishna,31-07-2021,2021,7,0.856794431,IMD GRID MODEL
Andhra Pradesh,Krishna,04-08-2021,2021,8,0.008231605,IMD GRID MODEL
Andhra Pradesh,Krishna,05-08-2021,2021,8,0.167858935,IMD GRID MODEL
Andhra Pradesh,Krishna,07-08-2021,2021,8,0.193267239,IMD GRID MODEL
Andhra Pradesh,Krishna,12-08-2021,2021,8,0.193733298,IMD GRID MODEL
Andhra Pradesh,Krishna,16-08-2021,2021,8,18.86983243,IMD GRID MODEL
Andhra Pradesh,Krishna,17-08-2021,2021,8,6.381155618,IMD GRID MODEL
Andhra Pradesh,Krishna,22-08-2021,2021,8,17.31369617,IMD GRID MODEL
Andhra Pradesh,Krishna,27-08-2021,2021,8,7.994370317,IMD GRID MODEL
Andhra Pradesh,Krishna,03-09-2021,2021,9,20.51363658,IMD GRID MODEL
Andhra Pradesh,Krishna,13-09-2021,2021,9,1.428608379,IMD GRID MODEL
Andhra Pradesh,Krishna,20-09-2021,2021,9,7.933896581,IMD GRID MODEL
Andhra Pradesh,Krishna,24-09-2021,2021,9,2.666322858,IMD GRID MODEL
Andhra Pradesh,Krishna,03-10-2021,2021,10,0.476882548,IMD GRID MODEL
Andhra Pradesh,Krishna,06-10-2021,2021,10,4.529043979,IMD GRID MODEL
Andhra Pradesh,Krishna,15-10-2021,2021,10,0.988833153,IMD GRID MODEL
Andhra Pradesh,Krishna,17-10-2021,2021,10,0.701297336,IMD GRID MODEL
Andhra Pradesh,Krishna,23-10-2021,2021,10,0.066898509,IMD GRID MODEL
Andhra Pradesh,Krishna,25-10-2021,2021,10,0.044183325,IMD GRID MODEL
Andhra Pradesh,Krishna,28-10-2021,2021,10,0,IMD GRID MODEL
Andhra Pradesh,Krishna,30-10-2021,2021,10,12.76628008,IMD GRID MODEL
Andhra Pradesh,Krishna,02-11-2021,2021,11,17.76737724,IMD GRID MODEL
Andhra Pradesh,Krishna,03-11-2021,2021,11,2.057882527,IMD GRID MODEL
Andhra Pradesh,Krishna,05-11-2021,2021,11,0.293779547,IMD GRID MODEL
Andhra Pradesh,Krishna,09-11-2021,2021,11,0,IMD GRID MODEL
Andhra Pradesh,Krishna,10-11-2021,2021,11,0,IMD GRID MODEL
Andhra Pradesh,Krishna,16-11-2021,2021,11,9.441709931,IMD GRID MODEL
Andhra Pradesh,Krishna,17-11-2021,2021,11,2.563488369,IMD GRID MODEL
Andhra Pradesh,Krishna,30-11-2021,2021,11,0,IMD GRID MODEL
Andhra Pradesh,Krishna,05-12-2021,2021,12,0,IMD GRID MODEL
Andhra Pradesh,Krishna,11-12-2021,2021,12,0.052806109,IMD GRID MODEL
Andhra Pradesh,Krishna,17-12-2021,2021,12,0,IMD GRID MODEL
Andhra Pradesh,Krishna,18-12-2021,2021,12,0,IMD GRID MODEL
Andhra Pradesh,Krishna,27-12-2021,2021,12,0,IMD GRID MODEL
Andhra Pradesh,Krishna,30-12-2021,2021,12,0,IMD GRID MODEL
Andhra Pradesh,Kurnool,04-01-2021,2021,1,0,IMD GRID MODEL
Andhra Pradesh,Kurnool,10-01-2021,2021,1,0.029731811,IMD GRID MODEL
Andhra Pradesh,Kurnool,15-01-2021,2021,1,0,IMD GRID MODEL
Andhra Pradesh,Kurnool,21-01-2021,2021,1,0,IMD GRID MODEL
Andhra Pradesh,Kurnool,25-01-2021,2021,1,0,IMD GRID MODEL
Andhra Pradesh,Kurnool,31-01-2021,2021,1,0,IMD GRID MODEL
Andhra Pradesh,Kurnool,01-02-2021,2021,2,0,IMD GRID MODEL
Andhra Pradesh,Kurnool,03-02-2021,2021,2,0,IMD GRID MODEL
Andhra Pradesh,Kurnool,05-02-2021,2021,2,0,IMD GRID MODEL
Andhra Pradesh,Kurnool,09-02-2021,2021,2,0,IMD GRID MODEL
Andhra Pradesh,Kurnool,10-02-2021,2021,2,0,IMD GRID MODEL
Andhra Pradesh,Kurnool,15-02-2021,2021,2,0,IMD GRID MODEL
Andhra Pradesh,Kurnool,18-02-2021,2021,2,0,IMD GRID MODEL
Andhra Pradesh,Kurnool,09-03-2021,2021,3,0,IMD GRID MODEL
Andhra Pradesh,Kurnool,10-03-2021,2021,3,0,IMD GRID MODEL
Andhra Pradesh,Kurnool,18-03-2021,2021,3,0,IMD GRID MODEL
Andhra Pradesh,Kurnool,22-03-2021,2021,3,0,IMD GRID MODEL
Andhra Pradesh,Kurnool,14-04-2021,2021,4,0.005193934,IMD GRID MODEL
Andhra Pradesh,Kurnool,15-04-2021,2021,4,8.601272592,IMD GRID MODEL
Andhra Pradesh,Kurnool,19-04-2021,2021,4,0.000246172,IMD GRID MODEL
Andhra Pradesh,Kurnool,21-04-2021,2021,4,8.787386692,IMD GRID MODEL
Andhra Pradesh,Kurnool,24-04-2021,2021,4,5.049820763,IMD GRID MODEL
Andhra Pradesh,Kurnool,27-04-2021,2021,4,0,IMD GRID MODEL
Andhra Pradesh,Kurnool,08-05-2021,2021,5,0,IMD GRID MODEL
Andhra Pradesh,Kurnool,16-05-2021,2021,5,2.562452261,IMD GRID MODEL
Andhra Pradesh,Kurnool,19-05-2021,2021,5,0.930763805,IMD GRID MODEL
Andhra Pradesh,Kurnool,24-05-2021,2021,5,3.693754464,IMD GRID MODEL
Andhra Pradesh,Kurnool,28-05-2021,2021,5,0.000246172,IMD GRID MODEL
Andhra Pradesh,Kurnool,25-06-2021,2021,6,1.574734989,IMD GRID MODEL
Andhra Pradesh,Kurnool,26-06-2021,2021,6,1.369591527,IMD GRID MODEL
Andhra Pradesh,East Godavari,03-10-2021,2021,10,0.37703193,IMD GRID MODEL
Andhra Pradesh,East Godavari,06-10-2021,2021,10,0.512623677,IMD GRID MODEL
Andhra Pradesh,East Godavari,16-10-2021,2021,10,15.61330958,IMD GRID MODEL
Andhra Pradesh,East Godavari,17-10-2021,2021,10,17.71066917,IMD GRID MODEL
Andhra Pradesh,East Godavari,20-10-2021,2021,10,0.717524265,IMD GRID MODEL
Andhra Pradesh,East Godavari,28-10-2021,2021,10,0.186467339,IMD GRID MODEL
Andhra Pradesh,East Godavari,29-10-2021,2021,10,0.57995281,IMD GRID MODEL
Andhra Pradesh,East Godavari,31-10-2021,2021,10,6.911937824,IMD GRID MODEL
Andhra Pradesh,East Godavari,11-11-2021,2021,11,1.083902792,IMD GRID MODEL
Andhra Pradesh,East Godavari,12-11-2021,2021,11,6.715279191,IMD GRID MODEL
Andhra Pradesh,East Godavari,20-11-2021,2021,11,16.11375642,IMD GRID MODEL
Andhra Pradesh,East Godavari,23-11-2021,2021,11,8.475582397,IMD GRID MODEL
Andhra Pradesh,East Godavari,06-12-2021,2021,12,0.150602711,IMD GRID MODEL
Andhra Pradesh,East Godavari,07-12-2021,2021,12,0,IMD GRID MODEL
Andhra Pradesh,East Godavari,10-12-2021,2021,12,0.535650505,IMD GRID MODEL
Andhra Pradesh,East Godavari,25-12-2021,2021,12,0,IMD GRID MODEL
Andhra Pradesh,East Godavari,27-12-2021,2021,12,0,IMD GRID MODEL
Andhra Pradesh,Guntur,06-01-2021,2021,1,0.000208967,IMD GRID MODEL
Andhra Pradesh,Guntur,07-01-2021,2021,1,0.000208967,IMD GRID MODEL
Andhra Pradesh,Guntur,14-01-2021,2021,1,0,IMD GRID MODEL
Andhra Pradesh,Guntur,17-01-2021,2021,1,0,IMD GRID MODEL
Andhra Pradesh,Guntur,22-01-2021,2021,1,0,IMD GRID MODEL
Andhra Pradesh,Guntur,02-02-2021,2021,2,0,IMD GRID MODEL
Andhra Pradesh,Guntur,06-02-2021,2021,2,0,IMD GRID MODEL
Andhra Pradesh,Guntur,08-02-2021,2021,2,0,IMD GRID MODEL
Andhra Pradesh,Guntur,10-02-2021,2021,2,0,IMD GRID MODEL
Andhra Pradesh,Guntur,17-02-2021,2021,2,0,IMD GRID MODEL
Andhra Pradesh,Guntur,18-02-2021,2021,2,0,IMD GRID MODEL
Andhra Pradesh,Guntur,25-02-2021,2021,2,0,IMD GRID MODEL
Andhra Pradesh,Guntur,11-03-2021,2021,3,0,IMD GRID MODEL
Andhra Pradesh,Guntur,10-03-2021,2021,3,0,IMD GRID MODEL
Andhra Pradesh,Guntur,13-03-2021,2021,3,0,IMD GRID MODEL
Andhra Pradesh,Guntur,20-03-2021,2021,3,0,IMD GRID MODEL
Andhra Pradesh,Guntur,24-03-2021,2021,3,0,IMD GRID MODEL
Andhra Pradesh,Guntur,03-04-2021,2021,4,0,IMD GRID MODEL
Andhra Pradesh,Guntur,17-04-2021,2021,4,0,IMD GRID MODEL
Andhra Pradesh,Guntur,19-04-2021,2021,4,0,IMD GRID MODEL
Andhra Pradesh,Guntur,23-05-2021,2021,5,1.620679433,IMD GRID MODEL
Andhra Pradesh,Guntur,26-05-2021,2021,5,0,IMD GRID MODEL
Andhra Pradesh,Guntur,31-05-2021,2021,5,0.000618214,IMD GRID MODEL
Andhra Pradesh,Guntur,05-06-2021,2021,6,7.453178259,IMD GRID MODEL
Andhra Pradesh,Guntur,14-06-2021,2021,6,4.106275515,IMD GRID MODEL
Andhra Pradesh,Guntur,22-06-2021,2021,6,0.142844036,IMD GRID MODEL
Andhra Pradesh,Guntur,23-06-2021,2021,6,1.895097364,IMD GRID MODEL
Andhra Pradesh,Guntur,24-06-2021,2021,6,6.668930283,IMD GRID MODEL
Andhra Pradesh,Guntur,27-06-2021,2021,6,22.94513621,IMD GRID MODEL
Andhra Pradesh,Guntur,19-07-2021,2021,7,4.115840382,IMD GRID MODEL
Andhra Pradesh,Guntur,31-07-2021,2021,7,0.878666184,IMD GRID MODEL
Andhra Pradesh,Guntur,04-08-2021,2021,8,0,IMD GRID MODEL
Andhra Pradesh,Guntur,12-08-2021,2021,8,1.840604286,IMD GRID MODEL
Andhra Pradesh,Guntur,19-08-2021,2021,8,2.388706755,IMD GRID MODEL
Andhra Pradesh,Guntur,20-08-2021,2021,8,0.365594271,IMD GRID MODEL
Andhra Pradesh,Guntur,07-09-2021,2021,9,10.16107214,IMD GRID MODEL
Andhra Pradesh,Guntur,23-09-2021,2021,9,2.046070405,IMD GRID MODEL
Andhra Pradesh,Guntur,25-09-2021,2021,9,13.42099316,IMD GRID MODEL
Andhra Pradesh,Guntur,28-09-2021,2021,9,21.12278812,IMD GRID MODEL
Andhra Pradesh,Guntur,29-09-2021,2021,9,3.017383533,IMD GRID MODEL
Andhra Pradesh,Guntur,01-10-2021,2021,10,6.242489515,IMD GRID MODEL
Andhra Pradesh,Guntur,06-10-2021,2021,10,4.435699341,IMD GRID MODEL
Andhra Pradesh,Guntur,10-10-2021,2021,10,0.050307663,IMD GRID MODEL
Andhra Pradesh,Guntur,16-10-2021,2021,10,4.44432357,IMD GRID MODEL
Andhra Pradesh,Guntur,18-10-2021,2021,10,1.436238052,IMD GRID MODEL
Andhra Pradesh,Guntur,19-10-2021,2021,10,0,IMD GRID MODEL
Andhra Pradesh,Guntur,20-10-2021,2021,10,0.31815949,IMD GRID MODEL
Andhra Pradesh,Guntur,29-10-2021,2021,10,1.462665657,IMD GRID MODEL
Andhra Pradesh,Guntur,01-11-2021,2021,11,1.911958016,IMD GRID MODEL
Andhra Pradesh,Guntur,12-11-2021,2021,11,10.15981754,IMD GRID MODEL
Andhra Pradesh,Guntur,16-11-2021,2021,11,11.72594159,IMD GRID MODEL
Andhra Pradesh,Guntur,17-11-2021,2021,11,8.945275162,IMD GRID MODEL
Andhra Pradesh,Guntur,21-11-2021,2021,11,19.59504314,IMD GRID MODEL
Andhra Pradesh,Guntur,26-11-2021,2021,11,0,IMD GRID MODEL
Andhra Pradesh,Guntur,27-11-2021,2021,11,0,IMD GRID MODEL
Andhra Pradesh,Guntur,15-12-2021,2021,12,0,IMD GRID MODEL
Andhra Pradesh,Guntur,26-12-2021,2021,12,0,IMD GRID MODEL
Andhra Pradesh,Guntur,29-12-2021,2021,12,0,IMD GRID MODEL
Andhra Pradesh,Krishna,07-01-2021,2021,1,0,IMD GRID MODEL
Andhra Pradesh,Krishna,09-01-2021,2021,1,0,IMD GRID MODEL
Andhra Pradesh,Krishna,10-01-2021,2021,1,0,IMD GRID MODEL
Andhra Pradesh,Krishna,24-01-2021,2021,1,0,IMD GRID MODEL
Andhra Pradesh,Krishna,13-02-2021,2021,2,0,IMD GRID MODEL
Andhra Pradesh,Krishna,14-02-2021,2021,2,0,IMD GRID MODEL
Andhra Pradesh,Vizianagaram,18-09-2021,2021,9,6.544998134,IMD GRID MODEL
Andhra Pradesh,Vizianagaram,19-09-2021,2021,9,3.528034429,IMD GRID MODEL
Andhra Pradesh,Vizianagaram,20-09-2021,2021,9,16.6871679,IMD GRID MODEL
Andhra Pradesh,Vizianagaram,22-09-2021,2021,9,1.760748219,IMD GRID MODEL
Andhra Pradesh,Vizianagaram,24-09-2021,2021,9,3.509586839,IMD GRID MODEL
Andhra Pradesh,Vizianagaram,28-09-2021,2021,9,29.46106467,IMD GRID MODEL
Andhra Pradesh,Vizianagaram,29-09-2021,2021,9,6.758925484,IMD GRID MODEL
Andhra Pradesh,Vizianagaram,08-10-2021,2021,10,0.482540976,IMD GRID MODEL
Andhra Pradesh,Vizianagaram,14-10-2021,2021,10,0,IMD GRID MODEL
Andhra Pradesh,Vizianagaram,25-10-2021,2021,10,0,IMD GRID MODEL
Andhra Pradesh,Vizianagaram,28-10-2021,2021,10,0,IMD GRID MODEL
Andhra Pradesh,Vizianagaram,03-11-2021,2021,11,6.224287112,IMD GRID MODEL
Andhra Pradesh,Vizianagaram,07-11-2021,2021,11,0,IMD GRID MODEL
Andhra Pradesh,Vizianagaram,08-11-2021,2021,11,0,IMD GRID MODEL
Andhra Pradesh,Vizianagaram,10-11-2021,2021,11,0,IMD GRID MODEL
Andhra Pradesh,Vizianagaram,14-11-2021,2021,11,7.101436317,IMD GRID MODEL
Andhra Pradesh,Vizianagaram,24-11-2021,2021,11,1.589906313,IMD GRID MODEL
Andhra Pradesh,Vizianagaram,27-11-2021,2021,11,0,IMD GRID MODEL
Andhra Pradesh,Vizianagaram,09-12-2021,2021,12,1.900474631,IMD GRID MODEL
Andhra Pradesh,Vizianagaram,19-12-2021,2021,12,0,IMD GRID MODEL
Andhra Pradesh,Vizianagaram,22-12-2021,2021,12,0,IMD GRID MODEL
Andhra Pradesh,Vizianagaram,27-12-2021,2021,12,0,IMD GRID MODEL
Andhra Pradesh,West Godavari,01-01-2021,2021,1,0,IMD GRID MODEL
Andhra Pradesh,West Godavari,12-01-2021,2021,1,0,IMD GRID MODEL
Andhra Pradesh,West Godavari,15-01-2021,2021,1,0,IMD GRID MODEL
Andhra Pradesh,West Godavari,16-01-2021,2021,1,0,IMD GRID MODEL
Andhra Pradesh,West Godavari,21-01-2021,2021,1,0,IMD GRID MODEL
Andhra Pradesh,West Godavari,22-01-2021,2021,1,0,IMD GRID MODEL
Andhra Pradesh,West Godavari,28-01-2021,2021,1,0,IMD GRID MODEL
Andhra Pradesh,West Godavari,31-01-2021,2021,1,0.003618271,IMD GRID MODEL
Andhra Pradesh,West Godavari,14-02-2021,2021,2,0,IMD GRID MODEL
Andhra Pradesh,West Godavari,16-02-2021,2021,2,0,IMD GRID MODEL
Andhra Pradesh,West Godavari,21-02-2021,2021,2,0.054678954,IMD GRID MODEL
Andhra Pradesh,West Godavari,23-02-2021,2021,2,0,IMD GRID MODEL
Andhra Pradesh,West Godavari,04-03-2021,2021,3,0,IMD GRID MODEL
Andhra Pradesh,West Godavari,12-03-2021,2021,3,0,IMD GRID MODEL
Andhra Pradesh,West Godavari,21-03-2021,2021,3,0.022287623,IMD GRID MODEL
Andhra Pradesh,West Godavari,29-03-2021,2021,3,0,IMD GRID MODEL
Andhra Pradesh,West Godavari,31-03-2021,2021,3,0,IMD GRID MODEL
Andhra Pradesh,West Godavari,02-04-2021,2021,4,0,IMD GRID MODEL
Andhra Pradesh,West Godavari,07-04-2021,2021,4,0,IMD GRID MODEL
Andhra Pradesh,West Godavari,10-04-2021,2021,4,0,IMD GRID MODEL
Andhra Pradesh,West Godavari,18-04-2021,2021,4,0,IMD GRID MODEL
Andhra Pradesh,West Godavari,22-04-2021,2021,4,1.080737235,IMD GRID MODEL
Andhra Pradesh,West Godavari,13-05-2021,2021,5,0,IMD GRID MODEL
Andhra Pradesh,West Godavari,19-05-2021,2021,5,0.06672581,IMD GRID MODEL
Andhra Pradesh,West Godavari,23-05-2021,2021,5,3.623545278,IMD GRID MODEL
Andhra Pradesh,West Godavari,30-05-2021,2021,5,0.599025874,IMD GRID MODEL
Andhra Pradesh,West Godavari,02-06-2021,2021,6,0.051137556,IMD GRID MODEL
Andhra Pradesh,West Godavari,08-06-2021,2021,6,1.393192588,IMD GRID MODEL
Andhra Pradesh,West Godavari,14-06-2021,2021,6,2.098109465,IMD GRID MODEL
Andhra Pradesh,West Godavari,20-06-2021,2021,6,0.223179119,IMD GRID MODEL
Andhra Pradesh,West Godavari,24-06-2021,2021,6,2.969527989,IMD GRID MODEL
Andhra Pradesh,West Godavari,06-07-2021,2021,7,0.996705605,IMD GRID MODEL
Andhra Pradesh,West Godavari,07-07-2021,2021,7,0.101015347,IMD GRID MODEL
Andhra Pradesh,West Godavari,08-07-2021,2021,7,25.23636164,IMD GRID MODEL
Andhra Pradesh,West Godavari,17-07-2021,2021,7,3.454804613,IMD GRID MODEL
Andhra Pradesh,West Godavari,18-07-2021,2021,7,0.378511484,IMD GRID MODEL
Andhra Pradesh,West Godavari,24-07-2021,2021,7,14.50374837,IMD GRID MODEL
Andhra Pradesh,West Godavari,27-07-2021,2021,7,0.60621477,IMD GRID MODEL
Andhra Pradesh,West Godavari,03-08-2021,2021,8,0.057406164,IMD GRID MODEL
Andhra Pradesh,West Godavari,11-08-2021,2021,8,11.98515893,IMD GRID MODEL
Andhra Pradesh,West Godavari,15-08-2021,2021,8,15.45572679,IMD GRID MODEL
Andhra Pradesh,West Godavari,23-08-2021,2021,8,0.89659553,IMD GRID MODEL
Andhra Pradesh,West Godavari,29-08-2021,2021,8,1.120835205,IMD GRID MODEL
Andhra Pradesh,West Godavari,02-09-2021,2021,9,11.73181526,IMD GRID MODEL
Andhra Pradesh,West Godavari,03-09-2021,2021,9,14.16741914,IMD GRID MODEL
Andhra Pradesh,West Godavari,10-09-2021,2021,9,0.141139874,IMD GRID MODEL
Andhra Pradesh,West Godavari,24-09-2021,2021,9,4.909954167,IMD GRID MODEL
Andhra Pradesh,West Godavari,26-09-2021,2021,9,4.876543185,IMD GRID MODEL
Andhra Pradesh,West Godavari,30-09-2021,2021,9,1.493505427,IMD GRID MODEL
Andhra Pradesh,West Godavari,11-10-2021,2021,10,0.579269422,IMD GRID MODEL
Andhra Pradesh,West Godavari,14-10-2021,2021,10,3.724518407,IMD GRID MODEL
Andhra Pradesh,West Godavari,15-10-2021,2021,10,0.063369799,IMD GRID MODEL
Andhra Pradesh,Chittoor,23-05-2021,2021,5,0.003477475,IMD GRID MODEL
Andhra Pradesh,Chittoor,27-05-2021,2021,5,0.002305653,IMD GRID MODEL
Andhra Pradesh,Chittoor,02-06-2021,2021,6,3.965379798,IMD GRID MODEL
Andhra Pradesh,Chittoor,08-06-2021,2021,6,1.544533605,IMD GRID MODEL
Andhra Pradesh,Chittoor,10-06-2021,2021,6,0,IMD GRID MODEL
Andhra Pradesh,Chittoor,14-06-2021,2021,6,0.250900283,IMD GRID MODEL
Andhra Pradesh,Chittoor,18-06-2021,2021,6,0.005076101,IMD GRID MODEL
Andhra Pradesh,Chittoor,02-07-2021,2021,7,10.42487621,IMD GRID MODEL
Andhra Pradesh,Chittoor,12-07-2021,2021,7,0.758723728,IMD GRID MODEL
Andhra Pradesh,Chittoor,15-07-2021,2021,7,24.73433065,IMD GRID MODEL
Andhra Pradesh,Chittoor,20-07-2021,2021,7,10.41407012,IMD GRID MODEL
Andhra Pradesh,Chittoor,22-07-2021,2021,7,1.346993708,IMD GRID MODEL
Andhra Pradesh,Chittoor,26-07-2021,2021,7,13.56313421,IMD GRID MODEL
Andhra Pradesh,Chittoor,06-08-2021,2021,8,0.843011745,IMD GRID MODEL
Andhra Pradesh,Chittoor,08-08-2021,2021,8,2.503996245,IMD GRID MODEL
Andhra Pradesh,Chittoor,14-08-2021,2021,8,0.024652822,IMD GRID MODEL
Andhra Pradesh,Chittoor,15-08-2021,2021,8,0.047875171,IMD GRID MODEL
Andhra Pradesh,Chittoor,19-08-2021,2021,8,3.260638387,IMD GRID MODEL
Andhra Pradesh,Chittoor,22-08-2021,2021,8,4.597339766,IMD GRID MODEL
Andhra Pradesh,Chittoor,31-08-2021,2021,8,0.68738296,IMD GRID MODEL
Andhra Pradesh,Chittoor,04-09-2021,2021,9,19.55063762,IMD GRID MODEL
Andhra Pradesh,Chittoor,05-09-2021,2021,9,2.70743525,IMD GRID MODEL
Andhra Pradesh,Chittoor,08-09-2021,2021,9,0.94135425,IMD GRID MODEL
Andhra Pradesh,Chittoor,11-09-2021,2021,9,0.016422728,IMD GRID MODEL
Andhra Pradesh,Chittoor,16-09-2021,2021,9,1.717954529,IMD GRID MODEL
Andhra Pradesh,Chittoor,22-09-2021,2021,9,16.22977,IMD GRID MODEL
Andhra Pradesh,Chittoor,25-09-2021,2021,9,1.479416721,IMD GRID MODEL
Andhra Pradesh,Chittoor,02-10-2021,2021,10,0.892569925,IMD GRID MODEL
Andhra Pradesh,Chittoor,03-10-2021,2021,10,3.826725317,IMD GRID MODEL
Andhra Pradesh,Chittoor,06-10-2021,2021,10,41.95757911,IMD GRID MODEL
Andhra Pradesh,Chittoor,12-10-2021,2021,10,3.510426321,IMD GRID MODEL
Andhra Pradesh,Chittoor,20-10-2021,2021,10,1.60E-07,IMD GRID MODEL
Andhra Pradesh,Chittoor,22-10-2021,2021,10,0.46251557,IMD GRID MODEL
Andhra Pradesh,Chittoor,24-10-2021,2021,10,2.042482743,IMD GRID MODEL
Andhra Pradesh,Chittoor,31-10-2021,2021,10,5.110741287,IMD GRID MODEL
Andhra Pradesh,Chittoor,10-11-2021,2021,11,2.786694271,IMD GRID MODEL
Andhra Pradesh,Chittoor,14-11-2021,2021,11,1.121460578,IMD GRID MODEL
Andhra Pradesh,Chittoor,20-11-2021,2021,11,14.77600371,IMD GRID MODEL
Andhra Pradesh,Chittoor,26-11-2021,2021,11,1.903585891,IMD GRID MODEL
Andhra Pradesh,Chittoor,29-11-2021,2021,11,39.02289087,IMD GRID MODEL
Andhra Pradesh,Chittoor,06-12-2021,2021,12,0.301461425,IMD GRID MODEL
Andhra Pradesh,Chittoor,09-12-2021,2021,12,1.079121178,IMD GRID MODEL
Andhra Pradesh,Chittoor,12-12-2021,2021,12,3.990865694,IMD GRID MODEL
Andhra Pradesh,Chittoor,13-12-2021,2021,12,5.326709466,IMD GRID MODEL
Andhra Pradesh,Chittoor,16-12-2021,2021,12,0,IMD GRID MODEL
Andhra Pradesh,Chittoor,17-12-2021,2021,12,0,IMD GRID MODEL
Andhra Pradesh,Chittoor,24-12-2021,2021,12,0,IMD GRID MODEL
Andhra Pradesh,Chittoor,28-12-2021,2021,12,0,IMD GRID MODEL
Andhra Pradesh,Chittoor,30-12-2021,2021,12,0.08466929,IMD GRID MODEL
Andhra Pradesh,East Godavari,13-01-2021,2021,1,0,IMD GRID MODEL
Andhra Pradesh,East Godavari,23-01-2021,2021,1,0,IMD GRID MODEL
Andhra Pradesh,East Godavari,26-01-2021,2021,1,0,IMD GRID MODEL
Andhra Pradesh,East Godavari,02-02-2021,2021,2,0,IMD GRID MODEL
Andhra Pradesh,East Godavari,19-02-2021,2021,2,0.082691432,IMD GRID MODEL
Andhra Pradesh,East Godavari,05-03-2021,2021,3,0,IMD GRID MODEL
Andhra Pradesh,East Godavari,08-03-2021,2021,3,0,IMD GRID MODEL
Andhra Pradesh,East Godavari,12-03-2021,2021,3,0,IMD GRID MODEL
Andhra Pradesh,East Godavari,10-03-2021,2021,3,0,IMD GRID MODEL
Andhra Pradesh,East Godavari,14-03-2021,2021,3,0.004471661,IMD GRID MODEL
Andhra Pradesh,East Godavari,20-03-2021,2021,3,0,IMD GRID MODEL
Andhra Pradesh,East Godavari,22-03-2021,2021,3,0,IMD GRID MODEL
Andhra Pradesh,East Godavari,24-03-2021,2021,3,0,IMD GRID MODEL
Andhra Pradesh,East Godavari,07-04-2021,2021,4,0,IMD GRID MODEL
Andhra Pradesh,East Godavari,13-04-2021,2021,4,1.657123658,IMD GRID MODEL
Andhra Pradesh,East Godavari,18-04-2021,2021,4,0,IMD GRID MODEL
Andhra Pradesh,East Godavari,28-04-2021,2021,4,1.866439741,IMD GRID MODEL
Andhra Pradesh,East Godavari,30-04-2021,2021,4,3.185016986,IMD GRID MODEL
Andhra Pradesh,East Godavari,01-05-2021,2021,5,0,IMD GRID MODEL
Andhra Pradesh,East Godavari,05-05-2021,2021,5,3.965936429,IMD GRID MODEL
Andhra Pradesh,East Godavari,10-05-2021,2021,5,0.234090249,IMD GRID MODEL
Andhra Pradesh,East Godavari,13-05-2021,2021,5,0,IMD GRID MODEL
Andhra Pradesh,East Godavari,20-05-2021,2021,5,0.055107567,IMD GRID MODEL
Andhra Pradesh,East Godavari,23-05-2021,2021,5,6.997300379,IMD GRID MODEL
Andhra Pradesh,East Godavari,09-06-2021,2021,6,2.329482563,IMD GRID MODEL
Andhra Pradesh,East Godavari,13-06-2021,2021,6,1.995937124,IMD GRID MODEL
Andhra Pradesh,East Godavari,17-06-2021,2021,6,3.717488268,IMD GRID MODEL
Andhra Pradesh,East Godavari,20-06-2021,2021,6,0.008248904,IMD GRID MODEL
Andhra Pradesh,East Godavari,23-06-2021,2021,6,6.052479438,IMD GRID MODEL
Andhra Pradesh,East Godavari,25-06-2021,2021,6,11.02277832,IMD GRID MODEL
Andhra Pradesh,East Godavari,29-06-2021,2021,6,0.556803409,IMD GRID MODEL
Andhra Pradesh,East Godavari,04-07-2021,2021,7,3.200797907,IMD GRID MODEL
Andhra Pradesh,East Godavari,06-07-2021,2021,7,0.533374129,IMD GRID MODEL
Andhra Pradesh,East Godavari,07-07-2021,2021,7,4.712670382,IMD GRID MODEL
Andhra Pradesh,East Godavari,11-07-2021,2021,7,14.88547012,IMD GRID MODEL
Andhra Pradesh,East Godavari,16-07-2021,2021,7,5.718665375,IMD GRID MODEL
Andhra Pradesh,East Godavari,22-07-2021,2021,7,25.26677147,IMD GRID MODEL
Andhra Pradesh,East Godavari,23-07-2021,2021,7,8.330915316,IMD GRID MODEL
Andhra Pradesh,East Godavari,14-07-2021,2021,7,12.89017137,IMD GRID MODEL
Andhra Pradesh,East Godavari,24-07-2021,2021,7,10.98211465,IMD GRID MODEL
Andhra Pradesh,East Godavari,25-07-2021,2021,7,2.201994563,IMD GRID MODEL
Andhra Pradesh,East Godavari,29-07-2021,2021,7,1.779667568,IMD GRID MODEL
Andhra Pradesh,East Godavari,03-08-2021,2021,8,0.912550279,IMD GRID MODEL
Andhra Pradesh,East Godavari,05-08-2021,2021,8,1.107868304,IMD GRID MODEL
Andhra Pradesh,East Godavari,06-08-2021,2021,8,1.45503574,IMD GRID MODEL
Andhra Pradesh,East Godavari,18-08-2021,2021,8,7.001783179,IMD GRID MODEL
Andhra Pradesh,East Godavari,31-08-2021,2021,8,11.46520847,IMD GRID MODEL
Andhra Pradesh,East Godavari,05-09-2021,2021,9,9.957209905,IMD GRID MODEL
Andhra Pradesh,East Godavari,06-09-2021,2021,9,22.10491461,IMD GRID MODEL
Andhra Pradesh,East Godavari,09-09-2021,2021,9,3.778964237,IMD GRID MODEL
Andhra Pradesh,East Godavari,12-09-2021,2021,9,5.977702199,IMD GRID MODEL
Andhra Pradesh,East Godavari,18-09-2021,2021,9,2.689897492,IMD GRID MODEL
Andhra Pradesh,East Godavari,19-09-2021,2021,9,7.130155843,IMD GRID MODEL
Andhra Pradesh,East Godavari,22-09-2021,2021,9,0.198919207,IMD GRID MODEL
Andhra Pradesh,East Godavari,23-09-2021,2021,9,10.8608477,IMD GRID MODEL
Andhra Pradesh,East Godavari,27-09-2021,2021,9,77.85421128,IMD GRID MODEL
Andhra Pradesh,East Godavari,02-10-2021,2021,10,0.79235295,IMD GRID MODEL
Andhra Pradesh,Anantapur,31-03-2021,2021,3,0,IMD GRID MODEL
Andhra Pradesh,Anantapur,09-04-2021,2021,4,0,IMD GRID MODEL
Andhra Pradesh,Anantapur,23-04-2021,2021,4,5.527511058,IMD GRID MODEL
Andhra Pradesh,Anantapur,18-05-2021,2021,5,1.978634405,IMD GRID MODEL
Andhra Pradesh,Anantapur,30-05-2021,2021,5,0.034667132,IMD GRID MODEL
Andhra Pradesh,Anantapur,24-07-2021,2021,7,0.048979222,IMD GRID MODEL
Andhra Pradesh,Anantapur,29-07-2021,2021,7,0,IMD GRID MODEL
Andhra Pradesh,Anantapur,10-08-2021,2021,8,6.890051641,IMD GRID MODEL
Andhra Pradesh,Krishna,18-02-2021,2021,2,0,IMD GRID MODEL
Andhra Pradesh,Krishna,21-02-2021,2021,2,1.554401857,IMD GRID MODEL
Andhra Pradesh,Krishna,22-02-2021,2021,2,0,IMD GRID MODEL
Andhra Pradesh,Krishna,05-03-2021,2021,3,0,IMD GRID MODEL
Andhra Pradesh,Krishna,06-03-2021,2021,3,0,IMD GRID MODEL
Andhra Pradesh,Krishna,07-03-2021,2021,3,0,IMD GRID MODEL
Andhra Pradesh,Krishna,10-03-2021,2021,3,0,IMD GRID MODEL
Andhra Pradesh,Krishna,14-03-2021,2021,3,0,IMD GRID MODEL
Andhra Pradesh,Krishna,16-03-2021,2021,3,0,IMD GRID MODEL
Andhra Pradesh,Krishna,20-03-2021,2021,3,0,IMD GRID MODEL
Andhra Pradesh,Krishna,24-03-2021,2021,3,0,IMD GRID MODEL
Andhra Pradesh,Krishna,25-03-2021,2021,3,0,IMD GRID MODEL
Andhra Pradesh,Krishna,27-03-2021,2021,3,0,IMD GRID MODEL
Andhra Pradesh,Krishna,30-03-2021,2021,3,0,IMD GRID MODEL
Andhra Pradesh,Krishna,05-04-2021,2021,4,0,IMD GRID MODEL
Andhra Pradesh,Krishna,09-04-2021,2021,4,0,IMD GRID MODEL
Andhra Pradesh,Krishna,14-04-2021,2021,4,0.026220801,IMD GRID MODEL
Andhra Pradesh,Krishna,30-04-2021,2021,4,0.062519617,IMD GRID MODEL
Andhra Pradesh,Krishna,05-05-2021,2021,5,0.829722489,IMD GRID MODEL
Andhra Pradesh,Krishna,06-05-2021,2021,5,0.085234252,IMD GRID MODEL
Andhra Pradesh,Krishna,08-05-2021,2021,5,0.050812104,IMD GRID MODEL
Andhra Pradesh,Krishna,10-05-2021,2021,5,0,IMD GRID MODEL
Andhra Pradesh,Krishna,19-05-2021,2021,5,0.062792434,IMD GRID MODEL
Andhra Pradesh,Krishna,27-05-2021,2021,5,0,IMD GRID MODEL
Andhra Pradesh,Krishna,31-05-2021,2021,5,0,IMD GRID MODEL
Andhra Pradesh,Krishna,03-06-2021,2021,6,18.1272699,IMD GRID MODEL
Andhra Pradesh,Krishna,06-06-2021,2021,6,0.172156615,IMD GRID MODEL
Andhra Pradesh,Krishna,07-06-2021,2021,6,1.679401364,IMD GRID MODEL
Andhra Pradesh,Krishna,15-06-2021,2021,6,0.053100166,IMD GRID MODEL
Andhra Pradesh,Krishna,20-06-2021,2021,6,1.450100428,IMD GRID MODEL
Andhra Pradesh,Krishna,24-06-2021,2021,6,3.986715532,IMD GRID MODEL
Andhra Pradesh,Krishna,01-07-2021,2021,7,37.31433299,IMD GRID MODEL
Andhra Pradesh,Krishna,03-07-2021,2021,7,4.107380723,IMD GRID MODEL
Andhra Pradesh,Krishna,10-07-2021,2021,7,14.92697476,IMD GRID MODEL
Andhra Pradesh,Krishna,11-07-2021,2021,7,8.779896966,IMD GRID MODEL
Andhra Pradesh,Krishna,12-07-2021,2021,7,10.14015825,IMD GRID MODEL
Andhra Pradesh,Krishna,19-07-2021,2021,7,6.57173116,IMD GRID MODEL
Andhra Pradesh,Krishna,24-07-2021,2021,7,11.24793188,IMD GRID MODEL
Andhra Pradesh,Krishna,25-07-2021,2021,7,0.031473998,IMD GRID MODEL
Andhra Pradesh,Krishna,29-07-2021,2021,7,0.491480756,IMD GRID MODEL
Andhra Pradesh,Krishna,01-08-2021,2021,8,0,IMD GRID MODEL
Andhra Pradesh,Krishna,03-08-2021,2021,8,0,IMD GRID MODEL
Andhra Pradesh,Krishna,11-08-2021,2021,8,12.26075501,IMD GRID MODEL
Andhra Pradesh,Krishna,14-08-2021,2021,8,18.33597965,IMD GRID MODEL
Andhra Pradesh,Krishna,20-08-2021,2021,8,0.391881801,IMD GRID MODEL
Andhra Pradesh,Krishna,24-08-2021,2021,8,0.011080315,IMD GRID MODEL
Andhra Pradesh,Krishna,28-08-2021,2021,8,4.208327373,IMD GRID MODEL
Andhra Pradesh,Krishna,30-08-2021,2021,8,5.563899934,IMD GRID MODEL
Andhra Pradesh,Krishna,31-08-2021,2021,8,6.718291074,IMD GRID MODEL
Andhra Pradesh,Krishna,07-09-2021,2021,9,22.63787225,IMD GRID MODEL
Andhra Pradesh,Krishna,08-09-2021,2021,9,1.064514795,IMD GRID MODEL
Andhra Pradesh,Krishna,30-09-2021,2021,9,0.459709431,IMD GRID MODEL
Andhra Pradesh,Krishna,01-10-2021,2021,10,13.15099256,IMD GRID MODEL
Andhra Pradesh,Krishna,04-10-2021,2021,10,0.782208888,IMD GRID MODEL
Andhra Pradesh,Krishna,05-10-2021,2021,10,4.806173417,IMD GRID MODEL
Andhra Pradesh,Krishna,13-10-2021,2021,10,3.260150561,IMD GRID MODEL
Andhra Pradesh,Krishna,16-10-2021,2021,10,10.1928921,IMD GRID MODEL
Andhra Pradesh,Krishna,20-10-2021,2021,10,0,IMD GRID MODEL
Andhra Pradesh,Krishna,22-10-2021,2021,10,0.275599305,IMD GRID MODEL
Andhra Pradesh,Krishna,04-11-2021,2021,11,3.981667158,IMD GRID MODEL
Andhra Pradesh,Krishna,18-11-2021,2021,11,0.208508004,IMD GRID MODEL
Andhra Pradesh,Krishna,20-11-2021,2021,11,10.15451217,IMD GRID MODEL
Andhra Pradesh,Krishna,23-11-2021,2021,11,1.199740063,IMD GRID MODEL
Andhra Pradesh,Krishna,27-11-2021,2021,11,0,IMD GRID MODEL
Andhra Pradesh,Krishna,28-11-2021,2021,11,0,IMD GRID MODEL
Andhra Pradesh,Krishna,04-12-2021,2021,12,0,IMD GRID MODEL
Andhra Pradesh,Krishna,10-12-2021,2021,12,0.035448443,IMD GRID MODEL
Andhra Pradesh,Krishna,19-12-2021,2021,12,0,IMD GRID MODEL
Andhra Pradesh,Krishna,22-12-2021,2021,12,0,IMD GRID MODEL
Andhra Pradesh,Kurnool,01-01-2021,2021,1,0,IMD GRID MODEL
Andhra Pradesh,Kurnool,02-01-2021,2021,1,0,IMD GRID MODEL
Andhra Pradesh,Kurnool,07-01-2021,2021,1,10.48387927,IMD GRID MODEL
Andhra Pradesh,Kurnool,08-01-2021,2021,1,1.717465788,IMD GRID MODEL
Andhra Pradesh,Kurnool,14-01-2021,2021,1,0,IMD GRID MODEL
Andhra Pradesh,Kurnool,18-01-2021,2021,1,0,IMD GRID MODEL
Andhra Pradesh,Kurnool,23-01-2021,2021,1,0,IMD GRID MODEL
Andhra Pradesh,Kurnool,28-01-2021,2021,1,0,IMD GRID MODEL
Andhra Pradesh,Kurnool,29-01-2021,2021,1,0,IMD GRID MODEL
Andhra Pradesh,Kurnool,30-01-2021,2021,1,0,IMD GRID MODEL
Andhra Pradesh,Kurnool,02-02-2021,2021,2,0,IMD GRID MODEL
Andhra Pradesh,Kurnool,07-02-2021,2021,2,0,IMD GRID MODEL
Andhra Pradesh,Kurnool,17-02-2021,2021,2,0,IMD GRID MODEL
Andhra Pradesh,Kurnool,23-02-2021,2021,2,0.002998479,IMD GRID MODEL
Andhra Pradesh,Kurnool,25-02-2021,2021,2,0,IMD GRID MODEL
Andhra Pradesh,Kurnool,26-02-2021,2021,2,0,IMD GRID MODEL
Andhra Pradesh,Kurnool,28-02-2021,2021,2,0,IMD GRID MODEL
Andhra Pradesh,Kurnool,11-03-2021,2021,3,0,IMD GRID MODEL
Andhra Pradesh,Kurnool,16-03-2021,2021,3,0,IMD GRID MODEL
Andhra Pradesh,Kurnool,21-03-2021,2021,3,0,IMD GRID MODEL
Andhra Pradesh,Kurnool,25-03-2021,2021,3,0,IMD GRID MODEL
Andhra Pradesh,Kurnool,27-03-2021,2021,3,0,IMD GRID MODEL
Andhra Pradesh,Kurnool,30-03-2021,2021,3,0,IMD GRID MODEL
Andhra Pradesh,Kurnool,06-04-2021,2021,4,0.123740452,IMD GRID MODEL
Andhra Pradesh,Kurnool,18-04-2021,2021,4,0,IMD GRID MODEL
Andhra Pradesh,Kurnool,10-05-2021,2021,5,0,IMD GRID MODEL
Andhra Pradesh,Kurnool,14-05-2021,2021,5,1.778125291,IMD GRID MODEL
Andhra Pradesh,Kurnool,23-05-2021,2021,5,1.159515683,IMD GRID MODEL
Andhra Pradesh,Kurnool,29-05-2021,2021,5,0,IMD GRID MODEL
Andhra Pradesh,Kurnool,06-06-2021,2021,6,19.6833932,IMD GRID MODEL
Andhra Pradesh,Kurnool,07-06-2021,2021,6,2.25E-05,IMD GRID MODEL
Andhra Pradesh,Kurnool,11-06-2021,2021,6,0.019733656,IMD GRID MODEL
Andhra Pradesh,Kurnool,13-06-2021,2021,6,1.425404353,IMD GRID MODEL
Andhra Pradesh,Kurnool,14-06-2021,2021,6,0.336612898,IMD GRID MODEL
Andhra Pradesh,Kurnool,15-06-2021,2021,6,0.102083157,IMD GRID MODEL
Andhra Pradesh,Kurnool,18-06-2021,2021,6,0.282240258,IMD GRID MODEL
Andhra Pradesh,Kurnool,19-06-2021,2021,6,0.003512135,IMD GRID MODEL
Andhra Pradesh,Kurnool,20-06-2021,2021,6,0.080838882,IMD GRID MODEL
Andhra Pradesh,Kurnool,22-06-2021,2021,6,0,IMD GRID MODEL
Andhra Pradesh,Kurnool,24-06-2021,2021,6,0.029381672,IMD GRID MODEL
Andhra Pradesh,Kurnool,29-06-2021,2021,6,0.615642837,IMD GRID MODEL
Andhra Pradesh,Kurnool,04-07-2021,2021,7,8.532625541,IMD GRID MODEL
Andhra Pradesh,Kurnool,05-07-2021,2021,7,13.85535093,IMD GRID MODEL
Andhra Pradesh,Kurnool,07-07-2021,2021,7,1.508565219,IMD GRID MODEL
Andhra Pradesh,Kurnool,13-07-2021,2021,7,0.332046564,IMD GRID MODEL
Andhra Pradesh,Kurnool,26-07-2021,2021,7,0.00141557,IMD GRID MODEL
Andhra Pradesh,Kurnool,28-07-2021,2021,7,0,IMD GRID MODEL
Andhra Pradesh,Kurnool,29-07-2021,2021,7,0,IMD GRID MODEL
Andhra Pradesh,Kurnool,18-08-2021,2021,8,0.425885481,IMD GRID MODEL
Andhra Pradesh,Kurnool,22-08-2021,2021,8,3.195419138,IMD GRID MODEL
Andhra Pradesh,Kurnool,25-08-2021,2021,8,1.525280415,IMD GRID MODEL
Andhra Pradesh,Kurnool,02-09-2021,2021,9,0.631650993,IMD GRID MODEL
Andhra Pradesh,Kurnool,03-09-2021,2021,9,7.967263082,IMD GRID MODEL
Andhra Pradesh,Kurnool,10-09-2021,2021,9,0,IMD GRID MODEL
Andhra Pradesh,Kurnool,27-09-2021,2021,9,0.031826071,IMD GRID MODEL
Andhra Pradesh,Kurnool,03-10-2021,2021,10,0.159276062,IMD GRID MODEL
Andhra Pradesh,Kurnool,04-10-2021,2021,10,0.161307216,IMD GRID MODEL
Andhra Pradesh,SPSR Nellore,03-03-2021,2021,3,0,IMD GRID MODEL
Andhra Pradesh,SPSR Nellore,09-03-2021,2021,3,0,IMD GRID MODEL
Andhra Pradesh,SPSR Nellore,12-03-2021,2021,3,0,IMD GRID MODEL
Andhra Pradesh,SPSR Nellore,19-03-2021,2021,3,0,IMD GRID MODEL
Andhra Pradesh,SPSR Nellore,25-03-2021,2021,3,0,IMD GRID MODEL
Andhra Pradesh,SPSR Nellore,09-04-2021,2021,4,0,IMD GRID MODEL
Andhra Pradesh,SPSR Nellore,11-04-2021,2021,4,0,IMD GRID MODEL
Andhra Pradesh,SPSR Nellore,17-04-2021,2021,4,0.039094369,IMD GRID MODEL
Andhra Pradesh,SPSR Nellore,18-04-2021,2021,4,0,IMD GRID MODEL
Andhra Pradesh,SPSR Nellore,20-04-2021,2021,4,0.056016817,IMD GRID MODEL
Andhra Pradesh,SPSR Nellore,21-04-2021,2021,4,0,IMD GRID MODEL
Andhra Pradesh,SPSR Nellore,22-04-2021,2021,4,0.22856961,IMD GRID MODEL
Andhra Pradesh,SPSR Nellore,24-04-2021,2021,4,3.607045661,IMD GRID MODEL
Andhra Pradesh,SPSR Nellore,02-05-2021,2021,5,0,IMD GRID MODEL
Andhra Pradesh,SPSR Nellore,11-05-2021,2021,5,0,IMD GRID MODEL
Andhra Pradesh,SPSR Nellore,21-05-2021,2021,5,3.933251052,IMD GRID MODEL
Andhra Pradesh,SPSR Nellore,22-05-2021,2021,5,5.184197851,IMD GRID MODEL
Andhra Pradesh,SPSR Nellore,27-05-2021,2021,5,0,IMD GRID MODEL
Andhra Pradesh,SPSR Nellore,12-06-2021,2021,6,0.181056504,IMD GRID MODEL
Andhra Pradesh,SPSR Nellore,14-06-2021,2021,6,0,IMD GRID MODEL
Andhra Pradesh,SPSR Nellore,21-06-2021,2021,6,0,IMD GRID MODEL
Andhra Pradesh,SPSR Nellore,22-06-2021,2021,6,0.149172386,IMD GRID MODEL
Andhra Pradesh,SPSR Nellore,24-06-2021,2021,6,3.891207308,IMD GRID MODEL
Andhra Pradesh,SPSR Nellore,25-06-2021,2021,6,0.012863432,IMD GRID MODEL
Andhra Pradesh,SPSR Nellore,02-07-2021,2021,7,0.689031844,IMD GRID MODEL
Andhra Pradesh,SPSR Nellore,12-07-2021,2021,7,0.172711561,IMD GRID MODEL
Andhra Pradesh,SPSR Nellore,13-07-2021,2021,7,0,IMD GRID MODEL
Andhra Pradesh,SPSR Nellore,23-07-2021,2021,7,3.254017965,IMD GRID MODEL
Andhra Pradesh,SPSR Nellore,27-07-2021,2021,7,0.00795467,IMD GRID MODEL
Andhra Pradesh,SPSR Nellore,31-07-2021,2021,7,0,IMD GRID MODEL
Andhra Pradesh,SPSR Nellore,04-08-2021,2021,8,0.389796855,IMD GRID MODEL
Andhra Pradesh,SPSR Nellore,08-08-2021,2021,8,0,IMD GRID MODEL
Andhra Pradesh,SPSR Nellore,16-08-2021,2021,8,0.07529391,IMD GRID MODEL
Andhra Pradesh,SPSR Nellore,05-09-2021,2021,9,0.677204863,IMD GRID MODEL
Andhra Pradesh,SPSR Nellore,16-09-2021,2021,9,1.602645813,IMD GRID MODEL
Andhra Pradesh,SPSR Nellore,25-09-2021,2021,9,0.270637742,IMD GRID MODEL
Andhra Pradesh,SPSR Nellore,27-09-2021,2021,9,0.322645553,IMD GRID MODEL
Andhra Pradesh,SPSR Nellore,12-10-2021,2021,10,0.011254812,IMD GRID MODEL
Andhra Pradesh,SPSR Nellore,13-10-2021,2021,10,4.983837721,IMD GRID MODEL
Andhra Pradesh,SPSR Nellore,25-10-2021,2021,10,4.687130945,IMD GRID MODEL
Andhra Pradesh,SPSR Nellore,30-10-2021,2021,10,17.21733314,IMD GRID MODEL
Andhra Pradesh,SPSR Nellore,13-11-2021,2021,11,29.82635005,IMD GRID MODEL
Andhra Pradesh,SPSR Nellore,18-11-2021,2021,11,45.22214723,IMD GRID MODEL
Andhra Pradesh,SPSR Nellore,19-11-2021,2021,11,58.19162242,IMD GRID MODEL
Andhra Pradesh,SPSR Nellore,05-12-2021,2021,12,0,IMD GRID MODEL
Andhra Pradesh,SPSR Nellore,07-12-2021,2021,12,0,IMD GRID MODEL
Andhra Pradesh,SPSR Nellore,09-12-2021,2021,12,9.001065802,IMD GRID MODEL
Andhra Pradesh,SPSR Nellore,15-12-2021,2021,12,0.046267899,IMD GRID MODEL
Andhra Pradesh,SPSR Nellore,31-12-2021,2021,12,3.291376,IMD GRID MODEL
Andhra Pradesh,SPSR Nellore,11-01-2021,2021,1,0,IMD GRID MODEL
Andhra Pradesh,SPSR Nellore,15-04-2021,2021,4,5.058391519,IMD GRID MODEL
Andhra Pradesh,SPSR Nellore,27-08-2021,2021,8,5.55881923,IMD GRID MODEL
Andhra Pradesh,Srikakulam,03-01-2021,2021,1,0,IMD GRID MODEL
Andhra Pradesh,Srikakulam,14-01-2021,2021,1,0,IMD GRID MODEL
Andhra Pradesh,Srikakulam,25-01-2021,2021,1,0,IMD GRID MODEL
Andhra Pradesh,Srikakulam,26-01-2021,2021,1,0,IMD GRID MODEL
Andhra Pradesh,Srikakulam,28-01-2021,2021,1,0,IMD GRID MODEL
Andhra Pradesh,Srikakulam,30-01-2021,2021,1,3.750040746,IMD GRID MODEL
Andhra Pradesh,Srikakulam,01-02-2021,2021,2,0,IMD GRID MODEL
Andhra Pradesh,Srikakulam,10-02-2021,2021,2,0,IMD GRID MODEL
Andhra Pradesh,Srikakulam,13-02-2021,2021,2,0,IMD GRID MODEL
Andhra Pradesh,Srikakulam,15-02-2021,2021,2,0,IMD GRID MODEL
Andhra Pradesh,Srikakulam,16-02-2021,2021,2,0,IMD GRID MODEL
Andhra Pradesh,Srikakulam,17-02-2021,2021,2,0,IMD GRID MODEL
Andhra Pradesh,Srikakulam,26-02-2021,2021,2,0,IMD GRID MODEL
Andhra Pradesh,Srikakulam,01-03-2021,2021,3,0,IMD GRID MODEL
Andhra Pradesh,Srikakulam,04-03-2021,2021,3,0,IMD GRID MODEL
Andhra Pradesh,Srikakulam,06-03-2021,2021,3,0,IMD GRID MODEL
Andhra Pradesh,Srikakulam,08-03-2021,2021,3,0,IMD GRID MODEL
Andhra Pradesh,Srikakulam,14-03-2021,2021,3,0,IMD GRID MODEL
Andhra Pradesh,Srikakulam,24-03-2021,2021,3,0,IMD GRID MODEL
Andhra Pradesh,Srikakulam,26-03-2021,2021,3,0,IMD GRID MODEL
Andhra Pradesh,Srikakulam,04-04-2021,2021,4,1.881099222,IMD GRID MODEL
Andhra Pradesh,Srikakulam,06-04-2021,2021,4,0.183265104,IMD GRID MODEL
Andhra Pradesh,Srikakulam,07-04-2021,2021,4,0,IMD GRID MODEL
Andhra Pradesh,Srikakulam,14-04-2021,2021,4,0.0287054,IMD GRID MODEL
Andhra Pradesh,Srikakulam,15-04-2021,2021,4,1.584641883,IMD GRID MODEL
Andhra Pradesh,Srikakulam,20-04-2021,2021,4,4.387779259,IMD GRID MODEL
Andhra Pradesh,Srikakulam,21-04-2021,2021,4,0.061668169,IMD GRID MODEL
Andhra Pradesh,Srikakulam,23-04-2021,2021,4,0.264555938,IMD GRID MODEL
Andhra Pradesh,Srikakulam,02-05-2021,2021,5,2.14E-05,IMD GRID MODEL
Andhra Pradesh,Srikakulam,08-05-2021,2021,5,2.393317518,IMD GRID MODEL
Andhra Pradesh,Srikakulam,10-05-2021,2021,5,0.149058543,IMD GRID MODEL
Andhra Pradesh,Srikakulam,21-05-2021,2021,5,0,IMD GRID MODEL
Andhra Pradesh,Srikakulam,31-05-2021,2021,5,0.001622847,IMD GRID MODEL
Andhra Pradesh,Srikakulam,01-06-2021,2021,6,7.601429908,IMD GRID MODEL
Andhra Pradesh,Srikakulam,04-06-2021,2021,6,1.509616791,IMD GRID MODEL
Andhra Pradesh,Srikakulam,07-06-2021,2021,6,0,IMD GRID MODEL
Andhra Pradesh,Srikakulam,08-06-2021,2021,6,0.000601849,IMD GRID MODEL
Andhra Pradesh,Srikakulam,09-06-2021,2021,6,0.14249777,IMD GRID MODEL
Andhra Pradesh,Srikakulam,27-06-2021,2021,6,0.008970438,IMD GRID MODEL
Andhra Pradesh,Srikakulam,30-06-2021,2021,6,0.032772056,IMD GRID MODEL
Andhra Pradesh,Srikakulam,01-07-2021,2021,7,10.0395482,IMD GRID MODEL
Andhra Pradesh,Srikakulam,02-07-2021,2021,7,0.213496413,IMD GRID MODEL
Andhra Pradesh,Srikakulam,07-07-2021,2021,7,0.339575993,IMD GRID MODEL
Andhra Pradesh,Srikakulam,11-07-2021,2021,7,8.742486693,IMD GRID MODEL
Andhra Pradesh,Srikakulam,13-07-2021,2021,7,16.55416212,IMD GRID MODEL
Andhra Pradesh,Srikakulam,20-07-2021,2021,7,2.559789112,IMD GRID MODEL
Andhra Pradesh,Srikakulam,29-07-2021,2021,7,3.493470995,IMD GRID MODEL
Andhra Pradesh,Srikakulam,30-07-2021,2021,7,1.295974227,IMD GRID MODEL
Andhra Pradesh,Srikakulam,09-08-2021,2021,8,0.057664789,IMD GRID MODEL
Andhra Pradesh,Srikakulam,20-08-2021,2021,8,10.05161857,IMD GRID MODEL
Andhra Pradesh,Srikakulam,28-08-2021,2021,8,25.96795515,IMD GRID MODEL
Andhra Pradesh,Srikakulam,01-09-2021,2021,9,3.929334603,IMD GRID MODEL
Andhra Pradesh,Srikakulam,05-09-2021,2021,9,0.853916025,IMD GRID MODEL
Andhra Pradesh,Srikakulam,08-09-2021,2021,9,3.804508257,IMD GRID MODEL
Andhra Pradesh,Srikakulam,09-09-2021,2021,9,0.702698666,IMD GRID MODEL
Andhra Pradesh,Srikakulam,14-09-2021,2021,9,2.577959626,IMD GRID MODEL
Andhra Pradesh,Srikakulam,15-09-2021,2021,9,1.048992965,IMD GRID MODEL
Andhra Pradesh,Srikakulam,22-09-2021,2021,9,0.43953622,IMD GRID MODEL
Andhra Pradesh,Srikakulam,24-09-2021,2021,9,1.579134909,IMD GRID MODEL
Andhra Pradesh,Srikakulam,27-09-2021,2021,9,63.90271098,IMD GRID MODEL
Andhra Pradesh,Srikakulam,28-09-2021,2021,9,23.0920083,IMD GRID MODEL
Andhra Pradesh,Srikakulam,29-09-2021,2021,9,8.796763533,IMD GRID MODEL
Andhra Pradesh,Srikakulam,01-10-2021,2021,10,0.296053587,IMD GRID MODEL
Andhra Pradesh,Srikakulam,16-10-2021,2021,10,49.76201637,IMD GRID MODEL
Andhra Pradesh,Srikakulam,17-10-2021,2021,10,24.58762443,IMD GRID MODEL
Andhra Pradesh,Srikakulam,21-10-2021,2021,10,0.088355163,IMD GRID MODEL
Andhra Pradesh,Srikakulam,26-10-2021,2021,10,0,IMD GRID MODEL
Andhra Pradesh,Srikakulam,01-11-2021,2021,11,0.145846636,IMD GRID MODEL
Andhra Pradesh,Srikakulam,02-11-2021,2021,11,24.49624447,IMD GRID MODEL
Andhra Pradesh,Srikakulam,31-10-2021,2021,10,0.119980784,IMD GRID MODEL
Andhra Pradesh,Srikakulam,03-11-2021,2021,11,7.071240724,IMD GRID MODEL
Andhra Pradesh,Srikakulam,11-11-2021,2021,11,0.096845591,IMD GRID MODEL
Andhra Pradesh,Srikakulam,28-11-2021,2021,11,0.001794088,IMD GRID MODEL
Andhra Pradesh,Srikakulam,03-12-2021,2021,12,0,IMD GRID MODEL
Andhra Pradesh,Srikakulam,10-12-2021,2021,12,0.248735048,IMD GRID MODEL
Andhra Pradesh,Srikakulam,19-12-2021,2021,12,0,IMD GRID MODEL
Andhra Pradesh,Srikakulam,20-12-2021,2021,12,0,IMD GRID MODEL
Andhra Pradesh,Srikakulam,24-12-2021,2021,12,0,IMD GRID MODEL
Andhra Pradesh,Srikakulam,25-12-2021,2021,12,0,IMD GRID MODEL
Andhra Pradesh,Visakhapatanam,07-01-2021,2021,1,0,IMD GRID MODEL
Andhra Pradesh,Visakhapatanam,10-01-2021,2021,1,0,IMD GRID MODEL
Andhra Pradesh,Visakhapatanam,12-01-2021,2021,1,0,IMD GRID MODEL
Andhra Pradesh,Visakhapatanam,15-01-2021,2021,1,0,IMD GRID MODEL
Andhra Pradesh,Visakhapatanam,21-01-2021,2021,1,0,IMD GRID MODEL
Andhra Pradesh,Chittoor,21-05-2021,2021,5,11.12867158,IMD GRID MODEL
Andhra Pradesh,Chittoor,22-05-2021,2021,5,11.29110251,IMD GRID MODEL
Andhra Pradesh,Chittoor,25-05-2021,2021,5,0,IMD GRID MODEL
Andhra Pradesh,Chittoor,30-05-2021,2021,5,1.217268113,IMD GRID MODEL
Andhra Pradesh,Chittoor,01-06-2021,2021,6,7.057742625,IMD GRID MODEL
Andhra Pradesh,Chittoor,07-06-2021,2021,6,0.053138366,IMD GRID MODEL
Andhra Pradesh,Chittoor,23-06-2021,2021,6,4.818620275,IMD GRID MODEL
Andhra Pradesh,Chittoor,01-07-2021,2021,7,8.497355772,IMD GRID MODEL
Andhra Pradesh,Chittoor,03-07-2021,2021,7,27.9088605,IMD GRID MODEL
Andhra Pradesh,Chittoor,08-07-2021,2021,7,2.315215169,IMD GRID MODEL
Andhra Pradesh,Chittoor,10-07-2021,2021,7,11.23917538,IMD GRID MODEL
Andhra Pradesh,Chittoor,16-07-2021,2021,7,1.582814393,IMD GRID MODEL
Andhra Pradesh,Chittoor,01-08-2021,2021,8,2.938068489,IMD GRID MODEL
Andhra Pradesh,Chittoor,05-08-2021,2021,8,0,IMD GRID MODEL
Andhra Pradesh,Chittoor,09-08-2021,2021,8,0.794929965,IMD GRID MODEL
Andhra Pradesh,Chittoor,12-08-2021,2021,8,0.356910109,IMD GRID MODEL
Andhra Pradesh,Chittoor,17-08-2021,2021,8,9.069338037,IMD GRID MODEL
Andhra Pradesh,Chittoor,24-08-2021,2021,8,1.062292861,IMD GRID MODEL
Andhra Pradesh,Chittoor,27-08-2021,2021,8,13.27288116,IMD GRID MODEL
Andhra Pradesh,Chittoor,30-08-2021,2021,8,0.221196256,IMD GRID MODEL
Andhra Pradesh,Chittoor,02-09-2021,2021,9,21.87480119,IMD GRID MODEL
Andhra Pradesh,Chittoor,06-09-2021,2021,9,10.05068279,IMD GRID MODEL
Andhra Pradesh,Chittoor,18-09-2021,2021,9,5.824849259,IMD GRID MODEL
Andhra Pradesh,Chittoor,24-09-2021,2021,9,7.074565032,IMD GRID MODEL
Andhra Pradesh,Chittoor,26-09-2021,2021,9,19.24621608,IMD GRID MODEL
Andhra Pradesh,Chittoor,27-09-2021,2021,9,0,IMD GRID MODEL
Andhra Pradesh,Chittoor,07-10-2021,2021,10,3.934815066,IMD GRID MODEL
Andhra Pradesh,Chittoor,08-10-2021,2021,10,26.36374348,IMD GRID MODEL
Andhra Pradesh,Chittoor,17-10-2021,2021,10,2.553922059,IMD GRID MODEL
Andhra Pradesh,Chittoor,21-10-2021,2021,10,12.20549169,IMD GRID MODEL
Andhra Pradesh,Chittoor,26-10-2021,2021,10,0,IMD GRID MODEL
Andhra Pradesh,Chittoor,27-10-2021,2021,10,0.140044162,IMD GRID MODEL
Andhra Pradesh,Chittoor,28-10-2021,2021,10,0,IMD GRID MODEL
Andhra Pradesh,Chittoor,01-11-2021,2021,11,10.64288065,IMD GRID MODEL
Andhra Pradesh,Chittoor,03-11-2021,2021,11,9.010396771,IMD GRID MODEL
Andhra Pradesh,Chittoor,04-11-2021,2021,11,3.209393852,IMD GRID MODEL
Andhra Pradesh,Chittoor,05-11-2021,2021,11,1.613564433,IMD GRID MODEL
Andhra Pradesh,Chittoor,06-11-2021,2021,11,8.924474251,IMD GRID MODEL
Andhra Pradesh,Chittoor,12-11-2021,2021,11,70.19453608,IMD GRID MODEL
Andhra Pradesh,Chittoor,15-11-2021,2021,11,5.38933645,IMD GRID MODEL
Andhra Pradesh,Chittoor,16-11-2021,2021,11,3.741684514,IMD GRID MODEL
Andhra Pradesh,Chittoor,17-11-2021,2021,11,3.903734555,IMD GRID MODEL
Andhra Pradesh,Chittoor,22-11-2021,2021,11,0.296615111,IMD GRID MODEL
Andhra Pradesh,Chittoor,27-11-2021,2021,11,16.84062321,IMD GRID MODEL
Andhra Pradesh,Chittoor,05-12-2021,2021,12,0,IMD GRID MODEL
Andhra Pradesh,Chittoor,08-12-2021,2021,12,0.052298864,IMD GRID MODEL
Andhra Pradesh,Chittoor,14-12-2021,2021,12,9.969812783,IMD GRID MODEL
Andhra Pradesh,Chittoor,22-12-2021,2021,12,0,IMD GRID MODEL
Andhra Pradesh,Chittoor,29-12-2021,2021,12,0.886298458,IMD GRID MODEL
Andhra Pradesh,East Godavari,02-01-2021,2021,1,0,IMD GRID MODEL
Andhra Pradesh,East Godavari,06-01-2021,2021,1,0,IMD GRID MODEL
Andhra Pradesh,East Godavari,08-01-2021,2021,1,0,IMD GRID MODEL
Andhra Pradesh,East Godavari,10-01-2021,2021,1,0,IMD GRID MODEL
Andhra Pradesh,East Godavari,22-01-2021,2021,1,0,IMD GRID MODEL
Andhra Pradesh,East Godavari,24-01-2021,2021,1,0,IMD GRID MODEL
Andhra Pradesh,East Godavari,30-01-2021,2021,1,0,IMD GRID MODEL
Andhra Pradesh,East Godavari,01-02-2021,2021,2,1.902992326,IMD GRID MODEL
Andhra Pradesh,East Godavari,04-02-2021,2021,2,0,IMD GRID MODEL
Andhra Pradesh,East Godavari,14-02-2021,2021,2,0,IMD GRID MODEL
Andhra Pradesh,East Godavari,17-02-2021,2021,2,0,IMD GRID MODEL
Andhra Pradesh,East Godavari,26-02-2021,2021,2,0,IMD GRID MODEL
Andhra Pradesh,East Godavari,09-03-2021,2021,3,0,IMD GRID MODEL
Andhra Pradesh,East Godavari,11-03-2021,2021,3,0,IMD GRID MODEL
Andhra Pradesh,East Godavari,19-03-2021,2021,3,0,IMD GRID MODEL
Andhra Pradesh,East Godavari,21-03-2021,2021,3,0.08903542,IMD GRID MODEL
Andhra Pradesh,East Godavari,28-03-2021,2021,3,0.453097495,IMD GRID MODEL
Andhra Pradesh,East Godavari,01-04-2021,2021,4,0,IMD GRID MODEL
Andhra Pradesh,East Godavari,04-04-2021,2021,4,2.930577946,IMD GRID MODEL
Andhra Pradesh,East Godavari,11-04-2021,2021,4,0.104937285,IMD GRID MODEL
Andhra Pradesh,East Godavari,16-04-2021,2021,4,0.118296332,IMD GRID MODEL
Andhra Pradesh,East Godavari,21-04-2021,2021,4,0.236399971,IMD GRID MODEL
Andhra Pradesh,East Godavari,23-04-2021,2021,4,2.264885441,IMD GRID MODEL
Andhra Pradesh,East Godavari,24-04-2021,2021,4,5.028239086,IMD GRID MODEL
Andhra Pradesh,East Godavari,27-04-2021,2021,4,0.390558472,IMD GRID MODEL
Andhra Pradesh,East Godavari,02-05-2021,2021,5,0.028776609,IMD GRID MODEL
Andhra Pradesh,East Godavari,04-05-2021,2021,5,1.368254601,IMD GRID MODEL
Andhra Pradesh,East Godavari,11-05-2021,2021,5,1.544129635,IMD GRID MODEL
Andhra Pradesh,East Godavari,22-05-2021,2021,5,23.55297936,IMD GRID MODEL
Andhra Pradesh,East Godavari,25-05-2021,2021,5,0.025654445,IMD GRID MODEL
Andhra Pradesh,East Godavari,27-05-2021,2021,5,0,IMD GRID MODEL
Andhra Pradesh,East Godavari,12-06-2021,2021,6,1.801562152,IMD GRID MODEL
Andhra Pradesh,East Godavari,15-06-2021,2021,6,4.916260497,IMD GRID MODEL
Andhra Pradesh,East Godavari,16-06-2021,2021,6,1.64516072,IMD GRID MODEL
Andhra Pradesh,East Godavari,19-06-2021,2021,6,0.364975346,IMD GRID MODEL
Andhra Pradesh,East Godavari,26-06-2021,2021,6,0.018981689,IMD GRID MODEL
Andhra Pradesh,East Godavari,28-06-2021,2021,6,5.975730532,IMD GRID MODEL
Andhra Pradesh,East Godavari,30-06-2021,2021,6,1.094835301,IMD GRID MODEL
Andhra Pradesh,East Godavari,05-07-2021,2021,7,8.211026028,IMD GRID MODEL
Andhra Pradesh,East Godavari,09-07-2021,2021,7,0.792943689,IMD GRID MODEL
Andhra Pradesh,East Godavari,26-07-2021,2021,7,6.716759915,IMD GRID MODEL
Andhra Pradesh,East Godavari,07-08-2021,2021,8,2.915339311,IMD GRID MODEL
Andhra Pradesh,East Godavari,08-08-2021,2021,8,9.482867747,IMD GRID MODEL
Andhra Pradesh,East Godavari,09-08-2021,2021,8,3.934956935,IMD GRID MODEL
Andhra Pradesh,East Godavari,10-08-2021,2021,8,4.494258322,IMD GRID MODEL
Andhra Pradesh,East Godavari,11-08-2021,2021,8,4.759848361,IMD GRID MODEL
Andhra Pradesh,East Godavari,15-08-2021,2021,8,27.59097701,IMD GRID MODEL
Andhra Pradesh,East Godavari,19-08-2021,2021,8,7.66034179,IMD GRID MODEL
Andhra Pradesh,East Godavari,23-08-2021,2021,8,2.97432505,IMD GRID MODEL
Andhra Pradesh,East Godavari,24-08-2021,2021,8,2.281968383,IMD GRID MODEL
Andhra Pradesh,East Godavari,28-08-2021,2021,8,5.384794654,IMD GRID MODEL
Andhra Pradesh,East Godavari,07-09-2021,2021,9,76.28747698,IMD GRID MODEL
Andhra Pradesh,East Godavari,08-09-2021,2021,9,6.16958819,IMD GRID MODEL
Andhra Pradesh,East Godavari,26-09-2021,2021,9,5.836531845,IMD GRID MODEL
Andhra Pradesh,East Godavari,12-10-2021,2021,10,0.038278731,IMD GRID MODEL
Andhra Pradesh,East Godavari,13-10-2021,2021,10,1.609437036,IMD GRID MODEL
Andhra Pradesh,East Godavari,14-10-2021,2021,10,4.731796523,IMD GRID MODEL
Andhra Pradesh,East Godavari,22-10-2021,2021,10,0.087675532,IMD GRID MODEL
Andhra Pradesh,East Godavari,25-10-2021,2021,10,0,IMD GRID MODEL
Andhra Pradesh,East Godavari,27-10-2021,2021,10,0,IMD GRID MODEL
Andhra Pradesh,East Godavari,30-10-2021,2021,10,4.127154247,IMD GRID MODEL
Andhra Pradesh,East Godavari,01-11-2021,2021,11,0.178394771,IMD GRID MODEL
Andhra Pradesh,East Godavari,06-11-2021,2021,11,0.841763277,IMD GRID MODEL
Andhra Pradesh,East Godavari,10-11-2021,2021,11,0,IMD GRID MODEL
Andhra Pradesh,East Godavari,13-11-2021,2021,11,20.62147393,IMD GRID MODEL
Andhra Pradesh,East Godavari,15-11-2021,2021,11,4.105539435,IMD GRID MODEL
Andhra Pradesh,East Godavari,21-11-2021,2021,11,1.369613884,IMD GRID MODEL
Andhra Pradesh,East Godavari,22-11-2021,2021,11,0.416165669,IMD GRID MODEL
Andhra Pradesh,East Godavari,24-11-2021,2021,11,3.485894259,IMD GRID MODEL
Andhra Pradesh,East Godavari,27-11-2021,2021,11,0,IMD GRID MODEL
Andhra Pradesh,East Godavari,28-11-2021,2021,11,0,IMD GRID MODEL
Andhra Pradesh,East Godavari,02-12-2021,2021,12,0,IMD GRID MODEL
Andhra Pradesh,East Godavari,03-12-2021,2021,12,0,IMD GRID MODEL
Andhra Pradesh,East Godavari,08-12-2021,2021,12,0,IMD GRID MODEL
Andhra Pradesh,East Godavari,11-12-2021,2021,12,0.167285186,IMD GRID MODEL
Andhra Pradesh,East Godavari,16-12-2021,2021,12,0,IMD GRID MODEL
Andhra Pradesh,East Godavari,28-12-2021,2021,12,0,IMD GRID MODEL
Andhra Pradesh,East Godavari,30-12-2021,2021,12,0.124631425,IMD GRID MODEL
Andhra Pradesh,Guntur,04-01-2021,2021,1,0,IMD GRID MODEL
Andhra Pradesh,Guntur,08-01-2021,2021,1,0,IMD GRID MODEL
Andhra Pradesh,Visakhapatanam,02-02-2021,2021,2,0,IMD GRID MODEL
Andhra Pradesh,Visakhapatanam,12-02-2021,2021,2,0,IMD GRID MODEL
Andhra Pradesh,Visakhapatanam,15-02-2021,2021,2,0,IMD GRID MODEL
Andhra Pradesh,Visakhapatanam,21-02-2021,2021,2,0.079622378,IMD GRID MODEL
Andhra Pradesh,Visakhapatanam,22-02-2021,2021,2,0,IMD GRID MODEL
Andhra Pradesh,Visakhapatanam,26-02-2021,2021,2,0,IMD GRID MODEL
Andhra Pradesh,Visakhapatanam,28-02-2021,2021,2,0,IMD GRID MODEL
Andhra Pradesh,Visakhapatanam,02-03-2021,2021,3,0,IMD GRID MODEL
Andhra Pradesh,Visakhapatanam,06-03-2021,2021,3,0,IMD GRID MODEL
Andhra Pradesh,Visakhapatanam,08-03-2021,2021,3,0,IMD GRID MODEL
Andhra Pradesh,Visakhapatanam,09-03-2021,2021,3,0,IMD GRID MODEL
Andhra Pradesh,Visakhapatanam,13-03-2021,2021,3,0,IMD GRID MODEL
Andhra Pradesh,Visakhapatanam,14-03-2021,2021,3,0.48442714,IMD GRID MODEL
Andhra Pradesh,Visakhapatanam,18-03-2021,2021,3,0.531363677,IMD GRID MODEL
Andhra Pradesh,Visakhapatanam,27-03-2021,2021,3,0.444476687,IMD GRID MODEL
Andhra Pradesh,Visakhapatanam,28-03-2021,2021,3,2.807530366,IMD GRID MODEL
Andhra Pradesh,Visakhapatanam,30-03-2021,2021,3,0,IMD GRID MODEL
Andhra Pradesh,Visakhapatanam,02-04-2021,2021,4,0,IMD GRID MODEL
Andhra Pradesh,Visakhapatanam,11-04-2021,2021,4,0.192830959,IMD GRID MODEL
Andhra Pradesh,Visakhapatanam,14-04-2021,2021,4,2.561416746,IMD GRID MODEL
Andhra Pradesh,Visakhapatanam,17-04-2021,2021,4,1.133036429,IMD GRID MODEL
Andhra Pradesh,Visakhapatanam,23-04-2021,2021,4,0.313593714,IMD GRID MODEL
Andhra Pradesh,Visakhapatanam,24-04-2021,2021,4,5.668307499,IMD GRID MODEL
Andhra Pradesh,Visakhapatanam,28-04-2021,2021,4,3.327617842,IMD GRID MODEL
Andhra Pradesh,Visakhapatanam,30-04-2021,2021,4,0.99332295,IMD GRID MODEL
Andhra Pradesh,Visakhapatanam,03-05-2021,2021,5,1.85815675,IMD GRID MODEL
Andhra Pradesh,Visakhapatanam,17-05-2021,2021,5,4.286097122,IMD GRID MODEL
Andhra Pradesh,Visakhapatanam,22-05-2021,2021,5,8.48555016,IMD GRID MODEL
Andhra Pradesh,Visakhapatanam,23-05-2021,2021,5,13.47394204,IMD GRID MODEL
Andhra Pradesh,Visakhapatanam,25-05-2021,2021,5,0.001296042,IMD GRID MODEL
Andhra Pradesh,Visakhapatanam,29-05-2021,2021,5,0.27264997,IMD GRID MODEL
Andhra Pradesh,Visakhapatanam,08-06-2021,2021,6,1.336630744,IMD GRID MODEL
Andhra Pradesh,Visakhapatanam,12-06-2021,2021,6,1.959149811,IMD GRID MODEL
Andhra Pradesh,Visakhapatanam,15-06-2021,2021,6,3.270652278,IMD GRID MODEL
Andhra Pradesh,Visakhapatanam,25-06-2021,2021,6,5.837795634,IMD GRID MODEL
Andhra Pradesh,Visakhapatanam,28-06-2021,2021,6,4.394535818,IMD GRID MODEL
Andhra Pradesh,Visakhapatanam,01-07-2021,2021,7,1.662730142,IMD GRID MODEL
Andhra Pradesh,Visakhapatanam,04-07-2021,2021,7,5.11255774,IMD GRID MODEL
Andhra Pradesh,Visakhapatanam,11-07-2021,2021,7,13.01812091,IMD GRID MODEL
Andhra Pradesh,Visakhapatanam,09-08-2021,2021,8,6.202425158,IMD GRID MODEL
Andhra Pradesh,Visakhapatanam,19-08-2021,2021,8,10.07051584,IMD GRID MODEL
Andhra Pradesh,Visakhapatanam,24-08-2021,2021,8,0.825839688,IMD GRID MODEL
Andhra Pradesh,Visakhapatanam,29-08-2021,2021,8,7.012867429,IMD GRID MODEL
Andhra Pradesh,Visakhapatanam,02-09-2021,2021,9,6.198834706,IMD GRID MODEL
Andhra Pradesh,Visakhapatanam,03-09-2021,2021,9,1.251505149,IMD GRID MODEL
Andhra Pradesh,Visakhapatanam,23-09-2021,2021,9,8.352123546,IMD GRID MODEL
Andhra Pradesh,Visakhapatanam,30-09-2021,2021,9,7.85987161,IMD GRID MODEL
Andhra Pradesh,Visakhapatanam,01-10-2021,2021,10,0.079735368,IMD GRID MODEL
Andhra Pradesh,Visakhapatanam,05-10-2021,2021,10,3.696700356,IMD GRID MODEL
Andhra Pradesh,Visakhapatanam,08-10-2021,2021,10,0.634035588,IMD GRID MODEL
Andhra Pradesh,Visakhapatanam,09-10-2021,2021,10,0.278381021,IMD GRID MODEL
Andhra Pradesh,Visakhapatanam,11-10-2021,2021,10,2.25230713,IMD GRID MODEL
Andhra Pradesh,Visakhapatanam,15-10-2021,2021,10,3.835359294,IMD GRID MODEL
Andhra Pradesh,Visakhapatanam,20-10-2021,2021,10,3.449743251,IMD GRID MODEL
Andhra Pradesh,Visakhapatanam,22-10-2021,2021,10,1.39386424,IMD GRID MODEL
Andhra Pradesh,Visakhapatanam,24-10-2021,2021,10,0,IMD GRID MODEL
Andhra Pradesh,Visakhapatanam,28-10-2021,2021,10,0,IMD GRID MODEL
Andhra Pradesh,Visakhapatanam,07-11-2021,2021,11,0,IMD GRID MODEL
Andhra Pradesh,Visakhapatanam,09-11-2021,2021,11,0,IMD GRID MODEL
Andhra Pradesh,Visakhapatanam,16-11-2021,2021,11,13.84085022,IMD GRID MODEL
Andhra Pradesh,Visakhapatanam,18-11-2021,2021,11,0.066896926,IMD GRID MODEL
Andhra Pradesh,Visakhapatanam,20-11-2021,2021,11,7.845790175,IMD GRID MODEL
Andhra Pradesh,Visakhapatanam,24-11-2021,2021,11,1.665806675,IMD GRID MODEL
Andhra Pradesh,Visakhapatanam,01-12-2021,2021,12,0.027389817,IMD GRID MODEL
Andhra Pradesh,Visakhapatanam,10-12-2021,2021,12,0.582091896,IMD GRID MODEL
Andhra Pradesh,Visakhapatanam,12-12-2021,2021,12,0.013348844,IMD GRID MODEL
Andhra Pradesh,Visakhapatanam,15-12-2021,2021,12,0.013348844,IMD GRID MODEL
Andhra Pradesh,Visakhapatanam,14-12-2021,2021,12,0,IMD GRID MODEL
Andhra Pradesh,Visakhapatanam,18-12-2021,2021,12,0,IMD GRID MODEL
Andhra Pradesh,Visakhapatanam,20-12-2021,2021,12,0,IMD GRID MODEL
Andhra Pradesh,Visakhapatanam,22-12-2021,2021,12,0,IMD GRID MODEL
Andhra Pradesh,Visakhapatanam,24-12-2021,2021,12,0,IMD GRID MODEL
Andhra Pradesh,Visakhapatanam,25-12-2021,2021,12,0,IMD GRID MODEL
Andhra Pradesh,Visakhapatanam,10-06-2021,2021,6,3.028060403,IMD GRID MODEL
Andhra Pradesh,Vizianagaram,05-01-2021,2021,1,0,IMD GRID MODEL
Andhra Pradesh,Vizianagaram,06-01-2021,2021,1,0,IMD GRID MODEL
Andhra Pradesh,Vizianagaram,07-01-2021,2021,1,0,IMD GRID MODEL
Andhra Pradesh,Vizianagaram,09-01-2021,2021,1,0,IMD GRID MODEL
Andhra Pradesh,Vizianagaram,14-01-2021,2021,1,0,IMD GRID MODEL
Andhra Pradesh,Vizianagaram,20-01-2021,2021,1,0,IMD GRID MODEL
Andhra Pradesh,Vizianagaram,04-02-2021,2021,2,0,IMD GRID MODEL
Andhra Pradesh,Vizianagaram,12-02-2021,2021,2,0,IMD GRID MODEL
Andhra Pradesh,Vizianagaram,13-02-2021,2021,2,0,IMD GRID MODEL
Andhra Pradesh,Vizianagaram,19-02-2021,2021,2,0.031762785,IMD GRID MODEL
Andhra Pradesh,Vizianagaram,20-02-2021,2021,2,0,IMD GRID MODEL
Andhra Pradesh,Vizianagaram,22-02-2021,2021,2,0,IMD GRID MODEL
Andhra Pradesh,Vizianagaram,23-02-2021,2021,2,0,IMD GRID MODEL
Andhra Pradesh,Vizianagaram,06-03-2021,2021,3,0,IMD GRID MODEL
Andhra Pradesh,Vizianagaram,11-03-2021,2021,3,0,IMD GRID MODEL
Andhra Pradesh,Vizianagaram,17-03-2021,2021,3,0,IMD GRID MODEL
Andhra Pradesh,Vizianagaram,25-03-2021,2021,3,0,IMD GRID MODEL
Andhra Pradesh,Vizianagaram,06-04-2021,2021,4,0.361138301,IMD GRID MODEL
Andhra Pradesh,Vizianagaram,07-04-2021,2021,4,0,IMD GRID MODEL
Andhra Pradesh,Vizianagaram,08-04-2021,2021,4,0,IMD GRID MODEL
Andhra Pradesh,Vizianagaram,13-04-2021,2021,4,1.121518288,IMD GRID MODEL
Andhra Pradesh,Vizianagaram,14-04-2021,2021,4,0.174192419,IMD GRID MODEL
Andhra Pradesh,Vizianagaram,17-04-2021,2021,4,0,IMD GRID MODEL
Andhra Pradesh,Vizianagaram,18-04-2021,2021,4,0,IMD GRID MODEL
Andhra Pradesh,Vizianagaram,22-04-2021,2021,4,0.058158475,IMD GRID MODEL
Andhra Pradesh,Vizianagaram,28-04-2021,2021,4,4.311985788,IMD GRID MODEL
Andhra Pradesh,Vizianagaram,06-05-2021,2021,5,13.08729244,IMD GRID MODEL
Andhra Pradesh,Vizianagaram,13-05-2021,2021,5,0,IMD GRID MODEL
Andhra Pradesh,Vizianagaram,17-05-2021,2021,5,0.892555207,IMD GRID MODEL
Andhra Pradesh,Vizianagaram,19-05-2021,2021,5,0,IMD GRID MODEL
Andhra Pradesh,Vizianagaram,24-05-2021,2021,5,0,IMD GRID MODEL
Andhra Pradesh,Vizianagaram,26-05-2021,2021,5,0.001058032,IMD GRID MODEL
Andhra Pradesh,Vizianagaram,29-05-2021,2021,5,1.609129057,IMD GRID MODEL
Andhra Pradesh,Vizianagaram,30-05-2021,2021,5,6.295969121,IMD GRID MODEL
Andhra Pradesh,Vizianagaram,01-06-2021,2021,6,21.35499941,IMD GRID MODEL
Andhra Pradesh,Vizianagaram,21-06-2021,2021,6,0,IMD GRID MODEL
Andhra Pradesh,Vizianagaram,23-06-2021,2021,6,2.391793592,IMD GRID MODEL
Andhra Pradesh,Vizianagaram,25-06-2021,2021,6,7.642656959,IMD GRID MODEL
Andhra Pradesh,Vizianagaram,30-06-2021,2021,6,1.046552206,IMD GRID MODEL
Andhra Pradesh,Vizianagaram,05-07-2021,2021,7,15.7967052,IMD GRID MODEL
Andhra Pradesh,Vizianagaram,10-07-2021,2021,7,8.821168082,IMD GRID MODEL
Andhra Pradesh,Vizianagaram,13-07-2021,2021,7,12.32998684,IMD GRID MODEL
Andhra Pradesh,Vizianagaram,16-07-2021,2021,7,2.127688245,IMD GRID MODEL
Andhra Pradesh,Vizianagaram,27-07-2021,2021,7,1.652026024,IMD GRID MODEL
Andhra Pradesh,Vizianagaram,29-07-2021,2021,7,8.343763438,IMD GRID MODEL
Andhra Pradesh,Vizianagaram,09-08-2021,2021,8,2.469108705,IMD GRID MODEL
Andhra Pradesh,Vizianagaram,10-08-2021,2021,8,5.473929904,IMD GRID MODEL
Andhra Pradesh,Vizianagaram,14-08-2021,2021,8,5.086486476,IMD GRID MODEL
Andhra Pradesh,Vizianagaram,16-08-2021,2021,8,32.89008109,IMD GRID MODEL
Andhra Pradesh,Vizianagaram,19-08-2021,2021,8,8.62102056,IMD GRID MODEL
Andhra Pradesh,Vizianagaram,25-08-2021,2021,8,1.96081486,IMD GRID MODEL
Andhra Pradesh,Vizianagaram,29-08-2021,2021,8,4.698715616,IMD GRID MODEL
Andhra Pradesh,Vizianagaram,31-08-2021,2021,8,19.38726968,IMD GRID MODEL
Andhra Pradesh,Vizianagaram,05-09-2021,2021,9,5.637315712,IMD GRID MODEL
Andhra Pradesh,Vizianagaram,07-09-2021,2021,9,38.2779854,IMD GRID MODEL
Andhra Pradesh,Vizianagaram,09-09-2021,2021,9,0.132923909,IMD GRID MODEL
Andhra Pradesh,Kurnool,08-10-2021,2021,10,2.30108292,IMD GRID MODEL
Andhra Pradesh,Kurnool,09-10-2021,2021,10,31.1351175,IMD GRID MODEL
Andhra Pradesh,Kurnool,14-10-2021,2021,10,0.066395571,IMD GRID MODEL
Andhra Pradesh,Kurnool,22-10-2021,2021,10,4.566523925,IMD GRID MODEL
Andhra Pradesh,Kurnool,27-10-2021,2021,10,0,IMD GRID MODEL
Andhra Pradesh,Kurnool,30-10-2021,2021,10,11.13194846,IMD GRID MODEL
Andhra Pradesh,Kurnool,01-11-2021,2021,11,2.496569759,IMD GRID MODEL
Andhra Pradesh,Kurnool,07-11-2021,2021,11,0,IMD GRID MODEL
Andhra Pradesh,Kurnool,11-11-2021,2021,11,0.354385764,IMD GRID MODEL
Andhra Pradesh,Kurnool,21-11-2021,2021,11,15.55225651,IMD GRID MODEL
Andhra Pradesh,Kurnool,12-12-2021,2021,12,0.004284419,IMD GRID MODEL
Andhra Pradesh,Kurnool,28-12-2021,2021,12,0,IMD GRID MODEL
Andhra Pradesh,Kurnool,30-12-2021,2021,12,0,IMD GRID MODEL
Andhra Pradesh,Prakasam,02-01-2021,2021,1,0,IMD GRID MODEL
Andhra Pradesh,Prakasam,11-01-2021,2021,1,0,IMD GRID MODEL
Andhra Pradesh,Prakasam,15-01-2021,2021,1,0,IMD GRID MODEL
Andhra Pradesh,Prakasam,18-01-2021,2021,1,0,IMD GRID MODEL
Andhra Pradesh,Prakasam,27-01-2021,2021,1,0,IMD GRID MODEL
Andhra Pradesh,Prakasam,29-01-2021,2021,1,0,IMD GRID MODEL
Andhra Pradesh,Prakasam,30-01-2021,2021,1,0,IMD GRID MODEL
Andhra Pradesh,Prakasam,31-01-2021,2021,1,0,IMD GRID MODEL
Andhra Pradesh,Prakasam,09-02-2021,2021,2,0,IMD GRID MODEL
Andhra Pradesh,Prakasam,14-02-2021,2021,2,0,IMD GRID MODEL
Andhra Pradesh,Prakasam,17-02-2021,2021,2,0,IMD GRID MODEL
Andhra Pradesh,Prakasam,19-02-2021,2021,2,0.013840629,IMD GRID MODEL
Andhra Pradesh,Prakasam,28-02-2021,2021,2,0,IMD GRID MODEL
Andhra Pradesh,Prakasam,01-03-2021,2021,3,0,IMD GRID MODEL
Andhra Pradesh,Prakasam,02-03-2021,2021,3,0,IMD GRID MODEL
Andhra Pradesh,Prakasam,23-03-2021,2021,3,0,IMD GRID MODEL
Andhra Pradesh,Prakasam,26-03-2021,2021,3,0,IMD GRID MODEL
Andhra Pradesh,Prakasam,28-03-2021,2021,3,0,IMD GRID MODEL
Andhra Pradesh,Prakasam,04-04-2021,2021,4,0,IMD GRID MODEL
Andhra Pradesh,Prakasam,05-04-2021,2021,4,0.078690332,IMD GRID MODEL
Andhra Pradesh,Prakasam,06-04-2021,2021,4,0,IMD GRID MODEL
Andhra Pradesh,Prakasam,24-04-2021,2021,4,5.464636104,IMD GRID MODEL
Andhra Pradesh,Prakasam,25-04-2021,2021,4,0.005022596,IMD GRID MODEL
Andhra Pradesh,Prakasam,27-04-2021,2021,4,0,IMD GRID MODEL
Andhra Pradesh,Prakasam,29-04-2021,2021,4,1.738445464,IMD GRID MODEL
Andhra Pradesh,Prakasam,03-05-2021,2021,5,0.109321342,IMD GRID MODEL
Andhra Pradesh,Prakasam,09-05-2021,2021,5,0,IMD GRID MODEL
Andhra Pradesh,Prakasam,13-05-2021,2021,5,0.000594172,IMD GRID MODEL
Andhra Pradesh,Prakasam,15-05-2021,2021,5,0.703479751,IMD GRID MODEL
Andhra Pradesh,Prakasam,17-05-2021,2021,5,2.433847137,IMD GRID MODEL
Andhra Pradesh,Prakasam,03-06-2021,2021,6,9.709126538,IMD GRID MODEL
Andhra Pradesh,Prakasam,13-06-2021,2021,6,1.570989935,IMD GRID MODEL
Andhra Pradesh,Prakasam,15-06-2021,2021,6,0,IMD GRID MODEL
Andhra Pradesh,Prakasam,16-06-2021,2021,6,0.016805868,IMD GRID MODEL
Andhra Pradesh,Prakasam,18-06-2021,2021,6,0.596554185,IMD GRID MODEL
Andhra Pradesh,Prakasam,19-06-2021,2021,6,0,IMD GRID MODEL
Andhra Pradesh,Prakasam,20-06-2021,2021,6,0.197465561,IMD GRID MODEL
Andhra Pradesh,Prakasam,30-06-2021,2021,6,1.058241624,IMD GRID MODEL
Andhra Pradesh,Prakasam,01-07-2021,2021,7,0.824852705,IMD GRID MODEL
Andhra Pradesh,Prakasam,02-07-2021,2021,7,3.621395647,IMD GRID MODEL
Andhra Pradesh,Prakasam,13-07-2021,2021,7,0.736484648,IMD GRID MODEL
Andhra Pradesh,Prakasam,15-07-2021,2021,7,15.09586379,IMD GRID MODEL
Andhra Pradesh,Prakasam,19-07-2021,2021,7,1.353318813,IMD GRID MODEL
Andhra Pradesh,Prakasam,20-07-2021,2021,7,2.09691545,IMD GRID MODEL
Andhra Pradesh,Prakasam,25-07-2021,2021,7,0.103078424,IMD GRID MODEL
Andhra Pradesh,Prakasam,26-07-2021,2021,7,1.46256427,IMD GRID MODEL
Andhra Pradesh,Prakasam,30-07-2021,2021,7,0,IMD GRID MODEL
Andhra Pradesh,Prakasam,01-08-2021,2021,8,0.005259282,IMD GRID MODEL
Andhra Pradesh,Prakasam,08-08-2021,2021,8,0.145371122,IMD GRID MODEL
Andhra Pradesh,Prakasam,15-08-2021,2021,8,0.353796162,IMD GRID MODEL
Andhra Pradesh,Prakasam,17-08-2021,2021,8,0.909620825,IMD GRID MODEL
Andhra Pradesh,Prakasam,21-08-2021,2021,8,3.439117643,IMD GRID MODEL
Andhra Pradesh,Prakasam,22-08-2021,2021,8,3.131701882,IMD GRID MODEL
Andhra Pradesh,Prakasam,23-08-2021,2021,8,2.081108728,IMD GRID MODEL
Andhra Pradesh,Prakasam,30-08-2021,2021,8,11.67298093,IMD GRID MODEL
Andhra Pradesh,Prakasam,02-09-2021,2021,9,0.988404875,IMD GRID MODEL
Andhra Pradesh,Prakasam,08-09-2021,2021,9,0.074340882,IMD GRID MODEL
Andhra Pradesh,Prakasam,17-09-2021,2021,9,0,IMD GRID MODEL
Andhra Pradesh,Prakasam,21-09-2021,2021,9,4.470782728,IMD GRID MODEL
Andhra Pradesh,Prakasam,25-09-2021,2021,9,12.26343304,IMD GRID MODEL
Andhra Pradesh,Prakasam,04-10-2021,2021,10,0.324736326,IMD GRID MODEL
Andhra Pradesh,Prakasam,05-10-2021,2021,10,0.580188722,IMD GRID MODEL
Andhra Pradesh,Prakasam,08-10-2021,2021,10,0.272122725,IMD GRID MODEL
Andhra Pradesh,Prakasam,14-10-2021,2021,10,3.767262179,IMD GRID MODEL
Andhra Pradesh,Prakasam,16-10-2021,2021,10,0.115649009,IMD GRID MODEL
Andhra Pradesh,Prakasam,20-10-2021,2021,10,2.152060828,IMD GRID MODEL
Andhra Pradesh,Prakasam,31-10-2021,2021,10,6.78825416,IMD GRID MODEL
Andhra Pradesh,Prakasam,05-12-2021,2021,12,0,IMD GRID MODEL
Andhra Pradesh,Prakasam,07-12-2021,2021,12,0,IMD GRID MODEL
Andhra Pradesh,Prakasam,09-12-2021,2021,12,0.515366852,IMD GRID MODEL
Andhra Pradesh,Prakasam,10-12-2021,2021,12,5.45657519,IMD GRID MODEL
Andhra Pradesh,Prakasam,13-12-2021,2021,12,1.227748984,IMD GRID MODEL
Andhra Pradesh,Prakasam,14-12-2021,2021,12,1.869531182,IMD GRID MODEL
Andhra Pradesh,Prakasam,15-12-2021,2021,12,0.000317513,IMD GRID MODEL
Andhra Pradesh,Prakasam,25-12-2021,2021,12,0,IMD GRID MODEL
Andhra Pradesh,Prakasam,29-12-2021,2021,12,0,IMD GRID MODEL
Andhra Pradesh,SPSR Nellore,09-01-2021,2021,1,6.24559485,IMD GRID MODEL
Andhra Pradesh,SPSR Nellore,13-01-2021,2021,1,0,IMD GRID MODEL
Andhra Pradesh,SPSR Nellore,24-01-2021,2021,1,0,IMD GRID MODEL
Andhra Pradesh,SPSR Nellore,28-01-2021,2021,1,0,IMD GRID MODEL
Andhra Pradesh,SPSR Nellore,31-01-2021,2021,1,0,IMD GRID MODEL
Andhra Pradesh,SPSR Nellore,05-02-2021,2021,2,0,IMD GRID MODEL
Andhra Pradesh,SPSR Nellore,06-02-2021,2021,2,0,IMD GRID MODEL
Andhra Pradesh,SPSR Nellore,14-02-2021,2021,2,0,IMD GRID MODEL
Andhra Pradesh,SPSR Nellore,17-02-2021,2021,2,0,IMD GRID MODEL
Andhra Pradesh,SPSR Nellore,21-02-2021,2021,2,6.765017524,IMD GRID MODEL
Andhra Pradesh,SPSR Nellore,22-02-2021,2021,2,0.875759327,IMD GRID MODEL
Andhra Pradesh,SPSR Nellore,25-02-2021,2021,2,0,IMD GRID MODEL
Andhra Pradesh,Anantapur,01-02-2021,2021,2,0,IMD GRID MODEL
Andhra Pradesh,Anantapur,23-02-2021,2021,2,0.012847261,IMD GRID MODEL
Andhra Pradesh,Anantapur,07-03-2021,2021,3,0,IMD GRID MODEL
Andhra Pradesh,Anantapur,25-04-2021,2021,4,0.140620334,IMD GRID MODEL
Andhra Pradesh,Anantapur,02-05-2021,2021,5,0.006980743,IMD GRID MODEL
Andhra Pradesh,Anantapur,03-06-2021,2021,6,22.86281399,IMD GRID MODEL
Andhra Pradesh,Anantapur,05-06-2021,2021,6,20.13972149,IMD GRID MODEL
Andhra Pradesh,Anantapur,26-08-2021,2021,8,1.727380745,IMD GRID MODEL
Andhra Pradesh,Anantapur,31-08-2021,2021,8,0.657497438,IMD GRID MODEL
Andhra Pradesh,Anantapur,11-09-2021,2021,9,0.005627142,IMD GRID MODEL
Andhra Pradesh,Anantapur,22-09-2021,2021,9,4.283932603,IMD GRID MODEL
Andhra Pradesh,Anantapur,24-10-2021,2021,10,16.93369209,IMD GRID MODEL
Andhra Pradesh,Anantapur,08-11-2021,2021,11,0.417454752,IMD GRID MODEL
Andhra Pradesh,Anantapur,18-11-2021,2021,11,10.63193147,IMD GRID MODEL
Andhra Pradesh,Anantapur,09-12-2021,2021,12,0.002995113,IMD GRID MODEL
Andhra Pradesh,Anantapur,04-01-2021,2021,1,0,IMD GRID MODEL
Andhra Pradesh,Anantapur,02-01-2021,2021,1,0,IMD GRID MODEL
Andhra Pradesh,Anantapur,07-01-2021,2021,1,11.42840835,IMD GRID MODEL
Andhra Pradesh,Anantapur,02-04-2021,2021,4,0,IMD GRID MODEL
Andhra Pradesh,Anantapur,24-06-2021,2021,6,0.172836046,IMD GRID MODEL
Andhra Pradesh,Anantapur,26-06-2021,2021,6,0.015238814,IMD GRID MODEL
Andhra Pradesh,Anantapur,13-04-2021,2021,4,0,IMD GRID MODEL
Andhra Pradesh,Anantapur,16-04-2021,2021,4,0.015129117,IMD GRID MODEL
Andhra Pradesh,Anantapur,21-04-2021,2021,4,1.359265201,IMD GRID MODEL
Andhra Pradesh,Anantapur,04-05-2021,2021,5,0,IMD GRID MODEL
Andhra Pradesh,Anantapur,12-05-2021,2021,5,9.286264591,IMD GRID MODEL
Andhra Pradesh,Anantapur,17-05-2021,2021,5,0.007395252,IMD GRID MODEL
Andhra Pradesh,Anantapur,19-05-2021,2021,5,1.250603723,IMD GRID MODEL
Andhra Pradesh,Anantapur,17-07-2021,2021,7,1.526446315,IMD GRID MODEL
Andhra Pradesh,Anantapur,21-07-2021,2021,7,2.262688217,IMD GRID MODEL
Andhra Pradesh,Anantapur,11-08-2021,2021,8,0.18867079,IMD GRID MODEL
Andhra Pradesh,Anantapur,14-08-2021,2021,8,0.805228763,IMD GRID MODEL
Andhra Pradesh,Anantapur,18-08-2021,2021,8,0.924146403,IMD GRID MODEL
Andhra Pradesh,Anantapur,21-08-2021,2021,8,0,IMD GRID MODEL
Andhra Pradesh,Anantapur,23-08-2021,2021,8,4.542913143,IMD GRID MODEL
Andhra Pradesh,Anantapur,30-08-2021,2021,8,2.097130101,IMD GRID MODEL
Andhra Pradesh,Anantapur,01-09-2021,2021,9,0.511239418,IMD GRID MODEL
Andhra Pradesh,Anantapur,07-09-2021,2021,9,0.810151561,IMD GRID MODEL
Andhra Pradesh,Anantapur,14-09-2021,2021,9,0.308488514,IMD GRID MODEL
Andhra Pradesh,Anantapur,16-09-2021,2021,9,0.062704916,IMD GRID MODEL
Andhra Pradesh,Anantapur,23-05-2021,2021,5,0.875697835,IMD GRID MODEL
Andhra Pradesh,Anantapur,29-05-2021,2021,5,0,IMD GRID MODEL
Andhra Pradesh,Anantapur,13-06-2021,2021,6,0.059409676,IMD GRID MODEL
Andhra Pradesh,Anantapur,21-06-2021,2021,6,0,IMD GRID MODEL
Andhra Pradesh,Anantapur,22-06-2021,2021,6,0.041698664,IMD GRID MODEL
Andhra Pradesh,Anantapur,03-10-2021,2021,10,0.340397669,IMD GRID MODEL
Andhra Pradesh,Anantapur,05-10-2021,2021,10,0.643313279,IMD GRID MODEL
Andhra Pradesh,Anantapur,08-10-2021,2021,10,23.27710378,IMD GRID MODEL
Andhra Pradesh,Anantapur,18-10-2021,2021,10,0.808084331,IMD GRID MODEL
Andhra Pradesh,Anantapur,26-10-2021,2021,10,0,IMD GRID MODEL
Andhra Pradesh,Anantapur,31-10-2021,2021,10,2.098277517,IMD GRID MODEL
Andhra Pradesh,Anantapur,06-11-2021,2021,11,2.272091592,IMD GRID MODEL
Andhra Pradesh,Anantapur,07-11-2021,2021,11,0.223254897,IMD GRID MODEL
Andhra Pradesh,Anantapur,16-11-2021,2021,11,8.150215893,IMD GRID MODEL
Andhra Pradesh,Anantapur,17-11-2021,2021,11,12.65379113,IMD GRID MODEL
Andhra Pradesh,Anantapur,15-01-2021,2021,1,0,IMD GRID MODEL
Andhra Pradesh,Anantapur,05-12-2021,2021,12,0.603717032,IMD GRID MODEL
Andhra Pradesh,Anantapur,13-12-2021,2021,12,0.035245192,IMD GRID MODEL
Andhra Pradesh,Anantapur,14-12-2021,2021,12,0.607790659,IMD GRID MODEL
Andhra Pradesh,Anantapur,16-12-2021,2021,12,0,IMD GRID MODEL
Andhra Pradesh,Anantapur,21-01-2021,2021,1,0,IMD GRID MODEL
Andhra Pradesh,Anantapur,29-01-2021,2021,1,0,IMD GRID MODEL
Andhra Pradesh,Anantapur,04-02-2021,2021,2,0,IMD GRID MODEL
Andhra Pradesh,Anantapur,12-02-2021,2021,2,0,IMD GRID MODEL
Andhra Pradesh,Anantapur,14-02-2021,2021,2,0,IMD GRID MODEL
Andhra Pradesh,Anantapur,02-03-2021,2021,3,0,IMD GRID MODEL
Andhra Pradesh,Anantapur,05-03-2021,2021,3,0,IMD GRID MODEL
Andhra Pradesh,Anantapur,06-03-2021,2021,3,0,IMD GRID MODEL
Andhra Pradesh,Anantapur,13-03-2021,2021,3,0,IMD GRID MODEL
Andhra Pradesh,Anantapur,20-03-2021,2021,3,0,IMD GRID MODEL
Andhra Pradesh,Anantapur,26-03-2021,2021,3,0,IMD GRID MODEL
Andhra Pradesh,Chittoor,15-01-2021,2021,1,1.60E-07,IMD GRID MODEL
Andhra Pradesh,Chittoor,16-01-2021,2021,1,0,IMD GRID MODEL
Andhra Pradesh,Chittoor,18-01-2021,2021,1,0,IMD GRID MODEL
Andhra Pradesh,Chittoor,19-01-2021,2021,1,0,IMD GRID MODEL
Andhra Pradesh,Chittoor,28-01-2021,2021,1,0,IMD GRID MODEL
Andhra Pradesh,Chittoor,29-01-2021,2021,1,0,IMD GRID MODEL
Andhra Pradesh,Chittoor,02-02-2021,2021,2,0,IMD GRID MODEL
Andhra Pradesh,Chittoor,10-02-2021,2021,2,0,IMD GRID MODEL
Andhra Pradesh,Chittoor,14-02-2021,2021,2,0,IMD GRID MODEL
Andhra Pradesh,Chittoor,19-02-2021,2021,2,0.004420491,IMD GRID MODEL
Andhra Pradesh,Chittoor,22-02-2021,2021,2,2.052724433,IMD GRID MODEL
Andhra Pradesh,Chittoor,25-02-2021,2021,2,0,IMD GRID MODEL
Andhra Pradesh,Chittoor,13-03-2021,2021,3,0,IMD GRID MODEL
Andhra Pradesh,Chittoor,27-03-2021,2021,3,0,IMD GRID MODEL
Andhra Pradesh,Chittoor,30-03-2021,2021,3,0,IMD GRID MODEL
Andhra Pradesh,Chittoor,04-04-2021,2021,4,0,IMD GRID MODEL
Andhra Pradesh,Chittoor,07-04-2021,2021,4,0,IMD GRID MODEL
Andhra Pradesh,Chittoor,08-04-2021,2021,4,0,IMD GRID MODEL
Andhra Pradesh,Chittoor,10-04-2021,2021,4,0,IMD GRID MODEL
Andhra Pradesh,Chittoor,16-04-2021,2021,4,0,IMD GRID MODEL
Andhra Pradesh,Chittoor,18-04-2021,2021,4,0,IMD GRID MODEL
Andhra Pradesh,Chittoor,20-04-2021,2021,4,0,IMD GRID MODEL
Andhra Pradesh,Chittoor,04-05-2021,2021,5,0.015820113,IMD GRID MODEL
Andhra Pradesh,Chittoor,06-05-2021,2021,5,0,IMD GRID MODEL
Andhra Pradesh,Anantapur,27-01-2021,2021,1,0,IMD GRID MODEL
Andhra Pradesh,Vizianagaram,13-09-2021,2021,9,17.70161335,IMD GRID MODEL
Andhra Pradesh,Vizianagaram,15-09-2021,2021,9,5.263433035,IMD GRID MODEL
Andhra Pradesh,Vizianagaram,27-09-2021,2021,9,126.101515,IMD GRID MODEL
Andhra Pradesh,Vizianagaram,02-10-2021,2021,10,0.591853823,IMD GRID MODEL
Andhra Pradesh,Vizianagaram,10-10-2021,2021,10,4.594066849,IMD GRID MODEL
Andhra Pradesh,Vizianagaram,16-10-2021,2021,10,21.81936243,IMD GRID MODEL
Andhra Pradesh,Vizianagaram,18-10-2021,2021,10,0.146284754,IMD GRID MODEL
Andhra Pradesh,Vizianagaram,19-10-2021,2021,10,1.271065775,IMD GRID MODEL
Andhra Pradesh,Vizianagaram,22-10-2021,2021,10,4.119428831,IMD GRID MODEL
Andhra Pradesh,Vizianagaram,29-10-2021,2021,10,0,IMD GRID MODEL
Andhra Pradesh,Vizianagaram,30-10-2021,2021,10,27.13114302,IMD GRID MODEL
Andhra Pradesh,Vizianagaram,31-10-2021,2021,10,3.906889953,IMD GRID MODEL
Andhra Pradesh,Vizianagaram,06-11-2021,2021,11,0.092202255,IMD GRID MODEL
Andhra Pradesh,Vizianagaram,12-11-2021,2021,11,17.30170576,IMD GRID MODEL
Andhra Pradesh,Vizianagaram,13-11-2021,2021,11,41.10548073,IMD GRID MODEL
Andhra Pradesh,Vizianagaram,17-11-2021,2021,11,1.872044714,IMD GRID MODEL
Andhra Pradesh,Vizianagaram,30-11-2021,2021,11,0,IMD GRID MODEL
Andhra Pradesh,Vizianagaram,01-12-2021,2021,12,0,IMD GRID MODEL
Andhra Pradesh,Vizianagaram,05-12-2021,2021,12,4.217918933,IMD GRID MODEL
Andhra Pradesh,Vizianagaram,06-12-2021,2021,12,0.013218748,IMD GRID MODEL
Andhra Pradesh,Vizianagaram,11-12-2021,2021,12,0,IMD GRID MODEL
Andhra Pradesh,Vizianagaram,12-12-2021,2021,12,0.382319325,IMD GRID MODEL
Andhra Pradesh,Vizianagaram,13-12-2021,2021,12,0,IMD GRID MODEL
Andhra Pradesh,Vizianagaram,15-12-2021,2021,12,0,IMD GRID MODEL
Andhra Pradesh,Vizianagaram,16-12-2021,2021,12,0,IMD GRID MODEL
Andhra Pradesh,Vizianagaram,21-12-2021,2021,12,0,IMD GRID MODEL
Andhra Pradesh,Vizianagaram,26-12-2021,2021,12,0,IMD GRID MODEL
Andhra Pradesh,Vizianagaram,29-12-2021,2021,12,0,IMD GRID MODEL
Andhra Pradesh,Vizianagaram,30-12-2021,2021,12,1.230983228,IMD GRID MODEL
Andhra Pradesh,Vizianagaram,31-12-2021,2021,12,0,IMD GRID MODEL
Andhra Pradesh,West Godavari,02-01-2021,2021,1,0,IMD GRID MODEL
Andhra Pradesh,West Godavari,05-01-2021,2021,1,0,IMD GRID MODEL
Andhra Pradesh,West Godavari,10-01-2021,2021,1,0,IMD GRID MODEL
Andhra Pradesh,West Godavari,18-01-2021,2021,1,0,IMD GRID MODEL
Andhra Pradesh,West Godavari,30-01-2021,2021,1,0,IMD GRID MODEL
Andhra Pradesh,West Godavari,01-02-2021,2021,2,0.013766773,IMD GRID MODEL
Andhra Pradesh,West Godavari,06-02-2021,2021,2,0,IMD GRID MODEL
Andhra Pradesh,West Godavari,05-03-2021,2021,3,0,IMD GRID MODEL
Andhra Pradesh,West Godavari,07-03-2021,2021,3,0,IMD GRID MODEL
Andhra Pradesh,West Godavari,11-03-2021,2021,3,0,IMD GRID MODEL
Andhra Pradesh,West Godavari,10-03-2021,2021,3,0,IMD GRID MODEL
Andhra Pradesh,West Godavari,20-03-2021,2021,3,0,IMD GRID MODEL
Andhra Pradesh,West Godavari,25-03-2021,2021,3,0,IMD GRID MODEL
Andhra Pradesh,West Godavari,01-04-2021,2021,4,0,IMD GRID MODEL
Andhra Pradesh,West Godavari,13-04-2021,2021,4,2.599953094,IMD GRID MODEL
Andhra Pradesh,West Godavari,17-04-2021,2021,4,1.806847264,IMD GRID MODEL
Andhra Pradesh,West Godavari,23-04-2021,2021,4,2.408224824,IMD GRID MODEL
Andhra Pradesh,West Godavari,24-04-2021,2021,4,2.796864545,IMD GRID MODEL
Andhra Pradesh,West Godavari,25-04-2021,2021,4,0.061073961,IMD GRID MODEL
Andhra Pradesh,West Godavari,29-04-2021,2021,4,0.706077873,IMD GRID MODEL
Andhra Pradesh,West Godavari,02-05-2021,2021,5,0,IMD GRID MODEL
Andhra Pradesh,West Godavari,05-05-2021,2021,5,0.306611116,IMD GRID MODEL
Andhra Pradesh,West Godavari,07-05-2021,2021,5,0.162028729,IMD GRID MODEL
Andhra Pradesh,West Godavari,09-05-2021,2021,5,0.46482589,IMD GRID MODEL
Andhra Pradesh,West Godavari,20-05-2021,2021,5,0.154361017,IMD GRID MODEL
Andhra Pradesh,West Godavari,24-05-2021,2021,5,0.190143239,IMD GRID MODEL
Andhra Pradesh,West Godavari,01-06-2021,2021,6,2.680584837,IMD GRID MODEL
Andhra Pradesh,West Godavari,04-06-2021,2021,6,7.914467695,IMD GRID MODEL
Andhra Pradesh,West Godavari,09-06-2021,2021,6,0,IMD GRID MODEL
Andhra Pradesh,West Godavari,11-06-2021,2021,6,11.94807293,IMD GRID MODEL
Andhra Pradesh,West Godavari,21-06-2021,2021,6,0.011865942,IMD GRID MODEL
Andhra Pradesh,West Godavari,25-06-2021,2021,6,0.767018008,IMD GRID MODEL
Andhra Pradesh,West Godavari,26-06-2021,2021,6,0.144276946,IMD GRID MODEL
Andhra Pradesh,West Godavari,27-06-2021,2021,6,8.211980307,IMD GRID MODEL
Andhra Pradesh,West Godavari,02-07-2021,2021,7,24.14566784,IMD GRID MODEL
Andhra Pradesh,West Godavari,05-07-2021,2021,7,6.999571607,IMD GRID MODEL
Andhra Pradesh,West Godavari,13-07-2021,2021,7,38.75376023,IMD GRID MODEL
Andhra Pradesh,West Godavari,14-07-2021,2021,7,12.12644672,IMD GRID MODEL
Andhra Pradesh,West Godavari,02-08-2021,2021,8,0.941987973,IMD GRID MODEL
Andhra Pradesh,West Godavari,06-08-2021,2021,8,1.357349245,IMD GRID MODEL
Andhra Pradesh,West Godavari,09-08-2021,2021,8,5.844997759,IMD GRID MODEL
Andhra Pradesh,West Godavari,13-08-2021,2021,8,3.249331841,IMD GRID MODEL
Andhra Pradesh,West Godavari,28-08-2021,2021,8,0.882155684,IMD GRID MODEL
Andhra Pradesh,West Godavari,31-08-2021,2021,8,15.08983192,IMD GRID MODEL
Andhra Pradesh,West Godavari,05-09-2021,2021,9,25.74705023,IMD GRID MODEL
Andhra Pradesh,West Godavari,09-09-2021,2021,9,3.906135193,IMD GRID MODEL
Andhra Pradesh,West Godavari,11-09-2021,2021,9,5.194079336,IMD GRID MODEL
Andhra Pradesh,West Godavari,13-09-2021,2021,9,2.288407227,IMD GRID MODEL
Andhra Pradesh,West Godavari,16-09-2021,2021,9,0,IMD GRID MODEL
Andhra Pradesh,West Godavari,17-09-2021,2021,9,0,IMD GRID MODEL
Andhra Pradesh,West Godavari,18-09-2021,2021,9,5.421128412,IMD GRID MODEL
Andhra Pradesh,West Godavari,03-10-2021,2021,10,3.636505008,IMD GRID MODEL
Andhra Pradesh,West Godavari,04-10-2021,2021,10,1.028308307,IMD GRID MODEL
Andhra Pradesh,West Godavari,05-10-2021,2021,10,0.819299253,IMD GRID MODEL
Andhra Pradesh,West Godavari,07-10-2021,2021,10,5.178436783,IMD GRID MODEL
Andhra Pradesh,West Godavari,08-10-2021,2021,10,1.879330637,IMD GRID MODEL
Andhra Pradesh,Guntur,12-01-2021,2021,1,0,IMD GRID MODEL
Andhra Pradesh,Guntur,16-01-2021,2021,1,0,IMD GRID MODEL
Andhra Pradesh,Guntur,19-01-2021,2021,1,0,IMD GRID MODEL
Andhra Pradesh,Guntur,25-01-2021,2021,1,0,IMD GRID MODEL
Andhra Pradesh,Guntur,30-01-2021,2021,1,0,IMD GRID MODEL
Andhra Pradesh,Guntur,31-01-2021,2021,1,0,IMD GRID MODEL
Andhra Pradesh,Guntur,04-02-2021,2021,2,0,IMD GRID MODEL
Andhra Pradesh,Guntur,12-02-2021,2021,2,0,IMD GRID MODEL
Andhra Pradesh,Guntur,15-02-2021,2021,2,0,IMD GRID MODEL
Andhra Pradesh,Guntur,19-02-2021,2021,2,0,IMD GRID MODEL
Andhra Pradesh,Guntur,21-02-2021,2021,2,0.639903204,IMD GRID MODEL
Andhra Pradesh,Guntur,24-02-2021,2021,2,0,IMD GRID MODEL
Andhra Pradesh,Guntur,01-03-2021,2021,3,0,IMD GRID MODEL
Andhra Pradesh,Guntur,15-03-2021,2021,3,0,IMD GRID MODEL
Andhra Pradesh,Guntur,16-03-2021,2021,3,0,IMD GRID MODEL
Andhra Pradesh,Guntur,18-03-2021,2021,3,0,IMD GRID MODEL
Andhra Pradesh,Guntur,25-03-2021,2021,3,0,IMD GRID MODEL
Andhra Pradesh,Guntur,01-04-2021,2021,4,0,IMD GRID MODEL
Andhra Pradesh,Guntur,31-03-2021,2021,3,0,IMD GRID MODEL
Andhra Pradesh,Guntur,06-04-2021,2021,4,0,IMD GRID MODEL
Andhra Pradesh,Guntur,07-04-2021,2021,4,0,IMD GRID MODEL
Andhra Pradesh,Guntur,10-04-2021,2021,4,0,IMD GRID MODEL
Andhra Pradesh,Guntur,14-04-2021,2021,4,0,IMD GRID MODEL
Andhra Pradesh,Guntur,03-05-2021,2021,5,0.06805618,IMD GRID MODEL
Andhra Pradesh,Guntur,07-05-2021,2021,5,0.514088182,IMD GRID MODEL
Andhra Pradesh,Guntur,09-05-2021,2021,5,0,IMD GRID MODEL
Andhra Pradesh,Guntur,20-05-2021,2021,5,4.267301209,IMD GRID MODEL
Andhra Pradesh,Guntur,22-05-2021,2021,5,18.68619638,IMD GRID MODEL
Andhra Pradesh,Guntur,28-05-2021,2021,5,0,IMD GRID MODEL
Andhra Pradesh,Guntur,03-06-2021,2021,6,9.849540115,IMD GRID MODEL
Andhra Pradesh,Guntur,07-06-2021,2021,6,2.6473622,IMD GRID MODEL
Andhra Pradesh,Guntur,13-06-2021,2021,6,12.53929943,IMD GRID MODEL
Andhra Pradesh,Guntur,20-06-2021,2021,6,0.859711595,IMD GRID MODEL
Andhra Pradesh,Guntur,25-06-2021,2021,6,1.926054277,IMD GRID MODEL
Andhra Pradesh,Guntur,26-06-2021,2021,6,0.747895785,IMD GRID MODEL
Andhra Pradesh,Guntur,29-06-2021,2021,6,1.574082437,IMD GRID MODEL
Andhra Pradesh,Guntur,30-06-2021,2021,6,0.778055192,IMD GRID MODEL
Andhra Pradesh,Guntur,03-07-2021,2021,7,3.952213351,IMD GRID MODEL
Andhra Pradesh,Guntur,12-07-2021,2021,7,3.075299627,IMD GRID MODEL
Andhra Pradesh,Guntur,13-07-2021,2021,7,2.246097576,IMD GRID MODEL
Andhra Pradesh,Guntur,17-07-2021,2021,7,14.9244379,IMD GRID MODEL
Andhra Pradesh,Guntur,20-07-2021,2021,7,0.421315454,IMD GRID MODEL
Andhra Pradesh,Guntur,26-07-2021,2021,7,2.339700638,IMD GRID MODEL
Andhra Pradesh,Guntur,29-07-2021,2021,7,0.000677779,IMD GRID MODEL
Andhra Pradesh,Guntur,30-07-2021,2021,7,0,IMD GRID MODEL
Andhra Pradesh,Guntur,03-08-2021,2021,8,0,IMD GRID MODEL
Andhra Pradesh,Guntur,06-08-2021,2021,8,0.12793594,IMD GRID MODEL
Andhra Pradesh,Guntur,07-08-2021,2021,8,0.012405797,IMD GRID MODEL
Andhra Pradesh,Guntur,13-08-2021,2021,8,28.33293295,IMD GRID MODEL
Andhra Pradesh,Guntur,14-08-2021,2021,8,7.318051168,IMD GRID MODEL
Andhra Pradesh,Guntur,15-08-2021,2021,8,7.456967514,IMD GRID MODEL
Andhra Pradesh,Guntur,17-08-2021,2021,8,5.247312219,IMD GRID MODEL
Andhra Pradesh,Guntur,27-08-2021,2021,8,4.232052945,IMD GRID MODEL
Andhra Pradesh,Guntur,30-08-2021,2021,8,38.45538042,IMD GRID MODEL
Andhra Pradesh,Guntur,31-08-2021,2021,8,6.592146763,IMD GRID MODEL
Andhra Pradesh,Guntur,03-09-2021,2021,9,12.98896022,IMD GRID MODEL
Andhra Pradesh,Guntur,04-09-2021,2021,9,5.290743597,IMD GRID MODEL
Andhra Pradesh,Guntur,08-09-2021,2021,9,0.012546157,IMD GRID MODEL
Andhra Pradesh,Guntur,13-09-2021,2021,9,1.033111498,IMD GRID MODEL
Andhra Pradesh,Guntur,16-09-2021,2021,9,0.026513916,IMD GRID MODEL
Andhra Pradesh,Guntur,19-09-2021,2021,9,7.135405042,IMD GRID MODEL
Andhra Pradesh,Guntur,26-09-2021,2021,9,25.42338989,IMD GRID MODEL
Andhra Pradesh,Guntur,02-10-2021,2021,10,0.800925284,IMD GRID MODEL
Andhra Pradesh,Guntur,03-10-2021,2021,10,0.081980479,IMD GRID MODEL
Andhra Pradesh,Guntur,08-10-2021,2021,10,1.495075925,IMD GRID MODEL
Andhra Pradesh,Guntur,12-10-2021,2021,10,0,IMD GRID MODEL
Andhra Pradesh,Guntur,13-10-2021,2021,10,0.841333347,IMD GRID MODEL
Andhra Pradesh,Guntur,23-10-2021,2021,10,0.196592325,IMD GRID MODEL
Andhra Pradesh,Guntur,28-10-2021,2021,10,0,IMD GRID MODEL
Andhra Pradesh,Guntur,10-11-2021,2021,11,0,IMD GRID MODEL
Andhra Pradesh,Guntur,18-11-2021,2021,11,1.834832662,IMD GRID MODEL
Andhra Pradesh,Guntur,22-11-2021,2021,11,12.99665276,IMD GRID MODEL
Andhra Pradesh,Guntur,24-11-2021,2021,11,2.539912539,IMD GRID MODEL
Andhra Pradesh,Guntur,06-12-2021,2021,12,0,IMD GRID MODEL
Andhra Pradesh,Guntur,09-12-2021,2021,12,0,IMD GRID MODEL
Andhra Pradesh,Guntur,17-12-2021,2021,12,0,IMD GRID MODEL
Andhra Pradesh,Guntur,23-12-2021,2021,12,0,IMD GRID MODEL
Andhra Pradesh,Krishna,06-01-2021,2021,1,0,IMD GRID MODEL
Andhra Pradesh,Krishna,11-01-2021,2021,1,0,IMD GRID MODEL
Andhra Pradesh,Krishna,13-01-2021,2021,1,0,IMD GRID MODEL
Andhra Pradesh,Krishna,16-01-2021,2021,1,0,IMD GRID MODEL
Andhra Pradesh,Krishna,23-01-2021,2021,1,0,IMD GRID MODEL
Andhra Pradesh,Krishna,26-01-2021,2021,1,0,IMD GRID MODEL
Andhra Pradesh,Krishna,27-01-2021,2021,1,0,IMD GRID MODEL
Andhra Pradesh,Krishna,31-01-2021,2021,1,0,IMD GRID MODEL
Andhra Pradesh,Krishna,05-02-2021,2021,2,0,IMD GRID MODEL
Andhra Pradesh,West Godavari,20-10-2021,2021,10,0,IMD GRID MODEL
Andhra Pradesh,West Godavari,26-10-2021,2021,10,0.036575011,IMD GRID MODEL
Andhra Pradesh,West Godavari,29-10-2021,2021,10,2.4194778,IMD GRID MODEL
Andhra Pradesh,West Godavari,10-11-2021,2021,11,0,IMD GRID MODEL
Andhra Pradesh,West Godavari,11-11-2021,2021,11,4.127952759,IMD GRID MODEL
Andhra Pradesh,West Godavari,15-11-2021,2021,11,2.143548988,IMD GRID MODEL
Andhra Pradesh,West Godavari,20-11-2021,2021,11,25.37320583,IMD GRID MODEL
Andhra Pradesh,West Godavari,17-12-2021,2021,12,0,IMD GRID MODEL
Andhra Pradesh,West Godavari,18-12-2021,2021,12,0,IMD GRID MODEL
Andhra Pradesh,West Godavari,21-12-2021,2021,12,0,IMD GRID MODEL
Andhra Pradesh,West Godavari,23-12-2021,2021,12,0,IMD GRID MODEL
Andhra Pradesh,West Godavari,25-12-2021,2021,12,0,IMD GRID MODEL
Andhra Pradesh,West Godavari,26-12-2021,2021,12,0,IMD GRID MODEL
Andhra Pradesh,West Godavari,31-12-2021,2021,12,0.001748298,IMD GRID MODEL
Andhra Pradesh,Y.S.R.,03-01-2021,2021,1,0,IMD GRID MODEL
Andhra Pradesh,Y.S.R.,17-01-2021,2021,1,0,IMD GRID MODEL
Andhra Pradesh,Y.S.R.,03-02-2021,2021,2,0,IMD GRID MODEL
Andhra Pradesh,Y.S.R.,10-02-2021,2021,2,0,IMD GRID MODEL
Andhra Pradesh,Y.S.R.,14-02-2021,2021,2,0,IMD GRID MODEL
Andhra Pradesh,Y.S.R.,18-02-2021,2021,2,0,IMD GRID MODEL
Andhra Pradesh,Y.S.R.,20-02-2021,2021,2,8.665288521,IMD GRID MODEL
Andhra Pradesh,Y.S.R.,28-02-2021,2021,2,0,IMD GRID MODEL
Andhra Pradesh,Y.S.R.,01-03-2021,2021,3,0,IMD GRID MODEL
Andhra Pradesh,Y.S.R.,03-03-2021,2021,3,0,IMD GRID MODEL
Andhra Pradesh,Y.S.R.,04-03-2021,2021,3,0,IMD GRID MODEL
Andhra Pradesh,Y.S.R.,05-03-2021,2021,3,0,IMD GRID MODEL
Andhra Pradesh,Y.S.R.,16-03-2021,2021,3,0,IMD GRID MODEL
Andhra Pradesh,Y.S.R.,19-03-2021,2021,3,0,IMD GRID MODEL
Andhra Pradesh,Y.S.R.,20-03-2021,2021,3,0,IMD GRID MODEL
Andhra Pradesh,Y.S.R.,26-03-2021,2021,3,0,IMD GRID MODEL
Andhra Pradesh,Y.S.R.,31-03-2021,2021,3,0,IMD GRID MODEL
Andhra Pradesh,Y.S.R.,11-04-2021,2021,4,0,IMD GRID MODEL
Andhra Pradesh,Y.S.R.,13-04-2021,2021,4,0.00647065,IMD GRID MODEL
Andhra Pradesh,Y.S.R.,24-04-2021,2021,4,2.342503336,IMD GRID MODEL
Andhra Pradesh,Y.S.R.,02-05-2021,2021,5,0,IMD GRID MODEL
Andhra Pradesh,Y.S.R.,04-05-2021,2021,5,0,IMD GRID MODEL
Andhra Pradesh,Y.S.R.,09-05-2021,2021,5,0,IMD GRID MODEL
Andhra Pradesh,Y.S.R.,11-05-2021,2021,5,0,IMD GRID MODEL
Andhra Pradesh,Y.S.R.,16-05-2021,2021,5,0,IMD GRID MODEL
Andhra Pradesh,Y.S.R.,24-05-2021,2021,5,1.157719175,IMD GRID MODEL
Andhra Pradesh,Y.S.R.,25-05-2021,2021,5,0,IMD GRID MODEL
Andhra Pradesh,Y.S.R.,01-06-2021,2021,6,0.449147793,IMD GRID MODEL
Andhra Pradesh,Y.S.R.,06-06-2021,2021,6,28.35338637,IMD GRID MODEL
Andhra Pradesh,Y.S.R.,07-06-2021,2021,6,0.963307014,IMD GRID MODEL
Andhra Pradesh,Y.S.R.,08-06-2021,2021,6,0,IMD GRID MODEL
Andhra Pradesh,Y.S.R.,11-06-2021,2021,6,0,IMD GRID MODEL
Andhra Pradesh,Y.S.R.,18-06-2021,2021,6,0.417715346,IMD GRID MODEL
Andhra Pradesh,Y.S.R.,22-06-2021,2021,6,0.012650786,IMD GRID MODEL
Andhra Pradesh,Y.S.R.,25-06-2021,2021,6,0.01793787,IMD GRID MODEL
Andhra Pradesh,Y.S.R.,26-06-2021,2021,6,0.666940929,IMD GRID MODEL
Andhra Pradesh,Y.S.R.,27-06-2021,2021,6,0.56371458,IMD GRID MODEL
Andhra Pradesh,Y.S.R.,29-06-2021,2021,6,1.119915942,IMD GRID MODEL
Andhra Pradesh,Y.S.R.,06-07-2021,2021,7,1.27969523,IMD GRID MODEL
Andhra Pradesh,Y.S.R.,10-07-2021,2021,7,4.40567089,IMD GRID MODEL
Andhra Pradesh,Y.S.R.,28-07-2021,2021,7,0.04291654,IMD GRID MODEL
Andhra Pradesh,Y.S.R.,30-07-2021,2021,7,0.000208331,IMD GRID MODEL
Andhra Pradesh,Y.S.R.,01-08-2021,2021,8,0.001985038,IMD GRID MODEL
Andhra Pradesh,Y.S.R.,04-08-2021,2021,8,0.1884776,IMD GRID MODEL
Andhra Pradesh,Y.S.R.,06-08-2021,2021,8,1.895975627,IMD GRID MODEL
Andhra Pradesh,Y.S.R.,07-08-2021,2021,8,1.075912725,IMD GRID MODEL
Andhra Pradesh,Y.S.R.,08-08-2021,2021,8,0.072373745,IMD GRID MODEL
Andhra Pradesh,Y.S.R.,09-08-2021,2021,8,0.401327656,IMD GRID MODEL
Andhra Pradesh,Y.S.R.,12-08-2021,2021,8,0.063169362,IMD GRID MODEL
Andhra Pradesh,Y.S.R.,23-08-2021,2021,8,1.583495916,IMD GRID MODEL
Andhra Pradesh,Y.S.R.,25-08-2021,2021,8,7.795373106,IMD GRID MODEL
Andhra Pradesh,Y.S.R.,26-08-2021,2021,8,1.78520986,IMD GRID MODEL
Andhra Pradesh,Y.S.R.,30-08-2021,2021,8,0.722910415,IMD GRID MODEL
Andhra Pradesh,Y.S.R.,02-09-2021,2021,9,14.01259486,IMD GRID MODEL
Andhra Pradesh,Y.S.R.,07-09-2021,2021,9,0.188878922,IMD GRID MODEL
Andhra Pradesh,Y.S.R.,10-09-2021,2021,9,0,IMD GRID MODEL
Andhra Pradesh,Y.S.R.,11-09-2021,2021,9,0,IMD GRID MODEL
Andhra Pradesh,Y.S.R.,13-09-2021,2021,9,0.00366408,IMD GRID MODEL
Andhra Pradesh,Y.S.R.,15-09-2021,2021,9,0,IMD GRID MODEL
Andhra Pradesh,Y.S.R.,23-09-2021,2021,9,0.275025096,IMD GRID MODEL
Andhra Pradesh,Y.S.R.,25-09-2021,2021,9,0.374426371,IMD GRID MODEL
Andhra Pradesh,Y.S.R.,29-09-2021,2021,9,2.329368099,IMD GRID MODEL
Andhra Pradesh,Y.S.R.,30-09-2021,2021,9,12.5422329,IMD GRID MODEL
Andhra Pradesh,Y.S.R.,08-10-2021,2021,10,11.18875416,IMD GRID MODEL
Andhra Pradesh,Y.S.R.,11-10-2021,2021,10,1.263412406,IMD GRID MODEL
Andhra Pradesh,Y.S.R.,12-10-2021,2021,10,1.565365782,IMD GRID MODEL
Andhra Pradesh,Y.S.R.,14-10-2021,2021,10,0.990972153,IMD GRID MODEL
Andhra Pradesh,Y.S.R.,18-10-2021,2021,10,2.54137214,IMD GRID MODEL
Andhra Pradesh,Y.S.R.,25-10-2021,2021,10,8.057612072,IMD GRID MODEL
Andhra Pradesh,Y.S.R.,31-10-2021,2021,10,7.108492164,IMD GRID MODEL
Andhra Pradesh,Y.S.R.,04-11-2021,2021,11,8.809413023,IMD GRID MODEL
Andhra Pradesh,Y.S.R.,11-11-2021,2021,11,13.83948938,IMD GRID MODEL
Andhra Pradesh,Y.S.R.,13-11-2021,2021,11,24.41525572,IMD GRID MODEL
Andhra Pradesh,Y.S.R.,15-11-2021,2021,11,7.814676603,IMD GRID MODEL
Andhra Pradesh,Y.S.R.,23-11-2021,2021,11,1.706282586,IMD GRID MODEL
Andhra Pradesh,Y.S.R.,25-11-2021,2021,11,6.750006134,IMD GRID MODEL
Andhra Pradesh,Y.S.R.,01-12-2021,2021,12,8.466071258,IMD GRID MODEL
Andhra Pradesh,Y.S.R.,03-12-2021,2021,12,0,IMD GRID MODEL
Andhra Pradesh,Y.S.R.,04-12-2021,2021,12,0,IMD GRID MODEL
Andhra Pradesh,Y.S.R.,23-12-2021,2021,12,0,IMD GRID MODEL
Andhra Pradesh,Y.S.R.,26-12-2021,2021,12,0,IMD GRID MODEL
Andhra Pradesh,Y.S.R.,29-12-2021,2021,12,0,IMD GRID MODEL
Andhra Pradesh,Y.S.R.,30-12-2021,2021,12,0,IMD GRID MODEL
Andhra Pradesh,East Godavari,19-07-2021,2021,7,4.622962827,IMD GRID MODEL
Andhra Pradesh,East Godavari,21-07-2021,2021,7,20.16195023,IMD GRID MODEL
Andhra Pradesh,East Godavari,28-07-2021,2021,7,1.450462787,IMD GRID MODEL
Andhra Pradesh,East Godavari,01-08-2021,2021,8,1.266796928,IMD GRID MODEL
Andhra Pradesh,East Godavari,13-08-2021,2021,8,5.769854507,IMD GRID MODEL
Andhra Pradesh,East Godavari,14-08-2021,2021,8,28.15773019,IMD GRID MODEL
Andhra Pradesh,East Godavari,20-08-2021,2021,8,24.54423433,IMD GRID MODEL
Andhra Pradesh,East Godavari,22-08-2021,2021,8,11.48949684,IMD GRID MODEL
Andhra Pradesh,East Godavari,30-08-2021,2021,8,2.191902554,IMD GRID MODEL
Andhra Pradesh,East Godavari,02-09-2021,2021,9,3.837143473,IMD GRID MODEL
Andhra Pradesh,East Godavari,03-09-2021,2021,9,4.707179239,IMD GRID MODEL
Andhra Pradesh,East Godavari,13-09-2021,2021,9,5.572651436,IMD GRID MODEL
Andhra Pradesh,East Godavari,14-09-2021,2021,9,2.162737429,IMD GRID MODEL
Andhra Pradesh,East Godavari,17-09-2021,2021,9,0.674182333,IMD GRID MODEL
Andhra Pradesh,East Godavari,21-09-2021,2021,9,2.463745198,IMD GRID MODEL
Andhra Pradesh,East Godavari,24-09-2021,2021,9,1.663730641,IMD GRID MODEL
Andhra Pradesh,East Godavari,30-09-2021,2021,9,3.094123882,IMD GRID MODEL
Andhra Pradesh,East Godavari,08-10-2021,2021,10,1.343161081,IMD GRID MODEL
Andhra Pradesh,East Godavari,11-10-2021,2021,10,4.535376051,IMD GRID MODEL
Andhra Pradesh,East Godavari,15-10-2021,2021,10,1.09068279,IMD GRID MODEL
Andhra Pradesh,East Godavari,19-10-2021,2021,10,2.992356144,IMD GRID MODEL
Andhra Pradesh,East Godavari,23-10-2021,2021,10,3.839409926,IMD GRID MODEL
Andhra Pradesh,East Godavari,21-10-2021,2021,10,0,IMD GRID MODEL
Andhra Pradesh,East Godavari,26-10-2021,2021,10,0.094207047,IMD GRID MODEL
Andhra Pradesh,East Godavari,02-11-2021,2021,11,15.37125892,IMD GRID MODEL
Andhra Pradesh,East Godavari,05-11-2021,2021,11,1.717491591,IMD GRID MODEL
Andhra Pradesh,East Godavari,07-11-2021,2021,11,0,IMD GRID MODEL
Andhra Pradesh,East Godavari,17-11-2021,2021,11,1.241697422,IMD GRID MODEL
Andhra Pradesh,East Godavari,26-11-2021,2021,11,0,IMD GRID MODEL
Andhra Pradesh,East Godavari,01-12-2021,2021,12,0,IMD GRID MODEL
Andhra Pradesh,East Godavari,04-12-2021,2021,12,0.225080739,IMD GRID MODEL
Andhra Pradesh,East Godavari,19-12-2021,2021,12,0,IMD GRID MODEL
Andhra Pradesh,East Godavari,23-12-2021,2021,12,0,IMD GRID MODEL
Andhra Pradesh,East Godavari,24-12-2021,2021,12,0,IMD GRID MODEL
Andhra Pradesh,East Godavari,26-12-2021,2021,12,0,IMD GRID MODEL
Andhra Pradesh,Guntur,01-01-2021,2021,1,0,IMD GRID MODEL
Andhra Pradesh,Guntur,02-01-2021,2021,1,0,IMD GRID MODEL
Andhra Pradesh,Guntur,03-01-2021,2021,1,0,IMD GRID MODEL
Andhra Pradesh,Guntur,09-01-2021,2021,1,0,IMD GRID MODEL
Andhra Pradesh,Guntur,13-01-2021,2021,1,0,IMD GRID MODEL
Andhra Pradesh,Guntur,23-01-2021,2021,1,0,IMD GRID MODEL
Andhra Pradesh,Guntur,24-01-2021,2021,1,0,IMD GRID MODEL
Andhra Pradesh,Guntur,01-02-2021,2021,2,0,IMD GRID MODEL
Andhra Pradesh,Guntur,03-02-2021,2021,2,0,IMD GRID MODEL
Andhra Pradesh,Guntur,07-02-2021,2021,2,0,IMD GRID MODEL
Andhra Pradesh,Guntur,11-02-2021,2021,2,0,IMD GRID MODEL
Andhra Pradesh,Guntur,13-02-2021,2021,2,0,IMD GRID MODEL
Andhra Pradesh,Guntur,26-02-2021,2021,2,0,IMD GRID MODEL
Andhra Pradesh,Guntur,05-03-2021,2021,3,0,IMD GRID MODEL
Andhra Pradesh,Guntur,04-03-2021,2021,3,0,IMD GRID MODEL
Andhra Pradesh,Guntur,07-03-2021,2021,3,0,IMD GRID MODEL
Andhra Pradesh,Guntur,12-03-2021,2021,3,0,IMD GRID MODEL
Andhra Pradesh,Guntur,17-03-2021,2021,3,0,IMD GRID MODEL
Andhra Pradesh,Guntur,19-03-2021,2021,3,0,IMD GRID MODEL
Andhra Pradesh,Guntur,22-03-2021,2021,3,0,IMD GRID MODEL
Andhra Pradesh,Guntur,27-03-2021,2021,3,0,IMD GRID MODEL
Andhra Pradesh,Guntur,29-03-2021,2021,3,0,IMD GRID MODEL
Andhra Pradesh,Guntur,02-04-2021,2021,4,0,IMD GRID MODEL
Andhra Pradesh,Guntur,08-04-2021,2021,4,0,IMD GRID MODEL
Andhra Pradesh,Guntur,13-04-2021,2021,4,0.009433975,IMD GRID MODEL
Andhra Pradesh,Guntur,21-04-2021,2021,4,0,IMD GRID MODEL
Andhra Pradesh,Guntur,22-04-2021,2021,4,0.484057224,IMD GRID MODEL
Andhra Pradesh,Guntur,24-04-2021,2021,4,4.286215555,IMD GRID MODEL
Andhra Pradesh,Guntur,28-04-2021,2021,4,0.246743154,IMD GRID MODEL
Andhra Pradesh,Guntur,01-05-2021,2021,5,0.055876487,IMD GRID MODEL
Andhra Pradesh,Guntur,05-05-2021,2021,5,0.100533756,IMD GRID MODEL
Andhra Pradesh,Guntur,11-05-2021,2021,5,0,IMD GRID MODEL
Andhra Pradesh,Guntur,12-05-2021,2021,5,14.77357462,IMD GRID MODEL
Andhra Pradesh,Guntur,15-05-2021,2021,5,0.421024946,IMD GRID MODEL
Andhra Pradesh,Guntur,16-05-2021,2021,5,2.8393474,IMD GRID MODEL
Andhra Pradesh,Guntur,18-05-2021,2021,5,1.419024621,IMD GRID MODEL
Andhra Pradesh,Guntur,21-05-2021,2021,5,4.558507449,IMD GRID MODEL
Andhra Pradesh,Guntur,27-05-2021,2021,5,0,IMD GRID MODEL
Andhra Pradesh,Guntur,29-05-2021,2021,5,0.623638258,IMD GRID MODEL
Andhra Pradesh,Guntur,01-06-2021,2021,6,0.384033684,IMD GRID MODEL
Andhra Pradesh,Guntur,02-06-2021,2021,6,0.049927542,IMD GRID MODEL
Andhra Pradesh,Guntur,04-06-2021,2021,6,3.677279204,IMD GRID MODEL
Andhra Pradesh,Guntur,12-06-2021,2021,6,1.078684291,IMD GRID MODEL
Andhra Pradesh,Guntur,16-06-2021,2021,6,0,IMD GRID MODEL
Andhra Pradesh,Guntur,28-06-2021,2021,6,12.51181014,IMD GRID MODEL
Andhra Pradesh,Guntur,06-07-2021,2021,7,0.543553101,IMD GRID MODEL
Andhra Pradesh,Guntur,08-07-2021,2021,7,12.48564783,IMD GRID MODEL
Andhra Pradesh,Guntur,15-07-2021,2021,7,5.545154432,IMD GRID MODEL
Andhra Pradesh,Guntur,24-07-2021,2021,7,8.351262177,IMD GRID MODEL
Andhra Pradesh,Guntur,05-08-2021,2021,8,0.295389206,IMD GRID MODEL
Andhra Pradesh,Guntur,10-08-2021,2021,8,4.961726067,IMD GRID MODEL
Andhra Pradesh,Guntur,11-08-2021,2021,8,13.53415396,IMD GRID MODEL
Andhra Pradesh,Guntur,21-08-2021,2021,8,7.804894764,IMD GRID MODEL
Andhra Pradesh,Guntur,22-08-2021,2021,8,24.73889063,IMD GRID MODEL
Andhra Pradesh,Guntur,26-08-2021,2021,8,37.33220845,IMD GRID MODEL
Andhra Pradesh,Guntur,06-09-2021,2021,9,2.490637622,IMD GRID MODEL
Andhra Pradesh,Guntur,09-09-2021,2021,9,0.126303285,IMD GRID MODEL
Andhra Pradesh,Guntur,10-09-2021,2021,9,0.117754264,IMD GRID MODEL
Andhra Pradesh,Guntur,15-09-2021,2021,9,3.380997229,IMD GRID MODEL
Andhra Pradesh,Guntur,17-09-2021,2021,9,0,IMD GRID MODEL
Andhra Pradesh,Guntur,18-09-2021,2021,9,0.851981165,IMD GRID MODEL
Andhra Pradesh,Guntur,20-09-2021,2021,9,13.58920433,IMD GRID MODEL
Andhra Pradesh,Guntur,22-09-2021,2021,9,5.378328895,IMD GRID MODEL
Andhra Pradesh,Guntur,22-10-2021,2021,10,0.293029596,IMD GRID MODEL
Andhra Pradesh,Guntur,26-10-2021,2021,10,0.074041135,IMD GRID MODEL
Andhra Pradesh,Guntur,27-10-2021,2021,10,0,IMD GRID MODEL
Andhra Pradesh,Guntur,30-10-2021,2021,10,21.25629045,IMD GRID MODEL
Andhra Pradesh,Guntur,02-11-2021,2021,11,7.890993231,IMD GRID MODEL
Andhra Pradesh,Guntur,03-11-2021,2021,11,2.522623453,IMD GRID MODEL
Andhra Pradesh,Guntur,05-11-2021,2021,11,3.631236728,IMD GRID MODEL
Andhra Pradesh,Guntur,07-11-2021,2021,11,1.445153219,IMD GRID MODEL
Andhra Pradesh,Guntur,08-11-2021,2021,11,0,IMD GRID MODEL
Andhra Pradesh,Guntur,09-11-2021,2021,11,0,IMD GRID MODEL
Andhra Pradesh,Guntur,23-11-2021,2021,11,0.221508263,IMD GRID MODEL
Andhra Pradesh,Guntur,25-11-2021,2021,11,0.702759151,IMD GRID MODEL
Andhra Pradesh,Guntur,28-11-2021,2021,11,0,IMD GRID MODEL
Andhra Pradesh,Guntur,05-12-2021,2021,12,0,IMD GRID MODEL
Andhra Pradesh,Guntur,11-12-2021,2021,12,0.000618214,IMD GRID MODEL
Andhra Pradesh,Guntur,14-12-2021,2021,12,0.017234514,IMD GRID MODEL
Andhra Pradesh,Guntur,16-12-2021,2021,12,0,IMD GRID MODEL
Andhra Pradesh,Guntur,18-12-2021,2021,12,0,IMD GRID MODEL
Andhra Pradesh,Guntur,20-12-2021,2021,12,0,IMD GRID MODEL
Andhra Pradesh,Guntur,31-12-2021,2021,12,0.198716809,IMD GRID MODEL
Andhra Pradesh,Krishna,03-01-2021,2021,1,0,IMD GRID MODEL
Andhra Pradesh,Krishna,28-01-2021,2021,1,0,IMD GRID MODEL
Andhra Pradesh,Krishna,29-01-2021,2021,1,0,IMD GRID MODEL
Andhra Pradesh,Krishna,04-02-2021,2021,2,0,IMD GRID MODEL
Andhra Pradesh,Krishna,08-02-2021,2021,2,0,IMD GRID MODEL
Andhra Pradesh,Krishna,11-02-2021,2021,2,0,IMD GRID MODEL
Andhra Pradesh,Krishna,15-02-2021,2021,2,0,IMD GRID MODEL
Andhra Pradesh,Krishna,23-02-2021,2021,2,0,IMD GRID MODEL
Andhra Pradesh,Krishna,28-02-2021,2021,2,0,IMD GRID MODEL
Andhra Pradesh,Krishna,11-03-2021,2021,3,0,IMD GRID MODEL
Andhra Pradesh,Krishna,13-03-2021,2021,3,0,IMD GRID MODEL
Andhra Pradesh,Krishna,19-03-2021,2021,3,0,IMD GRID MODEL
Andhra Pradesh,Krishna,22-03-2021,2021,3,0,IMD GRID MODEL
Andhra Pradesh,Krishna,26-03-2021,2021,3,0,IMD GRID MODEL
Andhra Pradesh,Krishna,29-03-2021,2021,3,0,IMD GRID MODEL
Andhra Pradesh,Krishna,02-04-2021,2021,4,0,IMD GRID MODEL
Andhra Pradesh,Krishna,06-04-2021,2021,4,0.012006676,IMD GRID MODEL
Andhra Pradesh,Krishna,08-04-2021,2021,4,0,IMD GRID MODEL
Andhra Pradesh,Krishna,13-04-2021,2021,4,1.350950189,IMD GRID MODEL
Andhra Pradesh,Krishna,21-04-2021,2021,4,0,IMD GRID MODEL
Andhra Pradesh,Krishna,22-04-2021,2021,4,0.220842329,IMD GRID MODEL
Andhra Pradesh,Krishna,26-04-2021,2021,4,0,IMD GRID MODEL
Andhra Pradesh,Krishna,27-04-2021,2021,4,0,IMD GRID MODEL
Andhra Pradesh,Krishna,04-05-2021,2021,5,0,IMD GRID MODEL
Andhra Pradesh,Krishna,09-05-2021,2021,5,0.040696467,IMD GRID MODEL
Andhra Pradesh,Krishna,14-05-2021,2021,5,1.364262119,IMD GRID MODEL
Andhra Pradesh,Krishna,17-05-2021,2021,5,8.082696367,IMD GRID MODEL
Andhra Pradesh,Krishna,18-05-2021,2021,5,2.934096704,IMD GRID MODEL
Andhra Pradesh,Krishna,21-05-2021,2021,5,1.203122836,IMD GRID MODEL
Andhra Pradesh,Krishna,25-05-2021,2021,5,0,IMD GRID MODEL
Andhra Pradesh,Krishna,26-05-2021,2021,5,0,IMD GRID MODEL
Andhra Pradesh,Krishna,28-05-2021,2021,5,0.008448415,IMD GRID MODEL
Andhra Pradesh,Krishna,30-05-2021,2021,5,0.627170441,IMD GRID MODEL
Andhra Pradesh,Krishna,09-06-2021,2021,6,0,IMD GRID MODEL
Andhra Pradesh,Krishna,16-06-2021,2021,6,0.494645584,IMD GRID MODEL
Andhra Pradesh,Krishna,23-06-2021,2021,6,2.992933711,IMD GRID MODEL
Andhra Pradesh,Krishna,04-07-2021,2021,7,0.271451721,IMD GRID MODEL
Andhra Pradesh,Krishna,08-07-2021,2021,7,10.72705727,IMD GRID MODEL
Andhra Pradesh,Krishna,09-07-2021,2021,7,3.96E-05,IMD GRID MODEL
Andhra Pradesh,Krishna,18-07-2021,2021,7,13.46564375,IMD GRID MODEL
Andhra Pradesh,Krishna,21-07-2021,2021,7,4.05995934,IMD GRID MODEL
Andhra Pradesh,Krishna,30-07-2021,2021,7,0.044097403,IMD GRID MODEL
Andhra Pradesh,Krishna,02-08-2021,2021,8,0,IMD GRID MODEL
Andhra Pradesh,Krishna,19-08-2021,2021,8,6.995794416,IMD GRID MODEL
Andhra Pradesh,Krishna,25-08-2021,2021,8,0,IMD GRID MODEL
Andhra Pradesh,Krishna,06-09-2021,2021,9,2.302931182,IMD GRID MODEL
Andhra Pradesh,Krishna,10-09-2021,2021,9,0,IMD GRID MODEL
Andhra Pradesh,Krishna,11-09-2021,2021,9,0.142491051,IMD GRID MODEL
Andhra Pradesh,Krishna,12-09-2021,2021,9,0.021399898,IMD GRID MODEL
Andhra Pradesh,Krishna,14-09-2021,2021,9,0.272003857,IMD GRID MODEL
Andhra Pradesh,Krishna,16-09-2021,2021,9,0,IMD GRID MODEL
Andhra Pradesh,Krishna,23-09-2021,2021,9,2.16955185,IMD GRID MODEL
Andhra Pradesh,Krishna,27-09-2021,2021,9,55.52045834,IMD GRID MODEL
Andhra Pradesh,Krishna,28-09-2021,2021,9,28.78007429,IMD GRID MODEL
Andhra Pradesh,Krishna,08-10-2021,2021,10,0.090918051,IMD GRID MODEL
Andhra Pradesh,Krishna,11-10-2021,2021,10,0.756441546,IMD GRID MODEL
Andhra Pradesh,Krishna,14-10-2021,2021,10,0.389872899,IMD GRID MODEL
Andhra Pradesh,Krishna,19-10-2021,2021,10,0.001828651,IMD GRID MODEL
Andhra Pradesh,Krishna,06-11-2021,2021,11,0.236702223,IMD GRID MODEL
Andhra Pradesh,Krishna,07-11-2021,2021,11,1.077771296,IMD GRID MODEL
Andhra Pradesh,Krishna,19-11-2021,2021,11,10.98355317,IMD GRID MODEL
Andhra Pradesh,Krishna,21-11-2021,2021,11,2.663394417,IMD GRID MODEL
Andhra Pradesh,Krishna,25-11-2021,2021,11,0.105108206,IMD GRID MODEL
Andhra Pradesh,Krishna,26-11-2021,2021,11,0,IMD GRID MODEL
Andhra Pradesh,Krishna,29-11-2021,2021,11,11.18688675,IMD GRID MODEL
Andhra Pradesh,Krishna,01-12-2021,2021,12,0,IMD GRID MODEL
Andhra Pradesh,Krishna,07-12-2021,2021,12,0.018357147,IMD GRID MODEL
Andhra Pradesh,Krishna,08-12-2021,2021,12,0,IMD GRID MODEL
Andhra Pradesh,Krishna,15-12-2021,2021,12,0,IMD GRID MODEL
Andhra Pradesh,Krishna,16-12-2021,2021,12,0,IMD GRID MODEL
Andhra Pradesh,Krishna,20-12-2021,2021,12,0,IMD GRID MODEL
Andhra Pradesh,Krishna,23-12-2021,2021,12,0,IMD GRID MODEL
Andhra Pradesh,Krishna,24-12-2021,2021,12,0,IMD GRID MODEL
Andhra Pradesh,Krishna,25-12-2021,2021,12,0,IMD GRID MODEL
Andhra Pradesh,Kurnool,11-01-2021,2021,1,0,IMD GRID MODEL
Andhra Pradesh,Kurnool,12-01-2021,2021,1,0,IMD GRID MODEL
Andhra Pradesh,Kurnool,13-01-2021,2021,1,0,IMD GRID MODEL
Andhra Pradesh,Kurnool,17-01-2021,2021,1,0,IMD GRID MODEL
Andhra Pradesh,Kurnool,20-01-2021,2021,1,0,IMD GRID MODEL
Andhra Pradesh,Kurnool,26-01-2021,2021,1,0,IMD GRID MODEL
Andhra Pradesh,Kurnool,27-01-2021,2021,1,0,IMD GRID MODEL
Andhra Pradesh,Kurnool,04-02-2021,2021,2,0,IMD GRID MODEL
Andhra Pradesh,Kurnool,08-02-2021,2021,2,0,IMD GRID MODEL
Andhra Pradesh,Kurnool,11-02-2021,2021,2,0,IMD GRID MODEL
Andhra Pradesh,Kurnool,14-02-2021,2021,2,0,IMD GRID MODEL
Andhra Pradesh,Kurnool,20-02-2021,2021,2,2.103500347,IMD GRID MODEL
Andhra Pradesh,Kurnool,22-02-2021,2021,2,3.823935084,IMD GRID MODEL
Andhra Pradesh,Kurnool,04-03-2021,2021,3,0,IMD GRID MODEL
Andhra Pradesh,Kurnool,06-03-2021,2021,3,0,IMD GRID MODEL
Andhra Pradesh,Kurnool,13-03-2021,2021,3,0,IMD GRID MODEL
Andhra Pradesh,Kurnool,14-03-2021,2021,3,0,IMD GRID MODEL
Andhra Pradesh,Kurnool,15-03-2021,2021,3,0,IMD GRID MODEL
Andhra Pradesh,Kurnool,20-03-2021,2021,3,0,IMD GRID MODEL
Andhra Pradesh,Anantapur,05-01-2021,2021,1,0,IMD GRID MODEL
Andhra Pradesh,Anantapur,13-01-2021,2021,1,0,IMD GRID MODEL
Andhra Pradesh,Anantapur,17-01-2021,2021,1,0,IMD GRID MODEL
Andhra Pradesh,Anantapur,03-02-2021,2021,2,0,IMD GRID MODEL
Andhra Pradesh,Anantapur,24-02-2021,2021,2,0,IMD GRID MODEL
Andhra Pradesh,Anantapur,27-02-2021,2021,2,0,IMD GRID MODEL
Andhra Pradesh,Anantapur,24-03-2021,2021,3,0,IMD GRID MODEL
Andhra Pradesh,Anantapur,05-04-2021,2021,4,0,IMD GRID MODEL
Andhra Pradesh,Anantapur,16-05-2021,2021,5,0.846673332,IMD GRID MODEL
Andhra Pradesh,Anantapur,22-05-2021,2021,5,17.374701,IMD GRID MODEL
Andhra Pradesh,Anantapur,01-06-2021,2021,6,2.35901156,IMD GRID MODEL
Andhra Pradesh,Anantapur,02-06-2021,2021,6,2.076120112,IMD GRID MODEL
Andhra Pradesh,Anantapur,10-06-2021,2021,6,0.512477157,IMD GRID MODEL
Andhra Pradesh,Anantapur,03-07-2021,2021,7,2.79996324,IMD GRID MODEL
Andhra Pradesh,Anantapur,08-07-2021,2021,7,11.80115097,IMD GRID MODEL
Andhra Pradesh,Anantapur,16-07-2021,2021,7,0.682512156,IMD GRID MODEL
Andhra Pradesh,Anantapur,26-07-2021,2021,7,0.735809286,IMD GRID MODEL
Andhra Pradesh,Anantapur,27-07-2021,2021,7,0,IMD GRID MODEL
Andhra Pradesh,Anantapur,04-09-2021,2021,9,12.38023645,IMD GRID MODEL
Andhra Pradesh,Anantapur,13-09-2021,2021,9,0.080217284,IMD GRID MODEL
Andhra Pradesh,Anantapur,19-09-2021,2021,9,0,IMD GRID MODEL
Andhra Pradesh,Anantapur,26-09-2021,2021,9,2.708483193,IMD GRID MODEL
Andhra Pradesh,Anantapur,09-10-2021,2021,10,22.79709324,IMD GRID MODEL
Andhra Pradesh,Anantapur,30-10-2021,2021,10,10.06224263,IMD GRID MODEL
Andhra Pradesh,Anantapur,29-12-2021,2021,12,0,IMD GRID MODEL
Andhra Pradesh,Anantapur,31-12-2021,2021,12,0.009588781,IMD GRID MODEL
Andhra Pradesh,Anantapur,06-01-2021,2021,1,0.046819462,IMD GRID MODEL
Andhra Pradesh,Anantapur,04-04-2021,2021,4,0,IMD GRID MODEL
Andhra Pradesh,Anantapur,08-01-2021,2021,1,4.668250034,IMD GRID MODEL
Andhra Pradesh,Anantapur,12-04-2021,2021,4,0,IMD GRID MODEL
Andhra Pradesh,Anantapur,20-04-2021,2021,4,1.321562694,IMD GRID MODEL
Andhra Pradesh,Anantapur,30-04-2021,2021,4,1.089756854,IMD GRID MODEL
Andhra Pradesh,Anantapur,03-05-2021,2021,5,0.003029642,IMD GRID MODEL
Andhra Pradesh,Anantapur,05-05-2021,2021,5,0.351203901,IMD GRID MODEL
Andhra Pradesh,Anantapur,07-05-2021,2021,5,0.011524167,IMD GRID MODEL
Andhra Pradesh,Anantapur,11-05-2021,2021,5,0.029995441,IMD GRID MODEL
Andhra Pradesh,Anantapur,14-05-2021,2021,5,4.103992291,IMD GRID MODEL
Andhra Pradesh,Anantapur,30-06-2021,2021,6,0.514471901,IMD GRID MODEL
Andhra Pradesh,Anantapur,02-07-2021,2021,7,1.038675403,IMD GRID MODEL
Andhra Pradesh,Anantapur,07-07-2021,2021,7,10.02163344,IMD GRID MODEL
Andhra Pradesh,Anantapur,12-07-2021,2021,7,1.622975602,IMD GRID MODEL
Andhra Pradesh,Anantapur,23-07-2021,2021,7,3.632138711,IMD GRID MODEL
Andhra Pradesh,Anantapur,13-08-2021,2021,8,0.7265232,IMD GRID MODEL
Andhra Pradesh,Anantapur,15-08-2021,2021,8,0.077575788,IMD GRID MODEL
Andhra Pradesh,Anantapur,17-08-2021,2021,8,6.666568309,IMD GRID MODEL
Andhra Pradesh,Anantapur,24-05-2021,2021,5,0.57880588,IMD GRID MODEL
Andhra Pradesh,Anantapur,28-05-2021,2021,5,0,IMD GRID MODEL
Andhra Pradesh,Anantapur,04-06-2021,2021,6,28.65366289,IMD GRID MODEL
Andhra Pradesh,Anantapur,17-06-2021,2021,6,1.216063904,IMD GRID MODEL
Andhra Pradesh,Anantapur,12-10-2021,2021,10,5.628141834,IMD GRID MODEL
Andhra Pradesh,Anantapur,23-10-2021,2021,10,3.637337831,IMD GRID MODEL
Andhra Pradesh,Anantapur,27-12-2021,2021,12,0,IMD GRID MODEL
Andhra Pradesh,Anantapur,30-12-2021,2021,12,0,IMD GRID MODEL
Andhra Pradesh,Anantapur,29-10-2021,2021,10,3.51E-05,IMD GRID MODEL
Andhra Pradesh,Anantapur,02-11-2021,2021,11,1.713908333,IMD GRID MODEL
Andhra Pradesh,Anantapur,12-01-2021,2021,1,0,IMD GRID MODEL
Andhra Pradesh,Anantapur,22-11-2021,2021,11,1.264829422,IMD GRID MODEL
Andhra Pradesh,Anantapur,14-01-2021,2021,1,0,IMD GRID MODEL
Andhra Pradesh,Anantapur,26-11-2021,2021,11,0,IMD GRID MODEL
Andhra Pradesh,Anantapur,27-11-2021,2021,11,0.004243657,IMD GRID MODEL
Andhra Pradesh,Anantapur,03-12-2021,2021,12,0,IMD GRID MODEL
Andhra Pradesh,Anantapur,07-12-2021,2021,12,0,IMD GRID MODEL
Andhra Pradesh,Anantapur,20-01-2021,2021,1,0,IMD GRID MODEL
Andhra Pradesh,Anantapur,24-12-2021,2021,12,0,IMD GRID MODEL
Andhra Pradesh,Anantapur,22-01-2021,2021,1,0,IMD GRID MODEL
Andhra Pradesh,Anantapur,25-01-2021,2021,1,0,IMD GRID MODEL
Andhra Pradesh,Anantapur,09-02-2021,2021,2,0,IMD GRID MODEL
Andhra Pradesh,Anantapur,18-02-2021,2021,2,0,IMD GRID MODEL
Andhra Pradesh,Anantapur,26-02-2021,2021,2,0,IMD GRID MODEL
Andhra Pradesh,Anantapur,15-03-2021,2021,3,0,IMD GRID MODEL
Andhra Pradesh,Anantapur,21-03-2021,2021,3,0,IMD GRID MODEL
Andhra Pradesh,Anantapur,27-03-2021,2021,3,0,IMD GRID MODEL
Andhra Pradesh,Chittoor,01-01-2021,2021,1,0,IMD GRID MODEL
Andhra Pradesh,Chittoor,03-01-2021,2021,1,0.180763593,IMD GRID MODEL
Andhra Pradesh,Chittoor,04-01-2021,2021,1,0.252211141,IMD GRID MODEL
Andhra Pradesh,Chittoor,06-01-2021,2021,1,18.71326828,IMD GRID MODEL
Andhra Pradesh,Chittoor,08-01-2021,2021,1,1.348321877,IMD GRID MODEL
Andhra Pradesh,Chittoor,14-01-2021,2021,1,0,IMD GRID MODEL
Andhra Pradesh,Chittoor,17-01-2021,2021,1,0,IMD GRID MODEL
Andhra Pradesh,Chittoor,01-02-2021,2021,2,0,IMD GRID MODEL
Andhra Pradesh,Chittoor,18-02-2021,2021,2,0,IMD GRID MODEL
Andhra Pradesh,Chittoor,21-02-2021,2021,2,2.105958209,IMD GRID MODEL
Andhra Pradesh,Chittoor,01-03-2021,2021,3,0,IMD GRID MODEL
Andhra Pradesh,Chittoor,03-03-2021,2021,3,0,IMD GRID MODEL
Andhra Pradesh,Chittoor,15-03-2021,2021,3,0,IMD GRID MODEL
Andhra Pradesh,Chittoor,24-03-2021,2021,3,0,IMD GRID MODEL
Andhra Pradesh,Chittoor,28-03-2021,2021,3,0,IMD GRID MODEL
Andhra Pradesh,Chittoor,02-04-2021,2021,4,0,IMD GRID MODEL
Andhra Pradesh,Chittoor,05-04-2021,2021,4,0.661747039,IMD GRID MODEL
Andhra Pradesh,Chittoor,06-04-2021,2021,4,0.249637136,IMD GRID MODEL
Andhra Pradesh,Chittoor,23-04-2021,2021,4,0.747356322,IMD GRID MODEL
Andhra Pradesh,Chittoor,24-04-2021,2021,4,2.222184037,IMD GRID MODEL
Andhra Pradesh,Chittoor,26-04-2021,2021,4,0,IMD GRID MODEL
Andhra Pradesh,Chittoor,28-04-2021,2021,4,0,IMD GRID MODEL
Andhra Pradesh,Chittoor,03-05-2021,2021,5,0.066669107,IMD GRID MODEL
Andhra Pradesh,Chittoor,05-05-2021,2021,5,0,IMD GRID MODEL
Andhra Pradesh,Chittoor,07-05-2021,2021,5,0,IMD GRID MODEL
Andhra Pradesh,Chittoor,11-05-2021,2021,5,0,IMD GRID MODEL
Andhra Pradesh,Chittoor,12-05-2021,2021,5,8.214062181,IMD GRID MODEL
Andhra Pradesh,Chittoor,13-05-2021,2021,5,0.219156146,IMD GRID MODEL
Andhra Pradesh,Chittoor,20-05-2021,2021,5,15.44305019,IMD GRID MODEL
Andhra Pradesh,Chittoor,26-05-2021,2021,5,0.28173339,IMD GRID MODEL
Andhra Pradesh,Chittoor,31-05-2021,2021,5,4.213874734,IMD GRID MODEL
Andhra Pradesh,Chittoor,12-06-2021,2021,6,0,IMD GRID MODEL
Andhra Pradesh,Chittoor,16-06-2021,2021,6,0.049816493,IMD GRID MODEL
Andhra Pradesh,Chittoor,17-06-2021,2021,6,0.593248733,IMD GRID MODEL
Andhra Pradesh,Chittoor,19-06-2021,2021,6,0,IMD GRID MODEL
Andhra Pradesh,Chittoor,20-06-2021,2021,6,0.412202819,IMD GRID MODEL
Andhra Pradesh,Chittoor,22-06-2021,2021,6,0.665808012,IMD GRID MODEL
Andhra Pradesh,Chittoor,25-06-2021,2021,6,0.070126697,IMD GRID MODEL
Andhra Pradesh,Chittoor,29-06-2021,2021,6,0.019548913,IMD GRID MODEL
Andhra Pradesh,Chittoor,05-07-2021,2021,7,6.828595936,IMD GRID MODEL
Andhra Pradesh,Chittoor,11-07-2021,2021,7,5.729793922,IMD GRID MODEL
Andhra Pradesh,Chittoor,18-07-2021,2021,7,13.41185125,IMD GRID MODEL
Andhra Pradesh,Chittoor,14-07-2021,2021,7,1.203370761,IMD GRID MODEL
Andhra Pradesh,Chittoor,23-07-2021,2021,7,0.600504011,IMD GRID MODEL
Andhra Pradesh,Chittoor,28-07-2021,2021,7,0.566951224,IMD GRID MODEL
Andhra Pradesh,Chittoor,30-07-2021,2021,7,0.005263351,IMD GRID MODEL
Andhra Pradesh,Chittoor,04-08-2021,2021,8,0.126937703,IMD GRID MODEL
Andhra Pradesh,Chittoor,23-08-2021,2021,8,12.71200199,IMD GRID MODEL
Andhra Pradesh,Chittoor,28-08-2021,2021,8,19.02911967,IMD GRID MODEL
Andhra Pradesh,Chittoor,03-09-2021,2021,9,21.32689297,IMD GRID MODEL
Andhra Pradesh,Chittoor,07-09-2021,2021,9,2.146075265,IMD GRID MODEL
Andhra Pradesh,Chittoor,09-09-2021,2021,9,0.000173095,IMD GRID MODEL
Andhra Pradesh,Chittoor,12-09-2021,2021,9,1.821811841,IMD GRID MODEL
Andhra Pradesh,Chittoor,13-09-2021,2021,9,0.238752477,IMD GRID MODEL
Andhra Pradesh,Chittoor,20-09-2021,2021,9,11.14435025,IMD GRID MODEL
Andhra Pradesh,Chittoor,29-09-2021,2021,9,2.821534029,IMD GRID MODEL
Andhra Pradesh,Chittoor,30-09-2021,2021,9,11.76033401,IMD GRID MODEL
Andhra Pradesh,Chittoor,05-10-2021,2021,10,1.731389405,IMD GRID MODEL
Andhra Pradesh,Chittoor,09-10-2021,2021,10,5.851333728,IMD GRID MODEL
Andhra Pradesh,Chittoor,11-10-2021,2021,10,1.375215528,IMD GRID MODEL
Andhra Pradesh,Chittoor,18-10-2021,2021,10,3.448558794,IMD GRID MODEL
Andhra Pradesh,Chittoor,07-11-2021,2021,11,34.76131623,IMD GRID MODEL
Andhra Pradesh,Chittoor,11-11-2021,2021,11,45.61285456,IMD GRID MODEL
Andhra Pradesh,Chittoor,13-11-2021,2021,11,5.833981579,IMD GRID MODEL
Andhra Pradesh,Chittoor,18-11-2021,2021,11,34.48118273,IMD GRID MODEL
Andhra Pradesh,Chittoor,30-11-2021,2021,11,11.17137903,IMD GRID MODEL
Andhra Pradesh,Chittoor,04-12-2021,2021,12,0,IMD GRID MODEL
Andhra Pradesh,Chittoor,07-12-2021,2021,12,0.505225359,IMD GRID MODEL
Andhra Pradesh,Chittoor,11-12-2021,2021,12,1.327400848,IMD GRID MODEL
Andhra Pradesh,Chittoor,19-12-2021,2021,12,0,IMD GRID MODEL
Andhra Pradesh,Chittoor,20-12-2021,2021,12,0,IMD GRID MODEL
Andhra Pradesh,Chittoor,23-12-2021,2021,12,0,IMD GRID MODEL
Andhra Pradesh,Chittoor,25-12-2021,2021,12,0,IMD GRID MODEL
Andhra Pradesh,East Godavari,09-01-2021,2021,1,0,IMD GRID MODEL
Andhra Pradesh,East Godavari,11-01-2021,2021,1,0,IMD GRID MODEL
Andhra Pradesh,East Godavari,12-01-2021,2021,1,0,IMD GRID MODEL
Andhra Pradesh,East Godavari,15-01-2021,2021,1,0,IMD GRID MODEL
Andhra Pradesh,East Godavari,16-01-2021,2021,1,0,IMD GRID MODEL
Andhra Pradesh,East Godavari,21-01-2021,2021,1,0,IMD GRID MODEL
Andhra Pradesh,East Godavari,28-01-2021,2021,1,0,IMD GRID MODEL
Andhra Pradesh,East Godavari,07-02-2021,2021,2,0,IMD GRID MODEL
Andhra Pradesh,East Godavari,15-02-2021,2021,2,0,IMD GRID MODEL
Andhra Pradesh,East Godavari,23-02-2021,2021,2,0,IMD GRID MODEL
Andhra Pradesh,East Godavari,24-02-2021,2021,2,0,IMD GRID MODEL
Andhra Pradesh,East Godavari,28-02-2021,2021,2,0,IMD GRID MODEL
Andhra Pradesh,East Godavari,01-03-2021,2021,3,0,IMD GRID MODEL
Andhra Pradesh,East Godavari,06-03-2021,2021,3,0,IMD GRID MODEL
Andhra Pradesh,East Godavari,16-03-2021,2021,3,0,IMD GRID MODEL
Andhra Pradesh,East Godavari,23-03-2021,2021,3,0,IMD GRID MODEL
Andhra Pradesh,East Godavari,30-03-2021,2021,3,0,IMD GRID MODEL
Andhra Pradesh,East Godavari,31-03-2021,2021,3,0,IMD GRID MODEL
Andhra Pradesh,East Godavari,02-04-2021,2021,4,0,IMD GRID MODEL
Andhra Pradesh,East Godavari,06-04-2021,2021,4,0.319222779,IMD GRID MODEL
Andhra Pradesh,East Godavari,17-04-2021,2021,4,0.87220009,IMD GRID MODEL
Andhra Pradesh,East Godavari,03-05-2021,2021,5,1.349034225,IMD GRID MODEL
Andhra Pradesh,East Godavari,12-05-2021,2021,5,21.63483905,IMD GRID MODEL
Andhra Pradesh,East Godavari,19-05-2021,2021,5,0.51987353,IMD GRID MODEL
Andhra Pradesh,East Godavari,21-05-2021,2021,5,0.729598512,IMD GRID MODEL
Andhra Pradesh,East Godavari,24-05-2021,2021,5,1.456747939,IMD GRID MODEL
Andhra Pradesh,East Godavari,26-05-2021,2021,5,0,IMD GRID MODEL
Andhra Pradesh,East Godavari,29-05-2021,2021,5,0.181023367,IMD GRID MODEL
Andhra Pradesh,East Godavari,30-05-2021,2021,5,1.572337028,IMD GRID MODEL
Andhra Pradesh,East Godavari,31-05-2021,2021,5,0,IMD GRID MODEL
Andhra Pradesh,East Godavari,03-06-2021,2021,6,8.620022827,IMD GRID MODEL
Andhra Pradesh,East Godavari,05-06-2021,2021,6,0.370093412,IMD GRID MODEL
Andhra Pradesh,East Godavari,08-06-2021,2021,6,1.392294279,IMD GRID MODEL
Andhra Pradesh,Prakasam,16-11-2021,2021,11,18.38820929,IMD GRID MODEL
Andhra Pradesh,Prakasam,19-11-2021,2021,11,31.12410468,IMD GRID MODEL
Andhra Pradesh,Prakasam,21-11-2021,2021,11,23.49003494,IMD GRID MODEL
Andhra Pradesh,Prakasam,27-11-2021,2021,11,0,IMD GRID MODEL
Andhra Pradesh,Prakasam,28-11-2021,2021,11,4.808825776,IMD GRID MODEL
Andhra Pradesh,Prakasam,29-11-2021,2021,11,22.40486537,IMD GRID MODEL
Andhra Pradesh,Prakasam,01-12-2021,2021,12,0.139459503,IMD GRID MODEL
Andhra Pradesh,Prakasam,17-12-2021,2021,12,0,IMD GRID MODEL
Andhra Pradesh,Prakasam,28-12-2021,2021,12,0,IMD GRID MODEL
Andhra Pradesh,Prakasam,30-12-2021,2021,12,0.003291518,IMD GRID MODEL
Andhra Pradesh,SPSR Nellore,07-01-2021,2021,1,24.6747438,IMD GRID MODEL
Andhra Pradesh,SPSR Nellore,12-01-2021,2021,1,0,IMD GRID MODEL
Andhra Pradesh,SPSR Nellore,16-01-2021,2021,1,0,IMD GRID MODEL
Andhra Pradesh,SPSR Nellore,02-02-2021,2021,2,0,IMD GRID MODEL
Andhra Pradesh,SPSR Nellore,07-02-2021,2021,2,0,IMD GRID MODEL
Andhra Pradesh,SPSR Nellore,18-02-2021,2021,2,0,IMD GRID MODEL
Andhra Pradesh,SPSR Nellore,20-02-2021,2021,2,7.846579167,IMD GRID MODEL
Andhra Pradesh,SPSR Nellore,26-02-2021,2021,2,0,IMD GRID MODEL
Andhra Pradesh,SPSR Nellore,28-02-2021,2021,2,0,IMD GRID MODEL
Andhra Pradesh,SPSR Nellore,01-03-2021,2021,3,0,IMD GRID MODEL
Andhra Pradesh,SPSR Nellore,02-03-2021,2021,3,0,IMD GRID MODEL
Andhra Pradesh,SPSR Nellore,04-03-2021,2021,3,0,IMD GRID MODEL
Andhra Pradesh,SPSR Nellore,07-03-2021,2021,3,0,IMD GRID MODEL
Andhra Pradesh,SPSR Nellore,18-03-2021,2021,3,0,IMD GRID MODEL
Andhra Pradesh,SPSR Nellore,23-03-2021,2021,3,0,IMD GRID MODEL
Andhra Pradesh,SPSR Nellore,03-04-2021,2021,4,0,IMD GRID MODEL
Andhra Pradesh,SPSR Nellore,05-04-2021,2021,4,0,IMD GRID MODEL
Andhra Pradesh,SPSR Nellore,12-04-2021,2021,4,0,IMD GRID MODEL
Andhra Pradesh,SPSR Nellore,14-04-2021,2021,4,0,IMD GRID MODEL
Andhra Pradesh,SPSR Nellore,19-04-2021,2021,4,0,IMD GRID MODEL
Andhra Pradesh,SPSR Nellore,29-04-2021,2021,4,0.164052377,IMD GRID MODEL
Andhra Pradesh,SPSR Nellore,01-05-2021,2021,5,0,IMD GRID MODEL
Andhra Pradesh,SPSR Nellore,03-05-2021,2021,5,0,IMD GRID MODEL
Andhra Pradesh,SPSR Nellore,05-05-2021,2021,5,0,IMD GRID MODEL
Andhra Pradesh,SPSR Nellore,09-05-2021,2021,5,0,IMD GRID MODEL
Andhra Pradesh,SPSR Nellore,10-05-2021,2021,5,0,IMD GRID MODEL
Andhra Pradesh,SPSR Nellore,12-05-2021,2021,5,1.500693021,IMD GRID MODEL
Andhra Pradesh,SPSR Nellore,15-05-2021,2021,5,0,IMD GRID MODEL
Andhra Pradesh,SPSR Nellore,17-05-2021,2021,5,0.051599112,IMD GRID MODEL
Andhra Pradesh,SPSR Nellore,18-05-2021,2021,5,0.540783413,IMD GRID MODEL
Andhra Pradesh,SPSR Nellore,19-05-2021,2021,5,0.032927988,IMD GRID MODEL
Andhra Pradesh,SPSR Nellore,23-05-2021,2021,5,0,IMD GRID MODEL
Andhra Pradesh,SPSR Nellore,28-05-2021,2021,5,0,IMD GRID MODEL
Andhra Pradesh,SPSR Nellore,31-05-2021,2021,5,0.242078928,IMD GRID MODEL
Andhra Pradesh,SPSR Nellore,01-06-2021,2021,6,0.056457516,IMD GRID MODEL
Andhra Pradesh,SPSR Nellore,04-06-2021,2021,6,1.221640283,IMD GRID MODEL
Andhra Pradesh,SPSR Nellore,05-06-2021,2021,6,4.13436203,IMD GRID MODEL
Andhra Pradesh,SPSR Nellore,06-06-2021,2021,6,3.489564724,IMD GRID MODEL
Andhra Pradesh,SPSR Nellore,09-06-2021,2021,6,0,IMD GRID MODEL
Andhra Pradesh,SPSR Nellore,15-06-2021,2021,6,0,IMD GRID MODEL
Andhra Pradesh,SPSR Nellore,16-06-2021,2021,6,0.050245253,IMD GRID MODEL
Andhra Pradesh,SPSR Nellore,17-06-2021,2021,6,1.827254357,IMD GRID MODEL
Andhra Pradesh,SPSR Nellore,18-06-2021,2021,6,0.000105563,IMD GRID MODEL
Andhra Pradesh,SPSR Nellore,23-06-2021,2021,6,4.059728343,IMD GRID MODEL
Andhra Pradesh,SPSR Nellore,01-07-2021,2021,7,0,IMD GRID MODEL
Andhra Pradesh,SPSR Nellore,24-07-2021,2021,7,0,IMD GRID MODEL
Andhra Pradesh,SPSR Nellore,28-07-2021,2021,7,0.429572187,IMD GRID MODEL
Andhra Pradesh,SPSR Nellore,14-08-2021,2021,8,1.357161773,IMD GRID MODEL
Andhra Pradesh,SPSR Nellore,18-08-2021,2021,8,3.328114408,IMD GRID MODEL
Andhra Pradesh,SPSR Nellore,22-08-2021,2021,8,5.985765135,IMD GRID MODEL
Andhra Pradesh,SPSR Nellore,23-08-2021,2021,8,0.911551028,IMD GRID MODEL
Andhra Pradesh,SPSR Nellore,30-08-2021,2021,8,1.287856499,IMD GRID MODEL
Andhra Pradesh,SPSR Nellore,04-09-2021,2021,9,0.347525829,IMD GRID MODEL
Andhra Pradesh,SPSR Nellore,11-09-2021,2021,9,0,IMD GRID MODEL
Andhra Pradesh,SPSR Nellore,15-09-2021,2021,9,0,IMD GRID MODEL
Andhra Pradesh,SPSR Nellore,22-09-2021,2021,9,16.56800901,IMD GRID MODEL
Andhra Pradesh,SPSR Nellore,29-09-2021,2021,9,4.376129584,IMD GRID MODEL
Andhra Pradesh,SPSR Nellore,30-09-2021,2021,9,0.690409923,IMD GRID MODEL
Andhra Pradesh,SPSR Nellore,02-10-2021,2021,10,0.904779938,IMD GRID MODEL
Andhra Pradesh,SPSR Nellore,04-10-2021,2021,10,0.080107384,IMD GRID MODEL
Andhra Pradesh,SPSR Nellore,05-10-2021,2021,10,1.121484573,IMD GRID MODEL
Andhra Pradesh,SPSR Nellore,10-10-2021,2021,10,0.908786262,IMD GRID MODEL
Andhra Pradesh,SPSR Nellore,14-10-2021,2021,10,1.704772642,IMD GRID MODEL
Andhra Pradesh,SPSR Nellore,16-10-2021,2021,10,0.770262631,IMD GRID MODEL
Andhra Pradesh,SPSR Nellore,18-10-2021,2021,10,7.362075911,IMD GRID MODEL
Andhra Pradesh,SPSR Nellore,27-10-2021,2021,10,0.375765052,IMD GRID MODEL
Andhra Pradesh,SPSR Nellore,01-11-2021,2021,11,28.64217844,IMD GRID MODEL
Andhra Pradesh,SPSR Nellore,04-11-2021,2021,11,12.31709671,IMD GRID MODEL
Andhra Pradesh,SPSR Nellore,16-11-2021,2021,11,23.13662035,IMD GRID MODEL
Andhra Pradesh,SPSR Nellore,21-11-2021,2021,11,6.152531902,IMD GRID MODEL
Andhra Pradesh,SPSR Nellore,23-11-2021,2021,11,3.213818522,IMD GRID MODEL
Andhra Pradesh,SPSR Nellore,25-11-2021,2021,11,3.045427909,IMD GRID MODEL
Andhra Pradesh,SPSR Nellore,26-11-2021,2021,11,0.598908839,IMD GRID MODEL
Andhra Pradesh,SPSR Nellore,30-11-2021,2021,11,37.60041133,IMD GRID MODEL
Andhra Pradesh,SPSR Nellore,18-12-2021,2021,12,0,IMD GRID MODEL
Andhra Pradesh,SPSR Nellore,20-12-2021,2021,12,0,IMD GRID MODEL
Andhra Pradesh,SPSR Nellore,26-12-2021,2021,12,0,IMD GRID MODEL
Andhra Pradesh,SPSR Nellore,29-03-2021,2021,3,0,IMD GRID MODEL
Andhra Pradesh,SPSR Nellore,12-12-2021,2021,12,17.74371613,IMD GRID MODEL
Andhra Pradesh,SPSR Nellore,14-12-2021,2021,12,15.86475066,IMD GRID MODEL
Andhra Pradesh,Srikakulam,01-01-2021,2021,1,0,IMD GRID MODEL
Andhra Pradesh,Srikakulam,02-01-2021,2021,1,0,IMD GRID MODEL
Andhra Pradesh,Srikakulam,06-01-2021,2021,1,0,IMD GRID MODEL
Andhra Pradesh,Srikakulam,08-01-2021,2021,1,0,IMD GRID MODEL
Andhra Pradesh,Srikakulam,23-01-2021,2021,1,0,IMD GRID MODEL
Andhra Pradesh,Srikakulam,03-02-2021,2021,2,0,IMD GRID MODEL
Andhra Pradesh,Srikakulam,04-02-2021,2021,2,0,IMD GRID MODEL
Andhra Pradesh,Srikakulam,02-02-2021,2021,2,0,IMD GRID MODEL
Andhra Pradesh,Srikakulam,06-02-2021,2021,2,0,IMD GRID MODEL
Andhra Pradesh,Srikakulam,18-02-2021,2021,2,0,IMD GRID MODEL
Andhra Pradesh,Srikakulam,21-02-2021,2021,2,0.010640411,IMD GRID MODEL
Andhra Pradesh,Srikakulam,24-02-2021,2021,2,0,IMD GRID MODEL
Andhra Pradesh,Srikakulam,28-02-2021,2021,2,0,IMD GRID MODEL
Andhra Pradesh,Srikakulam,02-03-2021,2021,3,0,IMD GRID MODEL
Andhra Pradesh,Srikakulam,11-03-2021,2021,3,0,IMD GRID MODEL
Andhra Pradesh,Srikakulam,20-03-2021,2021,3,0,IMD GRID MODEL
Andhra Pradesh,Srikakulam,16-04-2021,2021,4,0,IMD GRID MODEL
Andhra Pradesh,Srikakulam,18-04-2021,2021,4,0,IMD GRID MODEL
Andhra Pradesh,Srikakulam,22-04-2021,2021,4,0,IMD GRID MODEL
Andhra Pradesh,Srikakulam,30-04-2021,2021,4,0.333793818,IMD GRID MODEL
Andhra Pradesh,Srikakulam,05-05-2021,2021,5,14.71325419,IMD GRID MODEL
Andhra Pradesh,Srikakulam,06-05-2021,2021,5,4.431189132,IMD GRID MODEL
Andhra Pradesh,Srikakulam,09-05-2021,2021,5,0.253725116,IMD GRID MODEL
Andhra Pradesh,Srikakulam,13-05-2021,2021,5,0,IMD GRID MODEL
Andhra Pradesh,Srikakulam,15-05-2021,2021,5,0.185164524,IMD GRID MODEL
Andhra Pradesh,Srikakulam,24-05-2021,2021,5,0,IMD GRID MODEL
Andhra Pradesh,Srikakulam,26-05-2021,2021,5,0.055467734,IMD GRID MODEL
Andhra Pradesh,Srikakulam,17-06-2021,2021,6,4.065215777,IMD GRID MODEL
Andhra Pradesh,Srikakulam,19-06-2021,2021,6,0.651614162,IMD GRID MODEL
Andhra Pradesh,Srikakulam,20-06-2021,2021,6,0.000452194,IMD GRID MODEL
Andhra Pradesh,Srikakulam,22-06-2021,2021,6,0.044031167,IMD GRID MODEL
Andhra Pradesh,Srikakulam,24-06-2021,2021,6,3.691294071,IMD GRID MODEL
Andhra Pradesh,Srikakulam,28-06-2021,2021,6,4.20710002,IMD GRID MODEL
Andhra Pradesh,Srikakulam,03-07-2021,2021,7,2.863481128,IMD GRID MODEL
Andhra Pradesh,Srikakulam,22-07-2021,2021,7,10.740824,IMD GRID MODEL
Andhra Pradesh,Srikakulam,24-07-2021,2021,7,0.398517386,IMD GRID MODEL
Andhra Pradesh,Srikakulam,25-07-2021,2021,7,0.136623512,IMD GRID MODEL
Andhra Pradesh,Srikakulam,07-08-2021,2021,8,6.491200424,IMD GRID MODEL
Andhra Pradesh,Srikakulam,15-08-2021,2021,8,9.089169941,IMD GRID MODEL
Andhra Pradesh,Srikakulam,18-08-2021,2021,8,2.039273346,IMD GRID MODEL
Andhra Pradesh,Srikakulam,23-08-2021,2021,8,0.001816932,IMD GRID MODEL
Andhra Pradesh,Srikakulam,25-08-2021,2021,8,0.241678674,IMD GRID MODEL
Andhra Pradesh,Srikakulam,29-08-2021,2021,8,2.07244877,IMD GRID MODEL
Andhra Pradesh,Srikakulam,10-09-2021,2021,9,14.85996601,IMD GRID MODEL
Andhra Pradesh,Srikakulam,11-09-2021,2021,9,16.36279685,IMD GRID MODEL
Andhra Pradesh,Srikakulam,12-09-2021,2021,9,2.625860623,IMD GRID MODEL
Andhra Pradesh,Srikakulam,19-09-2021,2021,9,0.077207517,IMD GRID MODEL
Andhra Pradesh,Srikakulam,04-10-2021,2021,10,0.032799413,IMD GRID MODEL
Andhra Pradesh,Srikakulam,10-10-2021,2021,10,0.661355848,IMD GRID MODEL
Andhra Pradesh,Srikakulam,11-10-2021,2021,10,0,IMD GRID MODEL
Andhra Pradesh,Srikakulam,15-10-2021,2021,10,22.71129277,IMD GRID MODEL
Andhra Pradesh,Srikakulam,20-10-2021,2021,10,6.47876989,IMD GRID MODEL
Andhra Pradesh,Srikakulam,09-11-2021,2021,11,0,IMD GRID MODEL
Andhra Pradesh,Srikakulam,13-11-2021,2021,11,48.24341439,IMD GRID MODEL
Andhra Pradesh,Srikakulam,14-11-2021,2021,11,18.67987343,IMD GRID MODEL
Andhra Pradesh,Srikakulam,02-12-2021,2021,12,0,IMD GRID MODEL
Andhra Pradesh,Srikakulam,04-12-2021,2021,12,26.62278548,IMD GRID MODEL
Andhra Pradesh,Srikakulam,08-12-2021,2021,12,0,IMD GRID MODEL
Andhra Pradesh,Srikakulam,12-12-2021,2021,12,0.012558613,IMD GRID MODEL
Andhra Pradesh,Srikakulam,15-12-2021,2021,12,0,IMD GRID MODEL
Andhra Pradesh,Srikakulam,17-12-2021,2021,12,0,IMD GRID MODEL
Andhra Pradesh,Srikakulam,18-12-2021,2021,12,0,IMD GRID MODEL
Andhra Pradesh,Srikakulam,22-12-2021,2021,12,0,IMD GRID MODEL
Andhra Pradesh,Srikakulam,23-12-2021,2021,12,0,IMD GRID MODEL
Andhra Pradesh,Srikakulam,26-12-2021,2021,12,0,IMD GRID MODEL
Andhra Pradesh,Srikakulam,29-12-2021,2021,12,0,IMD GRID MODEL
Andhra Pradesh,Srikakulam,30-12-2021,2021,12,0.214624313,IMD GRID MODEL
Andhra Pradesh,Visakhapatanam,01-01-2021,2021,1,0,IMD GRID MODEL
Andhra Pradesh,Visakhapatanam,13-01-2021,2021,1,0,IMD GRID MODEL
Andhra Pradesh,Visakhapatanam,25-01-2021,2021,1,0,IMD GRID MODEL
Andhra Pradesh,Visakhapatanam,07-02-2021,2021,2,0,IMD GRID MODEL
Andhra Pradesh,Visakhapatanam,17-02-2021,2021,2,0,IMD GRID MODEL
Andhra Pradesh,Visakhapatanam,10-03-2021,2021,3,0,IMD GRID MODEL
Andhra Pradesh,Visakhapatanam,11-03-2021,2021,3,0,IMD GRID MODEL
Andhra Pradesh,Visakhapatanam,17-03-2021,2021,3,0,IMD GRID MODEL
Andhra Pradesh,Visakhapatanam,19-03-2021,2021,3,0,IMD GRID MODEL
Andhra Pradesh,Visakhapatanam,25-03-2021,2021,3,0,IMD GRID MODEL
Andhra Pradesh,Visakhapatanam,29-03-2021,2021,3,0,IMD GRID MODEL
Andhra Pradesh,Visakhapatanam,05-04-2021,2021,4,0,IMD GRID MODEL
Andhra Pradesh,Visakhapatanam,16-04-2021,2021,4,0.116446462,IMD GRID MODEL
Andhra Pradesh,Visakhapatanam,22-04-2021,2021,4,1.319482806,IMD GRID MODEL
Andhra Pradesh,Visakhapatanam,26-04-2021,2021,4,0,IMD GRID MODEL
Andhra Pradesh,Visakhapatanam,27-04-2021,2021,4,6.005883269,IMD GRID MODEL
Andhra Pradesh,Visakhapatanam,02-05-2021,2021,5,1.176682007,IMD GRID MODEL
Andhra Pradesh,Visakhapatanam,05-05-2021,2021,5,3.999460545,IMD GRID MODEL
Andhra Pradesh,Visakhapatanam,09-05-2021,2021,5,6.296030938,IMD GRID MODEL
Andhra Pradesh,Visakhapatanam,14-05-2021,2021,5,0.000215572,IMD GRID MODEL
Andhra Pradesh,Visakhapatanam,19-05-2021,2021,5,0.073391821,IMD GRID MODEL
Andhra Pradesh,Visakhapatanam,20-05-2021,2021,5,1.374012462,IMD GRID MODEL
Andhra Pradesh,Visakhapatanam,21-05-2021,2021,5,3.60790688,IMD GRID MODEL
Andhra Pradesh,Visakhapatanam,24-05-2021,2021,5,4.53E-05,IMD GRID MODEL
Andhra Pradesh,Visakhapatanam,28-05-2021,2021,5,0,IMD GRID MODEL
Andhra Pradesh,Visakhapatanam,31-05-2021,2021,5,0.024146303,IMD GRID MODEL
Andhra Pradesh,Visakhapatanam,04-06-2021,2021,6,7.89829,IMD GRID MODEL
Andhra Pradesh,Visakhapatanam,13-06-2021,2021,6,0.699401725,IMD GRID MODEL
Andhra Pradesh,Visakhapatanam,14-06-2021,2021,6,4.869443659,IMD GRID MODEL
Andhra Pradesh,Visakhapatanam,17-06-2021,2021,6,1.1511057,IMD GRID MODEL
Andhra Pradesh,Visakhapatanam,19-06-2021,2021,6,0.424687092,IMD GRID MODEL
Andhra Pradesh,Visakhapatanam,03-07-2021,2021,7,8.583052667,IMD GRID MODEL
Andhra Pradesh,Visakhapatanam,05-07-2021,2021,7,18.81822432,IMD GRID MODEL
Andhra Pradesh,Visakhapatanam,07-07-2021,2021,7,6.866095902,IMD GRID MODEL
Andhra Pradesh,Visakhapatanam,09-07-2021,2021,7,0.880149107,IMD GRID MODEL
Andhra Pradesh,Visakhapatanam,10-07-2021,2021,7,0.140129623,IMD GRID MODEL
Andhra Pradesh,Visakhapatanam,13-07-2021,2021,7,8.277621765,IMD GRID MODEL
Andhra Pradesh,Visakhapatanam,16-07-2021,2021,7,1.798388873,IMD GRID MODEL
Andhra Pradesh,Visakhapatanam,17-07-2021,2021,7,0.141528546,IMD GRID MODEL
Andhra Pradesh,Visakhapatanam,18-07-2021,2021,7,0.81201417,IMD GRID MODEL
Andhra Pradesh,Visakhapatanam,19-07-2021,2021,7,3.173090458,IMD GRID MODEL
Andhra Pradesh,Visakhapatanam,20-07-2021,2021,7,7.971764804,IMD GRID MODEL
Andhra Pradesh,Visakhapatanam,25-07-2021,2021,7,1.791124897,IMD GRID MODEL
Andhra Pradesh,Visakhapatanam,31-07-2021,2021,7,0.184683354,IMD GRID MODEL
Andhra Pradesh,Visakhapatanam,01-08-2021,2021,8,1.016145406,IMD GRID MODEL
Andhra Pradesh,Visakhapatanam,10-08-2021,2021,8,0.500594865,IMD GRID MODEL
Andhra Pradesh,Visakhapatanam,12-08-2021,2021,8,6.911433321,IMD GRID MODEL
Andhra Pradesh,Visakhapatanam,13-08-2021,2021,8,10.14517625,IMD GRID MODEL
Andhra Pradesh,Visakhapatanam,14-08-2021,2021,8,19.37699961,IMD GRID MODEL
Andhra Pradesh,Visakhapatanam,17-08-2021,2021,8,11.71811098,IMD GRID MODEL
Andhra Pradesh,Visakhapatanam,20-08-2021,2021,8,11.52834442,IMD GRID MODEL
Andhra Pradesh,Visakhapatanam,21-08-2021,2021,8,1.282795486,IMD GRID MODEL
Andhra Pradesh,Visakhapatanam,30-08-2021,2021,8,8.099842576,IMD GRID MODEL
Andhra Pradesh,Visakhapatanam,04-09-2021,2021,9,1.752263534,IMD GRID MODEL
Andhra Pradesh,Visakhapatanam,18-09-2021,2021,9,5.097434671,IMD GRID MODEL
Andhra Pradesh,Visakhapatanam,19-09-2021,2021,9,7.870877953,IMD GRID MODEL
Andhra Pradesh,Visakhapatanam,20-09-2021,2021,9,6.662881955,IMD GRID MODEL
Andhra Pradesh,Visakhapatanam,22-09-2021,2021,9,0.023668204,IMD GRID MODEL
Andhra Pradesh,Visakhapatanam,26-09-2021,2021,9,9.716804117,IMD GRID MODEL
Andhra Pradesh,Visakhapatanam,02-10-2021,2021,10,0.279768094,IMD GRID MODEL
Andhra Pradesh,Visakhapatanam,06-10-2021,2021,10,0.540469432,IMD GRID MODEL
Andhra Pradesh,Visakhapatanam,07-10-2021,2021,10,2.439862251,IMD GRID MODEL
Andhra Pradesh,Visakhapatanam,17-10-2021,2021,10,22.10458584,IMD GRID MODEL
Andhra Pradesh,Visakhapatanam,21-10-2021,2021,10,0.345748321,IMD GRID MODEL
Andhra Pradesh,Visakhapatanam,23-10-2021,2021,10,10.32300627,IMD GRID MODEL
Andhra Pradesh,Visakhapatanam,29-10-2021,2021,10,0,IMD GRID MODEL
Andhra Pradesh,Visakhapatanam,08-11-2021,2021,11,0,IMD GRID MODEL
Andhra Pradesh,Visakhapatanam,12-11-2021,2021,11,9.089407519,IMD GRID MODEL
Andhra Pradesh,Visakhapatanam,23-11-2021,2021,11,10.17387926,IMD GRID MODEL
Andhra Pradesh,Visakhapatanam,28-11-2021,2021,11,0.066866754,IMD GRID MODEL
Andhra Pradesh,Visakhapatanam,03-12-2021,2021,12,0.066866754,IMD GRID MODEL
Andhra Pradesh,Visakhapatanam,28-12-2021,2021,12,0,IMD GRID MODEL
Andhra Pradesh,Visakhapatanam,29-12-2021,2021,12,3.41E-05,IMD GRID MODEL
Andhra Pradesh,Visakhapatanam,31-12-2021,2021,12,2.27E-05,IMD GRID MODEL
Andhra Pradesh,Visakhapatanam,14-01-2021,2021,1,0,IMD GRID MODEL
Andhra Pradesh,Visakhapatanam,03-06-2021,2021,6,15.13020595,IMD GRID MODEL
Andhra Pradesh,Visakhapatanam,16-10-2021,2021,10,15.41430942,IMD GRID MODEL
Andhra Pradesh,Vizianagaram,01-01-2021,2021,1,0,IMD GRID MODEL
Andhra Pradesh,Vizianagaram,03-01-2021,2021,1,0,IMD GRID MODEL
Andhra Pradesh,Vizianagaram,10-01-2021,2021,1,0,IMD GRID MODEL
Andhra Pradesh,Vizianagaram,11-01-2021,2021,1,0,IMD GRID MODEL
Andhra Pradesh,Vizianagaram,16-01-2021,2021,1,0,IMD GRID MODEL
Andhra Pradesh,Vizianagaram,29-01-2021,2021,1,0.002349366,IMD GRID MODEL
Andhra Pradesh,Vizianagaram,01-02-2021,2021,2,0,IMD GRID MODEL
Andhra Pradesh,Vizianagaram,08-02-2021,2021,2,0,IMD GRID MODEL
Andhra Pradesh,Vizianagaram,09-02-2021,2021,2,0,IMD GRID MODEL
Andhra Pradesh,Vizianagaram,15-02-2021,2021,2,0,IMD GRID MODEL
Andhra Pradesh,Vizianagaram,21-02-2021,2021,2,0.010020443,IMD GRID MODEL
Andhra Pradesh,Vizianagaram,24-02-2021,2021,2,0,IMD GRID MODEL
Andhra Pradesh,Vizianagaram,26-02-2021,2021,2,0,IMD GRID MODEL
Andhra Pradesh,Vizianagaram,04-03-2021,2021,3,0,IMD GRID MODEL
Andhra Pradesh,Vizianagaram,12-03-2021,2021,3,0.145942457,IMD GRID MODEL
Andhra Pradesh,Vizianagaram,14-03-2021,2021,3,0,IMD GRID MODEL
Andhra Pradesh,Vizianagaram,26-03-2021,2021,3,0,IMD GRID MODEL
Andhra Pradesh,Vizianagaram,01-04-2021,2021,4,0,IMD GRID MODEL
Andhra Pradesh,Vizianagaram,16-04-2021,2021,4,0.002032594,IMD GRID MODEL
Andhra Pradesh,Vizianagaram,20-04-2021,2021,4,11.40941227,IMD GRID MODEL
Andhra Pradesh,Vizianagaram,08-05-2021,2021,5,5.868945061,IMD GRID MODEL
Andhra Pradesh,Vizianagaram,09-05-2021,2021,5,0.649439481,IMD GRID MODEL
Andhra Pradesh,Vizianagaram,15-05-2021,2021,5,2.091471349,IMD GRID MODEL
Andhra Pradesh,Vizianagaram,23-05-2021,2021,5,10.17761212,IMD GRID MODEL
Andhra Pradesh,Vizianagaram,25-05-2021,2021,5,0,IMD GRID MODEL
Andhra Pradesh,Vizianagaram,28-05-2021,2021,5,0,IMD GRID MODEL
Andhra Pradesh,Kurnool,26-03-2021,2021,3,0,IMD GRID MODEL
Andhra Pradesh,Kurnool,28-03-2021,2021,3,0.000622166,IMD GRID MODEL
Andhra Pradesh,Kurnool,07-04-2021,2021,4,0,IMD GRID MODEL
Andhra Pradesh,Kurnool,10-04-2021,2021,4,0,IMD GRID MODEL
Andhra Pradesh,Kurnool,11-04-2021,2021,4,0,IMD GRID MODEL
Andhra Pradesh,Kurnool,12-04-2021,2021,4,0,IMD GRID MODEL
Andhra Pradesh,Kurnool,16-04-2021,2021,4,0.414123287,IMD GRID MODEL
Andhra Pradesh,Kurnool,28-04-2021,2021,4,0.000246172,IMD GRID MODEL
Andhra Pradesh,Kurnool,30-04-2021,2021,4,0.53706506,IMD GRID MODEL
Andhra Pradesh,Kurnool,12-05-2021,2021,5,18.1029746,IMD GRID MODEL
Andhra Pradesh,Kurnool,22-05-2021,2021,5,18.85248057,IMD GRID MODEL
Andhra Pradesh,Kurnool,02-06-2021,2021,6,1.523574751,IMD GRID MODEL
Andhra Pradesh,Kurnool,08-06-2021,2021,6,0,IMD GRID MODEL
Andhra Pradesh,Kurnool,09-06-2021,2021,6,0.001859762,IMD GRID MODEL
Andhra Pradesh,Kurnool,27-06-2021,2021,6,25.76699375,IMD GRID MODEL
Andhra Pradesh,Kurnool,01-07-2021,2021,7,0.034423391,IMD GRID MODEL
Andhra Pradesh,Kurnool,10-07-2021,2021,7,14.60768768,IMD GRID MODEL
Andhra Pradesh,Kurnool,24-07-2021,2021,7,0.021271616,IMD GRID MODEL
Andhra Pradesh,Kurnool,25-07-2021,2021,7,0.018840661,IMD GRID MODEL
Andhra Pradesh,Kurnool,31-07-2021,2021,7,0.766380003,IMD GRID MODEL
Andhra Pradesh,Kurnool,02-08-2021,2021,8,0.214280425,IMD GRID MODEL
Andhra Pradesh,Kurnool,05-08-2021,2021,8,1.616096625,IMD GRID MODEL
Andhra Pradesh,Kurnool,13-08-2021,2021,8,1.948852476,IMD GRID MODEL
Andhra Pradesh,Kurnool,16-08-2021,2021,8,2.686647087,IMD GRID MODEL
Andhra Pradesh,Kurnool,21-08-2021,2021,8,0,IMD GRID MODEL
Andhra Pradesh,Kurnool,23-08-2021,2021,8,9.36135445,IMD GRID MODEL
Andhra Pradesh,Kurnool,26-08-2021,2021,8,0.576508363,IMD GRID MODEL
Andhra Pradesh,Kurnool,27-08-2021,2021,8,0.06983566,IMD GRID MODEL
Andhra Pradesh,Kurnool,04-09-2021,2021,9,8.970312473,IMD GRID MODEL
Andhra Pradesh,Kurnool,07-09-2021,2021,9,4.920202559,IMD GRID MODEL
Andhra Pradesh,Kurnool,08-09-2021,2021,9,0.135212068,IMD GRID MODEL
Andhra Pradesh,Kurnool,13-09-2021,2021,9,0.000931476,IMD GRID MODEL
Andhra Pradesh,Kurnool,15-09-2021,2021,9,0.219421697,IMD GRID MODEL
Andhra Pradesh,Kurnool,18-09-2021,2021,9,0,IMD GRID MODEL
Andhra Pradesh,Kurnool,21-09-2021,2021,9,3.859087171,IMD GRID MODEL
Andhra Pradesh,Kurnool,24-09-2021,2021,9,3.734402435,IMD GRID MODEL
Andhra Pradesh,Kurnool,02-10-2021,2021,10,4.935143151,IMD GRID MODEL
Andhra Pradesh,Kurnool,06-10-2021,2021,10,5.47196394,IMD GRID MODEL
Andhra Pradesh,Kurnool,10-10-2021,2021,10,3.470980418,IMD GRID MODEL
Andhra Pradesh,Kurnool,11-10-2021,2021,10,2.692797515,IMD GRID MODEL
Andhra Pradesh,Kurnool,12-10-2021,2021,10,0.618271546,IMD GRID MODEL
Andhra Pradesh,Kurnool,17-10-2021,2021,10,0.143394433,IMD GRID MODEL
Andhra Pradesh,Kurnool,23-10-2021,2021,10,1.556604632,IMD GRID MODEL
Andhra Pradesh,Kurnool,05-11-2021,2021,11,1.553319412,IMD GRID MODEL
Andhra Pradesh,Kurnool,08-11-2021,2021,11,0.005731377,IMD GRID MODEL
Andhra Pradesh,Kurnool,15-11-2021,2021,11,3.013132031,IMD GRID MODEL
Andhra Pradesh,Kurnool,18-11-2021,2021,11,7.987081922,IMD GRID MODEL
Andhra Pradesh,Kurnool,20-11-2021,2021,11,9.465223149,IMD GRID MODEL
Andhra Pradesh,Kurnool,26-11-2021,2021,11,0,IMD GRID MODEL
Andhra Pradesh,Kurnool,27-11-2021,2021,11,0,IMD GRID MODEL
Andhra Pradesh,Kurnool,29-11-2021,2021,11,4.661964238,IMD GRID MODEL
Andhra Pradesh,Kurnool,05-12-2021,2021,12,0,IMD GRID MODEL
Andhra Pradesh,Kurnool,07-12-2021,2021,12,0,IMD GRID MODEL
Andhra Pradesh,Kurnool,13-12-2021,2021,12,0.004794763,IMD GRID MODEL
Andhra Pradesh,Kurnool,14-12-2021,2021,12,0.013594255,IMD GRID MODEL
Andhra Pradesh,Kurnool,19-12-2021,2021,12,0,IMD GRID MODEL
Andhra Pradesh,Kurnool,27-12-2021,2021,12,0,IMD GRID MODEL
Andhra Pradesh,Prakasam,08-01-2021,2021,1,0.224906332,IMD GRID MODEL
Andhra Pradesh,Prakasam,16-01-2021,2021,1,0,IMD GRID MODEL
Andhra Pradesh,Prakasam,19-01-2021,2021,1,0,IMD GRID MODEL
Andhra Pradesh,Prakasam,23-01-2021,2021,1,0,IMD GRID MODEL
Andhra Pradesh,Prakasam,26-01-2021,2021,1,0,IMD GRID MODEL
Andhra Pradesh,Prakasam,02-02-2021,2021,2,0,IMD GRID MODEL
Andhra Pradesh,Prakasam,04-02-2021,2021,2,0,IMD GRID MODEL
Andhra Pradesh,Prakasam,07-02-2021,2021,2,0,IMD GRID MODEL
Andhra Pradesh,Prakasam,12-02-2021,2021,2,0,IMD GRID MODEL
Andhra Pradesh,Prakasam,05-03-2021,2021,3,0,IMD GRID MODEL
Andhra Pradesh,Prakasam,06-03-2021,2021,3,0,IMD GRID MODEL
Andhra Pradesh,Prakasam,16-03-2021,2021,3,0,IMD GRID MODEL
Andhra Pradesh,Prakasam,18-03-2021,2021,3,0,IMD GRID MODEL
Andhra Pradesh,Prakasam,22-03-2021,2021,3,0,IMD GRID MODEL
Andhra Pradesh,Prakasam,25-03-2021,2021,3,0,IMD GRID MODEL
Andhra Pradesh,Prakasam,29-03-2021,2021,3,0,IMD GRID MODEL
Andhra Pradesh,Prakasam,30-03-2021,2021,3,0,IMD GRID MODEL
Andhra Pradesh,Prakasam,01-04-2021,2021,4,0,IMD GRID MODEL
Andhra Pradesh,Prakasam,31-03-2021,2021,3,0,IMD GRID MODEL
Andhra Pradesh,Prakasam,02-04-2021,2021,4,0,IMD GRID MODEL
Andhra Pradesh,Prakasam,03-04-2021,2021,4,0,IMD GRID MODEL
Andhra Pradesh,Prakasam,09-04-2021,2021,4,0,IMD GRID MODEL
Andhra Pradesh,Prakasam,10-04-2021,2021,4,0,IMD GRID MODEL
Andhra Pradesh,Prakasam,18-04-2021,2021,4,0,IMD GRID MODEL
Andhra Pradesh,Prakasam,21-04-2021,2021,4,0,IMD GRID MODEL
Andhra Pradesh,Prakasam,22-04-2021,2021,4,7.782406745,IMD GRID MODEL
Andhra Pradesh,Prakasam,08-05-2021,2021,5,0.328975781,IMD GRID MODEL
Andhra Pradesh,Prakasam,10-05-2021,2021,5,0,IMD GRID MODEL
Andhra Pradesh,Prakasam,12-05-2021,2021,5,14.54183069,IMD GRID MODEL
Andhra Pradesh,Prakasam,25-05-2021,2021,5,0,IMD GRID MODEL
Andhra Pradesh,Prakasam,30-05-2021,2021,5,0.052706352,IMD GRID MODEL
Andhra Pradesh,Prakasam,04-06-2021,2021,6,1.778491105,IMD GRID MODEL
Andhra Pradesh,Prakasam,21-06-2021,2021,6,0.170299491,IMD GRID MODEL
Andhra Pradesh,Prakasam,22-06-2021,2021,6,0.028324209,IMD GRID MODEL
Andhra Pradesh,Prakasam,26-06-2021,2021,6,0.035781968,IMD GRID MODEL
Andhra Pradesh,Prakasam,05-07-2021,2021,7,10.91302669,IMD GRID MODEL
Andhra Pradesh,Prakasam,07-07-2021,2021,7,0.830470677,IMD GRID MODEL
Andhra Pradesh,Prakasam,10-07-2021,2021,7,7.776144252,IMD GRID MODEL
Andhra Pradesh,Prakasam,16-07-2021,2021,7,22.0460453,IMD GRID MODEL
Andhra Pradesh,Prakasam,18-07-2021,2021,7,4.377618513,IMD GRID MODEL
Andhra Pradesh,Prakasam,14-07-2021,2021,7,5.283529727,IMD GRID MODEL
Andhra Pradesh,Prakasam,23-07-2021,2021,7,11.6009217,IMD GRID MODEL
Andhra Pradesh,Prakasam,24-07-2021,2021,7,0.925183754,IMD GRID MODEL
Andhra Pradesh,Prakasam,06-08-2021,2021,8,0.551697817,IMD GRID MODEL
Andhra Pradesh,Prakasam,09-08-2021,2021,8,0.937770221,IMD GRID MODEL
Andhra Pradesh,Prakasam,12-08-2021,2021,8,3.876434292,IMD GRID MODEL
Andhra Pradesh,Prakasam,13-08-2021,2021,8,11.94572333,IMD GRID MODEL
Andhra Pradesh,Prakasam,18-08-2021,2021,8,0.60723488,IMD GRID MODEL
Andhra Pradesh,Prakasam,24-08-2021,2021,8,5.728623867,IMD GRID MODEL
Andhra Pradesh,Prakasam,05-09-2021,2021,9,2.468335854,IMD GRID MODEL
Andhra Pradesh,Prakasam,12-09-2021,2021,9,0.191028762,IMD GRID MODEL
Andhra Pradesh,Prakasam,14-09-2021,2021,9,3.215654619,IMD GRID MODEL
Andhra Pradesh,Prakasam,26-09-2021,2021,9,17.63951226,IMD GRID MODEL
Andhra Pradesh,Prakasam,27-09-2021,2021,9,3.132529183,IMD GRID MODEL
Andhra Pradesh,Prakasam,30-09-2021,2021,9,1.356784898,IMD GRID MODEL
Andhra Pradesh,Prakasam,02-10-2021,2021,10,0.672329263,IMD GRID MODEL
Andhra Pradesh,Prakasam,03-10-2021,2021,10,1.221035994,IMD GRID MODEL
Andhra Pradesh,Prakasam,10-10-2021,2021,10,0.43004753,IMD GRID MODEL
Andhra Pradesh,Prakasam,12-10-2021,2021,10,0.000476269,IMD GRID MODEL
Andhra Pradesh,Prakasam,24-10-2021,2021,10,5.229548536,IMD GRID MODEL
Andhra Pradesh,Prakasam,04-11-2021,2021,11,13.49799656,IMD GRID MODEL
Andhra Pradesh,Prakasam,10-11-2021,2021,11,0.010498463,IMD GRID MODEL
Andhra Pradesh,West Godavari,19-10-2021,2021,10,1.618996232,IMD GRID MODEL
Andhra Pradesh,West Godavari,31-10-2021,2021,10,8.306746022,IMD GRID MODEL
Andhra Pradesh,West Godavari,07-11-2021,2021,11,3.575336858,IMD GRID MODEL
Andhra Pradesh,West Godavari,08-11-2021,2021,11,0,IMD GRID MODEL
Andhra Pradesh,West Godavari,12-11-2021,2021,11,12.39736466,IMD GRID MODEL
Andhra Pradesh,West Godavari,19-11-2021,2021,11,10.2636744,IMD GRID MODEL
Andhra Pradesh,West Godavari,25-11-2021,2021,11,0.817540249,IMD GRID MODEL
Andhra Pradesh,West Godavari,26-11-2021,2021,11,0,IMD GRID MODEL
Andhra Pradesh,West Godavari,30-11-2021,2021,11,0,IMD GRID MODEL
Andhra Pradesh,West Godavari,02-12-2021,2021,12,0,IMD GRID MODEL
Andhra Pradesh,West Godavari,06-12-2021,2021,12,0,IMD GRID MODEL
Andhra Pradesh,West Godavari,08-12-2021,2021,12,0,IMD GRID MODEL
Andhra Pradesh,West Godavari,13-12-2021,2021,12,0.036873128,IMD GRID MODEL
Andhra Pradesh,West Godavari,16-12-2021,2021,12,0,IMD GRID MODEL
Andhra Pradesh,Y.S.R.,05-01-2021,2021,1,0.029228153,IMD GRID MODEL
Andhra Pradesh,Y.S.R.,09-01-2021,2021,1,3.02510609,IMD GRID MODEL
Andhra Pradesh,Y.S.R.,11-01-2021,2021,1,0,IMD GRID MODEL
Andhra Pradesh,Y.S.R.,12-01-2021,2021,1,0,IMD GRID MODEL
Andhra Pradesh,Y.S.R.,13-01-2021,2021,1,0,IMD GRID MODEL
Andhra Pradesh,Y.S.R.,15-01-2021,2021,1,0,IMD GRID MODEL
Andhra Pradesh,Y.S.R.,16-01-2021,2021,1,0,IMD GRID MODEL
Andhra Pradesh,Y.S.R.,19-01-2021,2021,1,0,IMD GRID MODEL
Andhra Pradesh,Y.S.R.,26-01-2021,2021,1,0,IMD GRID MODEL
Andhra Pradesh,Y.S.R.,29-01-2021,2021,1,0,IMD GRID MODEL
Andhra Pradesh,Y.S.R.,04-02-2021,2021,2,0,IMD GRID MODEL
Andhra Pradesh,Y.S.R.,02-02-2021,2021,2,0,IMD GRID MODEL
Andhra Pradesh,Y.S.R.,07-02-2021,2021,2,0,IMD GRID MODEL
Andhra Pradesh,Y.S.R.,12-02-2021,2021,2,0,IMD GRID MODEL
Andhra Pradesh,Y.S.R.,13-02-2021,2021,2,0,IMD GRID MODEL
Andhra Pradesh,Y.S.R.,17-02-2021,2021,2,0,IMD GRID MODEL
Andhra Pradesh,Y.S.R.,22-02-2021,2021,2,1.688963237,IMD GRID MODEL
Andhra Pradesh,Y.S.R.,23-02-2021,2021,2,0,IMD GRID MODEL
Andhra Pradesh,Y.S.R.,25-02-2021,2021,2,0,IMD GRID MODEL
Andhra Pradesh,Y.S.R.,26-02-2021,2021,2,0,IMD GRID MODEL
Andhra Pradesh,Y.S.R.,09-03-2021,2021,3,0,IMD GRID MODEL
Andhra Pradesh,Y.S.R.,10-03-2021,2021,3,0,IMD GRID MODEL
Andhra Pradesh,Y.S.R.,13-03-2021,2021,3,0,IMD GRID MODEL
Andhra Pradesh,Y.S.R.,14-03-2021,2021,3,0,IMD GRID MODEL
Andhra Pradesh,Y.S.R.,30-03-2021,2021,3,0,IMD GRID MODEL
Andhra Pradesh,Y.S.R.,01-04-2021,2021,4,0,IMD GRID MODEL
Andhra Pradesh,Y.S.R.,02-04-2021,2021,4,0,IMD GRID MODEL
Andhra Pradesh,Y.S.R.,03-04-2021,2021,4,0,IMD GRID MODEL
Andhra Pradesh,Y.S.R.,05-04-2021,2021,4,0.0067465,IMD GRID MODEL
Andhra Pradesh,Y.S.R.,12-04-2021,2021,4,0,IMD GRID MODEL
Andhra Pradesh,Y.S.R.,14-04-2021,2021,4,0,IMD GRID MODEL
Andhra Pradesh,Y.S.R.,15-04-2021,2021,4,18.12353311,IMD GRID MODEL
Andhra Pradesh,Y.S.R.,18-04-2021,2021,4,0,IMD GRID MODEL
Andhra Pradesh,Y.S.R.,23-04-2021,2021,4,1.612832222,IMD GRID MODEL
Andhra Pradesh,Y.S.R.,27-04-2021,2021,4,0,IMD GRID MODEL
Andhra Pradesh,Y.S.R.,06-05-2021,2021,5,0.020056083,IMD GRID MODEL
Andhra Pradesh,Y.S.R.,07-05-2021,2021,5,0,IMD GRID MODEL
Andhra Pradesh,Y.S.R.,10-05-2021,2021,5,0,IMD GRID MODEL
Andhra Pradesh,Y.S.R.,13-05-2021,2021,5,0.190551001,IMD GRID MODEL
Andhra Pradesh,Y.S.R.,19-05-2021,2021,5,1.326414729,IMD GRID MODEL
Andhra Pradesh,Y.S.R.,22-05-2021,2021,5,24.20555623,IMD GRID MODEL
Andhra Pradesh,Y.S.R.,23-05-2021,2021,5,0,IMD GRID MODEL
Andhra Pradesh,Y.S.R.,27-05-2021,2021,5,0.006122141,IMD GRID MODEL
Andhra Pradesh,Y.S.R.,04-06-2021,2021,6,13.41999349,IMD GRID MODEL
Andhra Pradesh,Y.S.R.,09-06-2021,2021,6,0,IMD GRID MODEL
Andhra Pradesh,Y.S.R.,12-06-2021,2021,6,0.050022731,IMD GRID MODEL
Andhra Pradesh,Y.S.R.,13-06-2021,2021,6,0,IMD GRID MODEL
Andhra Pradesh,Y.S.R.,17-06-2021,2021,6,2.092935523,IMD GRID MODEL
Andhra Pradesh,Y.S.R.,19-06-2021,2021,6,0,IMD GRID MODEL
Andhra Pradesh,Y.S.R.,03-07-2021,2021,7,19.91795071,IMD GRID MODEL
Andhra Pradesh,Y.S.R.,08-07-2021,2021,7,6.418082908,IMD GRID MODEL
Andhra Pradesh,Y.S.R.,11-07-2021,2021,7,0.433760482,IMD GRID MODEL
Andhra Pradesh,Y.S.R.,19-07-2021,2021,7,15.02939117,IMD GRID MODEL
Andhra Pradesh,Y.S.R.,21-07-2021,2021,7,3.772186464,IMD GRID MODEL
Andhra Pradesh,Y.S.R.,24-07-2021,2021,7,0,IMD GRID MODEL
Andhra Pradesh,Y.S.R.,13-08-2021,2021,8,3.904463706,IMD GRID MODEL
Andhra Pradesh,Y.S.R.,24-08-2021,2021,8,1.375846036,IMD GRID MODEL
Andhra Pradesh,Y.S.R.,29-08-2021,2021,8,4.708770751,IMD GRID MODEL
Andhra Pradesh,Y.S.R.,06-09-2021,2021,9,9.490963315,IMD GRID MODEL
Andhra Pradesh,Y.S.R.,17-09-2021,2021,9,0,IMD GRID MODEL
Andhra Pradesh,Y.S.R.,19-09-2021,2021,9,0,IMD GRID MODEL
Andhra Pradesh,Y.S.R.,20-09-2021,2021,9,0,IMD GRID MODEL
Andhra Pradesh,Y.S.R.,22-09-2021,2021,9,10.93526415,IMD GRID MODEL
Andhra Pradesh,Y.S.R.,09-10-2021,2021,10,24.48431601,IMD GRID MODEL
Andhra Pradesh,Y.S.R.,10-10-2021,2021,10,1.849271817,IMD GRID MODEL
Andhra Pradesh,Y.S.R.,20-10-2021,2021,10,0.227527565,IMD GRID MODEL
Andhra Pradesh,Y.S.R.,28-10-2021,2021,10,0,IMD GRID MODEL
Andhra Pradesh,Y.S.R.,02-11-2021,2021,11,11.80576304,IMD GRID MODEL
Andhra Pradesh,Y.S.R.,06-11-2021,2021,11,1.689218982,IMD GRID MODEL
Andhra Pradesh,Y.S.R.,12-11-2021,2021,11,60.65242609,IMD GRID MODEL
Andhra Pradesh,Y.S.R.,16-11-2021,2021,11,10.73604606,IMD GRID MODEL
Andhra Pradesh,Y.S.R.,19-11-2021,2021,11,101.1578272,IMD GRID MODEL
Andhra Pradesh,Y.S.R.,29-11-2021,2021,11,48.63962059,IMD GRID MODEL
Andhra Pradesh,Y.S.R.,07-12-2021,2021,12,0,IMD GRID MODEL
Andhra Pradesh,Y.S.R.,08-12-2021,2021,12,0,IMD GRID MODEL
Andhra Pradesh,Y.S.R.,11-12-2021,2021,12,0.120442648,IMD GRID MODEL
Andhra Pradesh,Y.S.R.,21-12-2021,2021,12,0,IMD GRID MODEL
Andhra Pradesh,Y.S.R.,31-12-2021,2021,12,1.580526896,IMD GRID MODEL
Andhra Pradesh,Vizianagaram,06-06-2021,2021,6,0,IMD GRID MODEL
Andhra Pradesh,Vizianagaram,07-06-2021,2021,6,0,IMD GRID MODEL
Andhra Pradesh,Vizianagaram,10-06-2021,2021,6,6.129724931,IMD GRID MODEL
Andhra Pradesh,Vizianagaram,12-06-2021,2021,6,4.41953635,IMD GRID MODEL
Andhra Pradesh,Vizianagaram,15-06-2021,2021,6,0.078474557,IMD GRID MODEL
Andhra Pradesh,Vizianagaram,16-06-2021,2021,6,0.001508345,IMD GRID MODEL
Andhra Pradesh,Vizianagaram,17-06-2021,2021,6,0.425171213,IMD GRID MODEL
Andhra Pradesh,Vizianagaram,18-06-2021,2021,6,1.390250842,IMD GRID MODEL
Andhra Pradesh,Vizianagaram,24-06-2021,2021,6,5.828487123,IMD GRID MODEL
Andhra Pradesh,Vizianagaram,03-07-2021,2021,7,1.887869643,IMD GRID MODEL
Andhra Pradesh,Vizianagaram,12-07-2021,2021,7,8.277984324,IMD GRID MODEL
Andhra Pradesh,Vizianagaram,23-07-2021,2021,7,1.034116854,IMD GRID MODEL
Andhra Pradesh,Vizianagaram,24-07-2021,2021,7,1.472482669,IMD GRID MODEL
Andhra Pradesh,Vizianagaram,01-08-2021,2021,8,0.724263802,IMD GRID MODEL
Andhra Pradesh,Vizianagaram,04-08-2021,2021,8,0.1055697,IMD GRID MODEL
Andhra Pradesh,Vizianagaram,05-08-2021,2021,8,0.562709595,IMD GRID MODEL
Andhra Pradesh,Vizianagaram,08-08-2021,2021,8,11.27960025,IMD GRID MODEL
Andhra Pradesh,Vizianagaram,28-08-2021,2021,8,23.56959046,IMD GRID MODEL
Andhra Pradesh,Vizianagaram,06-09-2021,2021,9,59.54342369,IMD GRID MODEL
Andhra Pradesh,Vizianagaram,14-09-2021,2021,9,4.775865335,IMD GRID MODEL
Andhra Pradesh,Vizianagaram,21-09-2021,2021,9,1.576163073,IMD GRID MODEL
Andhra Pradesh,Vizianagaram,23-09-2021,2021,9,5.380975305,IMD GRID MODEL
Andhra Pradesh,Vizianagaram,25-09-2021,2021,9,1.106270795,IMD GRID MODEL
Andhra Pradesh,Vizianagaram,30-09-2021,2021,9,1.183967342,IMD GRID MODEL
Andhra Pradesh,Vizianagaram,01-10-2021,2021,10,0.307929212,IMD GRID MODEL
Andhra Pradesh,Vizianagaram,04-10-2021,2021,10,1.154416128,IMD GRID MODEL
Andhra Pradesh,Vizianagaram,06-10-2021,2021,10,3.390902344,IMD GRID MODEL
Andhra Pradesh,Vizianagaram,09-10-2021,2021,10,2.494006086,IMD GRID MODEL
Andhra Pradesh,Vizianagaram,12-10-2021,2021,10,0.083108086,IMD GRID MODEL
Andhra Pradesh,Vizianagaram,26-10-2021,2021,10,0,IMD GRID MODEL
Andhra Pradesh,Vizianagaram,04-11-2021,2021,11,6.090733534,IMD GRID MODEL
Andhra Pradesh,Vizianagaram,05-11-2021,2021,11,0.737571887,IMD GRID MODEL
Andhra Pradesh,Vizianagaram,15-11-2021,2021,11,1.882066285,IMD GRID MODEL
Andhra Pradesh,Vizianagaram,16-11-2021,2021,11,6.222478637,IMD GRID MODEL
Andhra Pradesh,Vizianagaram,19-11-2021,2021,11,0.000989298,IMD GRID MODEL
Andhra Pradesh,Vizianagaram,26-11-2021,2021,11,0,IMD GRID MODEL
Andhra Pradesh,Vizianagaram,28-11-2021,2021,11,0.017566222,IMD GRID MODEL
Andhra Pradesh,Vizianagaram,29-11-2021,2021,11,0,IMD GRID MODEL
Andhra Pradesh,Vizianagaram,18-12-2021,2021,12,0,IMD GRID MODEL
Andhra Pradesh,Vizianagaram,20-12-2021,2021,12,0,IMD GRID MODEL
Andhra Pradesh,Vizianagaram,23-12-2021,2021,12,0,IMD GRID MODEL
Andhra Pradesh,Vizianagaram,24-12-2021,2021,12,0,IMD GRID MODEL
Andhra Pradesh,West Godavari,03-01-2021,2021,1,0,IMD GRID MODEL
Andhra Pradesh,West Godavari,06-01-2021,2021,1,0,IMD GRID MODEL
Andhra Pradesh,West Godavari,09-01-2021,2021,1,0,IMD GRID MODEL
Andhra Pradesh,West Godavari,14-01-2021,2021,1,0,IMD GRID MODEL
Andhra Pradesh,West Godavari,17-01-2021,2021,1,0,IMD GRID MODEL
Andhra Pradesh,West Godavari,24-01-2021,2021,1,0,IMD GRID MODEL
Andhra Pradesh,West Godavari,25-01-2021,2021,1,0,IMD GRID MODEL
Andhra Pradesh,West Godavari,27-01-2021,2021,1,0,IMD GRID MODEL
Andhra Pradesh,West Godavari,02-02-2021,2021,2,0,IMD GRID MODEL
Andhra Pradesh,West Godavari,04-02-2021,2021,2,0,IMD GRID MODEL
Andhra Pradesh,West Godavari,07-02-2021,2021,2,0,IMD GRID MODEL
Andhra Pradesh,West Godavari,08-02-2021,2021,2,0,IMD GRID MODEL
Andhra Pradesh,West Godavari,10-02-2021,2021,2,0,IMD GRID MODEL
Andhra Pradesh,West Godavari,13-02-2021,2021,2,0,IMD GRID MODEL
Andhra Pradesh,West Godavari,19-02-2021,2021,2,0,IMD GRID MODEL
Andhra Pradesh,West Godavari,20-02-2021,2021,2,0.266297741,IMD GRID MODEL
Andhra Pradesh,West Godavari,22-02-2021,2021,2,0,IMD GRID MODEL
Andhra Pradesh,West Godavari,01-03-2021,2021,3,0,IMD GRID MODEL
Andhra Pradesh,West Godavari,02-03-2021,2021,3,0,IMD GRID MODEL
Andhra Pradesh,West Godavari,17-03-2021,2021,3,0,IMD GRID MODEL
Andhra Pradesh,West Godavari,22-03-2021,2021,3,0,IMD GRID MODEL
Andhra Pradesh,West Godavari,03-04-2021,2021,4,0,IMD GRID MODEL
Andhra Pradesh,West Godavari,06-04-2021,2021,4,0.107017871,IMD GRID MODEL
Andhra Pradesh,West Godavari,12-04-2021,2021,4,0,IMD GRID MODEL
Andhra Pradesh,West Godavari,16-04-2021,2021,4,0.05860758,IMD GRID MODEL
Andhra Pradesh,West Godavari,21-04-2021,2021,4,3.61E-05,IMD GRID MODEL
Andhra Pradesh,West Godavari,28-04-2021,2021,4,4.820678794,IMD GRID MODEL
Andhra Pradesh,West Godavari,01-05-2021,2021,5,0,IMD GRID MODEL
Andhra Pradesh,West Godavari,04-05-2021,2021,5,0.574212499,IMD GRID MODEL
Andhra Pradesh,West Godavari,06-05-2021,2021,5,0.450807046,IMD GRID MODEL
Andhra Pradesh,West Godavari,08-05-2021,2021,5,0.644576071,IMD GRID MODEL
Andhra Pradesh,West Godavari,10-05-2021,2021,5,0.043167164,IMD GRID MODEL
Andhra Pradesh,West Godavari,15-05-2021,2021,5,0.363187667,IMD GRID MODEL
Andhra Pradesh,West Godavari,16-05-2021,2021,5,3.659003689,IMD GRID MODEL
Andhra Pradesh,West Godavari,18-05-2021,2021,5,1.775536477,IMD GRID MODEL
Andhra Pradesh,West Godavari,26-05-2021,2021,5,0,IMD GRID MODEL
Andhra Pradesh,West Godavari,12-06-2021,2021,6,2.713674976,IMD GRID MODEL
Andhra Pradesh,West Godavari,18-06-2021,2021,6,7.146957687,IMD GRID MODEL
Andhra Pradesh,West Godavari,19-06-2021,2021,6,1.01154766,IMD GRID MODEL
Andhra Pradesh,West Godavari,09-07-2021,2021,7,0.26969946,IMD GRID MODEL
Andhra Pradesh,West Godavari,10-07-2021,2021,7,13.51316871,IMD GRID MODEL
Andhra Pradesh,West Godavari,12-07-2021,2021,7,15.82661165,IMD GRID MODEL
Andhra Pradesh,West Godavari,15-07-2021,2021,7,12.02216972,IMD GRID MODEL
Andhra Pradesh,West Godavari,20-07-2021,2021,7,3.102681106,IMD GRID MODEL
Andhra Pradesh,West Godavari,22-07-2021,2021,7,58.14031859,IMD GRID MODEL
Andhra Pradesh,West Godavari,25-07-2021,2021,7,0.406947995,IMD GRID MODEL
Andhra Pradesh,West Godavari,04-08-2021,2021,8,0.042113191,IMD GRID MODEL
Andhra Pradesh,West Godavari,07-08-2021,2021,8,0.994566863,IMD GRID MODEL
Andhra Pradesh,West Godavari,08-08-2021,2021,8,3.301109679,IMD GRID MODEL
Andhra Pradesh,West Godavari,18-08-2021,2021,8,5.720724502,IMD GRID MODEL
Andhra Pradesh,West Godavari,21-08-2021,2021,8,10.58573326,IMD GRID MODEL
Andhra Pradesh,West Godavari,25-08-2021,2021,8,0.115372558,IMD GRID MODEL
Andhra Pradesh,West Godavari,26-08-2021,2021,8,14.39271924,IMD GRID MODEL
Andhra Pradesh,West Godavari,30-08-2021,2021,8,2.489668013,IMD GRID MODEL
Andhra Pradesh,West Godavari,01-09-2021,2021,9,8.207328505,IMD GRID MODEL
Andhra Pradesh,West Godavari,07-09-2021,2021,9,55.06722377,IMD GRID MODEL
Andhra Pradesh,West Godavari,08-09-2021,2021,9,3.253764856,IMD GRID MODEL
Andhra Pradesh,West Godavari,20-09-2021,2021,9,7.989944756,IMD GRID MODEL
Andhra Pradesh,West Godavari,25-09-2021,2021,9,8.461840059,IMD GRID MODEL
Andhra Pradesh,West Godavari,27-09-2021,2021,9,85.39659396,IMD GRID MODEL
Andhra Pradesh,West Godavari,09-10-2021,2021,10,1.506555104,IMD GRID MODEL
Andhra Pradesh,West Godavari,13-10-2021,2021,10,10.15126205,IMD GRID MODEL
Andhra Pradesh,West Godavari,16-10-2021,2021,10,14.92797364,IMD GRID MODEL
