State,District,Date,Year,Month,Avg_rainfall,Agency_name
Andhra Pradesh,Vizianagaram,10-05-2025,2025,5,0.177453008,IMD GRID MODEL
Andhra Pradesh,Vizianagaram,23-05-2025,2025,5,13.17047732,IMD GRID MODEL
Andhra Pradesh,Vizianagaram,18-06-2025,2025,6,1.289408717,IMD GRID MODEL
Andhra Pradesh,West Godavari,05-01-2025,2025,1,0.001588623,IMD GRID MODEL
Andhra Pradesh,West Godavari,10-01-2025,2025,1,0.001878122,IMD GRID MODEL
Andhra Pradesh,West Godavari,11-01-2025,2025,1,0,IMD GRID MODEL
Andhra Pradesh,West Godavari,19-01-2025,2025,1,0,IMD GRID MODEL
Andhra Pradesh,West Godavari,23-01-2025,2025,1,0.030279655,IMD GRID MODEL
Andhra Pradesh,West Godavari,28-01-2025,2025,1,0,IMD GRID MODEL
Andhra Pradesh,West Godavari,04-02-2025,2025,2,0,IMD GRID MODEL
Andhra Pradesh,West Godavari,08-02-2025,2025,2,0,IMD GRID MODEL
Andhra Pradesh,West Godavari,09-02-2025,2025,2,0,IMD GRID MODEL
Andhra Pradesh,West Godavari,10-02-2025,2025,2,0,IMD GRID MODEL
Andhra Pradesh,West Godavari,13-02-2025,2025,2,9.12E-05,IMD GRID MODEL
Andhra Pradesh,West Godavari,14-02-2025,2025,2,0,IMD GRID MODEL
Andhra Pradesh,West Godavari,18-02-2025,2025,2,0,IMD GRID MODEL
Andhra Pradesh,West Godavari,27-02-2025,2025,2,0,IMD GRID MODEL
Andhra Pradesh,West Godavari,28-02-2025,2025,2,0,IMD GRID MODEL
Andhra Pradesh,West Godavari,02-03-2025,2025,3,0,IMD GRID MODEL
Andhra Pradesh,West Godavari,03-03-2025,2025,3,0.009235525,IMD GRID MODEL
Andhra Pradesh,West Godavari,04-03-2025,2025,3,0,IMD GRID MODEL
Andhra Pradesh,West Godavari,05-03-2025,2025,3,0.742446201,IMD GRID MODEL
Andhra Pradesh,West Godavari,09-03-2025,2025,3,0.000650957,IMD GRID MODEL
Andhra Pradesh,West Godavari,19-03-2025,2025,3,0,IMD GRID MODEL
Andhra Pradesh,West Godavari,24-03-2025,2025,3,0.001291346,IMD GRID MODEL
Andhra Pradesh,West Godavari,25-03-2025,2025,3,0.049724497,IMD GRID MODEL
Andhra Pradesh,West Godavari,26-03-2025,2025,3,0.001286659,IMD GRID MODEL
Andhra Pradesh,West Godavari,30-03-2025,2025,3,0,IMD GRID MODEL
Andhra Pradesh,West Godavari,31-03-2025,2025,3,0.003330773,IMD GRID MODEL
Andhra Pradesh,West Godavari,06-04-2025,2025,4,0.633101131,IMD GRID MODEL
Andhra Pradesh,West Godavari,12-04-2025,2025,4,1.06255746,IMD GRID MODEL
Andhra Pradesh,West Godavari,15-04-2025,2025,4,0,IMD GRID MODEL
Andhra Pradesh,West Godavari,25-04-2025,2025,4,0,IMD GRID MODEL
Andhra Pradesh,West Godavari,26-04-2025,2025,4,0.026200612,IMD GRID MODEL
Andhra Pradesh,West Godavari,29-04-2025,2025,4,0.015284059,IMD GRID MODEL
Andhra Pradesh,West Godavari,04-05-2025,2025,5,4.403132625,IMD GRID MODEL
Andhra Pradesh,West Godavari,07-05-2025,2025,5,0.778445492,IMD GRID MODEL
Andhra Pradesh,West Godavari,25-05-2025,2025,5,6.865923502,IMD GRID MODEL
Andhra Pradesh,West Godavari,29-05-2025,2025,5,5.362349019,IMD GRID MODEL
Andhra Pradesh,West Godavari,30-05-2025,2025,5,5.82317825,IMD GRID MODEL
Andhra Pradesh,West Godavari,12-06-2025,2025,6,2.313693146,IMD GRID MODEL
Andhra Pradesh,West Godavari,17-06-2025,2025,6,5.222636651,IMD GRID MODEL
Andhra Pradesh,West Godavari,18-06-2025,2025,6,0.333663609,IMD GRID MODEL
Andhra Pradesh,West Godavari,21-06-2025,2025,6,6.896809539,IMD GRID MODEL
Andhra Pradesh,West Godavari,22-06-2025,2025,6,20.63282027,IMD GRID MODEL
Andhra Pradesh,West Godavari,26-06-2025,2025,6,27.1896235,IMD GRID MODEL
Andhra Pradesh,Y.S.R.,05-01-2025,2025,1,0,IMD GRID MODEL
Andhra Pradesh,Y.S.R.,08-01-2025,2025,1,0,IMD GRID MODEL
Andhra Pradesh,Y.S.R.,11-01-2025,2025,1,0.075848492,IMD GRID MODEL
Andhra Pradesh,Y.S.R.,17-01-2025,2025,1,0.004911948,IMD GRID MODEL
Andhra Pradesh,Y.S.R.,23-01-2025,2025,1,0,IMD GRID MODEL
Andhra Pradesh,Y.S.R.,04-02-2025,2025,2,0.001797424,IMD GRID MODEL
Andhra Pradesh,Y.S.R.,17-02-2025,2025,2,0.00260289,IMD GRID MODEL
Andhra Pradesh,Y.S.R.,20-02-2025,2025,2,0.002159952,IMD GRID MODEL
Andhra Pradesh,Y.S.R.,22-02-2025,2025,2,0.000473887,IMD GRID MODEL
Andhra Pradesh,Y.S.R.,27-02-2025,2025,2,0.001471307,IMD GRID MODEL
Andhra Pradesh,Y.S.R.,05-03-2025,2025,3,0.016895252,IMD GRID MODEL
Andhra Pradesh,Y.S.R.,10-03-2025,2025,3,0.001407212,IMD GRID MODEL
Andhra Pradesh,Y.S.R.,14-03-2025,2025,3,0,IMD GRID MODEL
Andhra Pradesh,Y.S.R.,02-04-2025,2025,4,0.000545902,IMD GRID MODEL
Andhra Pradesh,Y.S.R.,03-04-2025,2025,4,0.000760175,IMD GRID MODEL
Andhra Pradesh,Y.S.R.,15-04-2025,2025,4,0.701508446,IMD GRID MODEL
Andhra Pradesh,Y.S.R.,18-04-2025,2025,4,0.067303453,IMD GRID MODEL
Andhra Pradesh,Y.S.R.,25-04-2025,2025,4,0.394261481,IMD GRID MODEL
Andhra Pradesh,Y.S.R.,27-04-2025,2025,4,0,IMD GRID MODEL
Andhra Pradesh,Y.S.R.,29-04-2025,2025,4,0.00769844,IMD GRID MODEL
Andhra Pradesh,Y.S.R.,07-05-2025,2025,5,5.006674039,IMD GRID MODEL
Andhra Pradesh,Y.S.R.,18-05-2025,2025,5,14.24279745,IMD GRID MODEL
Andhra Pradesh,Y.S.R.,19-05-2025,2025,5,10.47881528,IMD GRID MODEL
Andhra Pradesh,Y.S.R.,21-05-2025,2025,5,17.3958089,IMD GRID MODEL
Andhra Pradesh,Y.S.R.,25-05-2025,2025,5,0.009906502,IMD GRID MODEL
Andhra Pradesh,Y.S.R.,04-06-2025,2025,6,0.19953721,IMD GRID MODEL
Andhra Pradesh,Y.S.R.,11-06-2025,2025,6,2.759229083,IMD GRID MODEL
Andhra Pradesh,Y.S.R.,20-06-2025,2025,6,0.79490937,IMD GRID MODEL
Andhra Pradesh,Y.S.R.,23-06-2025,2025,6,4.089595335,IMD GRID MODEL
Andhra Pradesh,Y.S.R.,25-06-2025,2025,6,0.177402251,IMD GRID MODEL
Andhra Pradesh,Y.S.R.,27-06-2025,2025,6,0.644400405,IMD GRID MODEL
Andhra Pradesh,Y.S.R.,29-06-2025,2025,6,0.173619487,IMD GRID MODEL
Andhra Pradesh,Kurnool,14-04-2025,2025,4,0.287482164,IMD GRID MODEL
Andhra Pradesh,Kurnool,15-04-2025,2025,4,0.606952316,IMD GRID MODEL
Andhra Pradesh,Kurnool,18-04-2025,2025,4,0.284381688,IMD GRID MODEL
Andhra Pradesh,Kurnool,22-04-2025,2025,4,0,IMD GRID MODEL
Andhra Pradesh,Kurnool,24-04-2025,2025,4,0,IMD GRID MODEL
Andhra Pradesh,Kurnool,29-04-2025,2025,4,0.183009152,IMD GRID MODEL
Andhra Pradesh,Kurnool,02-05-2025,2025,5,0.379986479,IMD GRID MODEL
Andhra Pradesh,Kurnool,05-05-2025,2025,5,8.73E-05,IMD GRID MODEL
Andhra Pradesh,Kurnool,06-05-2025,2025,5,0.00272607,IMD GRID MODEL
Andhra Pradesh,Kurnool,08-05-2025,2025,5,2.132095081,IMD GRID MODEL
Andhra Pradesh,Kurnool,22-05-2025,2025,5,4.773554528,IMD GRID MODEL
Andhra Pradesh,Kurnool,23-05-2025,2025,5,0.047176887,IMD GRID MODEL
Andhra Pradesh,Kurnool,06-06-2025,2025,6,0,IMD GRID MODEL
Andhra Pradesh,Kurnool,14-06-2025,2025,6,0.581629308,IMD GRID MODEL
Andhra Pradesh,Kurnool,16-06-2025,2025,6,2.296241631,IMD GRID MODEL
Andhra Pradesh,Kurnool,18-06-2025,2025,6,0.156463813,IMD GRID MODEL
Andhra Pradesh,Kurnool,15-06-2025,2025,6,0.000282462,IMD GRID MODEL
Andhra Pradesh,Kurnool,20-06-2025,2025,6,0.205825356,IMD GRID MODEL
Andhra Pradesh,Kurnool,24-06-2025,2025,6,2.494071337,IMD GRID MODEL
Andhra Pradesh,Kurnool,26-06-2025,2025,6,2.084198862,IMD GRID MODEL
Andhra Pradesh,Kurnool,29-06-2025,2025,6,0.253125218,IMD GRID MODEL
Andhra Pradesh,Prakasam,06-01-2025,2025,1,0,IMD GRID MODEL
Andhra Pradesh,Prakasam,11-01-2025,2025,1,0.015958044,IMD GRID MODEL
Andhra Pradesh,Prakasam,12-01-2025,2025,1,0.001003874,IMD GRID MODEL
Andhra Pradesh,Prakasam,18-01-2025,2025,1,0,IMD GRID MODEL
Andhra Pradesh,Prakasam,25-01-2025,2025,1,0,IMD GRID MODEL
Andhra Pradesh,Prakasam,06-02-2025,2025,2,0,IMD GRID MODEL
Andhra Pradesh,Prakasam,13-02-2025,2025,2,0.000654614,IMD GRID MODEL
Andhra Pradesh,Prakasam,14-02-2025,2025,2,0,IMD GRID MODEL
Andhra Pradesh,Prakasam,17-02-2025,2025,2,0,IMD GRID MODEL
Andhra Pradesh,Prakasam,18-02-2025,2025,2,0,IMD GRID MODEL
Andhra Pradesh,Prakasam,22-02-2025,2025,2,3.39E-06,IMD GRID MODEL
Andhra Pradesh,Prakasam,26-02-2025,2025,2,5.08E-06,IMD GRID MODEL
Andhra Pradesh,Prakasam,01-03-2025,2025,3,-0.000349835,IMD GRID MODEL
Andhra Pradesh,Prakasam,09-03-2025,2025,3,0,IMD GRID MODEL
Andhra Pradesh,Prakasam,13-03-2025,2025,3,0,IMD GRID MODEL
Andhra Pradesh,Prakasam,26-03-2025,2025,3,0,IMD GRID MODEL
Andhra Pradesh,Prakasam,27-03-2025,2025,3,0,IMD GRID MODEL
Andhra Pradesh,Prakasam,07-04-2025,2025,4,0.003430053,IMD GRID MODEL
Andhra Pradesh,Prakasam,08-04-2025,2025,4,0.043975357,IMD GRID MODEL
Andhra Pradesh,Prakasam,11-04-2025,2025,4,0.606663191,IMD GRID MODEL
Andhra Pradesh,Prakasam,17-04-2025,2025,4,0.070325889,IMD GRID MODEL
Andhra Pradesh,Prakasam,20-04-2025,2025,4,0.058271439,IMD GRID MODEL
Andhra Pradesh,Prakasam,04-05-2025,2025,5,0.114185009,IMD GRID MODEL
Andhra Pradesh,Prakasam,06-05-2025,2025,5,0.8731723,IMD GRID MODEL
Andhra Pradesh,Prakasam,08-05-2025,2025,5,0.852577902,IMD GRID MODEL
Andhra Pradesh,Prakasam,18-05-2025,2025,5,11.60001727,IMD GRID MODEL
Andhra Pradesh,Prakasam,29-05-2025,2025,5,0.590737645,IMD GRID MODEL
Andhra Pradesh,Prakasam,30-05-2025,2025,5,1.816018284,IMD GRID MODEL
Andhra Pradesh,Prakasam,04-06-2025,2025,6,0.139094955,IMD GRID MODEL
Andhra Pradesh,Prakasam,11-06-2025,2025,6,0.286992036,IMD GRID MODEL
Andhra Pradesh,Prakasam,15-06-2025,2025,6,0.248320672,IMD GRID MODEL
Andhra Pradesh,Prakasam,30-06-2025,2025,6,4.282664343,IMD GRID MODEL
Andhra Pradesh,SPSR Nellore,03-01-2025,2025,1,0,IMD GRID MODEL
Andhra Pradesh,SPSR Nellore,08-01-2025,2025,1,0,IMD GRID MODEL
Andhra Pradesh,SPSR Nellore,09-01-2025,2025,1,0,IMD GRID MODEL
Andhra Pradesh,SPSR Nellore,14-01-2025,2025,1,1.387316341,IMD GRID MODEL
Andhra Pradesh,SPSR Nellore,15-01-2025,2025,1,0,IMD GRID MODEL
Andhra Pradesh,SPSR Nellore,18-01-2025,2025,1,0,IMD GRID MODEL
Andhra Pradesh,SPSR Nellore,02-02-2025,2025,2,0.000445121,IMD GRID MODEL
Andhra Pradesh,SPSR Nellore,07-02-2025,2025,2,0,IMD GRID MODEL
Andhra Pradesh,SPSR Nellore,13-02-2025,2025,2,0.000237193,IMD GRID MODEL
Andhra Pradesh,SPSR Nellore,14-02-2025,2025,2,0,IMD GRID MODEL
Andhra Pradesh,SPSR Nellore,20-02-2025,2025,2,0,IMD GRID MODEL
Andhra Pradesh,SPSR Nellore,01-03-2025,2025,3,0.08374487,IMD GRID MODEL
Andhra Pradesh,SPSR Nellore,02-03-2025,2025,3,-0.001521846,IMD GRID MODEL
Andhra Pradesh,SPSR Nellore,04-03-2025,2025,3,0.001924185,IMD GRID MODEL
Andhra Pradesh,SPSR Nellore,12-03-2025,2025,3,0.386992525,IMD GRID MODEL
Andhra Pradesh,SPSR Nellore,15-03-2025,2025,3,0,IMD GRID MODEL
Andhra Pradesh,SPSR Nellore,18-03-2025,2025,3,0,IMD GRID MODEL
Andhra Pradesh,SPSR Nellore,02-04-2025,2025,4,0,IMD GRID MODEL
Andhra Pradesh,SPSR Nellore,05-04-2025,2025,4,0.251685862,IMD GRID MODEL
Andhra Pradesh,SPSR Nellore,06-04-2025,2025,4,0.003104977,IMD GRID MODEL
Andhra Pradesh,SPSR Nellore,09-04-2025,2025,4,-0.004354854,IMD GRID MODEL
Andhra Pradesh,SPSR Nellore,10-04-2025,2025,4,0,IMD GRID MODEL
Andhra Pradesh,SPSR Nellore,14-04-2025,2025,4,0.538433196,IMD GRID MODEL
Andhra Pradesh,SPSR Nellore,19-04-2025,2025,4,0,IMD GRID MODEL
Andhra Pradesh,SPSR Nellore,22-04-2025,2025,4,0,IMD GRID MODEL
Andhra Pradesh,SPSR Nellore,25-04-2025,2025,4,0,IMD GRID MODEL
Andhra Pradesh,SPSR Nellore,01-05-2025,2025,5,0.132909903,IMD GRID MODEL
Andhra Pradesh,SPSR Nellore,06-05-2025,2025,5,0.023464835,IMD GRID MODEL
Andhra Pradesh,SPSR Nellore,09-05-2025,2025,5,5.50780581,IMD GRID MODEL
Andhra Pradesh,SPSR Nellore,03-05-2025,2025,5,0.883650748,IMD GRID MODEL
Andhra Pradesh,SPSR Nellore,19-05-2025,2025,5,10.20472244,IMD GRID MODEL
Andhra Pradesh,SPSR Nellore,31-05-2025,2025,5,0.475076375,IMD GRID MODEL
Andhra Pradesh,SPSR Nellore,10-06-2025,2025,6,0.020271187,IMD GRID MODEL
Andhra Pradesh,SPSR Nellore,11-06-2025,2025,6,0.243432571,IMD GRID MODEL
Andhra Pradesh,SPSR Nellore,12-06-2025,2025,6,1.23275409,IMD GRID MODEL
Andhra Pradesh,SPSR Nellore,16-06-2025,2025,6,3.249024194,IMD GRID MODEL
Andhra Pradesh,SPSR Nellore,17-06-2025,2025,6,0.014282489,IMD GRID MODEL
Andhra Pradesh,SPSR Nellore,20-06-2025,2025,6,1.164574476,IMD GRID MODEL
Andhra Pradesh,SPSR Nellore,21-06-2025,2025,6,5.802428973,IMD GRID MODEL
Andhra Pradesh,Srikakulam,13-01-2025,2025,1,0,IMD GRID MODEL
Andhra Pradesh,Srikakulam,12-01-2025,2025,1,0.001838527,IMD GRID MODEL
Andhra Pradesh,Srikakulam,22-01-2025,2025,1,0,IMD GRID MODEL
Andhra Pradesh,Srikakulam,05-02-2025,2025,2,0,IMD GRID MODEL
Andhra Pradesh,Srikakulam,10-02-2025,2025,2,0,IMD GRID MODEL
Andhra Pradesh,Srikakulam,16-02-2025,2025,2,0,IMD GRID MODEL
Andhra Pradesh,Srikakulam,19-02-2025,2025,2,0,IMD GRID MODEL
Andhra Pradesh,Srikakulam,22-02-2025,2025,2,0.002351039,IMD GRID MODEL
Andhra Pradesh,Srikakulam,28-02-2025,2025,2,0,IMD GRID MODEL
Andhra Pradesh,Srikakulam,03-03-2025,2025,3,0.09117135,IMD GRID MODEL
Andhra Pradesh,Srikakulam,04-03-2025,2025,3,0,IMD GRID MODEL
Andhra Pradesh,Srikakulam,14-03-2025,2025,3,0,IMD GRID MODEL
Andhra Pradesh,Srikakulam,19-03-2025,2025,3,0,IMD GRID MODEL
Andhra Pradesh,Srikakulam,21-03-2025,2025,3,0,IMD GRID MODEL
Andhra Pradesh,Srikakulam,23-03-2025,2025,3,0.035941637,IMD GRID MODEL
Andhra Pradesh,Srikakulam,27-03-2025,2025,3,0,IMD GRID MODEL
Andhra Pradesh,Srikakulam,28-03-2025,2025,3,0,IMD GRID MODEL
Andhra Pradesh,Srikakulam,06-04-2025,2025,4,0.169285745,IMD GRID MODEL
Andhra Pradesh,Srikakulam,08-04-2025,2025,4,0,IMD GRID MODEL
Andhra Pradesh,Srikakulam,17-04-2025,2025,4,0,IMD GRID MODEL
Andhra Pradesh,Srikakulam,22-04-2025,2025,4,0.001150067,IMD GRID MODEL
Andhra Pradesh,Srikakulam,25-04-2025,2025,4,0.076270361,IMD GRID MODEL
Andhra Pradesh,Srikakulam,29-04-2025,2025,4,5.181103771,IMD GRID MODEL
Andhra Pradesh,Srikakulam,07-05-2025,2025,5,0.188045129,IMD GRID MODEL
Andhra Pradesh,Srikakulam,17-05-2025,2025,5,2.292558305,IMD GRID MODEL
Andhra Pradesh,Srikakulam,23-05-2025,2025,5,4.97286211,IMD GRID MODEL
Andhra Pradesh,Srikakulam,25-05-2025,2025,5,0.312606196,IMD GRID MODEL
Andhra Pradesh,Srikakulam,26-05-2025,2025,5,3.197667549,IMD GRID MODEL
Andhra Pradesh,Srikakulam,29-05-2025,2025,5,9.239252538,IMD GRID MODEL
Andhra Pradesh,Srikakulam,11-06-2025,2025,6,6.775823853,IMD GRID MODEL
Andhra Pradesh,Srikakulam,21-06-2025,2025,6,0.022440358,IMD GRID MODEL
Andhra Pradesh,Srikakulam,24-06-2025,2025,6,5.401356912,IMD GRID MODEL
Andhra Pradesh,Visakhapatanam,02-01-2025,2025,1,0,IMD GRID MODEL
Andhra Pradesh,Visakhapatanam,04-01-2025,2025,1,0,IMD GRID MODEL
Andhra Pradesh,Visakhapatanam,05-01-2025,2025,1,0.001157078,IMD GRID MODEL
Andhra Pradesh,Visakhapatanam,08-01-2025,2025,1,0,IMD GRID MODEL
Andhra Pradesh,Visakhapatanam,15-01-2025,2025,1,0,IMD GRID MODEL
Andhra Pradesh,Visakhapatanam,16-01-2025,2025,1,0,IMD GRID MODEL
Andhra Pradesh,Visakhapatanam,20-01-2025,2025,1,0,IMD GRID MODEL
Andhra Pradesh,Visakhapatanam,19-01-2025,2025,1,0,IMD GRID MODEL
Andhra Pradesh,Visakhapatanam,03-02-2025,2025,2,0,IMD GRID MODEL
Andhra Pradesh,Visakhapatanam,04-02-2025,2025,2,0,IMD GRID MODEL
Andhra Pradesh,Visakhapatanam,05-02-2025,2025,2,0,IMD GRID MODEL
Andhra Pradesh,Visakhapatanam,06-02-2025,2025,2,0,IMD GRID MODEL
Andhra Pradesh,Visakhapatanam,07-02-2025,2025,2,0,IMD GRID MODEL
Andhra Pradesh,Visakhapatanam,09-02-2025,2025,2,0,IMD GRID MODEL
Andhra Pradesh,Visakhapatanam,26-02-2025,2025,2,6.66E-05,IMD GRID MODEL
Andhra Pradesh,Visakhapatanam,01-03-2025,2025,3,0,IMD GRID MODEL
Andhra Pradesh,Visakhapatanam,07-03-2025,2025,3,0.000124956,IMD GRID MODEL
Andhra Pradesh,Visakhapatanam,15-03-2025,2025,3,0,IMD GRID MODEL
Andhra Pradesh,Visakhapatanam,19-03-2025,2025,3,0,IMD GRID MODEL
Andhra Pradesh,Visakhapatanam,20-03-2025,2025,3,0,IMD GRID MODEL
Andhra Pradesh,Visakhapatanam,23-03-2025,2025,3,1.265071151,IMD GRID MODEL
Andhra Pradesh,Visakhapatanam,24-03-2025,2025,3,2.292642099,IMD GRID MODEL
Andhra Pradesh,Visakhapatanam,29-03-2025,2025,3,0.003726894,IMD GRID MODEL
Andhra Pradesh,Visakhapatanam,02-04-2025,2025,4,0,IMD GRID MODEL
Andhra Pradesh,Visakhapatanam,04-04-2025,2025,4,2.125554147,IMD GRID MODEL
Andhra Pradesh,Visakhapatanam,05-04-2025,2025,4,0.233760638,IMD GRID MODEL
Andhra Pradesh,Visakhapatanam,10-04-2025,2025,4,0.007104663,IMD GRID MODEL
Andhra Pradesh,Visakhapatanam,18-04-2025,2025,4,0.202274052,IMD GRID MODEL
Andhra Pradesh,Visakhapatanam,21-04-2025,2025,4,1.01135219,IMD GRID MODEL
Andhra Pradesh,Visakhapatanam,25-04-2025,2025,4,0.065450894,IMD GRID MODEL
Andhra Pradesh,Visakhapatanam,02-05-2025,2025,5,4.341574933,IMD GRID MODEL
Andhra Pradesh,Visakhapatanam,04-05-2025,2025,5,11.67380869,IMD GRID MODEL
Andhra Pradesh,Visakhapatanam,19-05-2025,2025,5,4.113738739,IMD GRID MODEL
Andhra Pradesh,Visakhapatanam,26-05-2025,2025,5,12.44986357,IMD GRID MODEL
Andhra Pradesh,Visakhapatanam,31-05-2025,2025,5,5.240859278,IMD GRID MODEL
Andhra Pradesh,Visakhapatanam,02-06-2025,2025,6,2.08E-05,IMD GRID MODEL
Andhra Pradesh,Visakhapatanam,08-06-2025,2025,6,3.509973075,IMD GRID MODEL
Andhra Pradesh,Visakhapatanam,11-06-2025,2025,6,15.22418542,IMD GRID MODEL
Andhra Pradesh,Visakhapatanam,13-06-2025,2025,6,1.157455415,IMD GRID MODEL
Andhra Pradesh,Visakhapatanam,17-06-2025,2025,6,3.931167438,IMD GRID MODEL
Andhra Pradesh,Visakhapatanam,29-06-2025,2025,6,12.95834284,IMD GRID MODEL
Andhra Pradesh,Vizianagaram,02-01-2025,2025,1,7.69E-06,IMD GRID MODEL
Andhra Pradesh,Vizianagaram,18-01-2025,2025,1,0.005681852,IMD GRID MODEL
Andhra Pradesh,Vizianagaram,24-01-2025,2025,1,0,IMD GRID MODEL
Andhra Pradesh,Vizianagaram,05-02-2025,2025,2,0,IMD GRID MODEL
Andhra Pradesh,Vizianagaram,13-02-2025,2025,2,0,IMD GRID MODEL
Andhra Pradesh,Vizianagaram,15-02-2025,2025,2,0,IMD GRID MODEL
Andhra Pradesh,Vizianagaram,17-02-2025,2025,2,0,IMD GRID MODEL
Andhra Pradesh,Vizianagaram,21-02-2025,2025,2,0.796427981,IMD GRID MODEL
Andhra Pradesh,Vizianagaram,05-03-2025,2025,3,0.005951206,IMD GRID MODEL
Andhra Pradesh,Vizianagaram,06-03-2025,2025,3,0.012456313,IMD GRID MODEL
Andhra Pradesh,Vizianagaram,10-03-2025,2025,3,0,IMD GRID MODEL
Andhra Pradesh,Vizianagaram,11-03-2025,2025,3,0,IMD GRID MODEL
Andhra Pradesh,Vizianagaram,18-03-2025,2025,3,0,IMD GRID MODEL
Andhra Pradesh,Vizianagaram,29-03-2025,2025,3,0,IMD GRID MODEL
Andhra Pradesh,Vizianagaram,05-04-2025,2025,4,0.040617948,IMD GRID MODEL
Andhra Pradesh,Vizianagaram,06-04-2025,2025,4,0.45603035,IMD GRID MODEL
Andhra Pradesh,Vizianagaram,13-04-2025,2025,4,0.290751717,IMD GRID MODEL
Andhra Pradesh,Vizianagaram,15-04-2025,2025,4,0.150660268,IMD GRID MODEL
Andhra Pradesh,Vizianagaram,20-04-2025,2025,4,0.010395632,IMD GRID MODEL
Andhra Pradesh,Vizianagaram,22-04-2025,2025,4,0.02584855,IMD GRID MODEL
Andhra Pradesh,Vizianagaram,23-04-2025,2025,4,0.439790131,IMD GRID MODEL
Andhra Pradesh,Vizianagaram,25-04-2025,2025,4,0.167289317,IMD GRID MODEL
Andhra Pradesh,Vizianagaram,26-04-2025,2025,4,0.010700118,IMD GRID MODEL
Andhra Pradesh,Anantapur,22-03-2025,2025,3,0.003322941,IMD GRID MODEL
Andhra Pradesh,Anantapur,04-04-2025,2025,4,20.00453946,IMD GRID MODEL
Andhra Pradesh,Anantapur,07-04-2025,2025,4,0.018947695,IMD GRID MODEL
Andhra Pradesh,Anantapur,12-04-2025,2025,4,0.497299315,IMD GRID MODEL
Andhra Pradesh,Anantapur,19-04-2025,2025,4,0.057134887,IMD GRID MODEL
Andhra Pradesh,Anantapur,22-04-2025,2025,4,0,IMD GRID MODEL
Andhra Pradesh,Anantapur,26-04-2025,2025,4,0.068815502,IMD GRID MODEL
Andhra Pradesh,Anantapur,06-05-2025,2025,5,0.003354076,IMD GRID MODEL
Andhra Pradesh,Anantapur,08-05-2025,2025,5,0.058133592,IMD GRID MODEL
Andhra Pradesh,Anantapur,16-05-2025,2025,5,1.20820355,IMD GRID MODEL
Andhra Pradesh,Anantapur,26-05-2025,2025,5,1.105815632,IMD GRID MODEL
Andhra Pradesh,Anantapur,30-05-2025,2025,5,7.596770252,IMD GRID MODEL
Andhra Pradesh,Anantapur,02-06-2025,2025,6,0.44990405,IMD GRID MODEL
Andhra Pradesh,Anantapur,04-06-2025,2025,6,0.373237763,IMD GRID MODEL
Andhra Pradesh,Anantapur,09-06-2025,2025,6,12.22301185,IMD GRID MODEL
Andhra Pradesh,Anantapur,12-06-2025,2025,6,12.39248674,IMD GRID MODEL
Andhra Pradesh,Anantapur,13-06-2025,2025,6,1.111116002,IMD GRID MODEL
Andhra Pradesh,Anantapur,17-06-2025,2025,6,0.041220061,IMD GRID MODEL
Andhra Pradesh,Anantapur,21-06-2025,2025,6,1.291240249,IMD GRID MODEL
Andhra Pradesh,Anantapur,15-06-2025,2025,6,0.06845154,IMD GRID MODEL
Andhra Pradesh,Anantapur,30-06-2025,2025,6,0.186994456,IMD GRID MODEL
Andhra Pradesh,Chittoor,05-01-2025,2025,1,0,IMD GRID MODEL
Andhra Pradesh,Chittoor,15-01-2025,2025,1,0,IMD GRID MODEL
Andhra Pradesh,Chittoor,16-01-2025,2025,1,7.23E-05,IMD GRID MODEL
Andhra Pradesh,Chittoor,20-01-2025,2025,1,6.079743707,IMD GRID MODEL
Andhra Pradesh,Chittoor,31-01-2025,2025,1,2.17E-05,IMD GRID MODEL
Andhra Pradesh,Chittoor,05-02-2025,2025,2,0,IMD GRID MODEL
Andhra Pradesh,Chittoor,06-02-2025,2025,2,0,IMD GRID MODEL
Andhra Pradesh,Chittoor,24-02-2025,2025,2,1.08E-05,IMD GRID MODEL
Andhra Pradesh,Chittoor,10-03-2025,2025,3,5.38E-06,IMD GRID MODEL
Andhra Pradesh,Chittoor,19-03-2025,2025,3,0,IMD GRID MODEL
Andhra Pradesh,Chittoor,25-03-2025,2025,3,0,IMD GRID MODEL
Andhra Pradesh,Chittoor,31-03-2025,2025,3,0.000106387,IMD GRID MODEL
Andhra Pradesh,Chittoor,01-04-2025,2025,4,0,IMD GRID MODEL
Andhra Pradesh,Chittoor,04-04-2025,2025,4,3.401982879,IMD GRID MODEL
Andhra Pradesh,Chittoor,05-04-2025,2025,4,1.290243473,IMD GRID MODEL
Andhra Pradesh,Chittoor,06-04-2025,2025,4,0.036341042,IMD GRID MODEL
Andhra Pradesh,Chittoor,27-04-2025,2025,4,0.006527733,IMD GRID MODEL
Andhra Pradesh,Chittoor,05-05-2025,2025,5,3.952780447,IMD GRID MODEL
Andhra Pradesh,Chittoor,03-05-2025,2025,5,10.18107418,IMD GRID MODEL
Andhra Pradesh,Chittoor,18-05-2025,2025,5,12.40072257,IMD GRID MODEL
Andhra Pradesh,Chittoor,21-05-2025,2025,5,19.44494273,IMD GRID MODEL
Andhra Pradesh,Chittoor,28-05-2025,2025,5,0.719319177,IMD GRID MODEL
Andhra Pradesh,Chittoor,10-06-2025,2025,6,1.836669363,IMD GRID MODEL
Andhra Pradesh,Chittoor,15-06-2025,2025,6,1.001666391,IMD GRID MODEL
Andhra Pradesh,Chittoor,21-06-2025,2025,6,2.252435421,IMD GRID MODEL
Andhra Pradesh,Chittoor,25-06-2025,2025,6,0.021754067,IMD GRID MODEL
Andhra Pradesh,Chittoor,27-06-2025,2025,6,1.264286816,IMD GRID MODEL
Andhra Pradesh,East Godavari,06-01-2025,2025,1,0,IMD GRID MODEL
Andhra Pradesh,East Godavari,15-01-2025,2025,1,0,IMD GRID MODEL
Andhra Pradesh,East Godavari,19-01-2025,2025,1,0,IMD GRID MODEL
Andhra Pradesh,East Godavari,25-01-2025,2025,1,0,IMD GRID MODEL
Andhra Pradesh,East Godavari,01-02-2025,2025,2,0.000216531,IMD GRID MODEL
Andhra Pradesh,East Godavari,10-02-2025,2025,2,0,IMD GRID MODEL
Andhra Pradesh,East Godavari,13-02-2025,2025,2,0,IMD GRID MODEL
Andhra Pradesh,East Godavari,16-02-2025,2025,2,0,IMD GRID MODEL
Andhra Pradesh,East Godavari,23-02-2025,2025,2,0.031859828,IMD GRID MODEL
Andhra Pradesh,East Godavari,27-02-2025,2025,2,0,IMD GRID MODEL
Andhra Pradesh,East Godavari,06-03-2025,2025,3,0.00072473,IMD GRID MODEL
Andhra Pradesh,East Godavari,10-03-2025,2025,3,0,IMD GRID MODEL
Andhra Pradesh,East Godavari,16-03-2025,2025,3,0,IMD GRID MODEL
Andhra Pradesh,East Godavari,24-03-2025,2025,3,0.098403799,IMD GRID MODEL
Andhra Pradesh,East Godavari,25-03-2025,2025,3,0.637972026,IMD GRID MODEL
Andhra Pradesh,East Godavari,27-03-2025,2025,3,0.100960436,IMD GRID MODEL
Andhra Pradesh,East Godavari,09-04-2025,2025,4,0.052847904,IMD GRID MODEL
Andhra Pradesh,East Godavari,13-04-2025,2025,4,1.127762669,IMD GRID MODEL
Andhra Pradesh,East Godavari,15-04-2025,2025,4,0.001113142,IMD GRID MODEL
Andhra Pradesh,East Godavari,17-04-2025,2025,4,0,IMD GRID MODEL
Andhra Pradesh,East Godavari,17-05-2025,2025,5,1.865720967,IMD GRID MODEL
Andhra Pradesh,East Godavari,22-05-2025,2025,5,11.50446621,IMD GRID MODEL
Andhra Pradesh,East Godavari,23-05-2025,2025,5,8.552131743,IMD GRID MODEL
Andhra Pradesh,East Godavari,08-06-2025,2025,6,1.929819772,IMD GRID MODEL
Andhra Pradesh,East Godavari,09-06-2025,2025,6,0.18654288,IMD GRID MODEL
Andhra Pradesh,East Godavari,11-06-2025,2025,6,3.010673717,IMD GRID MODEL
Andhra Pradesh,East Godavari,12-06-2025,2025,6,1.575943305,IMD GRID MODEL
Andhra Pradesh,East Godavari,13-06-2025,2025,6,1.174378616,IMD GRID MODEL
Andhra Pradesh,East Godavari,14-06-2025,2025,6,3.493971938,IMD GRID MODEL
Andhra Pradesh,East Godavari,18-06-2025,2025,6,0.580316355,IMD GRID MODEL
Andhra Pradesh,East Godavari,19-06-2025,2025,6,0.198666659,IMD GRID MODEL
Andhra Pradesh,East Godavari,21-06-2025,2025,6,5.483042266,IMD GRID MODEL
Andhra Pradesh,East Godavari,22-06-2025,2025,6,3.312883344,IMD GRID MODEL
Andhra Pradesh,East Godavari,26-06-2025,2025,6,21.72825276,IMD GRID MODEL
Andhra Pradesh,East Godavari,29-06-2025,2025,6,5.12620144,IMD GRID MODEL
Andhra Pradesh,Guntur,04-01-2025,2025,1,0.002552386,IMD GRID MODEL
Andhra Pradesh,Guntur,10-01-2025,2025,1,0.007375174,IMD GRID MODEL
Andhra Pradesh,Guntur,11-01-2025,2025,1,0.000971076,IMD GRID MODEL
Andhra Pradesh,Guntur,20-01-2025,2025,1,0,IMD GRID MODEL
Andhra Pradesh,Guntur,22-01-2025,2025,1,0,IMD GRID MODEL
Andhra Pradesh,Guntur,25-01-2025,2025,1,0,IMD GRID MODEL
Andhra Pradesh,Guntur,29-01-2025,2025,1,0.038736728,IMD GRID MODEL
Andhra Pradesh,Guntur,30-01-2025,2025,1,0,IMD GRID MODEL
Andhra Pradesh,Guntur,31-01-2025,2025,1,0,IMD GRID MODEL
Andhra Pradesh,Guntur,01-02-2025,2025,2,0,IMD GRID MODEL
Andhra Pradesh,Guntur,03-02-2025,2025,2,0,IMD GRID MODEL
Andhra Pradesh,Guntur,17-02-2025,2025,2,0.032866028,IMD GRID MODEL
Andhra Pradesh,Guntur,18-02-2025,2025,2,0,IMD GRID MODEL
Andhra Pradesh,Guntur,19-02-2025,2025,2,0,IMD GRID MODEL
Andhra Pradesh,Guntur,21-02-2025,2025,2,0,IMD GRID MODEL
Andhra Pradesh,Guntur,25-02-2025,2025,2,0,IMD GRID MODEL
Andhra Pradesh,Guntur,05-03-2025,2025,3,0.09211433,IMD GRID MODEL
Andhra Pradesh,Guntur,17-03-2025,2025,3,0,IMD GRID MODEL
Andhra Pradesh,Guntur,21-03-2025,2025,3,0,IMD GRID MODEL
Andhra Pradesh,Guntur,02-04-2025,2025,4,0.008098792,IMD GRID MODEL
Andhra Pradesh,Guntur,03-04-2025,2025,4,0.003547145,IMD GRID MODEL
Andhra Pradesh,Guntur,08-04-2025,2025,4,2.831272535,IMD GRID MODEL
Andhra Pradesh,Guntur,10-04-2025,2025,4,0,IMD GRID MODEL
Andhra Pradesh,Guntur,12-04-2025,2025,4,0.151973911,IMD GRID MODEL
Andhra Pradesh,Guntur,16-04-2025,2025,4,3.744769769,IMD GRID MODEL
Andhra Pradesh,Guntur,18-04-2025,2025,4,0,IMD GRID MODEL
Andhra Pradesh,Guntur,20-04-2025,2025,4,0.070368101,IMD GRID MODEL
Andhra Pradesh,Guntur,24-04-2025,2025,4,0.003452973,IMD GRID MODEL
Andhra Pradesh,Guntur,26-04-2025,2025,4,0,IMD GRID MODEL
Andhra Pradesh,Guntur,07-05-2025,2025,5,7.030204907,IMD GRID MODEL
Andhra Pradesh,Guntur,08-05-2025,2025,5,0.111904394,IMD GRID MODEL
Andhra Pradesh,Guntur,10-05-2025,2025,5,0.026953676,IMD GRID MODEL
Andhra Pradesh,Guntur,20-05-2025,2025,5,19.44794263,IMD GRID MODEL
Andhra Pradesh,Guntur,29-05-2025,2025,5,0.57115639,IMD GRID MODEL
Andhra Pradesh,Guntur,01-06-2025,2025,6,0.282169309,IMD GRID MODEL
Andhra Pradesh,Guntur,02-06-2025,2025,6,0.012092747,IMD GRID MODEL
Andhra Pradesh,Guntur,12-06-2025,2025,6,7.047710044,IMD GRID MODEL
Andhra Pradesh,Guntur,15-06-2025,2025,6,1.366350248,IMD GRID MODEL
Andhra Pradesh,Guntur,28-06-2025,2025,6,0.146912012,IMD GRID MODEL
Andhra Pradesh,Krishna,04-01-2025,2025,1,0,IMD GRID MODEL
Andhra Pradesh,Krishna,09-01-2025,2025,1,0,IMD GRID MODEL
Andhra Pradesh,Krishna,10-01-2025,2025,1,0.003864629,IMD GRID MODEL
Andhra Pradesh,Krishna,26-01-2025,2025,1,5.41E-05,IMD GRID MODEL
Andhra Pradesh,Krishna,03-02-2025,2025,2,0,IMD GRID MODEL
Andhra Pradesh,Krishna,04-02-2025,2025,2,0,IMD GRID MODEL
Andhra Pradesh,Krishna,17-02-2025,2025,2,0.002596475,IMD GRID MODEL
Andhra Pradesh,Krishna,18-02-2025,2025,2,0,IMD GRID MODEL
Andhra Pradesh,Krishna,24-02-2025,2025,2,0,IMD GRID MODEL
Andhra Pradesh,Krishna,25-02-2025,2025,2,0,IMD GRID MODEL
Andhra Pradesh,Krishna,26-02-2025,2025,2,0.000291762,IMD GRID MODEL
Andhra Pradesh,Krishna,27-02-2025,2025,2,0,IMD GRID MODEL
Andhra Pradesh,Krishna,28-02-2025,2025,2,0,IMD GRID MODEL
Andhra Pradesh,Krishna,07-03-2025,2025,3,0.04699106,IMD GRID MODEL
Andhra Pradesh,Krishna,09-03-2025,2025,3,0,IMD GRID MODEL
Andhra Pradesh,Krishna,14-03-2025,2025,3,0,IMD GRID MODEL
Andhra Pradesh,Krishna,31-03-2025,2025,3,0.002530434,IMD GRID MODEL
Andhra Pradesh,Krishna,11-04-2025,2025,4,1.075205733,IMD GRID MODEL
Andhra Pradesh,Krishna,19-04-2025,2025,4,0.030863473,IMD GRID MODEL
Andhra Pradesh,Krishna,20-04-2025,2025,4,0.009451698,IMD GRID MODEL
Andhra Pradesh,Krishna,21-04-2025,2025,4,0.121151705,IMD GRID MODEL
Andhra Pradesh,Krishna,24-04-2025,2025,4,0,IMD GRID MODEL
Andhra Pradesh,Krishna,25-04-2025,2025,4,0.04725027,IMD GRID MODEL
Andhra Pradesh,Krishna,04-05-2025,2025,5,1.388681271,IMD GRID MODEL
Andhra Pradesh,Krishna,05-05-2025,2025,5,14.86290049,IMD GRID MODEL
Andhra Pradesh,Krishna,20-05-2025,2025,5,16.3625329,IMD GRID MODEL
Andhra Pradesh,Krishna,22-05-2025,2025,5,32.8350947,IMD GRID MODEL
Andhra Pradesh,Krishna,26-05-2025,2025,5,2.170259237,IMD GRID MODEL
Andhra Pradesh,Krishna,28-05-2025,2025,5,13.96251774,IMD GRID MODEL
Andhra Pradesh,Krishna,03-06-2025,2025,6,0.221415426,IMD GRID MODEL
Andhra Pradesh,Krishna,04-06-2025,2025,6,0.069793034,IMD GRID MODEL
Andhra Pradesh,Krishna,17-06-2025,2025,6,2.72196693,IMD GRID MODEL
Andhra Pradesh,Krishna,20-06-2025,2025,6,0.16602061,IMD GRID MODEL
Andhra Pradesh,Krishna,27-06-2025,2025,6,11.46650229,IMD GRID MODEL
Andhra Pradesh,Kurnool,17-01-2025,2025,1,0.005641797,IMD GRID MODEL
Andhra Pradesh,Kurnool,19-01-2025,2025,1,0.008524722,IMD GRID MODEL
Andhra Pradesh,Kurnool,20-01-2025,2025,1,0,IMD GRID MODEL
Andhra Pradesh,Kurnool,04-02-2025,2025,2,0.000266961,IMD GRID MODEL
Andhra Pradesh,Kurnool,17-02-2025,2025,2,0.000283473,IMD GRID MODEL
Andhra Pradesh,Kurnool,22-02-2025,2025,2,0.000201492,IMD GRID MODEL
Andhra Pradesh,Kurnool,02-03-2025,2025,3,0,IMD GRID MODEL
Andhra Pradesh,Kurnool,12-03-2025,2025,3,0,IMD GRID MODEL
Andhra Pradesh,Kurnool,16-03-2025,2025,3,0,IMD GRID MODEL
Andhra Pradesh,Kurnool,17-03-2025,2025,3,0,IMD GRID MODEL
Andhra Pradesh,Kurnool,19-03-2025,2025,3,0,IMD GRID MODEL
Andhra Pradesh,Kurnool,24-03-2025,2025,3,0.005186049,IMD GRID MODEL
Andhra Pradesh,Kurnool,27-03-2025,2025,3,0,IMD GRID MODEL
Andhra Pradesh,Kurnool,04-04-2025,2025,4,11.27887013,IMD GRID MODEL
Andhra Pradesh,Kurnool,05-04-2025,2025,4,0.533000945,IMD GRID MODEL
Andhra Pradesh,Kurnool,08-04-2025,2025,4,0.001486627,IMD GRID MODEL
Andhra Pradesh,Kurnool,09-04-2025,2025,4,0.130014855,IMD GRID MODEL
Andhra Pradesh,Kurnool,11-04-2025,2025,4,0.642133547,IMD GRID MODEL
Andhra Pradesh,Kurnool,12-04-2025,2025,4,0.183073337,IMD GRID MODEL
Andhra Pradesh,Anantapur,05-01-2025,2025,1,0.000223812,IMD GRID MODEL
Andhra Pradesh,Anantapur,10-01-2025,2025,1,0,IMD GRID MODEL
Andhra Pradesh,Anantapur,29-01-2025,2025,1,0.002901156,IMD GRID MODEL
Andhra Pradesh,Anantapur,31-01-2025,2025,1,0,IMD GRID MODEL
Andhra Pradesh,Anantapur,03-02-2025,2025,2,0.000402024,IMD GRID MODEL
Andhra Pradesh,Anantapur,06-02-2025,2025,2,0,IMD GRID MODEL
Andhra Pradesh,Anantapur,07-02-2025,2025,2,0,IMD GRID MODEL
Andhra Pradesh,Anantapur,08-02-2025,2025,2,0,IMD GRID MODEL
Andhra Pradesh,Anantapur,15-02-2025,2025,2,0,IMD GRID MODEL
Andhra Pradesh,Anantapur,17-02-2025,2025,2,0.015432608,IMD GRID MODEL
Andhra Pradesh,Anantapur,07-03-2025,2025,3,0,IMD GRID MODEL
Andhra Pradesh,Anantapur,10-03-2025,2025,3,0.002043464,IMD GRID MODEL
Andhra Pradesh,Anantapur,07-01-2025,2025,1,0.000279721,IMD GRID MODEL
Andhra Pradesh,Anantapur,12-01-2025,2025,1,0.000222657,IMD GRID MODEL
Andhra Pradesh,Anantapur,21-01-2025,2025,1,0.001670952,IMD GRID MODEL
Andhra Pradesh,Chittoor,02-01-2025,2025,1,0,IMD GRID MODEL
Andhra Pradesh,Chittoor,03-01-2025,2025,1,0,IMD GRID MODEL
Andhra Pradesh,Chittoor,08-01-2025,2025,1,0,IMD GRID MODEL
Andhra Pradesh,Chittoor,21-01-2025,2025,1,5.38E-06,IMD GRID MODEL
Andhra Pradesh,Chittoor,27-01-2025,2025,1,0,IMD GRID MODEL
Andhra Pradesh,East Godavari,08-01-2025,2025,1,0,IMD GRID MODEL
Andhra Pradesh,East Godavari,11-01-2025,2025,1,0,IMD GRID MODEL
Andhra Pradesh,East Godavari,29-01-2025,2025,1,0,IMD GRID MODEL
Andhra Pradesh,Guntur,07-01-2025,2025,1,0.015619491,IMD GRID MODEL
Andhra Pradesh,Guntur,08-01-2025,2025,1,0,IMD GRID MODEL
Andhra Pradesh,Guntur,11-01-2025,2025,1,0.000971076,IMD GRID MODEL
Andhra Pradesh,Guntur,14-01-2025,2025,1,0,IMD GRID MODEL
Andhra Pradesh,Guntur,18-01-2025,2025,1,0,IMD GRID MODEL
Andhra Pradesh,Krishna,06-01-2025,2025,1,0.000514378,IMD GRID MODEL
Andhra Pradesh,Krishna,14-01-2025,2025,1,0,IMD GRID MODEL
Andhra Pradesh,Krishna,27-01-2025,2025,1,0,IMD GRID MODEL
Andhra Pradesh,Kurnool,03-01-2025,2025,1,0.003454102,IMD GRID MODEL
Andhra Pradesh,Kurnool,09-01-2025,2025,1,0,IMD GRID MODEL
Andhra Pradesh,Kurnool,21-01-2025,2025,1,0.000403919,IMD GRID MODEL
Andhra Pradesh,Kurnool,22-01-2025,2025,1,0,IMD GRID MODEL
Andhra Pradesh,Kurnool,24-01-2025,2025,1,0.010686025,IMD GRID MODEL
Andhra Pradesh,Kurnool,25-01-2025,2025,1,0.002024279,IMD GRID MODEL
Andhra Pradesh,Prakasam,09-01-2025,2025,1,0,IMD GRID MODEL
Andhra Pradesh,Prakasam,16-01-2025,2025,1,0.03087432,IMD GRID MODEL
Andhra Pradesh,Prakasam,17-01-2025,2025,1,4.39E-05,IMD GRID MODEL
Andhra Pradesh,Prakasam,24-01-2025,2025,1,0,IMD GRID MODEL
Andhra Pradesh,Prakasam,25-01-2025,2025,1,0,IMD GRID MODEL
Andhra Pradesh,Prakasam,29-01-2025,2025,1,0,IMD GRID MODEL
Andhra Pradesh,SPSR Nellore,01-01-2025,2025,1,3.13E-05,IMD GRID MODEL
Andhra Pradesh,SPSR Nellore,02-01-2025,2025,1,0,IMD GRID MODEL
Andhra Pradesh,SPSR Nellore,03-01-2025,2025,1,0,IMD GRID MODEL
Andhra Pradesh,SPSR Nellore,10-01-2025,2025,1,0.000289812,IMD GRID MODEL
Andhra Pradesh,SPSR Nellore,11-01-2025,2025,1,0.177399133,IMD GRID MODEL
Andhra Pradesh,SPSR Nellore,13-01-2025,2025,1,0.157018426,IMD GRID MODEL
Andhra Pradesh,SPSR Nellore,15-01-2025,2025,1,0,IMD GRID MODEL
Andhra Pradesh,SPSR Nellore,24-01-2025,2025,1,0.000550803,IMD GRID MODEL
Andhra Pradesh,SPSR Nellore,30-01-2025,2025,1,0,IMD GRID MODEL
Andhra Pradesh,Srikakulam,01-01-2025,2025,1,0,IMD GRID MODEL
Andhra Pradesh,Srikakulam,07-01-2025,2025,1,0,IMD GRID MODEL
Andhra Pradesh,Srikakulam,08-01-2025,2025,1,0,IMD GRID MODEL
Andhra Pradesh,Srikakulam,10-01-2025,2025,1,0.000130537,IMD GRID MODEL
Andhra Pradesh,Srikakulam,11-01-2025,2025,1,0,IMD GRID MODEL
Andhra Pradesh,Srikakulam,12-01-2025,2025,1,0.001838527,IMD GRID MODEL
Andhra Pradesh,Srikakulam,18-01-2025,2025,1,4.59E-07,IMD GRID MODEL
Andhra Pradesh,Srikakulam,20-01-2025,2025,1,0.000762566,IMD GRID MODEL
Andhra Pradesh,Srikakulam,22-01-2025,2025,1,0,IMD GRID MODEL
Andhra Pradesh,Visakhapatanam,11-01-2025,2025,1,0,IMD GRID MODEL
Andhra Pradesh,Visakhapatanam,15-01-2025,2025,1,0,IMD GRID MODEL
Andhra Pradesh,Visakhapatanam,19-01-2025,2025,1,0,IMD GRID MODEL
Andhra Pradesh,Visakhapatanam,23-01-2025,2025,1,6.27E-05,IMD GRID MODEL
Andhra Pradesh,Visakhapatanam,30-01-2025,2025,1,0,IMD GRID MODEL
Andhra Pradesh,Vizianagaram,09-01-2025,2025,1,0,IMD GRID MODEL
Andhra Pradesh,Vizianagaram,18-01-2025,2025,1,0.005681852,IMD GRID MODEL
Andhra Pradesh,West Godavari,03-01-2025,2025,1,8.60E-05,IMD GRID MODEL
Andhra Pradesh,West Godavari,04-01-2025,2025,1,0,IMD GRID MODEL
Andhra Pradesh,West Godavari,09-01-2025,2025,1,0,IMD GRID MODEL
Andhra Pradesh,West Godavari,12-01-2025,2025,1,2.08E-05,IMD GRID MODEL
Andhra Pradesh,West Godavari,13-01-2025,2025,1,0.000118502,IMD GRID MODEL
Andhra Pradesh,West Godavari,15-01-2025,2025,1,4.80E-05,IMD GRID MODEL
Andhra Pradesh,West Godavari,19-01-2025,2025,1,0,IMD GRID MODEL
Andhra Pradesh,West Godavari,22-01-2025,2025,1,0,IMD GRID MODEL
Andhra Pradesh,West Godavari,23-01-2025,2025,1,0.030279655,IMD GRID MODEL
Andhra Pradesh,West Godavari,24-01-2025,2025,1,5.21E-05,IMD GRID MODEL
Andhra Pradesh,West Godavari,28-01-2025,2025,1,0,IMD GRID MODEL
Andhra Pradesh,Y.S.R.,05-01-2025,2025,1,0,IMD GRID MODEL
Andhra Pradesh,Y.S.R.,07-01-2025,2025,1,0.008278736,IMD GRID MODEL
Andhra Pradesh,Y.S.R.,15-01-2025,2025,1,0,IMD GRID MODEL
Andhra Pradesh,Y.S.R.,16-01-2025,2025,1,8.69E-05,IMD GRID MODEL
Andhra Pradesh,Y.S.R.,19-01-2025,2025,1,0.351893451,IMD GRID MODEL
Andhra Pradesh,Y.S.R.,26-01-2025,2025,1,0.027829944,IMD GRID MODEL
Andhra Pradesh,Y.S.R.,28-01-2025,2025,1,5.73E-05,IMD GRID MODEL
Andhra Pradesh,Anantapur,04-02-2025,2025,2,0.002697124,IMD GRID MODEL
Andhra Pradesh,Anantapur,05-02-2025,2025,2,0.000608151,IMD GRID MODEL
Andhra Pradesh,Anantapur,10-02-2025,2025,2,0.000347333,IMD GRID MODEL
Andhra Pradesh,Anantapur,13-02-2025,2025,2,0,IMD GRID MODEL
Andhra Pradesh,Anantapur,17-02-2025,2025,2,0.015432608,IMD GRID MODEL
Andhra Pradesh,Anantapur,25-02-2025,2025,2,0,IMD GRID MODEL
Andhra Pradesh,Chittoor,08-02-2025,2025,2,0,IMD GRID MODEL
Andhra Pradesh,Chittoor,10-02-2025,2025,2,0,IMD GRID MODEL
Andhra Pradesh,Chittoor,19-02-2025,2025,2,0,IMD GRID MODEL
Andhra Pradesh,Chittoor,22-02-2025,2025,2,7.66E-05,IMD GRID MODEL
Andhra Pradesh,Chittoor,24-02-2025,2025,2,1.08E-05,IMD GRID MODEL
Andhra Pradesh,Chittoor,27-02-2025,2025,2,3.83E-05,IMD GRID MODEL
Andhra Pradesh,East Godavari,03-02-2025,2025,2,0,IMD GRID MODEL
Andhra Pradesh,East Godavari,08-02-2025,2025,2,0.002629115,IMD GRID MODEL
Andhra Pradesh,East Godavari,10-02-2025,2025,2,0,IMD GRID MODEL
Andhra Pradesh,East Godavari,13-02-2025,2025,2,0,IMD GRID MODEL
Andhra Pradesh,East Godavari,19-02-2025,2025,2,0,IMD GRID MODEL
Andhra Pradesh,Guntur,01-02-2025,2025,2,0,IMD GRID MODEL
Andhra Pradesh,Guntur,06-02-2025,2025,2,0,IMD GRID MODEL
Andhra Pradesh,Guntur,18-02-2025,2025,2,0,IMD GRID MODEL
Andhra Pradesh,Guntur,25-02-2025,2025,2,0,IMD GRID MODEL
Andhra Pradesh,Guntur,26-02-2025,2025,2,0.007302338,IMD GRID MODEL
Andhra Pradesh,Guntur,27-02-2025,2025,2,0,IMD GRID MODEL
Andhra Pradesh,Krishna,05-02-2025,2025,2,0,IMD GRID MODEL
Andhra Pradesh,Krishna,06-02-2025,2025,2,0,IMD GRID MODEL
Andhra Pradesh,Krishna,07-02-2025,2025,2,0,IMD GRID MODEL
Andhra Pradesh,Krishna,10-02-2025,2025,2,0,IMD GRID MODEL
Andhra Pradesh,Krishna,19-02-2025,2025,2,0.000395217,IMD GRID MODEL
Andhra Pradesh,Krishna,24-02-2025,2025,2,0,IMD GRID MODEL
Andhra Pradesh,Krishna,28-02-2025,2025,2,0,IMD GRID MODEL
Andhra Pradesh,Kurnool,01-02-2025,2025,2,0.008030024,IMD GRID MODEL
Andhra Pradesh,Kurnool,05-02-2025,2025,2,0.010974788,IMD GRID MODEL
Andhra Pradesh,Kurnool,06-02-2025,2025,2,0,IMD GRID MODEL
Andhra Pradesh,Kurnool,07-02-2025,2025,2,0,IMD GRID MODEL
Andhra Pradesh,Kurnool,09-02-2025,2025,2,0.000697842,IMD GRID MODEL
Andhra Pradesh,Kurnool,13-02-2025,2025,2,0,IMD GRID MODEL
Andhra Pradesh,Kurnool,14-02-2025,2025,2,0,IMD GRID MODEL
Andhra Pradesh,Kurnool,19-02-2025,2025,2,0,IMD GRID MODEL
Andhra Pradesh,Kurnool,21-02-2025,2025,2,0.000547938,IMD GRID MODEL
Andhra Pradesh,Kurnool,24-02-2025,2025,2,0.000132659,IMD GRID MODEL
Andhra Pradesh,Prakasam,01-02-2025,2025,2,0,IMD GRID MODEL
Andhra Pradesh,Prakasam,05-02-2025,2025,2,2.20E-05,IMD GRID MODEL
Andhra Pradesh,Prakasam,15-02-2025,2025,2,0,IMD GRID MODEL
Andhra Pradesh,Prakasam,16-02-2025,2025,2,0,IMD GRID MODEL
Andhra Pradesh,Prakasam,19-02-2025,2025,2,0,IMD GRID MODEL
Andhra Pradesh,SPSR Nellore,02-02-2025,2025,2,0.000445121,IMD GRID MODEL
Andhra Pradesh,SPSR Nellore,03-02-2025,2025,2,0.000445121,IMD GRID MODEL
Andhra Pradesh,Srikakulam,06-02-2025,2025,2,0,IMD GRID MODEL
Andhra Pradesh,Srikakulam,07-02-2025,2025,2,0,IMD GRID MODEL
Andhra Pradesh,Srikakulam,09-02-2025,2025,2,0,IMD GRID MODEL
Andhra Pradesh,Srikakulam,08-02-2025,2025,2,0.057546654,IMD GRID MODEL
Andhra Pradesh,Srikakulam,10-02-2025,2025,2,0,IMD GRID MODEL
Andhra Pradesh,Visakhapatanam,01-02-2025,2025,2,0,IMD GRID MODEL
Andhra Pradesh,Visakhapatanam,03-02-2025,2025,2,0,IMD GRID MODEL
Andhra Pradesh,Visakhapatanam,05-02-2025,2025,2,0,IMD GRID MODEL
Andhra Pradesh,Visakhapatanam,15-02-2025,2025,2,0,IMD GRID MODEL
Andhra Pradesh,Visakhapatanam,18-02-2025,2025,2,0,IMD GRID MODEL
Andhra Pradesh,Visakhapatanam,20-02-2025,2025,2,3.48E-06,IMD GRID MODEL
Andhra Pradesh,Visakhapatanam,26-02-2025,2025,2,6.66E-05,IMD GRID MODEL
Andhra Pradesh,Vizianagaram,09-02-2025,2025,2,0,IMD GRID MODEL
Andhra Pradesh,Vizianagaram,16-02-2025,2025,2,0,IMD GRID MODEL
Andhra Pradesh,Vizianagaram,27-02-2025,2025,2,0,IMD GRID MODEL
Andhra Pradesh,West Godavari,07-02-2025,2025,2,0,IMD GRID MODEL
Andhra Pradesh,West Godavari,18-02-2025,2025,2,0,IMD GRID MODEL
Andhra Pradesh,Y.S.R.,05-02-2025,2025,2,0.010166615,IMD GRID MODEL
Andhra Pradesh,Y.S.R.,14-02-2025,2025,2,0,IMD GRID MODEL
Andhra Pradesh,Y.S.R.,19-02-2025,2025,2,0,IMD GRID MODEL
Andhra Pradesh,Y.S.R.,20-02-2025,2025,2,0.002159952,IMD GRID MODEL
Andhra Pradesh,Y.S.R.,22-02-2025,2025,2,0.000473887,IMD GRID MODEL
Andhra Pradesh,Y.S.R.,28-02-2025,2025,2,0,IMD GRID MODEL
Andhra Pradesh,Anantapur,04-04-2025,2025,4,20.00453946,IMD GRID MODEL
Andhra Pradesh,Anantapur,13-04-2025,2025,4,-0.005626579,IMD GRID MODEL
Andhra Pradesh,Anantapur,15-04-2025,2025,4,1.331706428,IMD GRID MODEL
Andhra Pradesh,Anantapur,17-04-2025,2025,4,0.055798573,IMD GRID MODEL
Andhra Pradesh,Anantapur,25-04-2025,2025,4,5.967835798,IMD GRID MODEL
Andhra Pradesh,Chittoor,04-04-2025,2025,4,3.401982879,IMD GRID MODEL
Andhra Pradesh,Chittoor,18-04-2025,2025,4,0.915079471,IMD GRID MODEL
Andhra Pradesh,Chittoor,19-04-2025,2025,4,0.002022876,IMD GRID MODEL
Andhra Pradesh,Chittoor,22-04-2025,2025,4,0,IMD GRID MODEL
Andhra Pradesh,Chittoor,25-04-2025,2025,4,0.25106461,IMD GRID MODEL
Andhra Pradesh,East Godavari,03-04-2025,2025,4,0.000690185,IMD GRID MODEL
Andhra Pradesh,East Godavari,07-04-2025,2025,4,2.935853271,IMD GRID MODEL
Andhra Pradesh,East Godavari,10-04-2025,2025,4,0.938749426,IMD GRID MODEL
Andhra Pradesh,East Godavari,11-04-2025,2025,4,3.406604397,IMD GRID MODEL
Andhra Pradesh,East Godavari,12-04-2025,2025,4,2.196649177,IMD GRID MODEL
Andhra Pradesh,East Godavari,14-04-2025,2025,4,10.77679371,IMD GRID MODEL
Andhra Pradesh,East Godavari,17-04-2025,2025,4,0,IMD GRID MODEL
Andhra Pradesh,East Godavari,22-04-2025,2025,4,0,IMD GRID MODEL
Andhra Pradesh,East Godavari,23-04-2025,2025,4,0.838265285,IMD GRID MODEL
Andhra Pradesh,East Godavari,28-04-2025,2025,4,0.000925448,IMD GRID MODEL
Andhra Pradesh,East Godavari,29-04-2025,2025,4,2.835516221,IMD GRID MODEL
Andhra Pradesh,Guntur,03-04-2025,2025,4,0.003547145,IMD GRID MODEL
Andhra Pradesh,Guntur,05-04-2025,2025,4,0.227732455,IMD GRID MODEL
Andhra Pradesh,Guntur,11-04-2025,2025,4,0.644028931,IMD GRID MODEL
Andhra Pradesh,Guntur,13-04-2025,2025,4,0.393104599,IMD GRID MODEL
Andhra Pradesh,Guntur,19-04-2025,2025,4,0.037547474,IMD GRID MODEL
Andhra Pradesh,Guntur,23-04-2025,2025,4,0,IMD GRID MODEL
Andhra Pradesh,Guntur,24-04-2025,2025,4,0.003452973,IMD GRID MODEL
Andhra Pradesh,Guntur,25-04-2025,2025,4,0.000412174,IMD GRID MODEL
Andhra Pradesh,Guntur,30-04-2025,2025,4,0.074863342,IMD GRID MODEL
Andhra Pradesh,Krishna,06-04-2025,2025,4,0.348337898,IMD GRID MODEL
Andhra Pradesh,Krishna,11-04-2025,2025,4,1.075205733,IMD GRID MODEL
Andhra Pradesh,Krishna,13-04-2025,2025,4,0.718884792,IMD GRID MODEL
Andhra Pradesh,Krishna,18-04-2025,2025,4,0,IMD GRID MODEL
Andhra Pradesh,Krishna,20-04-2025,2025,4,0.009451698,IMD GRID MODEL
Andhra Pradesh,Krishna,23-04-2025,2025,4,2.14E-06,IMD GRID MODEL
Andhra Pradesh,Kurnool,02-04-2025,2025,4,0.000409606,IMD GRID MODEL
Andhra Pradesh,Kurnool,06-04-2025,2025,4,0.278619211,IMD GRID MODEL
Andhra Pradesh,Kurnool,13-04-2025,2025,4,0.000277114,IMD GRID MODEL
Andhra Pradesh,Kurnool,22-04-2025,2025,4,0,IMD GRID MODEL
Andhra Pradesh,Prakasam,02-04-2025,2025,4,2.20E-05,IMD GRID MODEL
Andhra Pradesh,Prakasam,04-04-2025,2025,4,12.02572545,IMD GRID MODEL
Andhra Pradesh,Prakasam,06-04-2025,2025,4,0.025036497,IMD GRID MODEL
Andhra Pradesh,Prakasam,10-04-2025,2025,4,0,IMD GRID MODEL
Andhra Pradesh,Prakasam,11-04-2025,2025,4,0.606663191,IMD GRID MODEL
Andhra Pradesh,Prakasam,23-04-2025,2025,4,0,IMD GRID MODEL
Andhra Pradesh,SPSR Nellore,01-04-2025,2025,4,0,IMD GRID MODEL
Andhra Pradesh,SPSR Nellore,25-04-2025,2025,4,0,IMD GRID MODEL
Andhra Pradesh,Srikakulam,02-04-2025,2025,4,0,IMD GRID MODEL
Andhra Pradesh,Srikakulam,05-04-2025,2025,4,0.024567743,IMD GRID MODEL
Andhra Pradesh,Srikakulam,12-04-2025,2025,4,0.139950441,IMD GRID MODEL
Andhra Pradesh,Srikakulam,19-04-2025,2025,4,0.000458805,IMD GRID MODEL
Andhra Pradesh,Srikakulam,23-04-2025,2025,4,0.00220595,IMD GRID MODEL
Andhra Pradesh,Srikakulam,25-04-2025,2025,4,0.076270361,IMD GRID MODEL
Andhra Pradesh,Srikakulam,30-04-2025,2025,4,9.078368578,IMD GRID MODEL
Andhra Pradesh,Visakhapatanam,02-04-2025,2025,4,0,IMD GRID MODEL
Andhra Pradesh,Visakhapatanam,04-04-2025,2025,4,2.125554147,IMD GRID MODEL
Andhra Pradesh,Visakhapatanam,05-04-2025,2025,4,0.233760638,IMD GRID MODEL
Andhra Pradesh,Visakhapatanam,23-04-2025,2025,4,3.078351979,IMD GRID MODEL
Andhra Pradesh,Visakhapatanam,25-04-2025,2025,4,0.065450894,IMD GRID MODEL
Andhra Pradesh,Visakhapatanam,28-04-2025,2025,4,0.034805868,IMD GRID MODEL
Andhra Pradesh,Vizianagaram,04-04-2025,2025,4,0.251348666,IMD GRID MODEL
Andhra Pradesh,Vizianagaram,06-04-2025,2025,4,0.45603035,IMD GRID MODEL
Andhra Pradesh,Vizianagaram,08-04-2025,2025,4,0.084342946,IMD GRID MODEL
Andhra Pradesh,Vizianagaram,11-04-2025,2025,4,0.874684431,IMD GRID MODEL
Andhra Pradesh,Vizianagaram,12-04-2025,2025,4,0.499382502,IMD GRID MODEL
Andhra Pradesh,Vizianagaram,19-04-2025,2025,4,0.001674657,IMD GRID MODEL
Andhra Pradesh,Vizianagaram,26-04-2025,2025,4,0.010700118,IMD GRID MODEL
Andhra Pradesh,Vizianagaram,29-04-2025,2025,4,8.648958664,IMD GRID MODEL
Andhra Pradesh,West Godavari,02-04-2025,2025,4,0,IMD GRID MODEL
Andhra Pradesh,West Godavari,15-04-2025,2025,4,0,IMD GRID MODEL
Andhra Pradesh,West Godavari,16-04-2025,2025,4,5.266974984,IMD GRID MODEL
Andhra Pradesh,West Godavari,18-04-2025,2025,4,0,IMD GRID MODEL
Andhra Pradesh,West Godavari,19-04-2025,2025,4,0.004874436,IMD GRID MODEL
Andhra Pradesh,West Godavari,23-04-2025,2025,4,0.024044014,IMD GRID MODEL
Andhra Pradesh,West Godavari,26-04-2025,2025,4,0.026200612,IMD GRID MODEL
Andhra Pradesh,West Godavari,29-04-2025,2025,4,0.015284059,IMD GRID MODEL
Andhra Pradesh,Y.S.R.,01-04-2025,2025,4,0.000165853,IMD GRID MODEL
Andhra Pradesh,Y.S.R.,07-04-2025,2025,4,0.001343968,IMD GRID MODEL
Andhra Pradesh,Y.S.R.,08-04-2025,2025,4,0.00150767,IMD GRID MODEL
Andhra Pradesh,Anantapur,08-03-2025,2025,3,0.000473418,IMD GRID MODEL
Andhra Pradesh,Anantapur,09-03-2025,2025,3,0,IMD GRID MODEL
Andhra Pradesh,Anantapur,13-03-2025,2025,3,0,IMD GRID MODEL
Andhra Pradesh,Anantapur,17-03-2025,2025,3,0,IMD GRID MODEL
Andhra Pradesh,Anantapur,24-03-2025,2025,3,0.258623749,IMD GRID MODEL
Andhra Pradesh,Anantapur,28-03-2025,2025,3,8.95E-06,IMD GRID MODEL
Andhra Pradesh,Chittoor,12-03-2025,2025,3,1.244840068,IMD GRID MODEL
Andhra Pradesh,Chittoor,25-03-2025,2025,3,0,IMD GRID MODEL
Andhra Pradesh,East Godavari,07-03-2025,2025,3,0.028298492,IMD GRID MODEL
Andhra Pradesh,East Godavari,08-03-2025,2025,3,0,IMD GRID MODEL
Andhra Pradesh,East Godavari,11-03-2025,2025,3,0,IMD GRID MODEL
Andhra Pradesh,East Godavari,26-03-2025,2025,3,0.065280958,IMD GRID MODEL
Andhra Pradesh,East Godavari,28-03-2025,2025,3,0,IMD GRID MODEL
Andhra Pradesh,East Godavari,29-03-2025,2025,3,0,IMD GRID MODEL
Andhra Pradesh,Guntur,01-03-2025,2025,3,0,IMD GRID MODEL
Andhra Pradesh,Guntur,07-03-2025,2025,3,0,IMD GRID MODEL
Andhra Pradesh,Guntur,13-03-2025,2025,3,0,IMD GRID MODEL
Andhra Pradesh,Guntur,14-03-2025,2025,3,0,IMD GRID MODEL
Andhra Pradesh,Guntur,22-03-2025,2025,3,0.042913713,IMD GRID MODEL
Andhra Pradesh,Guntur,27-03-2025,2025,3,0.002462534,IMD GRID MODEL
Andhra Pradesh,Guntur,28-03-2025,2025,3,0.000186313,IMD GRID MODEL
Andhra Pradesh,Krishna,03-03-2025,2025,3,0.000404505,IMD GRID MODEL
Andhra Pradesh,Krishna,04-03-2025,2025,3,0,IMD GRID MODEL
Andhra Pradesh,Krishna,20-03-2025,2025,3,0,IMD GRID MODEL
Andhra Pradesh,Krishna,27-03-2025,2025,3,0.069705355,IMD GRID MODEL
Andhra Pradesh,Krishna,28-03-2025,2025,3,0.005855044,IMD GRID MODEL
Andhra Pradesh,Kurnool,06-03-2025,2025,3,0.001290713,IMD GRID MODEL
Andhra Pradesh,Kurnool,14-03-2025,2025,3,0,IMD GRID MODEL
Andhra Pradesh,Kurnool,15-03-2025,2025,3,0,IMD GRID MODEL
Andhra Pradesh,Kurnool,16-03-2025,2025,3,0,IMD GRID MODEL
Andhra Pradesh,Kurnool,19-03-2025,2025,3,0,IMD GRID MODEL
Andhra Pradesh,Kurnool,21-03-2025,2025,3,0.004083558,IMD GRID MODEL
Andhra Pradesh,Kurnool,25-03-2025,2025,3,0.011427551,IMD GRID MODEL
Andhra Pradesh,Kurnool,26-03-2025,2025,3,0.077366634,IMD GRID MODEL
Andhra Pradesh,Prakasam,04-03-2025,2025,3,0,IMD GRID MODEL
Andhra Pradesh,SPSR Nellore,02-03-2025,2025,3,-0.001521846,IMD GRID MODEL
Andhra Pradesh,SPSR Nellore,08-03-2025,2025,3,0,IMD GRID MODEL
Andhra Pradesh,SPSR Nellore,11-03-2025,2025,3,0,IMD GRID MODEL
Andhra Pradesh,SPSR Nellore,19-03-2025,2025,3,0,IMD GRID MODEL
Andhra Pradesh,SPSR Nellore,24-03-2025,2025,3,0.002310062,IMD GRID MODEL
Andhra Pradesh,Srikakulam,12-03-2025,2025,3,0,IMD GRID MODEL
Andhra Pradesh,Srikakulam,13-03-2025,2025,3,0,IMD GRID MODEL
Andhra Pradesh,Srikakulam,17-03-2025,2025,3,0,IMD GRID MODEL
Andhra Pradesh,Srikakulam,18-03-2025,2025,3,0,IMD GRID MODEL
Andhra Pradesh,Srikakulam,20-03-2025,2025,3,4.50E-05,IMD GRID MODEL
Andhra Pradesh,Srikakulam,21-03-2025,2025,3,0,IMD GRID MODEL
Andhra Pradesh,Srikakulam,26-03-2025,2025,3,0.016276401,IMD GRID MODEL
Andhra Pradesh,Srikakulam,29-03-2025,2025,3,0,IMD GRID MODEL
Andhra Pradesh,Visakhapatanam,01-03-2025,2025,3,0,IMD GRID MODEL
Andhra Pradesh,Visakhapatanam,02-03-2025,2025,3,0,IMD GRID MODEL
Andhra Pradesh,Visakhapatanam,04-03-2025,2025,3,0,IMD GRID MODEL
Andhra Pradesh,Visakhapatanam,11-03-2025,2025,3,0,IMD GRID MODEL
Andhra Pradesh,Visakhapatanam,15-03-2025,2025,3,0,IMD GRID MODEL
Andhra Pradesh,Visakhapatanam,21-03-2025,2025,3,0,IMD GRID MODEL
Andhra Pradesh,Visakhapatanam,22-03-2025,2025,3,0.117502446,IMD GRID MODEL
Andhra Pradesh,Visakhapatanam,24-03-2025,2025,3,2.292642099,IMD GRID MODEL
Andhra Pradesh,Visakhapatanam,29-03-2025,2025,3,0.003726894,IMD GRID MODEL
Andhra Pradesh,Vizianagaram,02-03-2025,2025,3,0,IMD GRID MODEL
Andhra Pradesh,Vizianagaram,04-03-2025,2025,3,0,IMD GRID MODEL
Andhra Pradesh,Vizianagaram,12-03-2025,2025,3,0,IMD GRID MODEL
Andhra Pradesh,Vizianagaram,14-03-2025,2025,3,0,IMD GRID MODEL
Andhra Pradesh,Vizianagaram,19-03-2025,2025,3,0,IMD GRID MODEL
Andhra Pradesh,Vizianagaram,25-03-2025,2025,3,0.090169793,IMD GRID MODEL
Andhra Pradesh,Vizianagaram,26-03-2025,2025,3,0.67422283,IMD GRID MODEL
Andhra Pradesh,Vizianagaram,28-03-2025,2025,3,0,IMD GRID MODEL
Andhra Pradesh,Vizianagaram,29-03-2025,2025,3,0,IMD GRID MODEL
Andhra Pradesh,Vizianagaram,30-03-2025,2025,3,0.015338441,IMD GRID MODEL
Andhra Pradesh,West Godavari,02-03-2025,2025,3,0,IMD GRID MODEL
Andhra Pradesh,West Godavari,03-03-2025,2025,3,0.009235525,IMD GRID MODEL
Andhra Pradesh,West Godavari,14-03-2025,2025,3,0,IMD GRID MODEL
Andhra Pradesh,West Godavari,15-03-2025,2025,3,0,IMD GRID MODEL
Andhra Pradesh,West Godavari,19-03-2025,2025,3,0,IMD GRID MODEL
Andhra Pradesh,West Godavari,24-03-2025,2025,3,0.001291346,IMD GRID MODEL
Andhra Pradesh,West Godavari,28-03-2025,2025,3,5.47E-05,IMD GRID MODEL
Andhra Pradesh,West Godavari,30-03-2025,2025,3,0,IMD GRID MODEL
Andhra Pradesh,Y.S.R.,09-03-2025,2025,3,0,IMD GRID MODEL
Andhra Pradesh,Y.S.R.,11-03-2025,2025,3,0,IMD GRID MODEL
Andhra Pradesh,Y.S.R.,12-03-2025,2025,3,0.004727396,IMD GRID MODEL
Andhra Pradesh,Y.S.R.,21-03-2025,2025,3,0.003930184,IMD GRID MODEL
Andhra Pradesh,Y.S.R.,25-03-2025,2025,3,0,IMD GRID MODEL
Andhra Pradesh,Anantapur,02-03-2025,2025,3,0,IMD GRID MODEL
Andhra Pradesh,Anantapur,07-03-2025,2025,3,0,IMD GRID MODEL
Andhra Pradesh,Anantapur,01-05-2025,2025,5,3.044418572,IMD GRID MODEL
Andhra Pradesh,Anantapur,03-05-2025,2025,5,10.95027456,IMD GRID MODEL
Andhra Pradesh,Anantapur,05-05-2025,2025,5,0.000146764,IMD GRID MODEL
Andhra Pradesh,Anantapur,08-05-2025,2025,5,0.058133592,IMD GRID MODEL
Andhra Pradesh,Anantapur,15-05-2025,2025,5,19.11727316,IMD GRID MODEL
Andhra Pradesh,Anantapur,20-05-2025,2025,5,2.313194885,IMD GRID MODEL
Andhra Pradesh,Anantapur,26-05-2025,2025,5,1.105815632,IMD GRID MODEL
Andhra Pradesh,Chittoor,03-05-2025,2025,5,10.18107418,IMD GRID MODEL
Andhra Pradesh,Chittoor,06-05-2025,2025,5,0.830541238,IMD GRID MODEL
Andhra Pradesh,Chittoor,16-05-2025,2025,5,5.329347067,IMD GRID MODEL
Andhra Pradesh,Chittoor,17-05-2025,2025,5,9.279513893,IMD GRID MODEL
Andhra Pradesh,Chittoor,18-05-2025,2025,5,12.40072257,IMD GRID MODEL
Andhra Pradesh,Chittoor,23-05-2025,2025,5,0.340275002,IMD GRID MODEL
Andhra Pradesh,Chittoor,28-05-2025,2025,5,0.719319177,IMD GRID MODEL
Andhra Pradesh,East Godavari,03-05-2025,2025,5,0.009190521,IMD GRID MODEL
Andhra Pradesh,East Godavari,09-05-2025,2025,5,1.036562127,IMD GRID MODEL
Andhra Pradesh,East Godavari,19-05-2025,2025,5,3.062377841,IMD GRID MODEL
Andhra Pradesh,East Godavari,24-05-2025,2025,5,3.040437628,IMD GRID MODEL
Andhra Pradesh,East Godavari,26-05-2025,2025,5,7.112920104,IMD GRID MODEL
Andhra Pradesh,Guntur,03-05-2025,2025,5,3.94941647,IMD GRID MODEL
Andhra Pradesh,Guntur,07-05-2025,2025,5,7.030204907,IMD GRID MODEL
Andhra Pradesh,Guntur,18-05-2025,2025,5,11.94027542,IMD GRID MODEL
Andhra Pradesh,Guntur,31-05-2025,2025,5,0.933904812,IMD GRID MODEL
Andhra Pradesh,Krishna,01-05-2025,2025,5,0.770833548,IMD GRID MODEL
Andhra Pradesh,Krishna,02-05-2025,2025,5,5.90944668,IMD GRID MODEL
Andhra Pradesh,Krishna,06-05-2025,2025,5,0.005054089,IMD GRID MODEL
Andhra Pradesh,Krishna,09-05-2025,2025,5,4.120353793,IMD GRID MODEL
Andhra Pradesh,Krishna,10-05-2025,2025,5,0.457148617,IMD GRID MODEL
Andhra Pradesh,Krishna,28-05-2025,2025,5,13.96251774,IMD GRID MODEL
Andhra Pradesh,Krishna,31-05-2025,2025,5,1.186912526,IMD GRID MODEL
Andhra Pradesh,Kurnool,02-05-2025,2025,5,0.379986479,IMD GRID MODEL
Andhra Pradesh,Kurnool,10-05-2025,2025,5,0.000629877,IMD GRID MODEL
Andhra Pradesh,Kurnool,24-05-2025,2025,5,0.009066581,IMD GRID MODEL
Andhra Pradesh,Kurnool,25-05-2025,2025,5,0.785428884,IMD GRID MODEL
Andhra Pradesh,Prakasam,05-05-2025,2025,5,0.970487347,IMD GRID MODEL
Andhra Pradesh,Prakasam,06-05-2025,2025,5,0.8731723,IMD GRID MODEL
Andhra Pradesh,Prakasam,09-05-2025,2025,5,4.516356102,IMD GRID MODEL
Andhra Pradesh,Prakasam,15-05-2025,2025,5,3.907280871,IMD GRID MODEL
Andhra Pradesh,Prakasam,20-05-2025,2025,5,14.99956893,IMD GRID MODEL
Andhra Pradesh,Prakasam,25-05-2025,2025,5,9.813748993,IMD GRID MODEL
Andhra Pradesh,Prakasam,27-05-2025,2025,5,0.739032039,IMD GRID MODEL
Andhra Pradesh,SPSR Nellore,04-05-2025,2025,5,0.004485113,IMD GRID MODEL
Andhra Pradesh,SPSR Nellore,15-05-2025,2025,5,0.026537159,IMD GRID MODEL
Andhra Pradesh,SPSR Nellore,17-05-2025,2025,5,1.285719477,IMD GRID MODEL
Andhra Pradesh,SPSR Nellore,23-05-2025,2025,5,0.235421999,IMD GRID MODEL
Andhra Pradesh,SPSR Nellore,27-05-2025,2025,5,0.814456297,IMD GRID MODEL
Andhra Pradesh,Srikakulam,06-05-2025,2025,5,4.07E-06,IMD GRID MODEL
Andhra Pradesh,Srikakulam,18-05-2025,2025,5,0.451203451,IMD GRID MODEL
Andhra Pradesh,Srikakulam,20-05-2025,2025,5,2.018999561,IMD GRID MODEL
Andhra Pradesh,Srikakulam,29-05-2025,2025,5,9.239252538,IMD GRID MODEL
Andhra Pradesh,Srikakulam,31-05-2025,2025,5,2.056843152,IMD GRID MODEL
Andhra Pradesh,Visakhapatanam,23-05-2025,2025,5,9.917964716,IMD GRID MODEL
Andhra Pradesh,Vizianagaram,05-05-2025,2025,5,1.267606299,IMD GRID MODEL
Andhra Pradesh,Vizianagaram,07-05-2025,2025,5,0.000200178,IMD GRID MODEL
Andhra Pradesh,Vizianagaram,19-05-2025,2025,5,4.797181872,IMD GRID MODEL
Andhra Pradesh,Vizianagaram,29-05-2025,2025,5,9.17435083,IMD GRID MODEL
Andhra Pradesh,West Godavari,02-05-2025,2025,5,6.184292065,IMD GRID MODEL
Andhra Pradesh,West Godavari,05-05-2025,2025,5,34.01328792,IMD GRID MODEL
Andhra Pradesh,West Godavari,08-05-2025,2025,5,4.20618671,IMD GRID MODEL
Andhra Pradesh,West Godavari,10-05-2025,2025,5,4.322802921,IMD GRID MODEL
Andhra Pradesh,West Godavari,15-05-2025,2025,5,9.865672674,IMD GRID MODEL
Andhra Pradesh,West Godavari,20-05-2025,2025,5,12.2586386,IMD GRID MODEL
Andhra Pradesh,West Godavari,23-05-2025,2025,5,9.689925752,IMD GRID MODEL
Andhra Pradesh,West Godavari,24-05-2025,2025,5,12.91915494,IMD GRID MODEL
Andhra Pradesh,West Godavari,25-05-2025,2025,5,6.865923502,IMD GRID MODEL
Andhra Pradesh,Y.S.R.,02-05-2025,2025,5,6.064434794,IMD GRID MODEL
Andhra Pradesh,Y.S.R.,06-05-2025,2025,5,0.025719851,IMD GRID MODEL
Andhra Pradesh,Y.S.R.,09-05-2025,2025,5,3.495354212,IMD GRID MODEL
Andhra Pradesh,Y.S.R.,23-05-2025,2025,5,0.248830792,IMD GRID MODEL
Andhra Pradesh,Y.S.R.,24-05-2025,2025,5,0.299494318,IMD GRID MODEL
Andhra Pradesh,Y.S.R.,26-05-2025,2025,5,8.534441886,IMD GRID MODEL
Andhra Pradesh,Anantapur,06-06-2025,2025,6,0.244936208,IMD GRID MODEL
Andhra Pradesh,Anantapur,10-06-2025,2025,6,3.593798343,IMD GRID MODEL
Andhra Pradesh,Anantapur,12-06-2025,2025,6,12.39248674,IMD GRID MODEL
Andhra Pradesh,Anantapur,25-06-2025,2025,6,0.390893891,IMD GRID MODEL
Andhra Pradesh,Anantapur,27-06-2025,2025,6,0.394102008,IMD GRID MODEL
Andhra Pradesh,Chittoor,01-06-2025,2025,6,0.02081646,IMD GRID MODEL
Andhra Pradesh,Chittoor,02-06-2025,2025,6,0.633904078,IMD GRID MODEL
Andhra Pradesh,Chittoor,04-06-2025,2025,6,1.0443039,IMD GRID MODEL
Andhra Pradesh,Chittoor,12-06-2025,2025,6,0.337292657,IMD GRID MODEL
Andhra Pradesh,Chittoor,14-06-2025,2025,6,1.649620943,IMD GRID MODEL
Andhra Pradesh,Chittoor,18-06-2025,2025,6,0.324441983,IMD GRID MODEL
Andhra Pradesh,East Godavari,10-06-2025,2025,6,0.006574201,IMD GRID MODEL
Andhra Pradesh,East Godavari,11-06-2025,2025,6,3.010673717,IMD GRID MODEL
Andhra Pradesh,East Godavari,12-06-2025,2025,6,1.575943305,IMD GRID MODEL
Andhra Pradesh,East Godavari,15-06-2025,2025,6,15.61211245,IMD GRID MODEL
Andhra Pradesh,East Godavari,22-06-2025,2025,6,3.312883344,IMD GRID MODEL
Andhra Pradesh,East Godavari,24-06-2025,2025,6,10.12092584,IMD GRID MODEL
Andhra Pradesh,East Godavari,28-06-2025,2025,6,1.403749373,IMD GRID MODEL
Andhra Pradesh,East Godavari,30-06-2025,2025,6,9.859866004,IMD GRID MODEL
Andhra Pradesh,Guntur,02-06-2025,2025,6,0.012092747,IMD GRID MODEL
Andhra Pradesh,Guntur,05-06-2025,2025,6,0.016601577,IMD GRID MODEL
Andhra Pradesh,Guntur,06-06-2025,2025,6,0.003153498,IMD GRID MODEL
Andhra Pradesh,Guntur,12-06-2025,2025,6,7.047710044,IMD GRID MODEL
Andhra Pradesh,Guntur,19-06-2025,2025,6,0.138695583,IMD GRID MODEL
Andhra Pradesh,Guntur,20-06-2025,2025,6,0.180614452,IMD GRID MODEL
Andhra Pradesh,Guntur,23-06-2025,2025,6,0.967913454,IMD GRID MODEL
Andhra Pradesh,Guntur,26-06-2025,2025,6,10.30132266,IMD GRID MODEL
Andhra Pradesh,Krishna,02-06-2025,2025,6,0.005687221,IMD GRID MODEL
Andhra Pradesh,Krishna,04-06-2025,2025,6,0.069793034,IMD GRID MODEL
Andhra Pradesh,Krishna,08-06-2025,2025,6,4.51697416,IMD GRID MODEL
Andhra Pradesh,Krishna,12-06-2025,2025,6,0.752599711,IMD GRID MODEL
Andhra Pradesh,Krishna,13-06-2025,2025,6,3.935791635,IMD GRID MODEL
Andhra Pradesh,Krishna,17-06-2025,2025,6,2.72196693,IMD GRID MODEL
Andhra Pradesh,Krishna,29-06-2025,2025,6,0.224873283,IMD GRID MODEL
Andhra Pradesh,Krishna,30-06-2025,2025,6,11.89311875,IMD GRID MODEL
Andhra Pradesh,Kurnool,01-06-2025,2025,6,0.270331068,IMD GRID MODEL
Andhra Pradesh,Kurnool,04-06-2025,2025,6,0.343609436,IMD GRID MODEL
Andhra Pradesh,Kurnool,10-06-2025,2025,6,0.00234123,IMD GRID MODEL
Andhra Pradesh,Kurnool,09-06-2025,2025,6,7.66990325,IMD GRID MODEL
Andhra Pradesh,Kurnool,18-06-2025,2025,6,0.156463813,IMD GRID MODEL
Andhra Pradesh,Kurnool,29-06-2025,2025,6,0.253125218,IMD GRID MODEL
Andhra Pradesh,Prakasam,10-06-2025,2025,6,0.006573307,IMD GRID MODEL
Andhra Pradesh,Prakasam,17-06-2025,2025,6,0.040776401,IMD GRID MODEL
Andhra Pradesh,Prakasam,20-06-2025,2025,6,0.262654733,IMD GRID MODEL
Andhra Pradesh,Prakasam,21-06-2025,2025,6,1.852132456,IMD GRID MODEL
Andhra Pradesh,Prakasam,22-06-2025,2025,6,1.24838791,IMD GRID MODEL
Andhra Pradesh,Prakasam,27-06-2025,2025,6,0.4336928,IMD GRID MODEL
Andhra Pradesh,SPSR Nellore,02-06-2025,2025,6,0.349824191,IMD GRID MODEL
Andhra Pradesh,SPSR Nellore,11-06-2025,2025,6,0.243432571,IMD GRID MODEL
Andhra Pradesh,SPSR Nellore,21-06-2025,2025,6,5.802428973,IMD GRID MODEL
Andhra Pradesh,SPSR Nellore,24-06-2025,2025,6,1.876954651,IMD GRID MODEL
Andhra Pradesh,SPSR Nellore,28-06-2025,2025,6,1.187695357,IMD GRID MODEL
Andhra Pradesh,Srikakulam,06-06-2025,2025,6,1.213827639,IMD GRID MODEL
Andhra Pradesh,Srikakulam,08-06-2025,2025,6,2.21583494,IMD GRID MODEL
Andhra Pradesh,Srikakulam,09-06-2025,2025,6,0.03045303,IMD GRID MODEL
Andhra Pradesh,Srikakulam,14-06-2025,2025,6,0.485695426,IMD GRID MODEL
Andhra Pradesh,Srikakulam,18-06-2025,2025,6,0.767386315,IMD GRID MODEL
Andhra Pradesh,Srikakulam,28-06-2025,2025,6,0.141709753,IMD GRID MODEL
Andhra Pradesh,Visakhapatanam,02-06-2025,2025,6,2.08E-05,IMD GRID MODEL
Andhra Pradesh,Visakhapatanam,12-06-2025,2025,6,4.194070002,IMD GRID MODEL
Andhra Pradesh,Visakhapatanam,13-06-2025,2025,6,1.157455415,IMD GRID MODEL
Andhra Pradesh,Visakhapatanam,16-06-2025,2025,6,1.319565474,IMD GRID MODEL
Andhra Pradesh,Visakhapatanam,20-06-2025,2025,6,1.274604814,IMD GRID MODEL
Andhra Pradesh,Visakhapatanam,25-06-2025,2025,6,6.639955037,IMD GRID MODEL
Andhra Pradesh,Vizianagaram,03-06-2025,2025,6,0.640057029,IMD GRID MODEL
Andhra Pradesh,Vizianagaram,04-06-2025,2025,6,1.261130306,IMD GRID MODEL
Andhra Pradesh,Vizianagaram,05-06-2025,2025,6,5.510050824,IMD GRID MODEL
Andhra Pradesh,Vizianagaram,06-06-2025,2025,6,2.086830427,IMD GRID MODEL
Andhra Pradesh,Vizianagaram,09-06-2025,2025,6,0.042307549,IMD GRID MODEL
Andhra Pradesh,Vizianagaram,18-06-2025,2025,6,1.289408717,IMD GRID MODEL
Andhra Pradesh,Vizianagaram,24-06-2025,2025,6,7.291490787,IMD GRID MODEL
Andhra Pradesh,Vizianagaram,26-06-2025,2025,6,6.640604628,IMD GRID MODEL
Andhra Pradesh,Vizianagaram,28-06-2025,2025,6,0.292183213,IMD GRID MODEL
Andhra Pradesh,West Godavari,01-06-2025,2025,6,0.184507,IMD GRID MODEL
Andhra Pradesh,West Godavari,02-06-2025,2025,6,0.000321011,IMD GRID MODEL
Andhra Pradesh,West Godavari,03-06-2025,2025,6,0.451384343,IMD GRID MODEL
Andhra Pradesh,West Godavari,14-06-2025,2025,6,5.632117763,IMD GRID MODEL
Andhra Pradesh,West Godavari,28-06-2025,2025,6,0.42187444,IMD GRID MODEL
Andhra Pradesh,Y.S.R.,04-06-2025,2025,6,0.19953721,IMD GRID MODEL
Andhra Pradesh,Y.S.R.,07-06-2025,2025,6,0.989768268,IMD GRID MODEL
Andhra Pradesh,Y.S.R.,15-06-2025,2025,6,0.375137574,IMD GRID MODEL
Andhra Pradesh,Y.S.R.,16-06-2025,2025,6,2.296539526,IMD GRID MODEL
Andhra Pradesh,Y.S.R.,22-06-2025,2025,6,0.79948495,IMD GRID MODEL
Andhra Pradesh,Y.S.R.,24-06-2025,2025,6,1.650758782,IMD GRID MODEL
Andhra Pradesh,Y.S.R.,26-06-2025,2025,6,2.352081501,IMD GRID MODEL
Andhra Pradesh,Y.S.R.,27-06-2025,2025,6,0.644400405,IMD GRID MODEL
Andhra Pradesh,East Godavari,26-01-2025,2025,1,1.31E-06,IMD GRID MODEL
Andhra Pradesh,East Godavari,28-01-2025,2025,1,0,IMD GRID MODEL
Andhra Pradesh,East Godavari,03-02-2025,2025,2,0,IMD GRID MODEL
Andhra Pradesh,East Godavari,20-02-2025,2025,2,0,IMD GRID MODEL
Andhra Pradesh,East Godavari,28-02-2025,2025,2,0,IMD GRID MODEL
Andhra Pradesh,East Godavari,07-03-2025,2025,3,0.028298492,IMD GRID MODEL
Andhra Pradesh,East Godavari,08-03-2025,2025,3,0,IMD GRID MODEL
Andhra Pradesh,East Godavari,12-03-2025,2025,3,0,IMD GRID MODEL
Andhra Pradesh,East Godavari,31-03-2025,2025,3,0.009670403,IMD GRID MODEL
Andhra Pradesh,East Godavari,04-04-2025,2025,4,2.44452987,IMD GRID MODEL
Andhra Pradesh,East Godavari,10-04-2025,2025,4,0.938749426,IMD GRID MODEL
Andhra Pradesh,East Godavari,11-04-2025,2025,4,3.406604397,IMD GRID MODEL
Andhra Pradesh,East Godavari,14-04-2025,2025,4,10.77679371,IMD GRID MODEL
Andhra Pradesh,East Godavari,16-04-2025,2025,4,4.796428288,IMD GRID MODEL
Andhra Pradesh,East Godavari,18-04-2025,2025,4,0.001230556,IMD GRID MODEL
Andhra Pradesh,East Godavari,19-04-2025,2025,4,0,IMD GRID MODEL
Andhra Pradesh,East Godavari,24-04-2025,2025,4,0.035953746,IMD GRID MODEL
Andhra Pradesh,East Godavari,28-04-2025,2025,4,0.000925448,IMD GRID MODEL
Andhra Pradesh,East Godavari,02-05-2025,2025,5,8.216779177,IMD GRID MODEL
Andhra Pradesh,East Godavari,04-05-2025,2025,5,6.270121181,IMD GRID MODEL
Andhra Pradesh,East Godavari,05-05-2025,2025,5,32.81630708,IMD GRID MODEL
Andhra Pradesh,East Godavari,07-05-2025,2025,5,0.508386993,IMD GRID MODEL
Andhra Pradesh,East Godavari,08-05-2025,2025,5,2.165508904,IMD GRID MODEL
Andhra Pradesh,East Godavari,16-05-2025,2025,5,10.97519998,IMD GRID MODEL
Andhra Pradesh,East Godavari,21-05-2025,2025,5,21.40979336,IMD GRID MODEL
Andhra Pradesh,East Godavari,24-05-2025,2025,5,3.040437628,IMD GRID MODEL
Andhra Pradesh,East Godavari,03-06-2025,2025,6,0.435580352,IMD GRID MODEL
Andhra Pradesh,East Godavari,05-06-2025,2025,6,0.072097356,IMD GRID MODEL
Andhra Pradesh,East Godavari,16-06-2025,2025,6,1.841053713,IMD GRID MODEL
Andhra Pradesh,East Godavari,15-06-2025,2025,6,15.61211245,IMD GRID MODEL
Andhra Pradesh,East Godavari,23-06-2025,2025,6,7.891039426,IMD GRID MODEL
Andhra Pradesh,East Godavari,27-06-2025,2025,6,14.05521881,IMD GRID MODEL
Andhra Pradesh,East Godavari,28-06-2025,2025,6,1.403749373,IMD GRID MODEL
Andhra Pradesh,Guntur,07-01-2025,2025,1,0.015619491,IMD GRID MODEL
Andhra Pradesh,Guntur,09-01-2025,2025,1,0,IMD GRID MODEL
Andhra Pradesh,Guntur,16-01-2025,2025,1,2.92E-05,IMD GRID MODEL
Andhra Pradesh,Guntur,18-01-2025,2025,1,0,IMD GRID MODEL
Andhra Pradesh,Guntur,09-02-2025,2025,2,0,IMD GRID MODEL
Andhra Pradesh,Guntur,28-02-2025,2025,2,0,IMD GRID MODEL
Andhra Pradesh,Guntur,11-03-2025,2025,3,0,IMD GRID MODEL
Andhra Pradesh,Guntur,16-03-2025,2025,3,0,IMD GRID MODEL
Andhra Pradesh,Guntur,23-03-2025,2025,3,0.063208768,IMD GRID MODEL
Andhra Pradesh,Guntur,27-03-2025,2025,3,0.002462534,IMD GRID MODEL
Andhra Pradesh,Guntur,31-03-2025,2025,3,0.001828358,IMD GRID MODEL
Andhra Pradesh,Guntur,06-04-2025,2025,4,0.569138804,IMD GRID MODEL
Andhra Pradesh,Guntur,14-04-2025,2025,4,2.375308572,IMD GRID MODEL
Andhra Pradesh,Guntur,15-04-2025,2025,4,0.002616483,IMD GRID MODEL
Andhra Pradesh,Guntur,17-04-2025,2025,4,0,IMD GRID MODEL
Andhra Pradesh,Guntur,22-04-2025,2025,4,0,IMD GRID MODEL
Andhra Pradesh,Guntur,28-04-2025,2025,4,0.003085502,IMD GRID MODEL
Andhra Pradesh,Guntur,15-05-2025,2025,5,2.843909723,IMD GRID MODEL
Andhra Pradesh,Guntur,17-05-2025,2025,5,2.555532636,IMD GRID MODEL
Andhra Pradesh,Guntur,18-05-2025,2025,5,11.94027542,IMD GRID MODEL
Andhra Pradesh,Guntur,21-05-2025,2025,5,8.347939153,IMD GRID MODEL
Andhra Pradesh,Guntur,03-06-2025,2025,6,0.006385122,IMD GRID MODEL
Andhra Pradesh,Guntur,14-06-2025,2025,6,0.799191914,IMD GRID MODEL
Andhra Pradesh,Guntur,19-06-2025,2025,6,0.138695583,IMD GRID MODEL
Andhra Pradesh,Krishna,01-01-2025,2025,1,7.99E-06,IMD GRID MODEL
Andhra Pradesh,Krishna,02-01-2025,2025,1,5.20E-05,IMD GRID MODEL
Andhra Pradesh,Krishna,05-01-2025,2025,1,0.014457404,IMD GRID MODEL
Andhra Pradesh,Krishna,12-01-2025,2025,1,7.73E-05,IMD GRID MODEL
Andhra Pradesh,Krishna,31-01-2025,2025,1,0,IMD GRID MODEL
Andhra Pradesh,Krishna,09-02-2025,2025,2,0,IMD GRID MODEL
Andhra Pradesh,Krishna,13-02-2025,2025,2,0.00135838,IMD GRID MODEL
Andhra Pradesh,Krishna,14-02-2025,2025,2,0,IMD GRID MODEL
Andhra Pradesh,Krishna,19-02-2025,2025,2,0.000395217,IMD GRID MODEL
Andhra Pradesh,Krishna,01-03-2025,2025,3,0,IMD GRID MODEL
Andhra Pradesh,Krishna,12-03-2025,2025,3,0.00492541,IMD GRID MODEL
Andhra Pradesh,Krishna,18-03-2025,2025,3,0,IMD GRID MODEL
Andhra Pradesh,Krishna,21-03-2025,2025,3,0,IMD GRID MODEL
Andhra Pradesh,Krishna,23-03-2025,2025,3,1.623399968,IMD GRID MODEL
Andhra Pradesh,Krishna,24-03-2025,2025,3,0.113270934,IMD GRID MODEL
Andhra Pradesh,Krishna,26-03-2025,2025,3,0,IMD GRID MODEL
Andhra Pradesh,Krishna,27-03-2025,2025,3,0.069705355,IMD GRID MODEL
Andhra Pradesh,Krishna,30-03-2025,2025,3,0,IMD GRID MODEL
Andhra Pradesh,Krishna,09-04-2025,2025,4,0.034641272,IMD GRID MODEL
Andhra Pradesh,Krishna,10-04-2025,2025,4,0.000383601,IMD GRID MODEL
Andhra Pradesh,Krishna,22-04-2025,2025,4,0,IMD GRID MODEL
Andhra Pradesh,Krishna,28-04-2025,2025,4,0.030757998,IMD GRID MODEL
Andhra Pradesh,Krishna,30-04-2025,2025,4,0.005345467,IMD GRID MODEL
Andhra Pradesh,Krishna,09-05-2025,2025,5,4.120353793,IMD GRID MODEL
Andhra Pradesh,Krishna,17-05-2025,2025,5,1.541585253,IMD GRID MODEL
Andhra Pradesh,Krishna,18-05-2025,2025,5,5.15578336,IMD GRID MODEL
Andhra Pradesh,Krishna,12-06-2025,2025,6,0.752599711,IMD GRID MODEL
Andhra Pradesh,Krishna,13-06-2025,2025,6,3.935791635,IMD GRID MODEL
Andhra Pradesh,Krishna,14-06-2025,2025,6,0.813810204,IMD GRID MODEL
Andhra Pradesh,Krishna,21-06-2025,2025,6,0.292187199,IMD GRID MODEL
Andhra Pradesh,Kurnool,01-01-2025,2025,1,2.21E-05,IMD GRID MODEL
Andhra Pradesh,Kurnool,03-01-2025,2025,1,0.003454102,IMD GRID MODEL
Andhra Pradesh,Kurnool,06-01-2025,2025,1,0.000910678,IMD GRID MODEL
Andhra Pradesh,Kurnool,15-01-2025,2025,1,0,IMD GRID MODEL
Andhra Pradesh,Kurnool,16-01-2025,2025,1,0.008192578,IMD GRID MODEL
Andhra Pradesh,Kurnool,21-01-2025,2025,1,0.000403919,IMD GRID MODEL
Andhra Pradesh,Kurnool,24-01-2025,2025,1,0.010686025,IMD GRID MODEL
Andhra Pradesh,Kurnool,26-01-2025,2025,1,0.009494322,IMD GRID MODEL
Andhra Pradesh,Kurnool,05-02-2025,2025,2,0.010974788,IMD GRID MODEL
Andhra Pradesh,Kurnool,07-02-2025,2025,2,0,IMD GRID MODEL
Andhra Pradesh,Kurnool,08-02-2025,2025,2,0,IMD GRID MODEL
Andhra Pradesh,Kurnool,09-02-2025,2025,2,0.000697842,IMD GRID MODEL
Andhra Pradesh,Kurnool,13-02-2025,2025,2,0,IMD GRID MODEL
Andhra Pradesh,Kurnool,14-02-2025,2025,2,0,IMD GRID MODEL
Andhra Pradesh,Kurnool,18-02-2025,2025,2,0,IMD GRID MODEL
Andhra Pradesh,Kurnool,19-02-2025,2025,2,0,IMD GRID MODEL
Andhra Pradesh,Kurnool,21-02-2025,2025,2,0.000547938,IMD GRID MODEL
Andhra Pradesh,Kurnool,23-02-2025,2025,2,0,IMD GRID MODEL
Andhra Pradesh,Kurnool,26-02-2025,2025,2,0,IMD GRID MODEL
Andhra Pradesh,Kurnool,05-03-2025,2025,3,0.059175103,IMD GRID MODEL
Andhra Pradesh,Kurnool,10-03-2025,2025,3,7.37E-05,IMD GRID MODEL
Andhra Pradesh,Kurnool,11-03-2025,2025,3,0.001560367,IMD GRID MODEL
Andhra Pradesh,Kurnool,25-03-2025,2025,3,0.011427551,IMD GRID MODEL
Andhra Pradesh,Kurnool,26-03-2025,2025,3,0.077366634,IMD GRID MODEL
Andhra Pradesh,Kurnool,31-03-2025,2025,3,0.019816461,IMD GRID MODEL
Andhra Pradesh,Kurnool,16-04-2025,2025,4,0.056567215,IMD GRID MODEL
Andhra Pradesh,Kurnool,20-04-2025,2025,4,0.544370102,IMD GRID MODEL
Andhra Pradesh,Kurnool,15-05-2025,2025,5,10.72858471,IMD GRID MODEL
Andhra Pradesh,Kurnool,16-05-2025,2025,5,1.695176747,IMD GRID MODEL
Andhra Pradesh,Kurnool,28-05-2025,2025,5,1.705866804,IMD GRID MODEL
Andhra Pradesh,Kurnool,01-06-2025,2025,6,0.270331068,IMD GRID MODEL
Andhra Pradesh,Kurnool,07-06-2025,2025,6,5.597170395,IMD GRID MODEL
Andhra Pradesh,Kurnool,08-06-2025,2025,6,4.948117862,IMD GRID MODEL
Andhra Pradesh,Kurnool,21-06-2025,2025,6,3.803955112,IMD GRID MODEL
Andhra Pradesh,Kurnool,28-06-2025,2025,6,0.152240869,IMD GRID MODEL
Andhra Pradesh,Prakasam,01-01-2025,2025,1,0,IMD GRID MODEL
Andhra Pradesh,Prakasam,03-01-2025,2025,1,0.000311912,IMD GRID MODEL
Andhra Pradesh,Prakasam,07-01-2025,2025,1,0,IMD GRID MODEL
Andhra Pradesh,Prakasam,08-01-2025,2025,1,0,IMD GRID MODEL
Andhra Pradesh,Prakasam,10-01-2025,2025,1,3.80E-06,IMD GRID MODEL
Andhra Pradesh,Prakasam,13-01-2025,2025,1,0,IMD GRID MODEL
Andhra Pradesh,Prakasam,14-01-2025,2025,1,0,IMD GRID MODEL
Andhra Pradesh,Prakasam,17-01-2025,2025,1,4.39E-05,IMD GRID MODEL
Andhra Pradesh,Prakasam,19-01-2025,2025,1,0.004301148,IMD GRID MODEL
Andhra Pradesh,Prakasam,24-01-2025,2025,1,0,IMD GRID MODEL
Andhra Pradesh,Prakasam,30-01-2025,2025,1,0,IMD GRID MODEL
Andhra Pradesh,Prakasam,04-02-2025,2025,2,0,IMD GRID MODEL
Andhra Pradesh,Prakasam,07-02-2025,2025,2,0,IMD GRID MODEL
Andhra Pradesh,Prakasam,23-02-2025,2025,2,5.64E-07,IMD GRID MODEL
Andhra Pradesh,Prakasam,24-02-2025,2025,2,0,IMD GRID MODEL
Andhra Pradesh,Prakasam,28-02-2025,2025,2,0,IMD GRID MODEL
Andhra Pradesh,Prakasam,03-03-2025,2025,3,0,IMD GRID MODEL
Andhra Pradesh,Prakasam,06-03-2025,2025,3,0,IMD GRID MODEL
Andhra Pradesh,Prakasam,14-03-2025,2025,3,0,IMD GRID MODEL
Andhra Pradesh,Prakasam,17-03-2025,2025,3,0,IMD GRID MODEL
Andhra Pradesh,Prakasam,19-03-2025,2025,3,0,IMD GRID MODEL
Andhra Pradesh,Prakasam,20-03-2025,2025,3,0,IMD GRID MODEL
Andhra Pradesh,Prakasam,22-03-2025,2025,3,3.27E-05,IMD GRID MODEL
Andhra Pradesh,Prakasam,24-03-2025,2025,3,0.001919078,IMD GRID MODEL
Andhra Pradesh,Prakasam,29-03-2025,2025,3,0,IMD GRID MODEL
Andhra Pradesh,Prakasam,02-04-2025,2025,4,2.20E-05,IMD GRID MODEL
Andhra Pradesh,Prakasam,25-04-2025,2025,4,0,IMD GRID MODEL
Andhra Pradesh,Prakasam,26-04-2025,2025,4,0,IMD GRID MODEL
Andhra Pradesh,Prakasam,02-05-2025,2025,5,3.333813806,IMD GRID MODEL
Andhra Pradesh,Prakasam,05-05-2025,2025,5,0.970487347,IMD GRID MODEL
Andhra Pradesh,Prakasam,01-06-2025,2025,6,0.136296808,IMD GRID MODEL
Andhra Pradesh,Prakasam,03-06-2025,2025,6,0.158969161,IMD GRID MODEL
Andhra Pradesh,Prakasam,05-06-2025,2025,6,0.014875334,IMD GRID MODEL
Andhra Pradesh,Prakasam,07-06-2025,2025,6,2.119444659,IMD GRID MODEL
Andhra Pradesh,Prakasam,10-06-2025,2025,6,0.006573307,IMD GRID MODEL
Andhra Pradesh,Prakasam,16-06-2025,2025,6,3.744910672,IMD GRID MODEL
Andhra Pradesh,Prakasam,17-06-2025,2025,6,0.040776401,IMD GRID MODEL
Andhra Pradesh,Prakasam,23-06-2025,2025,6,1.946020678,IMD GRID MODEL
Andhra Pradesh,Prakasam,24-06-2025,2025,6,4.785428436,IMD GRID MODEL
Andhra Pradesh,Prakasam,25-06-2025,2025,6,3.134610663,IMD GRID MODEL
Andhra Pradesh,Prakasam,27-06-2025,2025,6,0.4336928,IMD GRID MODEL
Andhra Pradesh,Prakasam,29-06-2025,2025,6,0.911446082,IMD GRID MODEL
Andhra Pradesh,SPSR Nellore,01-01-2025,2025,1,3.13E-05,IMD GRID MODEL
Andhra Pradesh,SPSR Nellore,13-01-2025,2025,1,0.157018426,IMD GRID MODEL
Andhra Pradesh,SPSR Nellore,21-01-2025,2025,1,0,IMD GRID MODEL
Andhra Pradesh,SPSR Nellore,23-01-2025,2025,1,0,IMD GRID MODEL
Andhra Pradesh,SPSR Nellore,28-01-2025,2025,1,0,IMD GRID MODEL
Andhra Pradesh,SPSR Nellore,29-01-2025,2025,1,0.000439684,IMD GRID MODEL
Andhra Pradesh,SPSR Nellore,31-01-2025,2025,1,0,IMD GRID MODEL
Andhra Pradesh,SPSR Nellore,09-02-2025,2025,2,0,IMD GRID MODEL
Andhra Pradesh,SPSR Nellore,17-02-2025,2025,2,0,IMD GRID MODEL
Andhra Pradesh,SPSR Nellore,18-02-2025,2025,2,0,IMD GRID MODEL
Andhra Pradesh,SPSR Nellore,26-02-2025,2025,2,0,IMD GRID MODEL
Andhra Pradesh,SPSR Nellore,27-02-2025,2025,2,0.000774523,IMD GRID MODEL
Andhra Pradesh,SPSR Nellore,25-03-2025,2025,3,0,IMD GRID MODEL
Andhra Pradesh,SPSR Nellore,27-03-2025,2025,3,0,IMD GRID MODEL
Andhra Pradesh,SPSR Nellore,08-04-2025,2025,4,0,IMD GRID MODEL
Andhra Pradesh,SPSR Nellore,12-04-2025,2025,4,0.232174148,IMD GRID MODEL
Andhra Pradesh,SPSR Nellore,24-04-2025,2025,4,0,IMD GRID MODEL
Andhra Pradesh,SPSR Nellore,15-05-2025,2025,5,0.026537159,IMD GRID MODEL
Andhra Pradesh,SPSR Nellore,21-05-2025,2025,5,11.43748218,IMD GRID MODEL
Andhra Pradesh,SPSR Nellore,04-06-2025,2025,6,0.243701304,IMD GRID MODEL
Andhra Pradesh,SPSR Nellore,05-06-2025,2025,6,0.061247016,IMD GRID MODEL
Andhra Pradesh,SPSR Nellore,24-06-2025,2025,6,1.876954651,IMD GRID MODEL
Andhra Pradesh,Srikakulam,02-01-2025,2025,1,9.00E-05,IMD GRID MODEL
Andhra Pradesh,Srikakulam,04-01-2025,2025,1,0,IMD GRID MODEL
Andhra Pradesh,Srikakulam,06-01-2025,2025,1,0,IMD GRID MODEL
Andhra Pradesh,Srikakulam,08-01-2025,2025,1,0,IMD GRID MODEL
Andhra Pradesh,Srikakulam,10-01-2025,2025,1,0.000130537,IMD GRID MODEL
Andhra Pradesh,Srikakulam,17-01-2025,2025,1,0,IMD GRID MODEL
Andhra Pradesh,Srikakulam,20-01-2025,2025,1,0.000762566,IMD GRID MODEL
Andhra Pradesh,Srikakulam,21-01-2025,2025,1,0.000631546,IMD GRID MODEL
Andhra Pradesh,Srikakulam,23-01-2025,2025,1,0.000405836,IMD GRID MODEL
Andhra Pradesh,Srikakulam,24-01-2025,2025,1,3.38E-08,IMD GRID MODEL
Andhra Pradesh,Srikakulam,26-01-2025,2025,1,0,IMD GRID MODEL
Andhra Pradesh,Srikakulam,28-01-2025,2025,1,0,IMD GRID MODEL
Andhra Pradesh,Srikakulam,29-01-2025,2025,1,0,IMD GRID MODEL
Andhra Pradesh,Srikakulam,31-01-2025,2025,1,0,IMD GRID MODEL
Andhra Pradesh,Srikakulam,18-02-2025,2025,2,0,IMD GRID MODEL
Andhra Pradesh,Srikakulam,25-02-2025,2025,2,0,IMD GRID MODEL
Andhra Pradesh,Srikakulam,26-02-2025,2025,2,0,IMD GRID MODEL
Andhra Pradesh,Srikakulam,01-03-2025,2025,3,0,IMD GRID MODEL
Andhra Pradesh,Srikakulam,06-03-2025,2025,3,0.09474486,IMD GRID MODEL
Andhra Pradesh,Srikakulam,09-03-2025,2025,3,0,IMD GRID MODEL
Andhra Pradesh,Srikakulam,17-03-2025,2025,3,0,IMD GRID MODEL
Andhra Pradesh,Srikakulam,20-03-2025,2025,3,4.50E-05,IMD GRID MODEL
Andhra Pradesh,Srikakulam,25-03-2025,2025,3,0.004425515,IMD GRID MODEL
Andhra Pradesh,Srikakulam,03-04-2025,2025,4,0,IMD GRID MODEL
Andhra Pradesh,Srikakulam,04-04-2025,2025,4,0.001119286,IMD GRID MODEL
Andhra Pradesh,Srikakulam,15-04-2025,2025,4,0.003460319,IMD GRID MODEL
Andhra Pradesh,Srikakulam,27-04-2025,2025,4,0.003132116,IMD GRID MODEL
Andhra Pradesh,Srikakulam,02-05-2025,2025,5,16.59474148,IMD GRID MODEL
Andhra Pradesh,Srikakulam,06-05-2025,2025,5,4.07E-06,IMD GRID MODEL
Andhra Pradesh,Srikakulam,09-05-2025,2025,5,0.055475645,IMD GRID MODEL
Andhra Pradesh,Srikakulam,03-05-2025,2025,5,0,IMD GRID MODEL
Andhra Pradesh,Srikakulam,18-05-2025,2025,5,0.451203451,IMD GRID MODEL
Andhra Pradesh,Srikakulam,19-05-2025,2025,5,1.024737243,IMD GRID MODEL
Andhra Pradesh,Srikakulam,01-06-2025,2025,6,9.580023065,IMD GRID MODEL
Andhra Pradesh,Srikakulam,02-06-2025,2025,6,0,IMD GRID MODEL
Andhra Pradesh,Srikakulam,08-06-2025,2025,6,2.21583494,IMD GRID MODEL
Andhra Pradesh,Srikakulam,17-06-2025,2025,6,2.700608307,IMD GRID MODEL
Andhra Pradesh,Srikakulam,22-06-2025,2025,6,0.421579812,IMD GRID MODEL
Andhra Pradesh,Srikakulam,26-06-2025,2025,6,4.936374327,IMD GRID MODEL
Andhra Pradesh,Srikakulam,28-06-2025,2025,6,0.141709753,IMD GRID MODEL
Andhra Pradesh,Srikakulam,29-06-2025,2025,6,2.244805693,IMD GRID MODEL
Andhra Pradesh,Visakhapatanam,03-01-2025,2025,1,0.001013025,IMD GRID MODEL
Andhra Pradesh,Visakhapatanam,21-01-2025,2025,1,0.006672312,IMD GRID MODEL
Andhra Pradesh,Visakhapatanam,22-01-2025,2025,1,0,IMD GRID MODEL
Andhra Pradesh,Visakhapatanam,23-01-2025,2025,1,6.27E-05,IMD GRID MODEL
Andhra Pradesh,Visakhapatanam,24-01-2025,2025,1,0,IMD GRID MODEL
Andhra Pradesh,Visakhapatanam,28-01-2025,2025,1,0.004295946,IMD GRID MODEL
Andhra Pradesh,Visakhapatanam,29-01-2025,2025,1,0,IMD GRID MODEL
Andhra Pradesh,Visakhapatanam,01-02-2025,2025,2,0,IMD GRID MODEL
Andhra Pradesh,Visakhapatanam,13-02-2025,2025,2,0,IMD GRID MODEL
Andhra Pradesh,Visakhapatanam,15-02-2025,2025,2,0,IMD GRID MODEL
Andhra Pradesh,Visakhapatanam,16-02-2025,2025,2,0,IMD GRID MODEL
Andhra Pradesh,Visakhapatanam,18-02-2025,2025,2,0,IMD GRID MODEL
Andhra Pradesh,Visakhapatanam,21-02-2025,2025,2,0.013770067,IMD GRID MODEL
Andhra Pradesh,Visakhapatanam,27-02-2025,2025,2,0,IMD GRID MODEL
Andhra Pradesh,Visakhapatanam,28-02-2025,2025,2,0,IMD GRID MODEL
Andhra Pradesh,Visakhapatanam,02-03-2025,2025,3,0,IMD GRID MODEL
Andhra Pradesh,Visakhapatanam,04-03-2025,2025,3,0,IMD GRID MODEL
Andhra Pradesh,Visakhapatanam,16-03-2025,2025,3,0.078995652,IMD GRID MODEL
Andhra Pradesh,Visakhapatanam,18-03-2025,2025,3,0,IMD GRID MODEL
Andhra Pradesh,Visakhapatanam,21-03-2025,2025,3,0,IMD GRID MODEL
Andhra Pradesh,Visakhapatanam,22-03-2025,2025,3,0.117502446,IMD GRID MODEL
Andhra Pradesh,Visakhapatanam,25-03-2025,2025,3,1.600488441,IMD GRID MODEL
Andhra Pradesh,Visakhapatanam,27-03-2025,2025,3,0.257181555,IMD GRID MODEL
Andhra Pradesh,Visakhapatanam,28-03-2025,2025,3,0,IMD GRID MODEL
Andhra Pradesh,Visakhapatanam,01-04-2025,2025,4,0.024539304,IMD GRID MODEL
Andhra Pradesh,Visakhapatanam,06-04-2025,2025,4,5.686552121,IMD GRID MODEL
Andhra Pradesh,Visakhapatanam,07-04-2025,2025,4,1.0734555,IMD GRID MODEL
Andhra Pradesh,Visakhapatanam,13-04-2025,2025,4,0.708269979,IMD GRID MODEL
Andhra Pradesh,Visakhapatanam,14-04-2025,2025,4,8.812932918,IMD GRID MODEL
Andhra Pradesh,Visakhapatanam,15-04-2025,2025,4,0.160274224,IMD GRID MODEL
Andhra Pradesh,Visakhapatanam,20-04-2025,2025,4,0.352115481,IMD GRID MODEL
Andhra Pradesh,Visakhapatanam,23-04-2025,2025,4,3.078351979,IMD GRID MODEL
Andhra Pradesh,Visakhapatanam,24-04-2025,2025,4,2.137293529,IMD GRID MODEL
Andhra Pradesh,Visakhapatanam,26-04-2025,2025,4,0.743197222,IMD GRID MODEL
Andhra Pradesh,Visakhapatanam,25-05-2025,2025,5,1.715477371,IMD GRID MODEL
Andhra Pradesh,Visakhapatanam,27-05-2025,2025,5,8.594506063,IMD GRID MODEL
Andhra Pradesh,Visakhapatanam,28-05-2025,2025,5,54.01642353,IMD GRID MODEL
Andhra Pradesh,Visakhapatanam,03-06-2025,2025,6,0.65155537,IMD GRID MODEL
Andhra Pradesh,Visakhapatanam,09-06-2025,2025,6,0.966759466,IMD GRID MODEL
Andhra Pradesh,Visakhapatanam,14-06-2025,2025,6,2.029279724,IMD GRID MODEL
Andhra Pradesh,Visakhapatanam,21-06-2025,2025,6,0.187327432,IMD GRID MODEL
Andhra Pradesh,Visakhapatanam,22-06-2025,2025,6,2.373640338,IMD GRID MODEL
Andhra Pradesh,Visakhapatanam,25-06-2025,2025,6,6.639955037,IMD GRID MODEL
Andhra Pradesh,Vizianagaram,07-01-2025,2025,1,0,IMD GRID MODEL
Andhra Pradesh,Vizianagaram,21-01-2025,2025,1,0,IMD GRID MODEL
Andhra Pradesh,Vizianagaram,23-01-2025,2025,1,0,IMD GRID MODEL
Andhra Pradesh,Vizianagaram,26-01-2025,2025,1,0,IMD GRID MODEL
Andhra Pradesh,Vizianagaram,28-01-2025,2025,1,0,IMD GRID MODEL
Andhra Pradesh,Vizianagaram,30-01-2025,2025,1,0,IMD GRID MODEL
Andhra Pradesh,Vizianagaram,02-02-2025,2025,2,1.37E-05,IMD GRID MODEL
Andhra Pradesh,Vizianagaram,03-02-2025,2025,2,0,IMD GRID MODEL
Andhra Pradesh,Vizianagaram,04-02-2025,2025,2,0,IMD GRID MODEL
Andhra Pradesh,Vizianagaram,07-02-2025,2025,2,0,IMD GRID MODEL
Andhra Pradesh,Vizianagaram,19-02-2025,2025,2,0,IMD GRID MODEL
Andhra Pradesh,Vizianagaram,20-02-2025,2025,2,0.002262641,IMD GRID MODEL
Andhra Pradesh,Vizianagaram,22-02-2025,2025,2,0.150977686,IMD GRID MODEL
Andhra Pradesh,Vizianagaram,23-02-2025,2025,2,0.070770505,IMD GRID MODEL
Andhra Pradesh,Vizianagaram,25-02-2025,2025,2,0,IMD GRID MODEL
Andhra Pradesh,Vizianagaram,02-03-2025,2025,3,0,IMD GRID MODEL
Andhra Pradesh,Vizianagaram,12-03-2025,2025,3,0,IMD GRID MODEL
Andhra Pradesh,Vizianagaram,13-03-2025,2025,3,0,IMD GRID MODEL
Andhra Pradesh,Vizianagaram,22-03-2025,2025,3,0.004931342,IMD GRID MODEL
Andhra Pradesh,Vizianagaram,27-03-2025,2025,3,0,IMD GRID MODEL
Andhra Pradesh,Vizianagaram,31-03-2025,2025,3,0.000261525,IMD GRID MODEL
Andhra Pradesh,Vizianagaram,07-04-2025,2025,4,0.886922459,IMD GRID MODEL
Andhra Pradesh,Vizianagaram,09-04-2025,2025,4,0.257898375,IMD GRID MODEL
Andhra Pradesh,Vizianagaram,17-04-2025,2025,4,0,IMD GRID MODEL
Andhra Pradesh,Vizianagaram,21-04-2025,2025,4,0.263056719,IMD GRID MODEL
Andhra Pradesh,Vizianagaram,29-04-2025,2025,4,8.648958664,IMD GRID MODEL
Andhra Pradesh,Vizianagaram,05-05-2025,2025,5,1.267606299,IMD GRID MODEL
Andhra Pradesh,Vizianagaram,17-05-2025,2025,5,5.065589727,IMD GRID MODEL
Andhra Pradesh,Vizianagaram,18-05-2025,2025,5,2.147983197,IMD GRID MODEL
Andhra Pradesh,Vizianagaram,26-05-2025,2025,5,12.4786338,IMD GRID MODEL
Andhra Pradesh,Vizianagaram,27-05-2025,2025,5,2.780550225,IMD GRID MODEL
Andhra Pradesh,Vizianagaram,07-06-2025,2025,6,2.667292894,IMD GRID MODEL
Andhra Pradesh,Vizianagaram,08-06-2025,2025,6,1.690390785,IMD GRID MODEL
Andhra Pradesh,Vizianagaram,10-06-2025,2025,6,8.15350225,IMD GRID MODEL
Andhra Pradesh,Vizianagaram,13-06-2025,2025,6,2.910634853,IMD GRID MODEL
Andhra Pradesh,Vizianagaram,17-06-2025,2025,6,6.310483121,IMD GRID MODEL
Andhra Pradesh,Vizianagaram,19-06-2025,2025,6,0.1487926,IMD GRID MODEL
Andhra Pradesh,Vizianagaram,23-06-2025,2025,6,2.958045249,IMD GRID MODEL
Andhra Pradesh,West Godavari,03-01-2025,2025,1,8.60E-05,IMD GRID MODEL
Andhra Pradesh,West Godavari,06-01-2025,2025,1,0,IMD GRID MODEL
Andhra Pradesh,West Godavari,18-01-2025,2025,1,0.001531427,IMD GRID MODEL
Andhra Pradesh,West Godavari,21-01-2025,2025,1,2.70E-05,IMD GRID MODEL
Andhra Pradesh,West Godavari,27-01-2025,2025,1,0,IMD GRID MODEL
Andhra Pradesh,West Godavari,31-01-2025,2025,1,0,IMD GRID MODEL
Andhra Pradesh,West Godavari,02-02-2025,2025,2,0,IMD GRID MODEL
Andhra Pradesh,West Godavari,06-02-2025,2025,2,0,IMD GRID MODEL
Andhra Pradesh,West Godavari,26-02-2025,2025,2,0,IMD GRID MODEL
Andhra Pradesh,West Godavari,01-03-2025,2025,3,0,IMD GRID MODEL
Andhra Pradesh,West Godavari,17-03-2025,2025,3,0,IMD GRID MODEL
Andhra Pradesh,West Godavari,20-03-2025,2025,3,0,IMD GRID MODEL
Andhra Pradesh,West Godavari,28-03-2025,2025,3,5.47E-05,IMD GRID MODEL
Andhra Pradesh,West Godavari,29-03-2025,2025,3,0.011431487,IMD GRID MODEL
Andhra Pradesh,West Godavari,09-04-2025,2025,4,0.090274043,IMD GRID MODEL
Andhra Pradesh,West Godavari,10-04-2025,2025,4,0.640705133,IMD GRID MODEL
Andhra Pradesh,West Godavari,24-04-2025,2025,4,1.88E-05,IMD GRID MODEL
Andhra Pradesh,West Godavari,27-04-2025,2025,4,0.004660487,IMD GRID MODEL
Andhra Pradesh,West Godavari,28-04-2025,2025,4,0.00027136,IMD GRID MODEL
Andhra Pradesh,West Godavari,02-05-2025,2025,5,6.184292065,IMD GRID MODEL
Andhra Pradesh,West Godavari,05-05-2025,2025,5,34.01328792,IMD GRID MODEL
Andhra Pradesh,West Godavari,15-05-2025,2025,5,9.865672674,IMD GRID MODEL
Andhra Pradesh,West Godavari,19-05-2025,2025,5,3.848796884,IMD GRID MODEL
Andhra Pradesh,West Godavari,23-05-2025,2025,5,9.689925752,IMD GRID MODEL
Andhra Pradesh,West Godavari,02-06-2025,2025,6,0.000321011,IMD GRID MODEL
Andhra Pradesh,West Godavari,04-06-2025,2025,6,0.724274798,IMD GRID MODEL
Andhra Pradesh,West Godavari,06-06-2025,2025,6,0.008542112,IMD GRID MODEL
Andhra Pradesh,West Godavari,07-06-2025,2025,6,0.438319887,IMD GRID MODEL
Andhra Pradesh,West Godavari,08-06-2025,2025,6,0.543815878,IMD GRID MODEL
Andhra Pradesh,West Godavari,09-06-2025,2025,6,0.239400138,IMD GRID MODEL
Andhra Pradesh,West Godavari,14-06-2025,2025,6,5.632117763,IMD GRID MODEL
Andhra Pradesh,West Godavari,16-06-2025,2025,6,0.570122149,IMD GRID MODEL
Andhra Pradesh,Y.S.R.,03-01-2025,2025,1,0.008072805,IMD GRID MODEL
Andhra Pradesh,Y.S.R.,04-01-2025,2025,1,0,IMD GRID MODEL
Andhra Pradesh,Y.S.R.,14-01-2025,2025,1,0.559908615,IMD GRID MODEL
Andhra Pradesh,Y.S.R.,12-01-2025,2025,1,0.005536365,IMD GRID MODEL
Andhra Pradesh,Y.S.R.,16-01-2025,2025,1,8.69E-05,IMD GRID MODEL
Andhra Pradesh,Y.S.R.,26-01-2025,2025,1,0.027829944,IMD GRID MODEL
Andhra Pradesh,Y.S.R.,27-01-2025,2025,1,0.017066034,IMD GRID MODEL
Andhra Pradesh,Y.S.R.,28-01-2025,2025,1,5.73E-05,IMD GRID MODEL
Andhra Pradesh,Y.S.R.,31-01-2025,2025,1,0,IMD GRID MODEL
Andhra Pradesh,Y.S.R.,08-02-2025,2025,2,0,IMD GRID MODEL
Andhra Pradesh,Y.S.R.,25-02-2025,2025,2,0,IMD GRID MODEL
Andhra Pradesh,Y.S.R.,26-02-2025,2025,2,4.15E-05,IMD GRID MODEL
Andhra Pradesh,Y.S.R.,01-03-2025,2025,3,0.012549709,IMD GRID MODEL
Andhra Pradesh,Y.S.R.,03-03-2025,2025,3,0,IMD GRID MODEL
Andhra Pradesh,Y.S.R.,09-03-2025,2025,3,0,IMD GRID MODEL
Andhra Pradesh,Y.S.R.,11-03-2025,2025,3,0,IMD GRID MODEL
Andhra Pradesh,Y.S.R.,12-03-2025,2025,3,0.004727396,IMD GRID MODEL
Andhra Pradesh,Y.S.R.,13-03-2025,2025,3,0,IMD GRID MODEL
Andhra Pradesh,Y.S.R.,18-03-2025,2025,3,0,IMD GRID MODEL
Andhra Pradesh,Anantapur,04-01-2025,2025,1,0,IMD GRID MODEL
Andhra Pradesh,Anantapur,08-01-2025,2025,1,0,IMD GRID MODEL
Andhra Pradesh,Anantapur,11-01-2025,2025,1,0,IMD GRID MODEL
Andhra Pradesh,Anantapur,15-01-2025,2025,1,0,IMD GRID MODEL
Andhra Pradesh,Anantapur,18-01-2025,2025,1,0,IMD GRID MODEL
Andhra Pradesh,Anantapur,22-01-2025,2025,1,0,IMD GRID MODEL
Andhra Pradesh,Anantapur,05-02-2025,2025,2,0.000608151,IMD GRID MODEL
Andhra Pradesh,Anantapur,14-02-2025,2025,2,0,IMD GRID MODEL
Andhra Pradesh,Anantapur,19-02-2025,2025,2,0,IMD GRID MODEL
Andhra Pradesh,Anantapur,27-02-2025,2025,2,0.000172684,IMD GRID MODEL
Andhra Pradesh,Anantapur,28-02-2025,2025,2,0,IMD GRID MODEL
Andhra Pradesh,Anantapur,02-03-2025,2025,3,0,IMD GRID MODEL
Andhra Pradesh,Anantapur,16-03-2025,2025,3,0,IMD GRID MODEL
Andhra Pradesh,Anantapur,17-03-2025,2025,3,0,IMD GRID MODEL
Andhra Pradesh,Anantapur,21-03-2025,2025,3,0.000151851,IMD GRID MODEL
Andhra Pradesh,Anantapur,23-03-2025,2025,3,1.207470255,IMD GRID MODEL
Andhra Pradesh,Anantapur,30-03-2025,2025,3,0,IMD GRID MODEL
Andhra Pradesh,Anantapur,13-04-2025,2025,4,-0.005626579,IMD GRID MODEL
Andhra Pradesh,Anantapur,27-04-2025,2025,4,0.445331807,IMD GRID MODEL
Andhra Pradesh,Anantapur,28-04-2025,2025,4,9.210585977,IMD GRID MODEL
Andhra Pradesh,Anantapur,04-05-2025,2025,5,0.119739963,IMD GRID MODEL
Andhra Pradesh,Anantapur,15-05-2025,2025,5,19.11727316,IMD GRID MODEL
Andhra Pradesh,Anantapur,17-05-2025,2025,5,7.704576321,IMD GRID MODEL
Andhra Pradesh,Anantapur,22-05-2025,2025,5,6.235283762,IMD GRID MODEL
Andhra Pradesh,Anantapur,27-05-2025,2025,5,2.823768311,IMD GRID MODEL
Andhra Pradesh,Anantapur,29-05-2025,2025,5,0.290654689,IMD GRID MODEL
Andhra Pradesh,Anantapur,08-06-2025,2025,6,2.107557808,IMD GRID MODEL
Andhra Pradesh,Anantapur,10-06-2025,2025,6,3.593798343,IMD GRID MODEL
Andhra Pradesh,Anantapur,23-06-2025,2025,6,5.840909252,IMD GRID MODEL
Andhra Pradesh,Anantapur,26-06-2025,2025,6,1.201642579,IMD GRID MODEL
Andhra Pradesh,Anantapur,29-06-2025,2025,6,0.029791933,IMD GRID MODEL
Andhra Pradesh,Chittoor,11-01-2025,2025,1,0.160407794,IMD GRID MODEL
Andhra Pradesh,Chittoor,14-01-2025,2025,1,3.198436212,IMD GRID MODEL
Andhra Pradesh,Chittoor,21-01-2025,2025,1,5.38E-06,IMD GRID MODEL
Andhra Pradesh,Chittoor,24-01-2025,2025,1,6.15E-05,IMD GRID MODEL
Andhra Pradesh,Chittoor,27-01-2025,2025,1,0,IMD GRID MODEL
Andhra Pradesh,Chittoor,02-02-2025,2025,2,0,IMD GRID MODEL
Andhra Pradesh,Chittoor,09-02-2025,2025,2,2.69E-06,IMD GRID MODEL
Andhra Pradesh,Chittoor,13-02-2025,2025,2,0,IMD GRID MODEL
Andhra Pradesh,Chittoor,05-03-2025,2025,3,0.0208273,IMD GRID MODEL
Andhra Pradesh,Chittoor,09-03-2025,2025,3,0,IMD GRID MODEL
Andhra Pradesh,Chittoor,11-03-2025,2025,3,0,IMD GRID MODEL
Andhra Pradesh,Chittoor,15-03-2025,2025,3,0,IMD GRID MODEL
Andhra Pradesh,Chittoor,17-03-2025,2025,3,0,IMD GRID MODEL
Andhra Pradesh,Chittoor,23-03-2025,2025,3,1.487697261,IMD GRID MODEL
Andhra Pradesh,Chittoor,24-03-2025,2025,3,0.319984889,IMD GRID MODEL
Andhra Pradesh,Chittoor,27-03-2025,2025,3,0,IMD GRID MODEL
Andhra Pradesh,Chittoor,30-03-2025,2025,3,0,IMD GRID MODEL
Andhra Pradesh,Chittoor,07-04-2025,2025,4,3.24E-05,IMD GRID MODEL
Andhra Pradesh,Chittoor,11-04-2025,2025,4,0.894890508,IMD GRID MODEL
Andhra Pradesh,Chittoor,06-05-2025,2025,5,0.830541238,IMD GRID MODEL
Andhra Pradesh,Chittoor,07-05-2025,2025,5,20.3468903,IMD GRID MODEL
Andhra Pradesh,Chittoor,23-05-2025,2025,5,0.340275002,IMD GRID MODEL
Andhra Pradesh,Chittoor,27-05-2025,2025,5,0.593400467,IMD GRID MODEL
Andhra Pradesh,Chittoor,07-06-2025,2025,6,0.222141029,IMD GRID MODEL
Andhra Pradesh,Chittoor,11-06-2025,2025,6,1.280503543,IMD GRID MODEL
Andhra Pradesh,Chittoor,16-06-2025,2025,6,0.212086547,IMD GRID MODEL
Andhra Pradesh,Chittoor,23-06-2025,2025,6,6.45372719,IMD GRID MODEL
Andhra Pradesh,East Godavari,01-01-2025,2025,1,0,IMD GRID MODEL
Andhra Pradesh,East Godavari,12-01-2025,2025,1,0,IMD GRID MODEL
Andhra Pradesh,Y.S.R.,19-03-2025,2025,3,0,IMD GRID MODEL
Andhra Pradesh,Y.S.R.,07-04-2025,2025,4,0.001343968,IMD GRID MODEL
Andhra Pradesh,Y.S.R.,08-04-2025,2025,4,0.00150767,IMD GRID MODEL
Andhra Pradesh,Y.S.R.,22-04-2025,2025,4,0,IMD GRID MODEL
Andhra Pradesh,Y.S.R.,28-04-2025,2025,4,0.354088549,IMD GRID MODEL
Andhra Pradesh,Y.S.R.,30-04-2025,2025,4,0.000648763,IMD GRID MODEL
Andhra Pradesh,Y.S.R.,10-05-2025,2025,5,0.066566126,IMD GRID MODEL
Andhra Pradesh,Y.S.R.,15-05-2025,2025,5,8.082941946,IMD GRID MODEL
Andhra Pradesh,Y.S.R.,16-05-2025,2025,5,3.618556913,IMD GRID MODEL
Andhra Pradesh,Y.S.R.,17-05-2025,2025,5,2.374383377,IMD GRID MODEL
Andhra Pradesh,Y.S.R.,28-05-2025,2025,5,0.169313938,IMD GRID MODEL
Andhra Pradesh,Y.S.R.,29-05-2025,2025,5,0.136472156,IMD GRID MODEL
Andhra Pradesh,Y.S.R.,30-05-2025,2025,5,4.91874872,IMD GRID MODEL
Andhra Pradesh,Y.S.R.,31-05-2025,2025,5,0.294592536,IMD GRID MODEL
Andhra Pradesh,Y.S.R.,03-06-2025,2025,6,0.330108931,IMD GRID MODEL
Andhra Pradesh,Y.S.R.,07-06-2025,2025,6,0.989768268,IMD GRID MODEL
Andhra Pradesh,Y.S.R.,08-06-2025,2025,6,0.653890972,IMD GRID MODEL
Andhra Pradesh,Y.S.R.,10-06-2025,2025,6,0.359010903,IMD GRID MODEL
Andhra Pradesh,Y.S.R.,15-06-2025,2025,6,0.375137574,IMD GRID MODEL
Andhra Pradesh,Y.S.R.,19-06-2025,2025,6,0.477310336,IMD GRID MODEL
Andhra Pradesh,Y.S.R.,28-06-2025,2025,6,0.303900199,IMD GRID MODEL
Andhra Pradesh,East Godavari,18-01-2025,2025,1,0.004968707,IMD GRID MODEL
Andhra Pradesh,Anantapur,06-01-2025,2025,1,7.93E-05,IMD GRID MODEL
Andhra Pradesh,Anantapur,09-01-2025,2025,1,0,IMD GRID MODEL
Andhra Pradesh,Anantapur,14-01-2025,2025,1,0.078376816,IMD GRID MODEL
Andhra Pradesh,Anantapur,18-01-2025,2025,1,0,IMD GRID MODEL
Andhra Pradesh,Anantapur,19-01-2025,2025,1,0.026514449,IMD GRID MODEL
Andhra Pradesh,Anantapur,20-01-2025,2025,1,0.12302957,IMD GRID MODEL
Andhra Pradesh,Anantapur,22-01-2025,2025,1,0,IMD GRID MODEL
Andhra Pradesh,Anantapur,24-01-2025,2025,1,0.002571262,IMD GRID MODEL
Andhra Pradesh,Anantapur,28-01-2025,2025,1,4.02E-06,IMD GRID MODEL
Andhra Pradesh,Anantapur,29-01-2025,2025,1,0.002901156,IMD GRID MODEL
Andhra Pradesh,Anantapur,30-01-2025,2025,1,0,IMD GRID MODEL
Andhra Pradesh,Chittoor,04-01-2025,2025,1,0,IMD GRID MODEL
Andhra Pradesh,Chittoor,05-01-2025,2025,1,0,IMD GRID MODEL
Andhra Pradesh,Chittoor,09-01-2025,2025,1,0,IMD GRID MODEL
Andhra Pradesh,Chittoor,11-01-2025,2025,1,0.160407794,IMD GRID MODEL
Andhra Pradesh,Chittoor,13-01-2025,2025,1,0.332058879,IMD GRID MODEL
Andhra Pradesh,Chittoor,22-01-2025,2025,1,0,IMD GRID MODEL
Andhra Pradesh,Chittoor,23-01-2025,2025,1,0,IMD GRID MODEL
Andhra Pradesh,East Godavari,01-01-2025,2025,1,0,IMD GRID MODEL
Andhra Pradesh,East Godavari,12-01-2025,2025,1,0,IMD GRID MODEL
Andhra Pradesh,East Godavari,13-01-2025,2025,1,0.0012885,IMD GRID MODEL
Andhra Pradesh,East Godavari,20-01-2025,2025,1,0,IMD GRID MODEL
Andhra Pradesh,East Godavari,21-01-2025,2025,1,0,IMD GRID MODEL
Andhra Pradesh,Guntur,13-01-2025,2025,1,0,IMD GRID MODEL
Andhra Pradesh,Guntur,16-01-2025,2025,1,2.92E-05,IMD GRID MODEL
Andhra Pradesh,Guntur,20-01-2025,2025,1,0,IMD GRID MODEL
Andhra Pradesh,Guntur,26-01-2025,2025,1,0,IMD GRID MODEL
Andhra Pradesh,Guntur,25-01-2025,2025,1,0,IMD GRID MODEL
Andhra Pradesh,Guntur,31-01-2025,2025,1,0,IMD GRID MODEL
Andhra Pradesh,Krishna,09-01-2025,2025,1,0,IMD GRID MODEL
Andhra Pradesh,Krishna,11-01-2025,2025,1,0,IMD GRID MODEL
Andhra Pradesh,Krishna,22-01-2025,2025,1,0,IMD GRID MODEL
Andhra Pradesh,Krishna,25-01-2025,2025,1,0,IMD GRID MODEL
Andhra Pradesh,Krishna,28-01-2025,2025,1,0,IMD GRID MODEL
Andhra Pradesh,Krishna,30-01-2025,2025,1,0,IMD GRID MODEL
Andhra Pradesh,Krishna,31-01-2025,2025,1,0,IMD GRID MODEL
Andhra Pradesh,Kurnool,12-01-2025,2025,1,0.007300896,IMD GRID MODEL
Andhra Pradesh,Kurnool,16-01-2025,2025,1,0.008192578,IMD GRID MODEL
Andhra Pradesh,Kurnool,20-01-2025,2025,1,0,IMD GRID MODEL
Andhra Pradesh,Kurnool,30-01-2025,2025,1,5.21E-05,IMD GRID MODEL
Andhra Pradesh,Prakasam,06-01-2025,2025,1,0,IMD GRID MODEL
Andhra Pradesh,Prakasam,10-01-2025,2025,1,3.80E-06,IMD GRID MODEL
Andhra Pradesh,Prakasam,13-01-2025,2025,1,0,IMD GRID MODEL
Andhra Pradesh,Prakasam,15-01-2025,2025,1,0,IMD GRID MODEL
Andhra Pradesh,Prakasam,27-01-2025,2025,1,0,IMD GRID MODEL
Andhra Pradesh,Prakasam,31-01-2025,2025,1,0,IMD GRID MODEL
Andhra Pradesh,SPSR Nellore,04-01-2025,2025,1,0,IMD GRID MODEL
Andhra Pradesh,SPSR Nellore,19-01-2025,2025,1,1.439722882,IMD GRID MODEL
Andhra Pradesh,SPSR Nellore,26-01-2025,2025,1,0.017852749,IMD GRID MODEL
Andhra Pradesh,SPSR Nellore,27-01-2025,2025,1,0.032502834,IMD GRID MODEL
Andhra Pradesh,SPSR Nellore,31-01-2025,2025,1,0,IMD GRID MODEL
Andhra Pradesh,Srikakulam,06-01-2025,2025,1,0,IMD GRID MODEL
Andhra Pradesh,Srikakulam,23-01-2025,2025,1,0.000405836,IMD GRID MODEL
Andhra Pradesh,Visakhapatanam,01-01-2025,2025,1,0.000292015,IMD GRID MODEL
Andhra Pradesh,Visakhapatanam,08-01-2025,2025,1,0,IMD GRID MODEL
Andhra Pradesh,Visakhapatanam,21-01-2025,2025,1,0.006672312,IMD GRID MODEL
Andhra Pradesh,Visakhapatanam,27-01-2025,2025,1,0,IMD GRID MODEL
Andhra Pradesh,Vizianagaram,01-01-2025,2025,1,0,IMD GRID MODEL
Andhra Pradesh,Vizianagaram,02-01-2025,2025,1,7.69E-06,IMD GRID MODEL
Andhra Pradesh,Vizianagaram,07-01-2025,2025,1,0,IMD GRID MODEL
Andhra Pradesh,Vizianagaram,08-01-2025,2025,1,0,IMD GRID MODEL
Andhra Pradesh,Vizianagaram,11-01-2025,2025,1,0,IMD GRID MODEL
Andhra Pradesh,Vizianagaram,12-01-2025,2025,1,1.92E-05,IMD GRID MODEL
Andhra Pradesh,Vizianagaram,13-01-2025,2025,1,0,IMD GRID MODEL
Andhra Pradesh,Vizianagaram,15-01-2025,2025,1,0,IMD GRID MODEL
Andhra Pradesh,Vizianagaram,22-01-2025,2025,1,0,IMD GRID MODEL
Andhra Pradesh,Vizianagaram,24-01-2025,2025,1,0,IMD GRID MODEL
Andhra Pradesh,Vizianagaram,26-01-2025,2025,1,0,IMD GRID MODEL
Andhra Pradesh,Vizianagaram,25-01-2025,2025,1,0,IMD GRID MODEL
Andhra Pradesh,Vizianagaram,30-01-2025,2025,1,0,IMD GRID MODEL
Andhra Pradesh,West Godavari,05-01-2025,2025,1,0.001588623,IMD GRID MODEL
Andhra Pradesh,West Godavari,08-01-2025,2025,1,0,IMD GRID MODEL
Andhra Pradesh,West Godavari,10-01-2025,2025,1,0.001878122,IMD GRID MODEL
Andhra Pradesh,West Godavari,11-01-2025,2025,1,0,IMD GRID MODEL
Andhra Pradesh,West Godavari,17-01-2025,2025,1,0,IMD GRID MODEL
Andhra Pradesh,West Godavari,18-01-2025,2025,1,0.001531427,IMD GRID MODEL
Andhra Pradesh,West Godavari,29-01-2025,2025,1,5.01E-05,IMD GRID MODEL
Andhra Pradesh,Y.S.R.,01-01-2025,2025,1,0,IMD GRID MODEL
Andhra Pradesh,Y.S.R.,03-01-2025,2025,1,0.008072805,IMD GRID MODEL
Andhra Pradesh,Y.S.R.,08-01-2025,2025,1,0,IMD GRID MODEL
Andhra Pradesh,Y.S.R.,13-01-2025,2025,1,0.008025143,IMD GRID MODEL
Andhra Pradesh,Y.S.R.,17-01-2025,2025,1,0.004911948,IMD GRID MODEL
Andhra Pradesh,Y.S.R.,20-01-2025,2025,1,0.071363415,IMD GRID MODEL
Andhra Pradesh,Y.S.R.,25-01-2025,2025,1,0.001742466,IMD GRID MODEL
Andhra Pradesh,Y.S.R.,29-01-2025,2025,1,0.010208712,IMD GRID MODEL
Andhra Pradesh,Y.S.R.,31-01-2025,2025,1,0,IMD GRID MODEL
Andhra Pradesh,Anantapur,06-02-2025,2025,2,0,IMD GRID MODEL
Andhra Pradesh,Chittoor,01-02-2025,2025,2,0,IMD GRID MODEL
Andhra Pradesh,Chittoor,07-02-2025,2025,2,0,IMD GRID MODEL
Andhra Pradesh,Chittoor,23-02-2025,2025,2,0,IMD GRID MODEL
Andhra Pradesh,Chittoor,26-02-2025,2025,2,0,IMD GRID MODEL
Andhra Pradesh,East Godavari,01-02-2025,2025,2,0.000216531,IMD GRID MODEL
Andhra Pradesh,East Godavari,07-02-2025,2025,2,0,IMD GRID MODEL
Andhra Pradesh,East Godavari,09-02-2025,2025,2,0,IMD GRID MODEL
Andhra Pradesh,East Godavari,17-02-2025,2025,2,0,IMD GRID MODEL
Andhra Pradesh,East Godavari,21-02-2025,2025,2,0,IMD GRID MODEL
Andhra Pradesh,East Godavari,27-02-2025,2025,2,0,IMD GRID MODEL
Andhra Pradesh,Guntur,07-02-2025,2025,2,0,IMD GRID MODEL
Andhra Pradesh,Guntur,09-02-2025,2025,2,0,IMD GRID MODEL
Andhra Pradesh,Guntur,13-02-2025,2025,2,3.81E-07,IMD GRID MODEL
Andhra Pradesh,Guntur,16-02-2025,2025,2,0,IMD GRID MODEL
Andhra Pradesh,Guntur,20-02-2025,2025,2,0,IMD GRID MODEL
Andhra Pradesh,Guntur,21-02-2025,2025,2,0,IMD GRID MODEL
Andhra Pradesh,Krishna,02-02-2025,2025,2,0,IMD GRID MODEL
Andhra Pradesh,Krishna,27-02-2025,2025,2,0,IMD GRID MODEL
Andhra Pradesh,Kurnool,15-02-2025,2025,2,0,IMD GRID MODEL
Andhra Pradesh,Kurnool,16-02-2025,2025,2,0,IMD GRID MODEL
Andhra Pradesh,Kurnool,17-02-2025,2025,2,0.000283473,IMD GRID MODEL
Andhra Pradesh,Kurnool,28-02-2025,2025,2,0,IMD GRID MODEL
Andhra Pradesh,Prakasam,02-02-2025,2025,2,0,IMD GRID MODEL
Andhra Pradesh,Prakasam,06-02-2025,2025,2,0,IMD GRID MODEL
Andhra Pradesh,Prakasam,07-02-2025,2025,2,0,IMD GRID MODEL
Andhra Pradesh,Prakasam,09-02-2025,2025,2,0,IMD GRID MODEL
Andhra Pradesh,Prakasam,10-02-2025,2025,2,0,IMD GRID MODEL
Andhra Pradesh,Prakasam,22-02-2025,2025,2,3.39E-06,IMD GRID MODEL
Andhra Pradesh,Prakasam,23-02-2025,2025,2,5.64E-07,IMD GRID MODEL
Andhra Pradesh,Prakasam,28-02-2025,2025,2,0,IMD GRID MODEL
Andhra Pradesh,SPSR Nellore,04-02-2025,2025,2,0,IMD GRID MODEL
Andhra Pradesh,SPSR Nellore,09-02-2025,2025,2,0,IMD GRID MODEL
Andhra Pradesh,SPSR Nellore,14-02-2025,2025,2,0,IMD GRID MODEL
Andhra Pradesh,SPSR Nellore,20-02-2025,2025,2,0,IMD GRID MODEL
Andhra Pradesh,SPSR Nellore,21-02-2025,2025,2,0,IMD GRID MODEL
Andhra Pradesh,SPSR Nellore,22-02-2025,2025,2,0,IMD GRID MODEL
Andhra Pradesh,SPSR Nellore,26-02-2025,2025,2,0,IMD GRID MODEL
Andhra Pradesh,Srikakulam,02-02-2025,2025,2,0,IMD GRID MODEL
Andhra Pradesh,Srikakulam,03-02-2025,2025,2,0,IMD GRID MODEL
Andhra Pradesh,Srikakulam,14-02-2025,2025,2,0,IMD GRID MODEL
Andhra Pradesh,Srikakulam,15-02-2025,2025,2,0,IMD GRID MODEL
Andhra Pradesh,Srikakulam,19-02-2025,2025,2,0,IMD GRID MODEL
Andhra Pradesh,Srikakulam,20-02-2025,2025,2,0.001164452,IMD GRID MODEL
Andhra Pradesh,Srikakulam,22-02-2025,2025,2,0.002351039,IMD GRID MODEL
Andhra Pradesh,Srikakulam,26-02-2025,2025,2,0,IMD GRID MODEL
Andhra Pradesh,Visakhapatanam,09-02-2025,2025,2,0,IMD GRID MODEL
Andhra Pradesh,Visakhapatanam,10-02-2025,2025,2,0,IMD GRID MODEL
Andhra Pradesh,Visakhapatanam,21-02-2025,2025,2,0.013770067,IMD GRID MODEL
Andhra Pradesh,Visakhapatanam,22-02-2025,2025,2,0.19585706,IMD GRID MODEL
Andhra Pradesh,Vizianagaram,02-02-2025,2025,2,1.37E-05,IMD GRID MODEL
Andhra Pradesh,Vizianagaram,06-02-2025,2025,2,0,IMD GRID MODEL
Andhra Pradesh,Vizianagaram,07-02-2025,2025,2,0,IMD GRID MODEL
Andhra Pradesh,Vizianagaram,10-02-2025,2025,2,0,IMD GRID MODEL
Andhra Pradesh,Vizianagaram,13-02-2025,2025,2,0,IMD GRID MODEL
Andhra Pradesh,Vizianagaram,24-02-2025,2025,2,0,IMD GRID MODEL
Andhra Pradesh,West Godavari,03-02-2025,2025,2,0,IMD GRID MODEL
Andhra Pradesh,West Godavari,14-02-2025,2025,2,0,IMD GRID MODEL
Andhra Pradesh,West Godavari,16-02-2025,2025,2,0,IMD GRID MODEL
Andhra Pradesh,West Godavari,26-02-2025,2025,2,0,IMD GRID MODEL
Andhra Pradesh,Y.S.R.,01-02-2025,2025,2,0.007905501,IMD GRID MODEL
Andhra Pradesh,Y.S.R.,25-02-2025,2025,2,0,IMD GRID MODEL
Andhra Pradesh,Anantapur,01-03-2025,2025,3,0,IMD GRID MODEL
Andhra Pradesh,Anantapur,11-03-2025,2025,3,0.000284745,IMD GRID MODEL
Andhra Pradesh,Anantapur,14-03-2025,2025,3,0,IMD GRID MODEL
Andhra Pradesh,Anantapur,15-03-2025,2025,3,0,IMD GRID MODEL
Andhra Pradesh,Anantapur,18-03-2025,2025,3,3.40E-05,IMD GRID MODEL
Andhra Pradesh,Anantapur,19-03-2025,2025,3,0,IMD GRID MODEL
Andhra Pradesh,Anantapur,21-03-2025,2025,3,0.000151851,IMD GRID MODEL
Andhra Pradesh,Anantapur,23-03-2025,2025,3,1.207470255,IMD GRID MODEL
Andhra Pradesh,Anantapur,25-03-2025,2025,3,0,IMD GRID MODEL
Andhra Pradesh,Anantapur,26-03-2025,2025,3,0.000187836,IMD GRID MODEL
Andhra Pradesh,Anantapur,29-03-2025,2025,3,0.00013292,IMD GRID MODEL
Andhra Pradesh,Anantapur,30-03-2025,2025,3,0,IMD GRID MODEL
Andhra Pradesh,Chittoor,01-03-2025,2025,3,0.076868002,IMD GRID MODEL
Andhra Pradesh,Chittoor,04-03-2025,2025,3,0.001993151,IMD GRID MODEL
Andhra Pradesh,Chittoor,06-03-2025,2025,3,0.009533697,IMD GRID MODEL
Andhra Pradesh,Chittoor,07-03-2025,2025,3,0,IMD GRID MODEL
Andhra Pradesh,Chittoor,14-03-2025,2025,3,0,IMD GRID MODEL
Andhra Pradesh,Chittoor,16-03-2025,2025,3,0,IMD GRID MODEL
Andhra Pradesh,East Godavari,04-03-2025,2025,3,0,IMD GRID MODEL
Andhra Pradesh,East Godavari,05-03-2025,2025,3,0.702207381,IMD GRID MODEL
Andhra Pradesh,East Godavari,06-03-2025,2025,3,0.00072473,IMD GRID MODEL
Andhra Pradesh,East Godavari,12-03-2025,2025,3,0,IMD GRID MODEL
Andhra Pradesh,Guntur,05-03-2025,2025,3,0.09211433,IMD GRID MODEL
Andhra Pradesh,Guntur,10-03-2025,2025,3,0.039144161,IMD GRID MODEL
Andhra Pradesh,Guntur,15-03-2025,2025,3,0,IMD GRID MODEL
Andhra Pradesh,Guntur,18-03-2025,2025,3,0,IMD GRID MODEL
Andhra Pradesh,Guntur,26-03-2025,2025,3,0,IMD GRID MODEL
Andhra Pradesh,Krishna,11-03-2025,2025,3,0,IMD GRID MODEL
Andhra Pradesh,Krishna,16-03-2025,2025,3,0,IMD GRID MODEL
Andhra Pradesh,Krishna,22-03-2025,2025,3,0.297125672,IMD GRID MODEL
Andhra Pradesh,Krishna,29-03-2025,2025,3,0.062438379,IMD GRID MODEL
Andhra Pradesh,Krishna,30-03-2025,2025,3,0,IMD GRID MODEL
Andhra Pradesh,Krishna,31-03-2025,2025,3,0.002530434,IMD GRID MODEL
Andhra Pradesh,Kurnool,01-03-2025,2025,3,0,IMD GRID MODEL
Andhra Pradesh,Kurnool,04-03-2025,2025,3,0.007721335,IMD GRID MODEL
Andhra Pradesh,Kurnool,09-03-2025,2025,3,0,IMD GRID MODEL
Andhra Pradesh,Kurnool,22-03-2025,2025,3,0.079370904,IMD GRID MODEL
Andhra Pradesh,Kurnool,28-03-2025,2025,3,0,IMD GRID MODEL
Andhra Pradesh,Kurnool,29-03-2025,2025,3,0,IMD GRID MODEL
Andhra Pradesh,Kurnool,30-03-2025,2025,3,0,IMD GRID MODEL
Andhra Pradesh,Prakasam,08-03-2025,2025,3,0,IMD GRID MODEL
Andhra Pradesh,Prakasam,11-03-2025,2025,3,0,IMD GRID MODEL
Andhra Pradesh,Prakasam,15-03-2025,2025,3,0,IMD GRID MODEL
Andhra Pradesh,Prakasam,16-03-2025,2025,3,0,IMD GRID MODEL
Andhra Pradesh,Prakasam,24-03-2025,2025,3,0.001919078,IMD GRID MODEL
Andhra Pradesh,Prakasam,29-03-2025,2025,3,0,IMD GRID MODEL
Andhra Pradesh,Prakasam,31-03-2025,2025,3,0.00011178,IMD GRID MODEL
Andhra Pradesh,SPSR Nellore,05-03-2025,2025,3,0.039300037,IMD GRID MODEL
Andhra Pradesh,SPSR Nellore,15-03-2025,2025,3,0,IMD GRID MODEL
Andhra Pradesh,SPSR Nellore,16-03-2025,2025,3,0,IMD GRID MODEL
Andhra Pradesh,SPSR Nellore,28-03-2025,2025,3,0,IMD GRID MODEL
Andhra Pradesh,SPSR Nellore,29-03-2025,2025,3,0.000409077,IMD GRID MODEL
Andhra Pradesh,Srikakulam,04-03-2025,2025,3,0,IMD GRID MODEL
Andhra Pradesh,Srikakulam,08-03-2025,2025,3,0,IMD GRID MODEL
Andhra Pradesh,Srikakulam,14-03-2025,2025,3,0,IMD GRID MODEL
Andhra Pradesh,Srikakulam,19-03-2025,2025,3,0,IMD GRID MODEL
Andhra Pradesh,Srikakulam,28-03-2025,2025,3,0,IMD GRID MODEL
Andhra Pradesh,Srikakulam,30-03-2025,2025,3,1.45E-05,IMD GRID MODEL
Andhra Pradesh,Visakhapatanam,03-03-2025,2025,3,0.087599162,IMD GRID MODEL
Andhra Pradesh,Visakhapatanam,05-03-2025,2025,3,0.208689798,IMD GRID MODEL
Andhra Pradesh,Visakhapatanam,06-03-2025,2025,3,0.029853127,IMD GRID MODEL
Andhra Pradesh,Visakhapatanam,12-03-2025,2025,3,0,IMD GRID MODEL
Andhra Pradesh,Visakhapatanam,13-03-2025,2025,3,0,IMD GRID MODEL
Andhra Pradesh,Visakhapatanam,23-03-2025,2025,3,1.265071151,IMD GRID MODEL
Andhra Pradesh,Vizianagaram,05-03-2025,2025,3,0.005951206,IMD GRID MODEL
Andhra Pradesh,Vizianagaram,06-03-2025,2025,3,0.012456313,IMD GRID MODEL
Andhra Pradesh,Vizianagaram,10-03-2025,2025,3,0,IMD GRID MODEL
Andhra Pradesh,Vizianagaram,13-03-2025,2025,3,0,IMD GRID MODEL
Andhra Pradesh,Vizianagaram,15-03-2025,2025,3,0,IMD GRID MODEL
Andhra Pradesh,Vizianagaram,18-03-2025,2025,3,0,IMD GRID MODEL
Andhra Pradesh,Vizianagaram,20-03-2025,2025,3,0,IMD GRID MODEL
Andhra Pradesh,Vizianagaram,24-03-2025,2025,3,12.41988749,IMD GRID MODEL
Andhra Pradesh,West Godavari,05-03-2025,2025,3,0.742446201,IMD GRID MODEL
Andhra Pradesh,West Godavari,07-03-2025,2025,3,0.043266553,IMD GRID MODEL
Andhra Pradesh,West Godavari,10-03-2025,2025,3,0,IMD GRID MODEL
Andhra Pradesh,West Godavari,13-03-2025,2025,3,0,IMD GRID MODEL
Andhra Pradesh,West Godavari,21-03-2025,2025,3,0,IMD GRID MODEL
Andhra Pradesh,West Godavari,23-03-2025,2025,3,0.007417513,IMD GRID MODEL
Andhra Pradesh,Y.S.R.,08-03-2025,2025,3,0.000689416,IMD GRID MODEL
Andhra Pradesh,Y.S.R.,13-03-2025,2025,3,0,IMD GRID MODEL
Andhra Pradesh,Y.S.R.,22-03-2025,2025,3,0,IMD GRID MODEL
Andhra Pradesh,Y.S.R.,30-03-2025,2025,3,0.002095157,IMD GRID MODEL
Andhra Pradesh,Anantapur,05-04-2025,2025,4,1.188801678,IMD GRID MODEL
Andhra Pradesh,Anantapur,09-04-2025,2025,4,0.043690767,IMD GRID MODEL
Andhra Pradesh,Anantapur,10-04-2025,2025,4,0.280864606,IMD GRID MODEL
Andhra Pradesh,Anantapur,24-04-2025,2025,4,0,IMD GRID MODEL
Andhra Pradesh,Anantapur,28-04-2025,2025,4,9.210585977,IMD GRID MODEL
Andhra Pradesh,Anantapur,30-04-2025,2025,4,0.015179676,IMD GRID MODEL
Andhra Pradesh,Chittoor,05-04-2025,2025,4,1.290243473,IMD GRID MODEL
Andhra Pradesh,Chittoor,16-04-2025,2025,4,1.803725285,IMD GRID MODEL
Andhra Pradesh,Chittoor,23-04-2025,2025,4,0.000955473,IMD GRID MODEL
Andhra Pradesh,Chittoor,24-04-2025,2025,4,0,IMD GRID MODEL
Andhra Pradesh,East Godavari,01-04-2025,2025,4,0.08806315,IMD GRID MODEL
Andhra Pradesh,East Godavari,02-04-2025,2025,4,0,IMD GRID MODEL
Andhra Pradesh,East Godavari,05-04-2025,2025,4,0.581451566,IMD GRID MODEL
Andhra Pradesh,East Godavari,08-04-2025,2025,4,1.75535426,IMD GRID MODEL
Andhra Pradesh,East Godavari,16-04-2025,2025,4,4.796428288,IMD GRID MODEL
Andhra Pradesh,East Godavari,19-04-2025,2025,4,0,IMD GRID MODEL
Andhra Pradesh,East Godavari,21-04-2025,2025,4,0.872007972,IMD GRID MODEL
Andhra Pradesh,Guntur,04-04-2025,2025,4,12.13656454,IMD GRID MODEL
Andhra Pradesh,Guntur,08-04-2025,2025,4,2.831272535,IMD GRID MODEL
Andhra Pradesh,Guntur,10-04-2025,2025,4,0,IMD GRID MODEL
Andhra Pradesh,Guntur,14-04-2025,2025,4,2.375308572,IMD GRID MODEL
Andhra Pradesh,Guntur,17-04-2025,2025,4,0,IMD GRID MODEL
Andhra Pradesh,Guntur,21-04-2025,2025,4,0.293689212,IMD GRID MODEL
Andhra Pradesh,Krishna,02-04-2025,2025,4,0,IMD GRID MODEL
Andhra Pradesh,Krishna,03-04-2025,2025,4,0,IMD GRID MODEL
Andhra Pradesh,Krishna,04-04-2025,2025,4,5.500234648,IMD GRID MODEL
Andhra Pradesh,Krishna,08-04-2025,2025,4,1.123761636,IMD GRID MODEL
Andhra Pradesh,Krishna,10-04-2025,2025,4,0.000383601,IMD GRID MODEL
Andhra Pradesh,Krishna,14-04-2025,2025,4,12.4314524,IMD GRID MODEL
Andhra Pradesh,Krishna,17-04-2025,2025,4,0.004113498,IMD GRID MODEL
Andhra Pradesh,Krishna,25-04-2025,2025,4,0.04725027,IMD GRID MODEL
Andhra Pradesh,Krishna,27-04-2025,2025,4,0.002278093,IMD GRID MODEL
Andhra Pradesh,Krishna,30-04-2025,2025,4,0.005345467,IMD GRID MODEL
Andhra Pradesh,Kurnool,03-04-2025,2025,4,0.159356775,IMD GRID MODEL
Andhra Pradesh,Kurnool,04-04-2025,2025,4,11.27887013,IMD GRID MODEL
Andhra Pradesh,Kurnool,09-04-2025,2025,4,0.130014855,IMD GRID MODEL
Andhra Pradesh,Kurnool,17-04-2025,2025,4,0.147280954,IMD GRID MODEL
Andhra Pradesh,Kurnool,21-04-2025,2025,4,7.250937262,IMD GRID MODEL
Andhra Pradesh,Kurnool,24-04-2025,2025,4,0,IMD GRID MODEL
Andhra Pradesh,Kurnool,26-04-2025,2025,4,1.005183442,IMD GRID MODEL
Andhra Pradesh,Prakasam,05-04-2025,2025,4,0.532616935,IMD GRID MODEL
Andhra Pradesh,Prakasam,15-04-2025,2025,4,0.002451539,IMD GRID MODEL
Andhra Pradesh,Prakasam,16-04-2025,2025,4,7.7176528,IMD GRID MODEL
Andhra Pradesh,Prakasam,17-04-2025,2025,4,0.070325889,IMD GRID MODEL
Andhra Pradesh,Prakasam,26-04-2025,2025,4,0,IMD GRID MODEL
Andhra Pradesh,Prakasam,27-04-2025,2025,4,0.000171293,IMD GRID MODEL
Andhra Pradesh,Prakasam,29-04-2025,2025,4,9.96E-05,IMD GRID MODEL
Andhra Pradesh,SPSR Nellore,09-04-2025,2025,4,-0.004354854,IMD GRID MODEL
Andhra Pradesh,SPSR Nellore,17-04-2025,2025,4,0,IMD GRID MODEL
Andhra Pradesh,SPSR Nellore,18-04-2025,2025,4,0.000519875,IMD GRID MODEL
Andhra Pradesh,SPSR Nellore,20-04-2025,2025,4,0.000136985,IMD GRID MODEL
Andhra Pradesh,SPSR Nellore,28-04-2025,2025,4,0.010195464,IMD GRID MODEL
Andhra Pradesh,Srikakulam,08-04-2025,2025,4,0,IMD GRID MODEL
Andhra Pradesh,Srikakulam,13-04-2025,2025,4,0.307084846,IMD GRID MODEL
Andhra Pradesh,Srikakulam,14-04-2025,2025,4,0.136693183,IMD GRID MODEL
Andhra Pradesh,Srikakulam,15-04-2025,2025,4,0.003460319,IMD GRID MODEL
Andhra Pradesh,Srikakulam,24-04-2025,2025,4,0.000247994,IMD GRID MODEL
Andhra Pradesh,Srikakulam,26-04-2025,2025,4,4.03E-05,IMD GRID MODEL
Andhra Pradesh,Visakhapatanam,07-04-2025,2025,4,1.0734555,IMD GRID MODEL
Andhra Pradesh,Visakhapatanam,09-04-2025,2025,4,0.336330379,IMD GRID MODEL
Andhra Pradesh,Visakhapatanam,17-04-2025,2025,4,0.025045414,IMD GRID MODEL
Andhra Pradesh,Visakhapatanam,24-04-2025,2025,4,2.137293529,IMD GRID MODEL
Andhra Pradesh,Vizianagaram,09-04-2025,2025,4,0.257898375,IMD GRID MODEL
Andhra Pradesh,Vizianagaram,14-04-2025,2025,4,0.459087636,IMD GRID MODEL
Andhra Pradesh,Vizianagaram,17-04-2025,2025,4,0,IMD GRID MODEL
Andhra Pradesh,Vizianagaram,28-04-2025,2025,4,1.316715762,IMD GRID MODEL
Andhra Pradesh,West Godavari,07-04-2025,2025,4,1.622366771,IMD GRID MODEL
Andhra Pradesh,West Godavari,09-04-2025,2025,4,0.090274043,IMD GRID MODEL
Andhra Pradesh,West Godavari,13-04-2025,2025,4,1.229635421,IMD GRID MODEL
Andhra Pradesh,West Godavari,17-04-2025,2025,4,0.001349961,IMD GRID MODEL
Andhra Pradesh,West Godavari,25-04-2025,2025,4,0,IMD GRID MODEL
Andhra Pradesh,Y.S.R.,10-04-2025,2025,4,5.16E-05,IMD GRID MODEL
Andhra Pradesh,Y.S.R.,11-04-2025,2025,4,1.062565518,IMD GRID MODEL
Andhra Pradesh,Y.S.R.,12-04-2025,2025,4,0.682789585,IMD GRID MODEL
Andhra Pradesh,Y.S.R.,13-04-2025,2025,4,0.015963917,IMD GRID MODEL
Andhra Pradesh,Y.S.R.,24-04-2025,2025,4,0,IMD GRID MODEL
Andhra Pradesh,Y.S.R.,25-04-2025,2025,4,0.394261481,IMD GRID MODEL
Andhra Pradesh,Anantapur,17-05-2025,2025,5,7.704576321,IMD GRID MODEL
Andhra Pradesh,Anantapur,22-05-2025,2025,5,6.235283762,IMD GRID MODEL
Andhra Pradesh,Anantapur,24-05-2025,2025,5,0.069055324,IMD GRID MODEL
Andhra Pradesh,Anantapur,25-05-2025,2025,5,0.205288333,IMD GRID MODEL
Andhra Pradesh,Anantapur,29-05-2025,2025,5,0.290654689,IMD GRID MODEL
Andhra Pradesh,Chittoor,01-05-2025,2025,5,0.399001026,IMD GRID MODEL
Andhra Pradesh,Chittoor,10-05-2025,2025,5,6.845929643,IMD GRID MODEL
Andhra Pradesh,Chittoor,20-05-2025,2025,5,6.694092785,IMD GRID MODEL
Andhra Pradesh,East Godavari,02-05-2025,2025,5,8.216779177,IMD GRID MODEL
Andhra Pradesh,East Godavari,08-05-2025,2025,5,2.165508904,IMD GRID MODEL
Andhra Pradesh,East Godavari,27-05-2025,2025,5,6.761994317,IMD GRID MODEL
Andhra Pradesh,East Godavari,28-05-2025,2025,5,33.30475138,IMD GRID MODEL
Andhra Pradesh,Guntur,09-05-2025,2025,5,5.855529196,IMD GRID MODEL
Andhra Pradesh,Guntur,10-05-2025,2025,5,0.026953676,IMD GRID MODEL
Andhra Pradesh,Guntur,25-05-2025,2025,5,26.37131514,IMD GRID MODEL
Andhra Pradesh,Guntur,30-05-2025,2025,5,4.855930929,IMD GRID MODEL
Andhra Pradesh,Krishna,15-05-2025,2025,5,2.754699697,IMD GRID MODEL
Andhra Pradesh,Krishna,17-05-2025,2025,5,1.541585253,IMD GRID MODEL
Andhra Pradesh,Krishna,20-05-2025,2025,5,16.3625329,IMD GRID MODEL
Andhra Pradesh,Krishna,29-05-2025,2025,5,1.348867259,IMD GRID MODEL
Andhra Pradesh,Kurnool,06-05-2025,2025,5,0.00272607,IMD GRID MODEL
Andhra Pradesh,Kurnool,20-05-2025,2025,5,3.020958701,IMD GRID MODEL
Andhra Pradesh,Prakasam,03-05-2025,2025,5,5.928986926,IMD GRID MODEL
Andhra Pradesh,Prakasam,08-05-2025,2025,5,0.852577902,IMD GRID MODEL
Andhra Pradesh,Prakasam,22-05-2025,2025,5,21.07856964,IMD GRID MODEL
Andhra Pradesh,Prakasam,28-05-2025,2025,5,3.40825437,IMD GRID MODEL
Andhra Pradesh,SPSR Nellore,02-05-2025,2025,5,1.426517548,IMD GRID MODEL
Andhra Pradesh,SPSR Nellore,08-05-2025,2025,5,0.745592223,IMD GRID MODEL
Andhra Pradesh,SPSR Nellore,10-05-2025,2025,5,0.041505258,IMD GRID MODEL
Andhra Pradesh,SPSR Nellore,22-05-2025,2025,5,10.67027501,IMD GRID MODEL
Andhra Pradesh,SPSR Nellore,25-05-2025,2025,5,0.179105406,IMD GRID MODEL
Andhra Pradesh,SPSR Nellore,28-05-2025,2025,5,0.073875724,IMD GRID MODEL
Andhra Pradesh,Srikakulam,02-05-2025,2025,5,16.59474148,IMD GRID MODEL
Andhra Pradesh,Srikakulam,03-05-2025,2025,5,0,IMD GRID MODEL
Andhra Pradesh,Srikakulam,07-05-2025,2025,5,0.188045129,IMD GRID MODEL
Andhra Pradesh,Srikakulam,21-05-2025,2025,5,5.107719974,IMD GRID MODEL
Andhra Pradesh,Srikakulam,23-05-2025,2025,5,4.97286211,IMD GRID MODEL
Andhra Pradesh,Srikakulam,30-05-2025,2025,5,1.306143636,IMD GRID MODEL
Andhra Pradesh,Visakhapatanam,01-05-2025,2025,5,11.42503243,IMD GRID MODEL
Andhra Pradesh,Visakhapatanam,22-05-2025,2025,5,15.88657727,IMD GRID MODEL
Andhra Pradesh,Vizianagaram,24-05-2025,2025,5,0.377910302,IMD GRID MODEL
Andhra Pradesh,Vizianagaram,31-05-2025,2025,5,3.244016138,IMD GRID MODEL
Andhra Pradesh,West Godavari,17-05-2025,2025,5,1.502963983,IMD GRID MODEL
Andhra Pradesh,West Godavari,31-05-2025,2025,5,1.797601505,IMD GRID MODEL
Andhra Pradesh,Y.S.R.,16-05-2025,2025,5,3.618556913,IMD GRID MODEL
Andhra Pradesh,Y.S.R.,17-05-2025,2025,5,2.374383377,IMD GRID MODEL
Andhra Pradesh,Y.S.R.,20-05-2025,2025,5,7.023207297,IMD GRID MODEL
Andhra Pradesh,Y.S.R.,22-05-2025,2025,5,7.640032526,IMD GRID MODEL
Andhra Pradesh,Y.S.R.,30-05-2025,2025,5,4.91874872,IMD GRID MODEL
Andhra Pradesh,Y.S.R.,31-05-2025,2025,5,0.294592536,IMD GRID MODEL
Andhra Pradesh,Anantapur,01-06-2025,2025,6,0.122337451,IMD GRID MODEL
Andhra Pradesh,Anantapur,04-06-2025,2025,6,0.373237763,IMD GRID MODEL
Andhra Pradesh,Anantapur,07-06-2025,2025,6,1.179144022,IMD GRID MODEL
Andhra Pradesh,Anantapur,08-06-2025,2025,6,2.107557808,IMD GRID MODEL
Andhra Pradesh,Anantapur,11-06-2025,2025,6,4.306747755,IMD GRID MODEL
Andhra Pradesh,Anantapur,14-06-2025,2025,6,0.661812329,IMD GRID MODEL
Andhra Pradesh,Anantapur,19-06-2025,2025,6,0.484562162,IMD GRID MODEL
Andhra Pradesh,Chittoor,05-06-2025,2025,6,0.101217493,IMD GRID MODEL
Andhra Pradesh,Chittoor,15-06-2025,2025,6,1.001666391,IMD GRID MODEL
Andhra Pradesh,Chittoor,16-06-2025,2025,6,0.212086547,IMD GRID MODEL
Andhra Pradesh,Chittoor,17-06-2025,2025,6,0.047408442,IMD GRID MODEL
Andhra Pradesh,Chittoor,19-06-2025,2025,6,0.247788731,IMD GRID MODEL
Andhra Pradesh,Chittoor,21-06-2025,2025,6,2.252435421,IMD GRID MODEL
Andhra Pradesh,Chittoor,23-06-2025,2025,6,6.45372719,IMD GRID MODEL
Andhra Pradesh,Chittoor,30-06-2025,2025,6,0.352736759,IMD GRID MODEL
Andhra Pradesh,East Godavari,02-06-2025,2025,6,0.002119639,IMD GRID MODEL
Andhra Pradesh,East Godavari,08-06-2025,2025,6,1.929819772,IMD GRID MODEL
Andhra Pradesh,East Godavari,13-06-2025,2025,6,1.174378616,IMD GRID MODEL
Andhra Pradesh,East Godavari,09-06-2025,2025,6,0.18654288,IMD GRID MODEL
Andhra Pradesh,East Godavari,18-06-2025,2025,6,0.580316355,IMD GRID MODEL
Andhra Pradesh,East Godavari,20-06-2025,2025,6,0.844423881,IMD GRID MODEL
Andhra Pradesh,Guntur,13-06-2025,2025,6,5.332405464,IMD GRID MODEL
Andhra Pradesh,Guntur,21-06-2025,2025,6,0.365094269,IMD GRID MODEL
Andhra Pradesh,Krishna,10-06-2025,2025,6,0,IMD GRID MODEL
Andhra Pradesh,Krishna,16-06-2025,2025,6,0.483845355,IMD GRID MODEL
Andhra Pradesh,Krishna,23-06-2025,2025,6,5.878000411,IMD GRID MODEL
Andhra Pradesh,Kurnool,03-06-2025,2025,6,0.237802206,IMD GRID MODEL
Andhra Pradesh,Kurnool,07-06-2025,2025,6,5.597170395,IMD GRID MODEL
Andhra Pradesh,Kurnool,13-06-2025,2025,6,0.689393654,IMD GRID MODEL
Andhra Pradesh,Kurnool,15-06-2025,2025,6,0.000282462,IMD GRID MODEL
Andhra Pradesh,Kurnool,16-06-2025,2025,6,2.296241631,IMD GRID MODEL
Andhra Pradesh,Kurnool,17-06-2025,2025,6,0.04637782,IMD GRID MODEL
Andhra Pradesh,Kurnool,19-06-2025,2025,6,0.157961496,IMD GRID MODEL
Andhra Pradesh,Kurnool,20-06-2025,2025,6,0.205825356,IMD GRID MODEL
Andhra Pradesh,Kurnool,22-06-2025,2025,6,0.584485948,IMD GRID MODEL
Andhra Pradesh,Kurnool,27-06-2025,2025,6,0.219492543,IMD GRID MODEL
Andhra Pradesh,Kurnool,28-06-2025,2025,6,0.152240869,IMD GRID MODEL
Andhra Pradesh,Prakasam,03-06-2025,2025,6,0.158969161,IMD GRID MODEL
Andhra Pradesh,Prakasam,04-06-2025,2025,6,0.139094955,IMD GRID MODEL
Andhra Pradesh,Prakasam,06-06-2025,2025,6,0,IMD GRID MODEL
Andhra Pradesh,Prakasam,11-06-2025,2025,6,0.286992036,IMD GRID MODEL
Andhra Pradesh,Prakasam,15-06-2025,2025,6,0.248320672,IMD GRID MODEL
Andhra Pradesh,Prakasam,23-06-2025,2025,6,1.946020678,IMD GRID MODEL
Andhra Pradesh,Prakasam,24-06-2025,2025,6,4.785428436,IMD GRID MODEL
Andhra Pradesh,Prakasam,28-06-2025,2025,6,0.111284379,IMD GRID MODEL
Andhra Pradesh,SPSR Nellore,09-06-2025,2025,6,2.30785956,IMD GRID MODEL
Andhra Pradesh,SPSR Nellore,14-06-2025,2025,6,0.418626466,IMD GRID MODEL
Andhra Pradesh,SPSR Nellore,19-06-2025,2025,6,0.310791392,IMD GRID MODEL
Andhra Pradesh,SPSR Nellore,23-06-2025,2025,6,5.442196122,IMD GRID MODEL
Andhra Pradesh,SPSR Nellore,25-06-2025,2025,6,0.272156874,IMD GRID MODEL
Andhra Pradesh,SPSR Nellore,29-06-2025,2025,6,0.367078539,IMD GRID MODEL
Andhra Pradesh,SPSR Nellore,30-06-2025,2025,6,1.633507448,IMD GRID MODEL
Andhra Pradesh,Srikakulam,01-06-2025,2025,6,9.580023065,IMD GRID MODEL
Andhra Pradesh,Srikakulam,19-06-2025,2025,6,0.226395525,IMD GRID MODEL
Andhra Pradesh,Srikakulam,20-06-2025,2025,6,1.066887021,IMD GRID MODEL
Andhra Pradesh,Srikakulam,23-06-2025,2025,6,1.609656794,IMD GRID MODEL
Andhra Pradesh,Visakhapatanam,01-06-2025,2025,6,1.414747075,IMD GRID MODEL
Andhra Pradesh,Visakhapatanam,04-06-2025,2025,6,0.134553667,IMD GRID MODEL
Andhra Pradesh,Visakhapatanam,07-06-2025,2025,6,2.169568981,IMD GRID MODEL
Andhra Pradesh,Visakhapatanam,08-06-2025,2025,6,3.509973075,IMD GRID MODEL
Andhra Pradesh,Visakhapatanam,11-06-2025,2025,6,15.22418542,IMD GRID MODEL
Andhra Pradesh,Visakhapatanam,24-06-2025,2025,6,12.72347826,IMD GRID MODEL
Andhra Pradesh,Visakhapatanam,29-06-2025,2025,6,12.95834284,IMD GRID MODEL
Andhra Pradesh,Vizianagaram,12-06-2025,2025,6,17.298397,IMD GRID MODEL
Andhra Pradesh,Vizianagaram,13-06-2025,2025,6,2.910634853,IMD GRID MODEL
Andhra Pradesh,Vizianagaram,16-06-2025,2025,6,4.778080708,IMD GRID MODEL
Andhra Pradesh,Vizianagaram,17-06-2025,2025,6,6.310483121,IMD GRID MODEL
Andhra Pradesh,Vizianagaram,20-06-2025,2025,6,1.57768192,IMD GRID MODEL
Andhra Pradesh,Vizianagaram,27-06-2025,2025,6,0.727303103,IMD GRID MODEL
Andhra Pradesh,Vizianagaram,29-06-2025,2025,6,10.39682136,IMD GRID MODEL
Andhra Pradesh,Vizianagaram,30-06-2025,2025,6,7.255637972,IMD GRID MODEL
Andhra Pradesh,West Godavari,04-06-2025,2025,6,0.724274798,IMD GRID MODEL
Andhra Pradesh,West Godavari,07-06-2025,2025,6,0.438319887,IMD GRID MODEL
Andhra Pradesh,West Godavari,08-06-2025,2025,6,0.543815878,IMD GRID MODEL
Andhra Pradesh,West Godavari,10-06-2025,2025,6,0.000167825,IMD GRID MODEL
Andhra Pradesh,West Godavari,12-06-2025,2025,6,2.313693146,IMD GRID MODEL
Andhra Pradesh,West Godavari,09-06-2025,2025,6,0.239400138,IMD GRID MODEL
Andhra Pradesh,West Godavari,20-06-2025,2025,6,0.111692431,IMD GRID MODEL
Andhra Pradesh,West Godavari,22-06-2025,2025,6,20.63282027,IMD GRID MODEL
Andhra Pradesh,Y.S.R.,02-06-2025,2025,6,0.104645513,IMD GRID MODEL
Andhra Pradesh,Y.S.R.,11-06-2025,2025,6,2.759229083,IMD GRID MODEL
Andhra Pradesh,Y.S.R.,12-06-2025,2025,6,3.14044092,IMD GRID MODEL
Andhra Pradesh,Y.S.R.,18-06-2025,2025,6,0.736373661,IMD GRID MODEL
Andhra Pradesh,Y.S.R.,25-06-2025,2025,6,0.177402251,IMD GRID MODEL
Andhra Pradesh,Y.S.R.,21-03-2025,2025,3,0.003930184,IMD GRID MODEL
Andhra Pradesh,Y.S.R.,22-03-2025,2025,3,0,IMD GRID MODEL
Andhra Pradesh,Y.S.R.,24-03-2025,2025,3,0.028777856,IMD GRID MODEL
Andhra Pradesh,Y.S.R.,26-03-2025,2025,3,0.005528122,IMD GRID MODEL
Andhra Pradesh,Y.S.R.,28-03-2025,2025,3,0,IMD GRID MODEL
Andhra Pradesh,Y.S.R.,05-04-2025,2025,4,0.623777296,IMD GRID MODEL
Andhra Pradesh,Y.S.R.,09-04-2025,2025,4,0.051745638,IMD GRID MODEL
Andhra Pradesh,Y.S.R.,11-04-2025,2025,4,1.062565518,IMD GRID MODEL
Andhra Pradesh,Y.S.R.,17-04-2025,2025,4,0.019010793,IMD GRID MODEL
Andhra Pradesh,Y.S.R.,19-04-2025,2025,4,0.003280901,IMD GRID MODEL
Andhra Pradesh,Y.S.R.,21-04-2025,2025,4,0.797704333,IMD GRID MODEL
Andhra Pradesh,Y.S.R.,01-05-2025,2025,5,2.257136117,IMD GRID MODEL
Andhra Pradesh,Y.S.R.,05-05-2025,2025,5,0.239302399,IMD GRID MODEL
Andhra Pradesh,Y.S.R.,09-05-2025,2025,5,3.495354212,IMD GRID MODEL
Andhra Pradesh,Y.S.R.,20-05-2025,2025,5,7.023207297,IMD GRID MODEL
Andhra Pradesh,Y.S.R.,23-05-2025,2025,5,0.248830792,IMD GRID MODEL
Andhra Pradesh,Y.S.R.,06-06-2025,2025,6,0.005530777,IMD GRID MODEL
Andhra Pradesh,Y.S.R.,09-06-2025,2025,6,1.021909661,IMD GRID MODEL
Andhra Pradesh,Y.S.R.,21-06-2025,2025,6,0.965459483,IMD GRID MODEL
Andhra Pradesh,Y.S.R.,26-06-2025,2025,6,2.352081501,IMD GRID MODEL
Andhra Pradesh,Y.S.R.,30-06-2025,2025,6,0.524527956,IMD GRID MODEL
Andhra Pradesh,East Godavari,03-05-2025,2025,5,0.009190521,IMD GRID MODEL
Andhra Pradesh,East Godavari,18-05-2025,2025,5,10.19453019,IMD GRID MODEL
Andhra Pradesh,East Godavari,19-05-2025,2025,5,3.062377841,IMD GRID MODEL
Andhra Pradesh,East Godavari,20-05-2025,2025,5,13.13647531,IMD GRID MODEL
Andhra Pradesh,East Godavari,26-05-2025,2025,5,7.112920104,IMD GRID MODEL
Andhra Pradesh,East Godavari,31-05-2025,2025,5,2.691122159,IMD GRID MODEL
Andhra Pradesh,East Godavari,01-06-2025,2025,6,0.374841563,IMD GRID MODEL
Andhra Pradesh,East Godavari,04-06-2025,2025,6,0.131496557,IMD GRID MODEL
Andhra Pradesh,East Godavari,06-06-2025,2025,6,0.125444299,IMD GRID MODEL
Andhra Pradesh,East Godavari,10-06-2025,2025,6,0.006574201,IMD GRID MODEL
Andhra Pradesh,East Godavari,20-06-2025,2025,6,0.844423881,IMD GRID MODEL
Andhra Pradesh,East Godavari,24-06-2025,2025,6,10.12092584,IMD GRID MODEL
Andhra Pradesh,East Godavari,25-06-2025,2025,6,7.449692772,IMD GRID MODEL
Andhra Pradesh,East Godavari,30-06-2025,2025,6,9.859866004,IMD GRID MODEL
Andhra Pradesh,Guntur,08-01-2025,2025,1,0,IMD GRID MODEL
Andhra Pradesh,Guntur,17-01-2025,2025,1,4.08E-05,IMD GRID MODEL
Andhra Pradesh,Guntur,21-01-2025,2025,1,8.76E-05,IMD GRID MODEL
Andhra Pradesh,Guntur,26-01-2025,2025,1,0,IMD GRID MODEL
Andhra Pradesh,Guntur,06-02-2025,2025,2,0,IMD GRID MODEL
Andhra Pradesh,Guntur,08-02-2025,2025,2,0,IMD GRID MODEL
Andhra Pradesh,Guntur,22-02-2025,2025,2,0.003163874,IMD GRID MODEL
Andhra Pradesh,Guntur,27-02-2025,2025,2,0,IMD GRID MODEL
Andhra Pradesh,Guntur,01-03-2025,2025,3,0,IMD GRID MODEL
Andhra Pradesh,Guntur,06-03-2025,2025,3,0.001231991,IMD GRID MODEL
Andhra Pradesh,Guntur,13-03-2025,2025,3,0,IMD GRID MODEL
Andhra Pradesh,Guntur,15-03-2025,2025,3,0,IMD GRID MODEL
Andhra Pradesh,Guntur,19-03-2025,2025,3,0,IMD GRID MODEL
Andhra Pradesh,Guntur,25-03-2025,2025,3,0.043642008,IMD GRID MODEL
Andhra Pradesh,Guntur,01-04-2025,2025,4,0.000555964,IMD GRID MODEL
Andhra Pradesh,Guntur,04-04-2025,2025,4,12.13656454,IMD GRID MODEL
Andhra Pradesh,Guntur,09-04-2025,2025,4,0.006104527,IMD GRID MODEL
Andhra Pradesh,Guntur,19-04-2025,2025,4,0.037547474,IMD GRID MODEL
Andhra Pradesh,Guntur,21-04-2025,2025,4,0.293689212,IMD GRID MODEL
Andhra Pradesh,Guntur,23-04-2025,2025,4,0,IMD GRID MODEL
Andhra Pradesh,Guntur,25-04-2025,2025,4,0.000412174,IMD GRID MODEL
Andhra Pradesh,Guntur,27-04-2025,2025,4,0.021220279,IMD GRID MODEL
Andhra Pradesh,Guntur,01-05-2025,2025,5,1.089824074,IMD GRID MODEL
Andhra Pradesh,Guntur,02-05-2025,2025,5,2.596602261,IMD GRID MODEL
Andhra Pradesh,Guntur,04-05-2025,2025,5,3.519720205,IMD GRID MODEL
Andhra Pradesh,Guntur,23-05-2025,2025,5,0.445469328,IMD GRID MODEL
Andhra Pradesh,Guntur,26-05-2025,2025,5,5.307419592,IMD GRID MODEL
Andhra Pradesh,Guntur,31-05-2025,2025,5,0.933904812,IMD GRID MODEL
Andhra Pradesh,Guntur,04-06-2025,2025,6,0.010267799,IMD GRID MODEL
Andhra Pradesh,Guntur,06-06-2025,2025,6,0.003153498,IMD GRID MODEL
Andhra Pradesh,Guntur,10-06-2025,2025,6,0.007647267,IMD GRID MODEL
Andhra Pradesh,Guntur,17-06-2025,2025,6,0.362198181,IMD GRID MODEL
Andhra Pradesh,Guntur,20-06-2025,2025,6,0.180614452,IMD GRID MODEL
Andhra Pradesh,Guntur,21-06-2025,2025,6,0.365094269,IMD GRID MODEL
Andhra Pradesh,Guntur,24-06-2025,2025,6,5.904118061,IMD GRID MODEL
Andhra Pradesh,Guntur,30-06-2025,2025,6,5.239616822,IMD GRID MODEL
Andhra Pradesh,Krishna,03-01-2025,2025,1,0.001662931,IMD GRID MODEL
Andhra Pradesh,Krishna,08-01-2025,2025,1,0,IMD GRID MODEL
Andhra Pradesh,Krishna,15-01-2025,2025,1,0.003954881,IMD GRID MODEL
Andhra Pradesh,Krishna,16-01-2025,2025,1,0.000105373,IMD GRID MODEL
Andhra Pradesh,Krishna,20-01-2025,2025,1,0,IMD GRID MODEL
Andhra Pradesh,Krishna,19-01-2025,2025,1,1.60E-05,IMD GRID MODEL
Andhra Pradesh,Krishna,23-01-2025,2025,1,0.000662021,IMD GRID MODEL
Andhra Pradesh,Krishna,25-01-2025,2025,1,0,IMD GRID MODEL
Andhra Pradesh,Krishna,29-01-2025,2025,1,0.005937873,IMD GRID MODEL
Andhra Pradesh,Krishna,08-02-2025,2025,2,0,IMD GRID MODEL
Andhra Pradesh,Krishna,15-02-2025,2025,2,0,IMD GRID MODEL
Andhra Pradesh,Krishna,16-02-2025,2025,2,0,IMD GRID MODEL
Andhra Pradesh,Krishna,20-02-2025,2025,2,0,IMD GRID MODEL
Andhra Pradesh,Krishna,22-02-2025,2025,2,0.018927268,IMD GRID MODEL
Andhra Pradesh,Krishna,02-03-2025,2025,3,0,IMD GRID MODEL
Andhra Pradesh,Krishna,05-03-2025,2025,3,0.20637282,IMD GRID MODEL
Andhra Pradesh,Krishna,11-03-2025,2025,3,0,IMD GRID MODEL
Andhra Pradesh,Krishna,05-04-2025,2025,4,0.243550105,IMD GRID MODEL
Andhra Pradesh,Krishna,07-04-2025,2025,4,0.262988075,IMD GRID MODEL
Andhra Pradesh,Krishna,08-04-2025,2025,4,1.123761636,IMD GRID MODEL
Andhra Pradesh,Krishna,14-04-2025,2025,4,12.4314524,IMD GRID MODEL
Andhra Pradesh,Krishna,18-04-2025,2025,4,0,IMD GRID MODEL
Andhra Pradesh,Krishna,27-04-2025,2025,4,0.002278093,IMD GRID MODEL
Andhra Pradesh,Krishna,01-05-2025,2025,5,0.770833548,IMD GRID MODEL
Andhra Pradesh,Krishna,02-05-2025,2025,5,5.90944668,IMD GRID MODEL
Andhra Pradesh,Krishna,07-05-2025,2025,5,5.421367509,IMD GRID MODEL
Andhra Pradesh,Krishna,10-05-2025,2025,5,0.457148617,IMD GRID MODEL
Andhra Pradesh,Krishna,30-05-2025,2025,5,5.174593598,IMD GRID MODEL
Andhra Pradesh,Krishna,05-06-2025,2025,6,0.022994149,IMD GRID MODEL
Andhra Pradesh,Krishna,08-06-2025,2025,6,4.51697416,IMD GRID MODEL
Andhra Pradesh,Krishna,18-06-2025,2025,6,0.141923981,IMD GRID MODEL
Andhra Pradesh,Krishna,19-06-2025,2025,6,0.567336655,IMD GRID MODEL
Andhra Pradesh,Krishna,22-06-2025,2025,6,8.164678489,IMD GRID MODEL
Andhra Pradesh,Krishna,28-06-2025,2025,6,0.317025986,IMD GRID MODEL
Andhra Pradesh,Kurnool,05-01-2025,2025,1,0.002152166,IMD GRID MODEL
Andhra Pradesh,Kurnool,09-01-2025,2025,1,0,IMD GRID MODEL
Andhra Pradesh,Kurnool,18-01-2025,2025,1,0,IMD GRID MODEL
Andhra Pradesh,Kurnool,27-01-2025,2025,1,0.016960969,IMD GRID MODEL
Andhra Pradesh,Kurnool,01-02-2025,2025,2,0.008030024,IMD GRID MODEL
Andhra Pradesh,Kurnool,03-02-2025,2025,2,0.0066924,IMD GRID MODEL
Andhra Pradesh,Kurnool,06-02-2025,2025,2,0,IMD GRID MODEL
Andhra Pradesh,Kurnool,10-02-2025,2025,2,0.006347561,IMD GRID MODEL
Andhra Pradesh,Kurnool,15-02-2025,2025,2,0,IMD GRID MODEL
Andhra Pradesh,Kurnool,20-02-2025,2025,2,0.002195172,IMD GRID MODEL
Andhra Pradesh,Kurnool,24-02-2025,2025,2,0.000132659,IMD GRID MODEL
Andhra Pradesh,Kurnool,03-03-2025,2025,3,0,IMD GRID MODEL
Andhra Pradesh,Kurnool,04-03-2025,2025,3,0.007721335,IMD GRID MODEL
Andhra Pradesh,Kurnool,06-03-2025,2025,3,0.001290713,IMD GRID MODEL
Andhra Pradesh,Kurnool,08-03-2025,2025,3,0.003534877,IMD GRID MODEL
Andhra Pradesh,Kurnool,28-03-2025,2025,3,0,IMD GRID MODEL
Andhra Pradesh,Kurnool,03-04-2025,2025,4,0.159356775,IMD GRID MODEL
Andhra Pradesh,Kurnool,06-04-2025,2025,4,0.278619211,IMD GRID MODEL
Andhra Pradesh,Kurnool,07-04-2025,2025,4,0.036742951,IMD GRID MODEL
Andhra Pradesh,Kurnool,10-04-2025,2025,4,1.94E-05,IMD GRID MODEL
Andhra Pradesh,Kurnool,13-04-2025,2025,4,0.000277114,IMD GRID MODEL
Andhra Pradesh,Kurnool,17-04-2025,2025,4,0.147280954,IMD GRID MODEL
Andhra Pradesh,Kurnool,21-04-2025,2025,4,7.250937262,IMD GRID MODEL
Andhra Pradesh,Kurnool,23-04-2025,2025,4,0.001268025,IMD GRID MODEL
Andhra Pradesh,Kurnool,25-04-2025,2025,4,2.408040794,IMD GRID MODEL
Andhra Pradesh,Kurnool,26-04-2025,2025,4,1.005183442,IMD GRID MODEL
Andhra Pradesh,Kurnool,03-05-2025,2025,5,6.099564145,IMD GRID MODEL
Andhra Pradesh,Kurnool,17-05-2025,2025,5,5.644053865,IMD GRID MODEL
Andhra Pradesh,Kurnool,19-05-2025,2025,5,5.229471283,IMD GRID MODEL
Andhra Pradesh,Kurnool,20-05-2025,2025,5,3.020958701,IMD GRID MODEL
Andhra Pradesh,Kurnool,25-05-2025,2025,5,0.785428884,IMD GRID MODEL
Andhra Pradesh,Kurnool,29-05-2025,2025,5,2.564679554,IMD GRID MODEL
Andhra Pradesh,Kurnool,04-06-2025,2025,6,0.343609436,IMD GRID MODEL
Andhra Pradesh,Kurnool,05-06-2025,2025,6,0.054594073,IMD GRID MODEL
Andhra Pradesh,Kurnool,11-06-2025,2025,6,0.693932034,IMD GRID MODEL
Andhra Pradesh,Kurnool,13-06-2025,2025,6,0.689393654,IMD GRID MODEL
Andhra Pradesh,Kurnool,19-06-2025,2025,6,0.157961496,IMD GRID MODEL
Andhra Pradesh,Kurnool,30-06-2025,2025,6,2.258022583,IMD GRID MODEL
Andhra Pradesh,Prakasam,02-01-2025,2025,1,0,IMD GRID MODEL
Andhra Pradesh,Prakasam,04-01-2025,2025,1,0.013103716,IMD GRID MODEL
Andhra Pradesh,Prakasam,15-01-2025,2025,1,0,IMD GRID MODEL
Andhra Pradesh,Prakasam,23-01-2025,2025,1,0,IMD GRID MODEL
Andhra Pradesh,Prakasam,27-01-2025,2025,1,0,IMD GRID MODEL
Andhra Pradesh,Prakasam,03-02-2025,2025,2,0,IMD GRID MODEL
Andhra Pradesh,Prakasam,05-02-2025,2025,2,2.20E-05,IMD GRID MODEL
Andhra Pradesh,Prakasam,09-02-2025,2025,2,0,IMD GRID MODEL
Andhra Pradesh,Prakasam,15-02-2025,2025,2,0,IMD GRID MODEL
Andhra Pradesh,Prakasam,19-02-2025,2025,2,0,IMD GRID MODEL
Andhra Pradesh,Prakasam,20-02-2025,2025,2,0,IMD GRID MODEL
Andhra Pradesh,Prakasam,05-03-2025,2025,3,0.110869635,IMD GRID MODEL
Andhra Pradesh,Prakasam,07-03-2025,2025,3,0,IMD GRID MODEL
Andhra Pradesh,Prakasam,16-03-2025,2025,3,0,IMD GRID MODEL
Andhra Pradesh,Prakasam,30-03-2025,2025,3,0,IMD GRID MODEL
Andhra Pradesh,Prakasam,31-03-2025,2025,3,0.00011178,IMD GRID MODEL
Andhra Pradesh,Prakasam,04-04-2025,2025,4,12.02572545,IMD GRID MODEL
Andhra Pradesh,Prakasam,18-04-2025,2025,4,0.0521164,IMD GRID MODEL
Andhra Pradesh,Prakasam,21-04-2025,2025,4,0.029699971,IMD GRID MODEL
Andhra Pradesh,Prakasam,29-04-2025,2025,4,9.96E-05,IMD GRID MODEL
Andhra Pradesh,Prakasam,15-05-2025,2025,5,3.907280871,IMD GRID MODEL
Andhra Pradesh,Prakasam,16-05-2025,2025,5,12.99100454,IMD GRID MODEL
Andhra Pradesh,Prakasam,21-05-2025,2025,5,3.296669352,IMD GRID MODEL
Andhra Pradesh,Prakasam,23-05-2025,2025,5,0.095999868,IMD GRID MODEL
Andhra Pradesh,Prakasam,25-05-2025,2025,5,9.813748993,IMD GRID MODEL
Andhra Pradesh,Prakasam,26-05-2025,2025,5,14.89596851,IMD GRID MODEL
Andhra Pradesh,Prakasam,31-05-2025,2025,5,0.330034011,IMD GRID MODEL
Andhra Pradesh,Prakasam,08-06-2025,2025,6,1.587039264,IMD GRID MODEL
Andhra Pradesh,Prakasam,13-06-2025,2025,6,3.059710017,IMD GRID MODEL
Andhra Pradesh,Prakasam,21-06-2025,2025,6,1.852132456,IMD GRID MODEL
Andhra Pradesh,Prakasam,26-06-2025,2025,6,3.962139977,IMD GRID MODEL
Andhra Pradesh,SPSR Nellore,02-01-2025,2025,1,0,IMD GRID MODEL
Andhra Pradesh,SPSR Nellore,05-01-2025,2025,1,0,IMD GRID MODEL
Andhra Pradesh,SPSR Nellore,06-01-2025,2025,1,0,IMD GRID MODEL
Andhra Pradesh,SPSR Nellore,11-01-2025,2025,1,0.177399133,IMD GRID MODEL
Andhra Pradesh,SPSR Nellore,12-01-2025,2025,1,7.83E-05,IMD GRID MODEL
Andhra Pradesh,SPSR Nellore,22-01-2025,2025,1,-0.000261237,IMD GRID MODEL
Andhra Pradesh,SPSR Nellore,03-02-2025,2025,2,0.000445121,IMD GRID MODEL
Andhra Pradesh,SPSR Nellore,06-02-2025,2025,2,0,IMD GRID MODEL
Andhra Pradesh,SPSR Nellore,08-02-2025,2025,2,0,IMD GRID MODEL
Andhra Pradesh,SPSR Nellore,10-02-2025,2025,2,0,IMD GRID MODEL
Andhra Pradesh,SPSR Nellore,28-02-2025,2025,2,0.006198984,IMD GRID MODEL
Andhra Pradesh,SPSR Nellore,05-03-2025,2025,3,0.039300037,IMD GRID MODEL
Andhra Pradesh,SPSR Nellore,08-03-2025,2025,3,0,IMD GRID MODEL
Andhra Pradesh,SPSR Nellore,10-03-2025,2025,3,0,IMD GRID MODEL
Andhra Pradesh,SPSR Nellore,22-03-2025,2025,3,4.74E-05,IMD GRID MODEL
Andhra Pradesh,SPSR Nellore,26-03-2025,2025,3,0,IMD GRID MODEL
Andhra Pradesh,SPSR Nellore,28-03-2025,2025,3,0,IMD GRID MODEL
Andhra Pradesh,SPSR Nellore,13-04-2025,2025,4,-0.005356023,IMD GRID MODEL
Andhra Pradesh,SPSR Nellore,15-04-2025,2025,4,0.000419864,IMD GRID MODEL
Andhra Pradesh,SPSR Nellore,17-04-2025,2025,4,0,IMD GRID MODEL
Andhra Pradesh,SPSR Nellore,18-04-2025,2025,4,0.000519875,IMD GRID MODEL
Andhra Pradesh,SPSR Nellore,20-04-2025,2025,4,0.000136985,IMD GRID MODEL
Andhra Pradesh,SPSR Nellore,23-04-2025,2025,4,0.00409398,IMD GRID MODEL
Andhra Pradesh,SPSR Nellore,02-05-2025,2025,5,1.426517548,IMD GRID MODEL
Andhra Pradesh,SPSR Nellore,04-05-2025,2025,5,0.004485113,IMD GRID MODEL
Andhra Pradesh,SPSR Nellore,18-05-2025,2025,5,4.179240248,IMD GRID MODEL
Andhra Pradesh,SPSR Nellore,22-05-2025,2025,5,10.67027501,IMD GRID MODEL
Andhra Pradesh,SPSR Nellore,23-05-2025,2025,5,0.235421999,IMD GRID MODEL
Andhra Pradesh,SPSR Nellore,24-05-2025,2025,5,0.064573752,IMD GRID MODEL
Andhra Pradesh,SPSR Nellore,25-05-2025,2025,5,0.179105406,IMD GRID MODEL
Andhra Pradesh,SPSR Nellore,27-05-2025,2025,5,0.814456297,IMD GRID MODEL
Andhra Pradesh,SPSR Nellore,30-05-2025,2025,5,2.341669538,IMD GRID MODEL
Andhra Pradesh,SPSR Nellore,13-06-2025,2025,6,4.578642795,IMD GRID MODEL
Andhra Pradesh,SPSR Nellore,14-06-2025,2025,6,0.418626466,IMD GRID MODEL
Andhra Pradesh,SPSR Nellore,19-06-2025,2025,6,0.310791392,IMD GRID MODEL
Andhra Pradesh,SPSR Nellore,22-06-2025,2025,6,1.165111882,IMD GRID MODEL
Andhra Pradesh,SPSR Nellore,25-06-2025,2025,6,0.272156874,IMD GRID MODEL
Andhra Pradesh,SPSR Nellore,28-06-2025,2025,6,1.187695357,IMD GRID MODEL
Andhra Pradesh,Srikakulam,07-01-2025,2025,1,0,IMD GRID MODEL
Andhra Pradesh,Srikakulam,09-01-2025,2025,1,0,IMD GRID MODEL
Andhra Pradesh,Srikakulam,30-01-2025,2025,1,0,IMD GRID MODEL
Andhra Pradesh,Srikakulam,02-02-2025,2025,2,0,IMD GRID MODEL
Andhra Pradesh,Srikakulam,06-02-2025,2025,2,0,IMD GRID MODEL
Andhra Pradesh,Srikakulam,08-02-2025,2025,2,0.057546654,IMD GRID MODEL
Andhra Pradesh,Srikakulam,09-02-2025,2025,2,0,IMD GRID MODEL
Andhra Pradesh,Srikakulam,17-02-2025,2025,2,0,IMD GRID MODEL
Andhra Pradesh,Srikakulam,21-02-2025,2025,2,0.229731455,IMD GRID MODEL
Andhra Pradesh,Srikakulam,02-03-2025,2025,3,0,IMD GRID MODEL
Andhra Pradesh,Srikakulam,05-03-2025,2025,3,0.001686964,IMD GRID MODEL
Andhra Pradesh,Srikakulam,08-03-2025,2025,3,0,IMD GRID MODEL
Andhra Pradesh,Srikakulam,11-03-2025,2025,3,0,IMD GRID MODEL
Andhra Pradesh,Srikakulam,12-03-2025,2025,3,0,IMD GRID MODEL
Andhra Pradesh,Srikakulam,18-03-2025,2025,3,0,IMD GRID MODEL
Andhra Pradesh,Srikakulam,24-03-2025,2025,3,14.49014106,IMD GRID MODEL
Andhra Pradesh,Srikakulam,26-03-2025,2025,3,0.016276401,IMD GRID MODEL
Andhra Pradesh,Srikakulam,07-04-2025,2025,4,0.002756323,IMD GRID MODEL
Andhra Pradesh,Srikakulam,09-04-2025,2025,4,0.225167059,IMD GRID MODEL
Andhra Pradesh,Srikakulam,14-04-2025,2025,4,0.136693183,IMD GRID MODEL
Andhra Pradesh,Srikakulam,18-04-2025,2025,4,0.000516746,IMD GRID MODEL
Andhra Pradesh,Srikakulam,20-04-2025,2025,4,0.001111849,IMD GRID MODEL
Andhra Pradesh,Srikakulam,23-04-2025,2025,4,0.00220595,IMD GRID MODEL
Andhra Pradesh,Srikakulam,10-05-2025,2025,5,0.004614372,IMD GRID MODEL
Andhra Pradesh,Srikakulam,22-05-2025,2025,5,0.268141754,IMD GRID MODEL
Andhra Pradesh,Srikakulam,03-06-2025,2025,6,0.154053755,IMD GRID MODEL
Andhra Pradesh,Srikakulam,04-06-2025,2025,6,0.340427269,IMD GRID MODEL
Andhra Pradesh,Srikakulam,05-06-2025,2025,6,3.356171536,IMD GRID MODEL
Andhra Pradesh,Srikakulam,20-06-2025,2025,6,1.066887021,IMD GRID MODEL
Andhra Pradesh,Visakhapatanam,09-01-2025,2025,1,0,IMD GRID MODEL
Andhra Pradesh,Visakhapatanam,11-01-2025,2025,1,0,IMD GRID MODEL
Andhra Pradesh,Visakhapatanam,26-01-2025,2025,1,0,IMD GRID MODEL
Andhra Pradesh,Visakhapatanam,27-01-2025,2025,1,0,IMD GRID MODEL
Andhra Pradesh,Visakhapatanam,30-01-2025,2025,1,0,IMD GRID MODEL
Andhra Pradesh,Visakhapatanam,08-02-2025,2025,2,0.02454471,IMD GRID MODEL
Andhra Pradesh,Visakhapatanam,10-02-2025,2025,2,0,IMD GRID MODEL
Andhra Pradesh,Visakhapatanam,17-02-2025,2025,2,0,IMD GRID MODEL
Andhra Pradesh,Visakhapatanam,24-02-2025,2025,2,0,IMD GRID MODEL
Andhra Pradesh,Visakhapatanam,30-03-2025,2025,3,0.84895592,IMD GRID MODEL
Andhra Pradesh,Visakhapatanam,31-03-2025,2025,3,1.73E-05,IMD GRID MODEL
Andhra Pradesh,Visakhapatanam,12-04-2025,2025,4,2.687742347,IMD GRID MODEL
Andhra Pradesh,Visakhapatanam,17-04-2025,2025,4,0.025045414,IMD GRID MODEL
Andhra Pradesh,Visakhapatanam,19-04-2025,2025,4,0.055683951,IMD GRID MODEL
Andhra Pradesh,Visakhapatanam,07-05-2025,2025,5,0.168381953,IMD GRID MODEL
Andhra Pradesh,Visakhapatanam,08-05-2025,2025,5,3.311987991,IMD GRID MODEL
Andhra Pradesh,Visakhapatanam,10-05-2025,2025,5,0.310491176,IMD GRID MODEL
Andhra Pradesh,Visakhapatanam,17-05-2025,2025,5,3.730188381,IMD GRID MODEL
Andhra Pradesh,Visakhapatanam,03-05-2025,2025,5,0.024025469,IMD GRID MODEL
Andhra Pradesh,Visakhapatanam,18-05-2025,2025,5,6.993736218,IMD GRID MODEL
Andhra Pradesh,Visakhapatanam,22-05-2025,2025,5,15.88657727,IMD GRID MODEL
Andhra Pradesh,Visakhapatanam,29-05-2025,2025,5,13.29305981,IMD GRID MODEL
Andhra Pradesh,Visakhapatanam,30-05-2025,2025,5,11.96476989,IMD GRID MODEL
Andhra Pradesh,Visakhapatanam,04-06-2025,2025,6,0.134553667,IMD GRID MODEL
Andhra Pradesh,Visakhapatanam,05-06-2025,2025,6,1.746758525,IMD GRID MODEL
Andhra Pradesh,Visakhapatanam,07-06-2025,2025,6,2.169568981,IMD GRID MODEL
Andhra Pradesh,Visakhapatanam,12-06-2025,2025,6,4.194070002,IMD GRID MODEL
Andhra Pradesh,Visakhapatanam,19-06-2025,2025,6,0.654151075,IMD GRID MODEL
Andhra Pradesh,Visakhapatanam,26-06-2025,2025,6,10.06903166,IMD GRID MODEL
Andhra Pradesh,Vizianagaram,01-01-2025,2025,1,0,IMD GRID MODEL
Andhra Pradesh,Vizianagaram,03-01-2025,2025,1,0,IMD GRID MODEL
Andhra Pradesh,Vizianagaram,05-01-2025,2025,1,5.87E-05,IMD GRID MODEL
Andhra Pradesh,Vizianagaram,15-01-2025,2025,1,0,IMD GRID MODEL
Andhra Pradesh,Vizianagaram,31-01-2025,2025,1,0,IMD GRID MODEL
Andhra Pradesh,Vizianagaram,10-02-2025,2025,2,0,IMD GRID MODEL
Andhra Pradesh,Vizianagaram,18-02-2025,2025,2,0,IMD GRID MODEL
Andhra Pradesh,Vizianagaram,26-02-2025,2025,2,0.000106835,IMD GRID MODEL
Andhra Pradesh,Vizianagaram,27-02-2025,2025,2,0,IMD GRID MODEL
Andhra Pradesh,Vizianagaram,28-02-2025,2025,2,0,IMD GRID MODEL
Andhra Pradesh,Vizianagaram,03-03-2025,2025,3,0.014259473,IMD GRID MODEL
Andhra Pradesh,Vizianagaram,04-03-2025,2025,3,0,IMD GRID MODEL
Andhra Pradesh,Vizianagaram,14-03-2025,2025,3,0,IMD GRID MODEL
Andhra Pradesh,Vizianagaram,20-03-2025,2025,3,0,IMD GRID MODEL
Andhra Pradesh,Vizianagaram,30-03-2025,2025,3,0.015338441,IMD GRID MODEL
Andhra Pradesh,Vizianagaram,01-04-2025,2025,4,0.000249805,IMD GRID MODEL
Andhra Pradesh,Vizianagaram,08-04-2025,2025,4,0.084342946,IMD GRID MODEL
Andhra Pradesh,Vizianagaram,14-04-2025,2025,4,0.459087636,IMD GRID MODEL
Andhra Pradesh,Vizianagaram,28-04-2025,2025,4,1.316715762,IMD GRID MODEL
Andhra Pradesh,Vizianagaram,30-04-2025,2025,4,14.3477348,IMD GRID MODEL
Andhra Pradesh,Vizianagaram,02-05-2025,2025,5,21.22013568,IMD GRID MODEL
Andhra Pradesh,Vizianagaram,07-05-2025,2025,5,0.000200178,IMD GRID MODEL
Andhra Pradesh,Vizianagaram,09-05-2025,2025,5,0.249007174,IMD GRID MODEL
Andhra Pradesh,Vizianagaram,16-05-2025,2025,5,0.714023298,IMD GRID MODEL
Andhra Pradesh,Vizianagaram,03-05-2025,2025,5,1.96E-05,IMD GRID MODEL
Andhra Pradesh,Vizianagaram,19-05-2025,2025,5,4.797181872,IMD GRID MODEL
Andhra Pradesh,Vizianagaram,21-05-2025,2025,5,9.011803381,IMD GRID MODEL
Andhra Pradesh,Vizianagaram,25-05-2025,2025,5,0.22303576,IMD GRID MODEL
Andhra Pradesh,Vizianagaram,29-05-2025,2025,5,9.17435083,IMD GRID MODEL
Andhra Pradesh,Vizianagaram,01-06-2025,2025,6,7.201445001,IMD GRID MODEL
Andhra Pradesh,Vizianagaram,02-06-2025,2025,6,0,IMD GRID MODEL
Andhra Pradesh,Vizianagaram,03-06-2025,2025,6,0.640057029,IMD GRID MODEL
Andhra Pradesh,Vizianagaram,09-06-2025,2025,6,0.042307549,IMD GRID MODEL
Andhra Pradesh,Vizianagaram,11-06-2025,2025,6,13.8501614,IMD GRID MODEL
Andhra Pradesh,Vizianagaram,14-06-2025,2025,6,1.399436785,IMD GRID MODEL
Andhra Pradesh,Vizianagaram,21-06-2025,2025,6,0.057311831,IMD GRID MODEL
Andhra Pradesh,Vizianagaram,22-06-2025,2025,6,0.264589419,IMD GRID MODEL
Andhra Pradesh,Vizianagaram,15-06-2025,2025,6,11.45131226,IMD GRID MODEL
Andhra Pradesh,Vizianagaram,25-06-2025,2025,6,5.662880029,IMD GRID MODEL
Andhra Pradesh,West Godavari,14-01-2025,2025,1,0,IMD GRID MODEL
Andhra Pradesh,West Godavari,15-01-2025,2025,1,4.80E-05,IMD GRID MODEL
Andhra Pradesh,West Godavari,17-01-2025,2025,1,0,IMD GRID MODEL
Andhra Pradesh,West Godavari,20-01-2025,2025,1,0,IMD GRID MODEL
Andhra Pradesh,West Godavari,29-01-2025,2025,1,5.01E-05,IMD GRID MODEL
Andhra Pradesh,West Godavari,03-02-2025,2025,2,0,IMD GRID MODEL
Andhra Pradesh,West Godavari,05-02-2025,2025,2,0,IMD GRID MODEL
Andhra Pradesh,West Godavari,17-02-2025,2025,2,0.05318842,IMD GRID MODEL
Andhra Pradesh,West Godavari,20-02-2025,2025,2,0,IMD GRID MODEL
Andhra Pradesh,West Godavari,21-02-2025,2025,2,0,IMD GRID MODEL
Andhra Pradesh,West Godavari,22-02-2025,2025,2,0.087438601,IMD GRID MODEL
Andhra Pradesh,West Godavari,23-02-2025,2025,2,0.001400011,IMD GRID MODEL
Andhra Pradesh,West Godavari,07-03-2025,2025,3,0.043266553,IMD GRID MODEL
Andhra Pradesh,West Godavari,12-03-2025,2025,3,0.095017223,IMD GRID MODEL
Andhra Pradesh,West Godavari,13-03-2025,2025,3,0,IMD GRID MODEL
Andhra Pradesh,West Godavari,14-03-2025,2025,3,0,IMD GRID MODEL
Andhra Pradesh,West Godavari,16-03-2025,2025,3,0,IMD GRID MODEL
Andhra Pradesh,West Godavari,03-04-2025,2025,4,0,IMD GRID MODEL
Andhra Pradesh,West Godavari,04-04-2025,2025,4,1.402830047,IMD GRID MODEL
Andhra Pradesh,West Godavari,11-04-2025,2025,4,2.907160899,IMD GRID MODEL
Andhra Pradesh,West Godavari,14-04-2025,2025,4,11.14802348,IMD GRID MODEL
Andhra Pradesh,West Godavari,17-04-2025,2025,4,0.001349961,IMD GRID MODEL
Andhra Pradesh,West Godavari,18-04-2025,2025,4,0,IMD GRID MODEL
Andhra Pradesh,West Godavari,19-04-2025,2025,4,0.004874436,IMD GRID MODEL
Andhra Pradesh,West Godavari,21-04-2025,2025,4,0.18162912,IMD GRID MODEL
Andhra Pradesh,West Godavari,22-04-2025,2025,4,0,IMD GRID MODEL
Andhra Pradesh,West Godavari,30-04-2025,2025,4,4.744150188,IMD GRID MODEL
Andhra Pradesh,West Godavari,16-05-2025,2025,5,11.23821228,IMD GRID MODEL
Andhra Pradesh,West Godavari,20-05-2025,2025,5,12.2586386,IMD GRID MODEL
Andhra Pradesh,West Godavari,21-05-2025,2025,5,12.28720555,IMD GRID MODEL
Andhra Pradesh,West Godavari,22-05-2025,2025,5,13.63681406,IMD GRID MODEL
Andhra Pradesh,West Godavari,28-05-2025,2025,5,33.12916611,IMD GRID MODEL
Andhra Pradesh,West Godavari,31-05-2025,2025,5,1.797601505,IMD GRID MODEL
Andhra Pradesh,West Godavari,01-06-2025,2025,6,0.184507,IMD GRID MODEL
Andhra Pradesh,West Godavari,10-06-2025,2025,6,0.000167825,IMD GRID MODEL
Andhra Pradesh,West Godavari,13-06-2025,2025,6,6.479037009,IMD GRID MODEL
Andhra Pradesh,West Godavari,20-06-2025,2025,6,0.111692431,IMD GRID MODEL
Andhra Pradesh,West Godavari,24-06-2025,2025,6,6.553817866,IMD GRID MODEL
Andhra Pradesh,West Godavari,25-06-2025,2025,6,9.054461225,IMD GRID MODEL
Andhra Pradesh,West Godavari,29-06-2025,2025,6,2.187219538,IMD GRID MODEL
Andhra Pradesh,Y.S.R.,01-01-2025,2025,1,0,IMD GRID MODEL
Andhra Pradesh,Y.S.R.,19-01-2025,2025,1,0.351893451,IMD GRID MODEL
Andhra Pradesh,Y.S.R.,21-01-2025,2025,1,0.00116506,IMD GRID MODEL
Andhra Pradesh,Y.S.R.,30-01-2025,2025,1,0,IMD GRID MODEL
Andhra Pradesh,Y.S.R.,03-02-2025,2025,2,0.000456625,IMD GRID MODEL
Andhra Pradesh,Y.S.R.,06-02-2025,2025,2,0,IMD GRID MODEL
Andhra Pradesh,Y.S.R.,07-02-2025,2025,2,0,IMD GRID MODEL
Andhra Pradesh,Y.S.R.,13-02-2025,2025,2,0,IMD GRID MODEL
Andhra Pradesh,Y.S.R.,19-02-2025,2025,2,0,IMD GRID MODEL
Andhra Pradesh,Y.S.R.,06-03-2025,2025,3,0.00365099,IMD GRID MODEL
Andhra Pradesh,Y.S.R.,15-03-2025,2025,3,0,IMD GRID MODEL
Andhra Pradesh,Anantapur,01-01-2025,2025,1,0,IMD GRID MODEL
Andhra Pradesh,Anantapur,17-01-2025,2025,1,0.000255088,IMD GRID MODEL
Andhra Pradesh,Anantapur,20-01-2025,2025,1,0.12302957,IMD GRID MODEL
Andhra Pradesh,Anantapur,26-01-2025,2025,1,8.13E-05,IMD GRID MODEL
Andhra Pradesh,Anantapur,20-02-2025,2025,2,7.32E-05,IMD GRID MODEL
Andhra Pradesh,Anantapur,22-02-2025,2025,2,0.000342542,IMD GRID MODEL
Andhra Pradesh,Anantapur,01-03-2025,2025,3,0,IMD GRID MODEL
Andhra Pradesh,Anantapur,03-03-2025,2025,3,0,IMD GRID MODEL
Andhra Pradesh,Anantapur,09-03-2025,2025,3,0,IMD GRID MODEL
Andhra Pradesh,Anantapur,11-03-2025,2025,3,0.000284745,IMD GRID MODEL
Andhra Pradesh,Anantapur,13-03-2025,2025,3,0,IMD GRID MODEL
Andhra Pradesh,Anantapur,24-03-2025,2025,3,0.258623749,IMD GRID MODEL
Andhra Pradesh,Anantapur,26-03-2025,2025,3,0.000187836,IMD GRID MODEL
Andhra Pradesh,Anantapur,31-03-2025,2025,3,0.000686109,IMD GRID MODEL
Andhra Pradesh,Anantapur,05-04-2025,2025,4,1.188801678,IMD GRID MODEL
Andhra Pradesh,Anantapur,10-04-2025,2025,4,0.280864606,IMD GRID MODEL
Andhra Pradesh,Anantapur,11-04-2025,2025,4,1.18052969,IMD GRID MODEL
Andhra Pradesh,Anantapur,17-04-2025,2025,4,0.055798573,IMD GRID MODEL
Andhra Pradesh,Anantapur,20-04-2025,2025,4,0.185338546,IMD GRID MODEL
Andhra Pradesh,Anantapur,21-04-2025,2025,4,18.22807587,IMD GRID MODEL
Andhra Pradesh,Anantapur,18-05-2025,2025,5,31.4033855,IMD GRID MODEL
Andhra Pradesh,Anantapur,19-05-2025,2025,5,10.31342353,IMD GRID MODEL
Andhra Pradesh,Anantapur,25-05-2025,2025,5,0.205288333,IMD GRID MODEL
Andhra Pradesh,Anantapur,18-06-2025,2025,6,1.32760358,IMD GRID MODEL
Andhra Pradesh,Anantapur,20-06-2025,2025,6,0.076531571,IMD GRID MODEL
Andhra Pradesh,Anantapur,22-06-2025,2025,6,0.336078651,IMD GRID MODEL
Andhra Pradesh,Anantapur,24-06-2025,2025,6,0.850701754,IMD GRID MODEL
Andhra Pradesh,Anantapur,28-06-2025,2025,6,0.113348888,IMD GRID MODEL
Andhra Pradesh,Chittoor,04-01-2025,2025,1,0,IMD GRID MODEL
Andhra Pradesh,Chittoor,08-01-2025,2025,1,0,IMD GRID MODEL
Andhra Pradesh,Chittoor,13-01-2025,2025,1,0.332058879,IMD GRID MODEL
Andhra Pradesh,Chittoor,18-01-2025,2025,1,0,IMD GRID MODEL
Andhra Pradesh,Chittoor,19-01-2025,2025,1,5.368560819,IMD GRID MODEL
Andhra Pradesh,Chittoor,23-01-2025,2025,1,0,IMD GRID MODEL
Andhra Pradesh,Chittoor,26-01-2025,2025,1,0,IMD GRID MODEL
Andhra Pradesh,Chittoor,30-01-2025,2025,1,0,IMD GRID MODEL
Andhra Pradesh,Chittoor,03-02-2025,2025,2,0,IMD GRID MODEL
Andhra Pradesh,Chittoor,04-02-2025,2025,2,8.08E-06,IMD GRID MODEL
Andhra Pradesh,Chittoor,14-02-2025,2025,2,0,IMD GRID MODEL
Andhra Pradesh,Chittoor,17-02-2025,2025,2,8.08E-06,IMD GRID MODEL
Andhra Pradesh,Chittoor,19-02-2025,2025,2,0,IMD GRID MODEL
Andhra Pradesh,Chittoor,25-02-2025,2025,2,0,IMD GRID MODEL
Andhra Pradesh,Chittoor,26-02-2025,2025,2,0,IMD GRID MODEL
Andhra Pradesh,Chittoor,27-02-2025,2025,2,3.83E-05,IMD GRID MODEL
Andhra Pradesh,Chittoor,28-02-2025,2025,2,0.000207212,IMD GRID MODEL
Andhra Pradesh,Chittoor,01-03-2025,2025,3,0.076868002,IMD GRID MODEL
Andhra Pradesh,Chittoor,03-03-2025,2025,3,0,IMD GRID MODEL
Andhra Pradesh,Chittoor,07-03-2025,2025,3,0,IMD GRID MODEL
Andhra Pradesh,Chittoor,13-03-2025,2025,3,0,IMD GRID MODEL
Andhra Pradesh,Chittoor,14-03-2025,2025,3,0,IMD GRID MODEL
Andhra Pradesh,Chittoor,18-03-2025,2025,3,5.61E-05,IMD GRID MODEL
Andhra Pradesh,Chittoor,26-03-2025,2025,3,0,IMD GRID MODEL
Andhra Pradesh,Chittoor,02-04-2025,2025,4,0,IMD GRID MODEL
Andhra Pradesh,Chittoor,03-04-2025,2025,4,0.003137249,IMD GRID MODEL
Andhra Pradesh,Chittoor,16-04-2025,2025,4,1.803725285,IMD GRID MODEL
Andhra Pradesh,Chittoor,18-04-2025,2025,4,0.915079471,IMD GRID MODEL
Andhra Pradesh,Chittoor,22-04-2025,2025,4,0,IMD GRID MODEL
Andhra Pradesh,Chittoor,24-04-2025,2025,4,0,IMD GRID MODEL
Andhra Pradesh,Chittoor,25-04-2025,2025,4,0.25106461,IMD GRID MODEL
Andhra Pradesh,Chittoor,26-04-2025,2025,4,2.69E-06,IMD GRID MODEL
Andhra Pradesh,Chittoor,28-04-2025,2025,4,0.012366954,IMD GRID MODEL
Andhra Pradesh,Chittoor,01-05-2025,2025,5,0.399001026,IMD GRID MODEL
Andhra Pradesh,Chittoor,04-05-2025,2025,5,1.438686408,IMD GRID MODEL
Andhra Pradesh,Chittoor,08-05-2025,2025,5,8.580202643,IMD GRID MODEL
Andhra Pradesh,Chittoor,10-05-2025,2025,5,6.845929643,IMD GRID MODEL
Andhra Pradesh,Chittoor,16-05-2025,2025,5,5.329347067,IMD GRID MODEL
Andhra Pradesh,Chittoor,22-05-2025,2025,5,3.034826733,IMD GRID MODEL
Andhra Pradesh,Chittoor,25-05-2025,2025,5,0.14191152,IMD GRID MODEL
Andhra Pradesh,Chittoor,29-05-2025,2025,5,0.357518724,IMD GRID MODEL
Andhra Pradesh,Chittoor,01-06-2025,2025,6,0.02081646,IMD GRID MODEL
Andhra Pradesh,Chittoor,02-06-2025,2025,6,0.633904078,IMD GRID MODEL
Andhra Pradesh,Chittoor,04-06-2025,2025,6,1.0443039,IMD GRID MODEL
Andhra Pradesh,East Godavari,09-01-2025,2025,1,0,IMD GRID MODEL
Andhra Pradesh,East Godavari,13-01-2025,2025,1,0.0012885,IMD GRID MODEL
Andhra Pradesh,East Godavari,20-01-2025,2025,1,0,IMD GRID MODEL
Andhra Pradesh,East Godavari,22-01-2025,2025,1,0,IMD GRID MODEL
Andhra Pradesh,East Godavari,24-01-2025,2025,1,0,IMD GRID MODEL
Andhra Pradesh,East Godavari,29-01-2025,2025,1,0,IMD GRID MODEL
Andhra Pradesh,East Godavari,31-01-2025,2025,1,0,IMD GRID MODEL
Andhra Pradesh,East Godavari,15-02-2025,2025,2,0,IMD GRID MODEL
Andhra Pradesh,East Godavari,17-02-2025,2025,2,0,IMD GRID MODEL
Andhra Pradesh,East Godavari,22-02-2025,2025,2,0.073076711,IMD GRID MODEL
Andhra Pradesh,East Godavari,01-03-2025,2025,3,0,IMD GRID MODEL
Andhra Pradesh,East Godavari,02-03-2025,2025,3,0,IMD GRID MODEL
Andhra Pradesh,East Godavari,03-03-2025,2025,3,0.000274183,IMD GRID MODEL
Andhra Pradesh,East Godavari,11-03-2025,2025,3,0,IMD GRID MODEL
Andhra Pradesh,East Godavari,15-03-2025,2025,3,0,IMD GRID MODEL
Andhra Pradesh,East Godavari,17-03-2025,2025,3,0,IMD GRID MODEL
Andhra Pradesh,East Godavari,28-03-2025,2025,3,0,IMD GRID MODEL
Andhra Pradesh,East Godavari,29-03-2025,2025,3,0,IMD GRID MODEL
Andhra Pradesh,East Godavari,02-04-2025,2025,4,0,IMD GRID MODEL
Andhra Pradesh,East Godavari,03-04-2025,2025,4,0.000690185,IMD GRID MODEL
Andhra Pradesh,East Godavari,05-04-2025,2025,4,0.581451566,IMD GRID MODEL
Andhra Pradesh,East Godavari,12-04-2025,2025,4,2.196649177,IMD GRID MODEL
Andhra Pradesh,East Godavari,20-04-2025,2025,4,0.005153954,IMD GRID MODEL
Andhra Pradesh,East Godavari,26-04-2025,2025,4,0,IMD GRID MODEL
Andhra Pradesh,East Godavari,27-04-2025,2025,4,0.04014885,IMD GRID MODEL
Andhra Pradesh,East Godavari,29-04-2025,2025,4,2.835516221,IMD GRID MODEL
Andhra Pradesh,Anantapur,01-02-2025,2025,2,0.000366179,IMD GRID MODEL
Andhra Pradesh,Anantapur,07-02-2025,2025,2,0,IMD GRID MODEL
Andhra Pradesh,Anantapur,14-02-2025,2025,2,0,IMD GRID MODEL
Andhra Pradesh,Anantapur,16-02-2025,2025,2,0,IMD GRID MODEL
Andhra Pradesh,Anantapur,21-02-2025,2025,2,0,IMD GRID MODEL
Andhra Pradesh,Anantapur,26-02-2025,2025,2,0.002183725,IMD GRID MODEL
Andhra Pradesh,Chittoor,05-02-2025,2025,2,0,IMD GRID MODEL
Andhra Pradesh,Chittoor,17-02-2025,2025,2,8.08E-06,IMD GRID MODEL
Andhra Pradesh,Chittoor,20-02-2025,2025,2,0,IMD GRID MODEL
Andhra Pradesh,Chittoor,21-02-2025,2025,2,0,IMD GRID MODEL
Andhra Pradesh,East Godavari,02-02-2025,2025,2,0,IMD GRID MODEL
Andhra Pradesh,East Godavari,05-02-2025,2025,2,0,IMD GRID MODEL
Andhra Pradesh,East Godavari,23-02-2025,2025,2,0.031859828,IMD GRID MODEL
Andhra Pradesh,East Godavari,26-02-2025,2025,2,0,IMD GRID MODEL
Andhra Pradesh,Guntur,02-02-2025,2025,2,0,IMD GRID MODEL
Andhra Pradesh,Guntur,03-02-2025,2025,2,0,IMD GRID MODEL
Andhra Pradesh,Guntur,04-02-2025,2025,2,0.042220446,IMD GRID MODEL
Andhra Pradesh,Guntur,17-02-2025,2025,2,0.032866028,IMD GRID MODEL
Andhra Pradesh,Guntur,23-02-2025,2025,2,0.000548771,IMD GRID MODEL
Andhra Pradesh,Guntur,28-02-2025,2025,2,0,IMD GRID MODEL
Andhra Pradesh,Krishna,01-02-2025,2025,2,0.010901425,IMD GRID MODEL
Andhra Pradesh,Krishna,03-02-2025,2025,2,0,IMD GRID MODEL
Andhra Pradesh,Krishna,04-02-2025,2025,2,0,IMD GRID MODEL
Andhra Pradesh,Krishna,08-02-2025,2025,2,0,IMD GRID MODEL
Andhra Pradesh,Krishna,15-02-2025,2025,2,0,IMD GRID MODEL
Andhra Pradesh,Krishna,21-02-2025,2025,2,0,IMD GRID MODEL
Andhra Pradesh,Krishna,22-02-2025,2025,2,0.018927268,IMD GRID MODEL
Andhra Pradesh,Kurnool,03-02-2025,2025,2,0.0066924,IMD GRID MODEL
Andhra Pradesh,Kurnool,10-02-2025,2025,2,0.006347561,IMD GRID MODEL
Andhra Pradesh,Kurnool,18-02-2025,2025,2,0,IMD GRID MODEL
Andhra Pradesh,Kurnool,22-02-2025,2025,2,0.000201492,IMD GRID MODEL
Andhra Pradesh,Kurnool,25-02-2025,2025,2,0,IMD GRID MODEL
Andhra Pradesh,Kurnool,27-02-2025,2025,2,8.31E-06,IMD GRID MODEL
Andhra Pradesh,Prakasam,18-02-2025,2025,2,0,IMD GRID MODEL
Andhra Pradesh,Prakasam,25-02-2025,2025,2,0,IMD GRID MODEL
Andhra Pradesh,Prakasam,26-02-2025,2025,2,5.08E-06,IMD GRID MODEL
Andhra Pradesh,Prakasam,27-02-2025,2025,2,0,IMD GRID MODEL
Andhra Pradesh,SPSR Nellore,01-02-2025,2025,2,0,IMD GRID MODEL
Andhra Pradesh,SPSR Nellore,06-02-2025,2025,2,0,IMD GRID MODEL
Andhra Pradesh,SPSR Nellore,15-02-2025,2025,2,0,IMD GRID MODEL
Andhra Pradesh,SPSR Nellore,17-02-2025,2025,2,0,IMD GRID MODEL
Andhra Pradesh,Srikakulam,04-02-2025,2025,2,0,IMD GRID MODEL
Andhra Pradesh,Srikakulam,16-02-2025,2025,2,0,IMD GRID MODEL
Andhra Pradesh,Srikakulam,17-02-2025,2025,2,0,IMD GRID MODEL
Andhra Pradesh,Srikakulam,28-02-2025,2025,2,0,IMD GRID MODEL
Andhra Pradesh,Visakhapatanam,02-02-2025,2025,2,0.003548861,IMD GRID MODEL
Andhra Pradesh,Visakhapatanam,14-02-2025,2025,2,0,IMD GRID MODEL
Andhra Pradesh,Visakhapatanam,23-02-2025,2025,2,0.010778786,IMD GRID MODEL
Andhra Pradesh,Visakhapatanam,25-02-2025,2025,2,0,IMD GRID MODEL
Andhra Pradesh,Visakhapatanam,28-02-2025,2025,2,0,IMD GRID MODEL
Andhra Pradesh,Vizianagaram,04-02-2025,2025,2,0,IMD GRID MODEL
Andhra Pradesh,Vizianagaram,18-02-2025,2025,2,0,IMD GRID MODEL
Andhra Pradesh,West Godavari,04-02-2025,2025,2,0,IMD GRID MODEL
Andhra Pradesh,West Godavari,05-02-2025,2025,2,0,IMD GRID MODEL
Andhra Pradesh,West Godavari,15-02-2025,2025,2,0,IMD GRID MODEL
Andhra Pradesh,West Godavari,17-02-2025,2025,2,0.05318842,IMD GRID MODEL
Andhra Pradesh,West Godavari,19-02-2025,2025,2,9.60E-05,IMD GRID MODEL
Andhra Pradesh,West Godavari,21-02-2025,2025,2,0,IMD GRID MODEL
Andhra Pradesh,West Godavari,27-02-2025,2025,2,0,IMD GRID MODEL
Andhra Pradesh,West Godavari,28-02-2025,2025,2,0,IMD GRID MODEL
Andhra Pradesh,Y.S.R.,08-02-2025,2025,2,0,IMD GRID MODEL
Andhra Pradesh,Y.S.R.,15-02-2025,2025,2,0,IMD GRID MODEL
Andhra Pradesh,Y.S.R.,17-02-2025,2025,2,0.00260289,IMD GRID MODEL
Andhra Pradesh,Y.S.R.,18-02-2025,2025,2,0,IMD GRID MODEL
Andhra Pradesh,Anantapur,01-01-2025,2025,1,0,IMD GRID MODEL
Andhra Pradesh,Anantapur,02-01-2025,2025,1,9.68E-05,IMD GRID MODEL
Andhra Pradesh,Anantapur,03-01-2025,2025,1,0.004889357,IMD GRID MODEL
Andhra Pradesh,Anantapur,11-01-2025,2025,1,0,IMD GRID MODEL
Andhra Pradesh,Anantapur,13-01-2025,2025,1,2.85E-05,IMD GRID MODEL
Andhra Pradesh,Anantapur,23-01-2025,2025,1,0.000426987,IMD GRID MODEL
Andhra Pradesh,Anantapur,26-01-2025,2025,1,8.13E-05,IMD GRID MODEL
Andhra Pradesh,Chittoor,07-01-2025,2025,1,0,IMD GRID MODEL
Andhra Pradesh,Chittoor,10-01-2025,2025,1,0,IMD GRID MODEL
Andhra Pradesh,Chittoor,15-01-2025,2025,1,0,IMD GRID MODEL
Andhra Pradesh,Chittoor,31-01-2025,2025,1,2.17E-05,IMD GRID MODEL
Andhra Pradesh,East Godavari,04-01-2025,2025,1,0,IMD GRID MODEL
Andhra Pradesh,East Godavari,10-01-2025,2025,1,0.000117586,IMD GRID MODEL
Andhra Pradesh,East Godavari,16-01-2025,2025,1,3.36E-05,IMD GRID MODEL
Andhra Pradesh,Guntur,05-01-2025,2025,1,0.023431863,IMD GRID MODEL
Andhra Pradesh,Guntur,12-01-2025,2025,1,0.000107206,IMD GRID MODEL
Andhra Pradesh,Guntur,24-01-2025,2025,1,0.018406926,IMD GRID MODEL
Andhra Pradesh,Krishna,01-01-2025,2025,1,7.99E-06,IMD GRID MODEL
Andhra Pradesh,Krishna,03-01-2025,2025,1,0.001662931,IMD GRID MODEL
Andhra Pradesh,Krishna,07-01-2025,2025,1,0.006256344,IMD GRID MODEL
Andhra Pradesh,Krishna,15-01-2025,2025,1,0.003954881,IMD GRID MODEL
Andhra Pradesh,Krishna,24-01-2025,2025,1,0.008453548,IMD GRID MODEL
Andhra Pradesh,Krishna,29-01-2025,2025,1,0.005937873,IMD GRID MODEL
Andhra Pradesh,Kurnool,10-01-2025,2025,1,0,IMD GRID MODEL
Andhra Pradesh,Kurnool,13-01-2025,2025,1,0.000814144,IMD GRID MODEL
Andhra Pradesh,Kurnool,14-01-2025,2025,1,0,IMD GRID MODEL
Andhra Pradesh,Kurnool,17-01-2025,2025,1,0.005641797,IMD GRID MODEL
Andhra Pradesh,Kurnool,29-01-2025,2025,1,0.0096281,IMD GRID MODEL
Andhra Pradesh,Prakasam,02-01-2025,2025,1,0,IMD GRID MODEL
Andhra Pradesh,Prakasam,04-01-2025,2025,1,0.013103716,IMD GRID MODEL
Andhra Pradesh,Prakasam,11-01-2025,2025,1,0.015958044,IMD GRID MODEL
Andhra Pradesh,Prakasam,22-01-2025,2025,1,0,IMD GRID MODEL
Andhra Pradesh,Prakasam,26-01-2025,2025,1,0.006190098,IMD GRID MODEL
Andhra Pradesh,Prakasam,30-01-2025,2025,1,0,IMD GRID MODEL
Andhra Pradesh,SPSR Nellore,07-01-2025,2025,1,0,IMD GRID MODEL
Andhra Pradesh,SPSR Nellore,08-01-2025,2025,1,0,IMD GRID MODEL
Andhra Pradesh,SPSR Nellore,12-01-2025,2025,1,7.83E-05,IMD GRID MODEL
Andhra Pradesh,SPSR Nellore,14-01-2025,2025,1,1.387316341,IMD GRID MODEL
Andhra Pradesh,SPSR Nellore,20-01-2025,2025,1,0.094468614,IMD GRID MODEL
Andhra Pradesh,SPSR Nellore,21-01-2025,2025,1,0,IMD GRID MODEL
Andhra Pradesh,SPSR Nellore,22-01-2025,2025,1,-0.000261237,IMD GRID MODEL
Andhra Pradesh,SPSR Nellore,25-01-2025,2025,1,0,IMD GRID MODEL
Andhra Pradesh,SPSR Nellore,29-01-2025,2025,1,0.000439684,IMD GRID MODEL
Andhra Pradesh,Srikakulam,15-01-2025,2025,1,0,IMD GRID MODEL
Andhra Pradesh,Srikakulam,28-01-2025,2025,1,0,IMD GRID MODEL
Andhra Pradesh,Srikakulam,31-01-2025,2025,1,0,IMD GRID MODEL
Andhra Pradesh,Visakhapatanam,03-01-2025,2025,1,0.001013025,IMD GRID MODEL
Andhra Pradesh,Visakhapatanam,04-01-2025,2025,1,0,IMD GRID MODEL
Andhra Pradesh,Visakhapatanam,05-01-2025,2025,1,0.001157078,IMD GRID MODEL
Andhra Pradesh,Visakhapatanam,07-01-2025,2025,1,0,IMD GRID MODEL
Andhra Pradesh,Visakhapatanam,09-01-2025,2025,1,0,IMD GRID MODEL
Andhra Pradesh,Visakhapatanam,14-01-2025,2025,1,0.001384568,IMD GRID MODEL
Andhra Pradesh,Visakhapatanam,18-01-2025,2025,1,0.028034225,IMD GRID MODEL
Andhra Pradesh,Visakhapatanam,20-01-2025,2025,1,0,IMD GRID MODEL
Andhra Pradesh,Visakhapatanam,26-01-2025,2025,1,0,IMD GRID MODEL
Andhra Pradesh,Vizianagaram,10-01-2025,2025,1,0,IMD GRID MODEL
Andhra Pradesh,Vizianagaram,16-01-2025,2025,1,0,IMD GRID MODEL
Andhra Pradesh,Vizianagaram,19-01-2025,2025,1,0,IMD GRID MODEL
Andhra Pradesh,Vizianagaram,23-01-2025,2025,1,0,IMD GRID MODEL
Andhra Pradesh,Vizianagaram,28-01-2025,2025,1,0,IMD GRID MODEL
Andhra Pradesh,Vizianagaram,29-01-2025,2025,1,0,IMD GRID MODEL
Andhra Pradesh,West Godavari,07-01-2025,2025,1,0.084807123,IMD GRID MODEL
Andhra Pradesh,West Godavari,21-01-2025,2025,1,2.70E-05,IMD GRID MODEL
Andhra Pradesh,West Godavari,26-01-2025,2025,1,4.53E-05,IMD GRID MODEL
Andhra Pradesh,West Godavari,27-01-2025,2025,1,0,IMD GRID MODEL
Andhra Pradesh,West Godavari,30-01-2025,2025,1,0,IMD GRID MODEL
Andhra Pradesh,Y.S.R.,11-01-2025,2025,1,0.075848492,IMD GRID MODEL
Andhra Pradesh,Y.S.R.,12-01-2025,2025,1,0.005536365,IMD GRID MODEL
Andhra Pradesh,Y.S.R.,21-01-2025,2025,1,0.00116506,IMD GRID MODEL
Andhra Pradesh,Y.S.R.,27-01-2025,2025,1,0.017066034,IMD GRID MODEL
Andhra Pradesh,Anantapur,05-03-2025,2025,3,0.004812275,IMD GRID MODEL
Andhra Pradesh,Chittoor,02-03-2025,2025,3,-0.007706589,IMD GRID MODEL
Andhra Pradesh,Chittoor,09-03-2025,2025,3,0,IMD GRID MODEL
Andhra Pradesh,Chittoor,13-03-2025,2025,3,0,IMD GRID MODEL
Andhra Pradesh,Chittoor,15-03-2025,2025,3,0,IMD GRID MODEL
Andhra Pradesh,Chittoor,20-03-2025,2025,3,0,IMD GRID MODEL
Andhra Pradesh,Chittoor,23-03-2025,2025,3,1.487697261,IMD GRID MODEL
Andhra Pradesh,Chittoor,24-03-2025,2025,3,0.319984889,IMD GRID MODEL
Andhra Pradesh,Chittoor,26-03-2025,2025,3,0,IMD GRID MODEL
Andhra Pradesh,East Godavari,01-03-2025,2025,3,0,IMD GRID MODEL
Andhra Pradesh,East Godavari,02-03-2025,2025,3,0,IMD GRID MODEL
Andhra Pradesh,East Godavari,09-03-2025,2025,3,0.000184779,IMD GRID MODEL
Andhra Pradesh,East Godavari,10-03-2025,2025,3,0,IMD GRID MODEL
Andhra Pradesh,East Godavari,13-03-2025,2025,3,0,IMD GRID MODEL
Andhra Pradesh,East Godavari,15-03-2025,2025,3,0,IMD GRID MODEL
Andhra Pradesh,East Godavari,17-03-2025,2025,3,0,IMD GRID MODEL
Andhra Pradesh,East Godavari,19-03-2025,2025,3,0,IMD GRID MODEL
Andhra Pradesh,East Godavari,30-03-2025,2025,3,0.046826959,IMD GRID MODEL
Andhra Pradesh,East Godavari,31-03-2025,2025,3,0.009670403,IMD GRID MODEL
Andhra Pradesh,Guntur,02-03-2025,2025,3,0,IMD GRID MODEL
Andhra Pradesh,Guntur,04-03-2025,2025,3,0,IMD GRID MODEL
Andhra Pradesh,Guntur,06-03-2025,2025,3,0.001231991,IMD GRID MODEL
Andhra Pradesh,Guntur,09-03-2025,2025,3,0,IMD GRID MODEL
Andhra Pradesh,Guntur,11-03-2025,2025,3,0,IMD GRID MODEL
Andhra Pradesh,Guntur,16-03-2025,2025,3,0,IMD GRID MODEL
Andhra Pradesh,Guntur,19-03-2025,2025,3,0,IMD GRID MODEL
Andhra Pradesh,Guntur,20-03-2025,2025,3,0.025175314,IMD GRID MODEL
Andhra Pradesh,Guntur,24-03-2025,2025,3,0.056982334,IMD GRID MODEL
Andhra Pradesh,Guntur,30-03-2025,2025,3,0,IMD GRID MODEL
Andhra Pradesh,Guntur,31-03-2025,2025,3,0.001828358,IMD GRID MODEL
Andhra Pradesh,Krishna,02-03-2025,2025,3,0,IMD GRID MODEL
Andhra Pradesh,Krishna,06-03-2025,2025,3,0.037171516,IMD GRID MODEL
Andhra Pradesh,Krishna,08-03-2025,2025,3,0.000202253,IMD GRID MODEL
Andhra Pradesh,Krishna,10-03-2025,2025,3,0,IMD GRID MODEL
Andhra Pradesh,Krishna,13-03-2025,2025,3,0,IMD GRID MODEL
Andhra Pradesh,Krishna,14-03-2025,2025,3,0,IMD GRID MODEL
Andhra Pradesh,Krishna,15-03-2025,2025,3,0,IMD GRID MODEL
Andhra Pradesh,Krishna,24-03-2025,2025,3,0.113270934,IMD GRID MODEL
Andhra Pradesh,Krishna,25-03-2025,2025,3,0.008394138,IMD GRID MODEL
Andhra Pradesh,Krishna,26-03-2025,2025,3,0,IMD GRID MODEL
Andhra Pradesh,Kurnool,03-03-2025,2025,3,0,IMD GRID MODEL
Andhra Pradesh,Kurnool,05-03-2025,2025,3,0.059175103,IMD GRID MODEL
Andhra Pradesh,Kurnool,08-03-2025,2025,3,0.003534877,IMD GRID MODEL
Andhra Pradesh,Kurnool,17-03-2025,2025,3,0,IMD GRID MODEL
Andhra Pradesh,Kurnool,18-03-2025,2025,3,0,IMD GRID MODEL
Andhra Pradesh,Kurnool,20-03-2025,2025,3,1.47E-05,IMD GRID MODEL
Andhra Pradesh,Kurnool,27-03-2025,2025,3,0,IMD GRID MODEL
Andhra Pradesh,Kurnool,31-03-2025,2025,3,0.019816461,IMD GRID MODEL
Andhra Pradesh,Prakasam,02-03-2025,2025,3,0,IMD GRID MODEL
Andhra Pradesh,Prakasam,05-03-2025,2025,3,0.110869635,IMD GRID MODEL
Andhra Pradesh,Prakasam,06-03-2025,2025,3,0,IMD GRID MODEL
Andhra Pradesh,Prakasam,10-03-2025,2025,3,0,IMD GRID MODEL
Andhra Pradesh,Prakasam,13-03-2025,2025,3,0,IMD GRID MODEL
Andhra Pradesh,Prakasam,14-03-2025,2025,3,0,IMD GRID MODEL
Andhra Pradesh,Prakasam,25-03-2025,2025,3,0.00135524,IMD GRID MODEL
Andhra Pradesh,Prakasam,28-03-2025,2025,3,0,IMD GRID MODEL
Andhra Pradesh,Prakasam,30-03-2025,2025,3,0,IMD GRID MODEL
Andhra Pradesh,SPSR Nellore,01-03-2025,2025,3,0.08374487,IMD GRID MODEL
Andhra Pradesh,SPSR Nellore,03-03-2025,2025,3,0,IMD GRID MODEL
Andhra Pradesh,SPSR Nellore,10-03-2025,2025,3,0,IMD GRID MODEL
Andhra Pradesh,SPSR Nellore,14-03-2025,2025,3,0,IMD GRID MODEL
Andhra Pradesh,SPSR Nellore,20-03-2025,2025,3,0,IMD GRID MODEL
Andhra Pradesh,SPSR Nellore,21-03-2025,2025,3,0,IMD GRID MODEL
Andhra Pradesh,SPSR Nellore,26-03-2025,2025,3,0,IMD GRID MODEL
Andhra Pradesh,Srikakulam,09-03-2025,2025,3,0,IMD GRID MODEL
Andhra Pradesh,Srikakulam,10-03-2025,2025,3,0,IMD GRID MODEL
Andhra Pradesh,Srikakulam,15-03-2025,2025,3,0,IMD GRID MODEL
Andhra Pradesh,Srikakulam,16-03-2025,2025,3,0.000108963,IMD GRID MODEL
Andhra Pradesh,Srikakulam,24-03-2025,2025,3,14.49014106,IMD GRID MODEL
Andhra Pradesh,Srikakulam,25-03-2025,2025,3,0.004425515,IMD GRID MODEL
Andhra Pradesh,Visakhapatanam,07-03-2025,2025,3,0.000124956,IMD GRID MODEL
Andhra Pradesh,Visakhapatanam,09-03-2025,2025,3,0,IMD GRID MODEL
Andhra Pradesh,Visakhapatanam,10-03-2025,2025,3,0,IMD GRID MODEL
Andhra Pradesh,Visakhapatanam,18-03-2025,2025,3,0,IMD GRID MODEL
Andhra Pradesh,Visakhapatanam,20-03-2025,2025,3,0,IMD GRID MODEL
Andhra Pradesh,Vizianagaram,03-03-2025,2025,3,0.014259473,IMD GRID MODEL
Andhra Pradesh,Vizianagaram,23-03-2025,2025,3,0.299029319,IMD GRID MODEL
Andhra Pradesh,West Godavari,04-03-2025,2025,3,0,IMD GRID MODEL
Andhra Pradesh,West Godavari,08-03-2025,2025,3,0,IMD GRID MODEL
Andhra Pradesh,West Godavari,09-03-2025,2025,3,0.000650957,IMD GRID MODEL
Andhra Pradesh,West Godavari,11-03-2025,2025,3,0,IMD GRID MODEL
Andhra Pradesh,West Godavari,16-03-2025,2025,3,0,IMD GRID MODEL
Andhra Pradesh,West Godavari,17-03-2025,2025,3,0,IMD GRID MODEL
Andhra Pradesh,West Godavari,20-03-2025,2025,3,0,IMD GRID MODEL
Andhra Pradesh,West Godavari,26-03-2025,2025,3,0.001286659,IMD GRID MODEL
Andhra Pradesh,West Godavari,27-03-2025,2025,3,0.000448705,IMD GRID MODEL
Andhra Pradesh,West Godavari,29-03-2025,2025,3,0.011431487,IMD GRID MODEL
Andhra Pradesh,Y.S.R.,02-03-2025,2025,3,0,IMD GRID MODEL
Andhra Pradesh,Y.S.R.,03-03-2025,2025,3,0,IMD GRID MODEL
Andhra Pradesh,Y.S.R.,05-03-2025,2025,3,0.016895252,IMD GRID MODEL
Andhra Pradesh,Y.S.R.,07-03-2025,2025,3,0,IMD GRID MODEL
Andhra Pradesh,Y.S.R.,14-03-2025,2025,3,0,IMD GRID MODEL
Andhra Pradesh,Y.S.R.,16-03-2025,2025,3,0,IMD GRID MODEL
Andhra Pradesh,Y.S.R.,20-03-2025,2025,3,0.000310227,IMD GRID MODEL
Andhra Pradesh,Y.S.R.,24-03-2025,2025,3,0.028777856,IMD GRID MODEL
Andhra Pradesh,Y.S.R.,26-03-2025,2025,3,0.005528122,IMD GRID MODEL
Andhra Pradesh,Y.S.R.,27-03-2025,2025,3,0,IMD GRID MODEL
Andhra Pradesh,Y.S.R.,28-03-2025,2025,3,0,IMD GRID MODEL
Andhra Pradesh,Anantapur,02-04-2025,2025,4,0.002166904,IMD GRID MODEL
Andhra Pradesh,Anantapur,03-04-2025,2025,4,0.213197539,IMD GRID MODEL
Andhra Pradesh,Anantapur,06-04-2025,2025,4,0.132356647,IMD GRID MODEL
Andhra Pradesh,Anantapur,18-04-2025,2025,4,0.055575472,IMD GRID MODEL
Andhra Pradesh,Anantapur,21-04-2025,2025,4,18.22807587,IMD GRID MODEL
Andhra Pradesh,Anantapur,22-04-2025,2025,4,0,IMD GRID MODEL
Andhra Pradesh,Anantapur,29-04-2025,2025,4,0.201548245,IMD GRID MODEL
Andhra Pradesh,Chittoor,03-04-2025,2025,4,0.003137249,IMD GRID MODEL
Andhra Pradesh,Chittoor,14-04-2025,2025,4,1.039115854,IMD GRID MODEL
Andhra Pradesh,Chittoor,28-04-2025,2025,4,0.012366954,IMD GRID MODEL
Andhra Pradesh,Chittoor,30-04-2025,2025,4,0,IMD GRID MODEL
Andhra Pradesh,East Godavari,09-04-2025,2025,4,0.052847904,IMD GRID MODEL
Andhra Pradesh,East Godavari,18-04-2025,2025,4,0.001230556,IMD GRID MODEL
Andhra Pradesh,East Godavari,20-04-2025,2025,4,0.005153954,IMD GRID MODEL
Andhra Pradesh,East Godavari,25-04-2025,2025,4,0.008922895,IMD GRID MODEL
Andhra Pradesh,East Godavari,26-04-2025,2025,4,0,IMD GRID MODEL
Andhra Pradesh,Guntur,12-04-2025,2025,4,0.151973911,IMD GRID MODEL
Andhra Pradesh,Guntur,15-04-2025,2025,4,0.002616483,IMD GRID MODEL
Andhra Pradesh,Krishna,01-04-2025,2025,4,1.67E-05,IMD GRID MODEL
Andhra Pradesh,Krishna,15-04-2025,2025,4,0.002719472,IMD GRID MODEL
Andhra Pradesh,Krishna,28-04-2025,2025,4,0.030757998,IMD GRID MODEL
Andhra Pradesh,Kurnool,05-04-2025,2025,4,0.533000945,IMD GRID MODEL
Andhra Pradesh,Kurnool,10-04-2025,2025,4,1.94E-05,IMD GRID MODEL
Andhra Pradesh,Kurnool,14-04-2025,2025,4,0.287482164,IMD GRID MODEL
Andhra Pradesh,Kurnool,19-04-2025,2025,4,0.111924306,IMD GRID MODEL
Andhra Pradesh,Kurnool,20-04-2025,2025,4,0.544370102,IMD GRID MODEL
Andhra Pradesh,Kurnool,30-04-2025,2025,4,0.060689557,IMD GRID MODEL
Andhra Pradesh,Prakasam,01-04-2025,2025,4,2.87E-05,IMD GRID MODEL
Andhra Pradesh,Prakasam,03-04-2025,2025,4,0.000305168,IMD GRID MODEL
Andhra Pradesh,SPSR Nellore,02-04-2025,2025,4,0,IMD GRID MODEL
Andhra Pradesh,SPSR Nellore,03-04-2025,2025,4,4.11E-07,IMD GRID MODEL
Andhra Pradesh,SPSR Nellore,04-04-2025,2025,4,1.558350206,IMD GRID MODEL
Andhra Pradesh,SPSR Nellore,06-04-2025,2025,4,0.003104977,IMD GRID MODEL
Andhra Pradesh,SPSR Nellore,11-04-2025,2025,4,0.220836528,IMD GRID MODEL
Andhra Pradesh,SPSR Nellore,12-04-2025,2025,4,0.232174148,IMD GRID MODEL
Andhra Pradesh,SPSR Nellore,15-04-2025,2025,4,0.000419864,IMD GRID MODEL
Andhra Pradesh,SPSR Nellore,16-04-2025,2025,4,3.195436449,IMD GRID MODEL
Andhra Pradesh,Srikakulam,03-04-2025,2025,4,0,IMD GRID MODEL
Andhra Pradesh,Srikakulam,07-04-2025,2025,4,0.002756323,IMD GRID MODEL
Andhra Pradesh,Srikakulam,09-04-2025,2025,4,0.225167059,IMD GRID MODEL
Andhra Pradesh,Srikakulam,18-04-2025,2025,4,0.000516746,IMD GRID MODEL
Andhra Pradesh,Srikakulam,21-04-2025,2025,4,0.046025419,IMD GRID MODEL
Andhra Pradesh,Visakhapatanam,12-04-2025,2025,4,2.687742347,IMD GRID MODEL
Andhra Pradesh,Visakhapatanam,14-04-2025,2025,4,8.812932918,IMD GRID MODEL
Andhra Pradesh,Visakhapatanam,15-04-2025,2025,4,0.160274224,IMD GRID MODEL
Andhra Pradesh,Visakhapatanam,26-04-2025,2025,4,0.743197222,IMD GRID MODEL
Andhra Pradesh,Visakhapatanam,27-04-2025,2025,4,1.622937453,IMD GRID MODEL
Andhra Pradesh,Vizianagaram,05-04-2025,2025,4,0.040617948,IMD GRID MODEL
Andhra Pradesh,Vizianagaram,16-04-2025,2025,4,11.93088384,IMD GRID MODEL
Andhra Pradesh,Vizianagaram,21-04-2025,2025,4,0.263056719,IMD GRID MODEL
Andhra Pradesh,Vizianagaram,22-04-2025,2025,4,0.02584855,IMD GRID MODEL
Andhra Pradesh,Vizianagaram,23-04-2025,2025,4,0.439790131,IMD GRID MODEL
Andhra Pradesh,Vizianagaram,24-04-2025,2025,4,0.13658013,IMD GRID MODEL
Andhra Pradesh,West Godavari,01-04-2025,2025,4,0.000204395,IMD GRID MODEL
Andhra Pradesh,West Godavari,04-04-2025,2025,4,1.402830047,IMD GRID MODEL
Andhra Pradesh,West Godavari,21-04-2025,2025,4,0.18162912,IMD GRID MODEL
Andhra Pradesh,West Godavari,22-04-2025,2025,4,0,IMD GRID MODEL
Andhra Pradesh,West Godavari,24-04-2025,2025,4,1.88E-05,IMD GRID MODEL
Andhra Pradesh,West Godavari,28-04-2025,2025,4,0.00027136,IMD GRID MODEL
Andhra Pradesh,Y.S.R.,05-04-2025,2025,4,0.623777296,IMD GRID MODEL
Andhra Pradesh,Y.S.R.,17-04-2025,2025,4,0.019010793,IMD GRID MODEL
Andhra Pradesh,Y.S.R.,19-04-2025,2025,4,0.003280901,IMD GRID MODEL
Andhra Pradesh,Y.S.R.,22-04-2025,2025,4,0,IMD GRID MODEL
Andhra Pradesh,Y.S.R.,23-04-2025,2025,4,0.000299308,IMD GRID MODEL
Andhra Pradesh,Y.S.R.,30-04-2025,2025,4,0.000648763,IMD GRID MODEL
Andhra Pradesh,Anantapur,05-06-2025,2025,6,0.042853556,IMD GRID MODEL
Andhra Pradesh,Anantapur,22-06-2025,2025,6,0.336078651,IMD GRID MODEL
Andhra Pradesh,Anantapur,26-06-2025,2025,6,1.201642579,IMD GRID MODEL
Andhra Pradesh,Anantapur,29-06-2025,2025,6,0.029791933,IMD GRID MODEL
Andhra Pradesh,Anantapur,30-06-2025,2025,6,0.186994456,IMD GRID MODEL
Andhra Pradesh,Chittoor,20-06-2025,2025,6,0.432754604,IMD GRID MODEL
Andhra Pradesh,Chittoor,24-06-2025,2025,6,0.364152876,IMD GRID MODEL
Andhra Pradesh,Chittoor,26-06-2025,2025,6,1.930016727,IMD GRID MODEL
Andhra Pradesh,Chittoor,29-06-2025,2025,6,0.378054783,IMD GRID MODEL
Andhra Pradesh,East Godavari,01-06-2025,2025,6,0.374841563,IMD GRID MODEL
Andhra Pradesh,East Godavari,17-06-2025,2025,6,7.373832021,IMD GRID MODEL
Andhra Pradesh,East Godavari,21-06-2025,2025,6,5.483042266,IMD GRID MODEL
Andhra Pradesh,East Godavari,25-06-2025,2025,6,7.449692772,IMD GRID MODEL
Andhra Pradesh,East Godavari,26-06-2025,2025,6,21.72825276,IMD GRID MODEL
Andhra Pradesh,East Godavari,27-06-2025,2025,6,14.05521881,IMD GRID MODEL
Andhra Pradesh,Guntur,03-06-2025,2025,6,0.006385122,IMD GRID MODEL
Andhra Pradesh,Guntur,07-06-2025,2025,6,3.568571049,IMD GRID MODEL
Andhra Pradesh,Guntur,11-06-2025,2025,6,8.194456154,IMD GRID MODEL
Andhra Pradesh,Guntur,16-06-2025,2025,6,1.658314447,IMD GRID MODEL
Andhra Pradesh,Guntur,18-06-2025,2025,6,0.09343024,IMD GRID MODEL
Andhra Pradesh,Guntur,22-06-2025,2025,6,1.646719602,IMD GRID MODEL
Andhra Pradesh,Guntur,29-06-2025,2025,6,0.256255687,IMD GRID MODEL
Andhra Pradesh,Krishna,01-06-2025,2025,6,0.143909139,IMD GRID MODEL
Andhra Pradesh,Krishna,11-06-2025,2025,6,31.58054763,IMD GRID MODEL
Andhra Pradesh,Krishna,14-06-2025,2025,6,0.813810204,IMD GRID MODEL
Andhra Pradesh,Krishna,19-06-2025,2025,6,0.567336655,IMD GRID MODEL
Andhra Pradesh,Krishna,27-06-2025,2025,6,11.46650229,IMD GRID MODEL
Andhra Pradesh,Kurnool,11-06-2025,2025,6,0.693932034,IMD GRID MODEL
Andhra Pradesh,Kurnool,14-06-2025,2025,6,0.581629308,IMD GRID MODEL
Andhra Pradesh,Kurnool,24-06-2025,2025,6,2.494071337,IMD GRID MODEL
Andhra Pradesh,Kurnool,30-06-2025,2025,6,2.258022583,IMD GRID MODEL
Andhra Pradesh,Prakasam,09-06-2025,2025,6,3.540275606,IMD GRID MODEL
Andhra Pradesh,Prakasam,18-06-2025,2025,6,0.169294342,IMD GRID MODEL
Andhra Pradesh,Prakasam,29-06-2025,2025,6,0.911446082,IMD GRID MODEL
Andhra Pradesh,SPSR Nellore,03-06-2025,2025,6,0.269537131,IMD GRID MODEL
Andhra Pradesh,SPSR Nellore,04-06-2025,2025,6,0.243701304,IMD GRID MODEL
Andhra Pradesh,SPSR Nellore,07-06-2025,2025,6,1.231478478,IMD GRID MODEL
Andhra Pradesh,SPSR Nellore,13-06-2025,2025,6,4.578642795,IMD GRID MODEL
Andhra Pradesh,SPSR Nellore,15-06-2025,2025,6,1.282748334,IMD GRID MODEL
Andhra Pradesh,SPSR Nellore,18-06-2025,2025,6,0.893645167,IMD GRID MODEL
Andhra Pradesh,SPSR Nellore,20-06-2025,2025,6,1.164574476,IMD GRID MODEL
Andhra Pradesh,SPSR Nellore,22-06-2025,2025,6,1.165111882,IMD GRID MODEL
Andhra Pradesh,Srikakulam,02-06-2025,2025,6,0,IMD GRID MODEL
Andhra Pradesh,Srikakulam,11-06-2025,2025,6,6.775823853,IMD GRID MODEL
Andhra Pradesh,Srikakulam,16-06-2025,2025,6,2.675952075,IMD GRID MODEL
Andhra Pradesh,Srikakulam,22-06-2025,2025,6,0.421579812,IMD GRID MODEL
Andhra Pradesh,Srikakulam,24-06-2025,2025,6,5.401356912,IMD GRID MODEL
Andhra Pradesh,Srikakulam,27-06-2025,2025,6,0.401423771,IMD GRID MODEL
Andhra Pradesh,Visakhapatanam,03-06-2025,2025,6,0.65155537,IMD GRID MODEL
Andhra Pradesh,Visakhapatanam,09-06-2025,2025,6,0.966759466,IMD GRID MODEL
Andhra Pradesh,Visakhapatanam,18-06-2025,2025,6,0.446732566,IMD GRID MODEL
Andhra Pradesh,Visakhapatanam,21-06-2025,2025,6,0.187327432,IMD GRID MODEL
Andhra Pradesh,Visakhapatanam,27-06-2025,2025,6,7.20828784,IMD GRID MODEL
Andhra Pradesh,Visakhapatanam,30-06-2025,2025,6,7.956529347,IMD GRID MODEL
Andhra Pradesh,Vizianagaram,02-06-2025,2025,6,0,IMD GRID MODEL
Andhra Pradesh,Vizianagaram,07-06-2025,2025,6,2.667292894,IMD GRID MODEL
Andhra Pradesh,Vizianagaram,08-06-2025,2025,6,1.690390785,IMD GRID MODEL
Andhra Pradesh,Vizianagaram,10-06-2025,2025,6,8.15350225,IMD GRID MODEL
Andhra Pradesh,Vizianagaram,22-06-2025,2025,6,0.264589419,IMD GRID MODEL
Andhra Pradesh,Vizianagaram,23-06-2025,2025,6,2.958045249,IMD GRID MODEL
Andhra Pradesh,Vizianagaram,25-06-2025,2025,6,5.662880029,IMD GRID MODEL
Andhra Pradesh,West Godavari,13-06-2025,2025,6,6.479037009,IMD GRID MODEL
Andhra Pradesh,West Godavari,18-06-2025,2025,6,0.333663609,IMD GRID MODEL
Andhra Pradesh,West Godavari,19-06-2025,2025,6,0.127841944,IMD GRID MODEL
Andhra Pradesh,West Godavari,23-06-2025,2025,6,9.128889177,IMD GRID MODEL
Andhra Pradesh,Y.S.R.,09-06-2025,2025,6,1.021909661,IMD GRID MODEL
Andhra Pradesh,Y.S.R.,13-06-2025,2025,6,3.149302696,IMD GRID MODEL
Andhra Pradesh,Y.S.R.,14-06-2025,2025,6,2.54333414,IMD GRID MODEL
Andhra Pradesh,Y.S.R.,17-06-2025,2025,6,0.03466877,IMD GRID MODEL
Andhra Pradesh,Y.S.R.,20-06-2025,2025,6,0.79490937,IMD GRID MODEL
Andhra Pradesh,Y.S.R.,21-06-2025,2025,6,0.965459483,IMD GRID MODEL
Andhra Pradesh,Y.S.R.,23-06-2025,2025,6,4.089595335,IMD GRID MODEL
Andhra Pradesh,Y.S.R.,28-06-2025,2025,6,0.303900199,IMD GRID MODEL
Andhra Pradesh,Anantapur,09-05-2025,2025,5,0.328346504,IMD GRID MODEL
Andhra Pradesh,Anantapur,18-05-2025,2025,5,31.4033855,IMD GRID MODEL
Andhra Pradesh,Anantapur,31-05-2025,2025,5,0.019093455,IMD GRID MODEL
Andhra Pradesh,Chittoor,02-05-2025,2025,5,2.493480434,IMD GRID MODEL
Andhra Pradesh,Chittoor,15-05-2025,2025,5,6.17482194,IMD GRID MODEL
Andhra Pradesh,Chittoor,21-05-2025,2025,5,19.44494273,IMD GRID MODEL
Andhra Pradesh,Chittoor,24-05-2025,2025,5,0.273041542,IMD GRID MODEL
Andhra Pradesh,Chittoor,25-05-2025,2025,5,0.14191152,IMD GRID MODEL
Andhra Pradesh,Chittoor,26-05-2025,2025,5,1.916770478,IMD GRID MODEL
Andhra Pradesh,East Godavari,01-05-2025,2025,5,6.726554186,IMD GRID MODEL
Andhra Pradesh,East Godavari,07-05-2025,2025,5,0.508386993,IMD GRID MODEL
Andhra Pradesh,East Godavari,17-05-2025,2025,5,1.865720967,IMD GRID MODEL
Andhra Pradesh,East Godavari,18-05-2025,2025,5,10.19453019,IMD GRID MODEL
Andhra Pradesh,East Godavari,29-05-2025,2025,5,11.57442086,IMD GRID MODEL
Andhra Pradesh,Guntur,04-05-2025,2025,5,3.519720205,IMD GRID MODEL
Andhra Pradesh,Guntur,15-05-2025,2025,5,2.843909723,IMD GRID MODEL
Andhra Pradesh,Guntur,16-05-2025,2025,5,29.23401656,IMD GRID MODEL
Andhra Pradesh,Guntur,17-05-2025,2025,5,2.555532636,IMD GRID MODEL
Andhra Pradesh,Guntur,19-05-2025,2025,5,1.626050606,IMD GRID MODEL
Andhra Pradesh,Guntur,28-05-2025,2025,5,9.381657983,IMD GRID MODEL
Andhra Pradesh,Krishna,07-05-2025,2025,5,5.421367509,IMD GRID MODEL
Andhra Pradesh,Krishna,18-05-2025,2025,5,5.15578336,IMD GRID MODEL
Andhra Pradesh,Krishna,19-05-2025,2025,5,2.71889838,IMD GRID MODEL
Andhra Pradesh,Krishna,21-05-2025,2025,5,8.510412252,IMD GRID MODEL
Andhra Pradesh,Krishna,25-05-2025,2025,5,7.788749931,IMD GRID MODEL
Andhra Pradesh,Kurnool,05-05-2025,2025,5,8.73E-05,IMD GRID MODEL
Andhra Pradesh,Kurnool,07-05-2025,2025,5,2.140476187,IMD GRID MODEL
Andhra Pradesh,Kurnool,16-05-2025,2025,5,1.695176747,IMD GRID MODEL
Andhra Pradesh,Kurnool,17-05-2025,2025,5,5.644053865,IMD GRID MODEL
Andhra Pradesh,Kurnool,18-05-2025,2025,5,20.91831472,IMD GRID MODEL
Andhra Pradesh,Kurnool,23-05-2025,2025,5,0.047176887,IMD GRID MODEL
Andhra Pradesh,Kurnool,30-05-2025,2025,5,4.384989558,IMD GRID MODEL
Andhra Pradesh,Prakasam,01-05-2025,2025,5,1.926402819,IMD GRID MODEL
Andhra Pradesh,Prakasam,02-05-2025,2025,5,3.333813806,IMD GRID MODEL
Andhra Pradesh,Prakasam,04-05-2025,2025,5,0.114185009,IMD GRID MODEL
Andhra Pradesh,Prakasam,16-05-2025,2025,5,12.99100454,IMD GRID MODEL
Andhra Pradesh,Prakasam,23-05-2025,2025,5,0.095999868,IMD GRID MODEL
Andhra Pradesh,Prakasam,29-05-2025,2025,5,0.590737645,IMD GRID MODEL
Andhra Pradesh,SPSR Nellore,03-05-2025,2025,5,0.883650748,IMD GRID MODEL
Andhra Pradesh,SPSR Nellore,07-05-2025,2025,5,20.32429884,IMD GRID MODEL
Andhra Pradesh,SPSR Nellore,20-05-2025,2025,5,15.18391022,IMD GRID MODEL
Andhra Pradesh,SPSR Nellore,24-05-2025,2025,5,0.064573752,IMD GRID MODEL
Andhra Pradesh,SPSR Nellore,26-05-2025,2025,5,12.74628915,IMD GRID MODEL
Andhra Pradesh,SPSR Nellore,31-05-2025,2025,5,0.475076375,IMD GRID MODEL
Andhra Pradesh,Srikakulam,09-05-2025,2025,5,0.055475645,IMD GRID MODEL
Andhra Pradesh,Srikakulam,10-05-2025,2025,5,0.004614372,IMD GRID MODEL
Andhra Pradesh,Srikakulam,16-05-2025,2025,5,0.057655165,IMD GRID MODEL
Andhra Pradesh,Srikakulam,17-05-2025,2025,5,2.292558305,IMD GRID MODEL
Andhra Pradesh,Srikakulam,19-05-2025,2025,5,1.024737243,IMD GRID MODEL
Andhra Pradesh,Srikakulam,22-05-2025,2025,5,0.268141754,IMD GRID MODEL
Andhra Pradesh,Srikakulam,25-05-2025,2025,5,0.312606196,IMD GRID MODEL
Andhra Pradesh,Visakhapatanam,05-05-2025,2025,5,10.48313713,IMD GRID MODEL
Andhra Pradesh,Visakhapatanam,07-05-2025,2025,5,0.168381953,IMD GRID MODEL
Andhra Pradesh,Visakhapatanam,08-05-2025,2025,5,3.311987991,IMD GRID MODEL
Andhra Pradesh,Visakhapatanam,09-05-2025,2025,5,1.86460547,IMD GRID MODEL
Andhra Pradesh,Visakhapatanam,15-05-2025,2025,5,7.104270206,IMD GRID MODEL
Andhra Pradesh,Visakhapatanam,18-05-2025,2025,5,6.993736218,IMD GRID MODEL
Andhra Pradesh,Visakhapatanam,21-05-2025,2025,5,9.269453703,IMD GRID MODEL
Andhra Pradesh,Visakhapatanam,27-05-2025,2025,5,8.594506063,IMD GRID MODEL
Andhra Pradesh,Vizianagaram,09-05-2025,2025,5,0.249007174,IMD GRID MODEL
Andhra Pradesh,Vizianagaram,16-05-2025,2025,5,0.714023298,IMD GRID MODEL
Andhra Pradesh,Vizianagaram,17-05-2025,2025,5,5.065589727,IMD GRID MODEL
Andhra Pradesh,Vizianagaram,18-05-2025,2025,5,2.147983197,IMD GRID MODEL
Andhra Pradesh,Vizianagaram,20-05-2025,2025,5,4.988793983,IMD GRID MODEL
Andhra Pradesh,Vizianagaram,22-05-2025,2025,5,7.152676125,IMD GRID MODEL
Andhra Pradesh,Vizianagaram,26-05-2025,2025,5,12.4786338,IMD GRID MODEL
Andhra Pradesh,Vizianagaram,27-05-2025,2025,5,2.780550225,IMD GRID MODEL
Andhra Pradesh,Vizianagaram,30-05-2025,2025,5,3.650875865,IMD GRID MODEL
Andhra Pradesh,West Godavari,16-05-2025,2025,5,11.23821228,IMD GRID MODEL
Andhra Pradesh,West Godavari,19-05-2025,2025,5,3.848796884,IMD GRID MODEL
Andhra Pradesh,West Godavari,27-05-2025,2025,5,1.773153692,IMD GRID MODEL
Andhra Pradesh,Y.S.R.,01-05-2025,2025,5,2.257136117,IMD GRID MODEL
Andhra Pradesh,Y.S.R.,03-05-2025,2025,5,4.928299471,IMD GRID MODEL
Andhra Pradesh,Y.S.R.,04-05-2025,2025,5,0.031331489,IMD GRID MODEL
Andhra Pradesh,Y.S.R.,08-05-2025,2025,5,3.378863153,IMD GRID MODEL
Andhra Pradesh,Y.S.R.,18-05-2025,2025,5,14.24279745,IMD GRID MODEL
Andhra Pradesh,Y.S.R.,19-05-2025,2025,5,10.47881528,IMD GRID MODEL
Andhra Pradesh,Y.S.R.,21-05-2025,2025,5,17.3958089,IMD GRID MODEL
Andhra Pradesh,Guntur,07-06-2025,2025,6,3.568571049,IMD GRID MODEL
Andhra Pradesh,Guntur,08-06-2025,2025,6,1.85165985,IMD GRID MODEL
Andhra Pradesh,Guntur,09-06-2025,2025,6,1.574651289,IMD GRID MODEL
Andhra Pradesh,Guntur,16-06-2025,2025,6,1.658314447,IMD GRID MODEL
Andhra Pradesh,Guntur,26-06-2025,2025,6,10.30132266,IMD GRID MODEL
Andhra Pradesh,Guntur,29-06-2025,2025,6,0.256255687,IMD GRID MODEL
Andhra Pradesh,Krishna,14-01-2025,2025,1,0,IMD GRID MODEL
Andhra Pradesh,Krishna,17-01-2025,2025,1,0,IMD GRID MODEL
Andhra Pradesh,Krishna,18-01-2025,2025,1,0.000142768,IMD GRID MODEL
Andhra Pradesh,Krishna,30-01-2025,2025,1,0,IMD GRID MODEL
Andhra Pradesh,Krishna,01-02-2025,2025,2,0.010901425,IMD GRID MODEL
Andhra Pradesh,Krishna,06-02-2025,2025,2,0,IMD GRID MODEL
Andhra Pradesh,Krishna,07-02-2025,2025,2,0,IMD GRID MODEL
Andhra Pradesh,Krishna,10-02-2025,2025,2,0,IMD GRID MODEL
Andhra Pradesh,Krishna,21-02-2025,2025,2,0,IMD GRID MODEL
Andhra Pradesh,Krishna,03-03-2025,2025,3,0.000404505,IMD GRID MODEL
Andhra Pradesh,Krishna,04-03-2025,2025,3,0,IMD GRID MODEL
Andhra Pradesh,Krishna,13-03-2025,2025,3,0,IMD GRID MODEL
Andhra Pradesh,Krishna,15-03-2025,2025,3,0,IMD GRID MODEL
Andhra Pradesh,Krishna,17-03-2025,2025,3,0,IMD GRID MODEL
Andhra Pradesh,Krishna,19-03-2025,2025,3,0,IMD GRID MODEL
Andhra Pradesh,Krishna,20-03-2025,2025,3,0,IMD GRID MODEL
Andhra Pradesh,Krishna,22-03-2025,2025,3,0.297125672,IMD GRID MODEL
Andhra Pradesh,Krishna,28-03-2025,2025,3,0.005855044,IMD GRID MODEL
Andhra Pradesh,Krishna,29-03-2025,2025,3,0.062438379,IMD GRID MODEL
Andhra Pradesh,Krishna,01-04-2025,2025,4,1.67E-05,IMD GRID MODEL
Andhra Pradesh,Krishna,02-04-2025,2025,4,0,IMD GRID MODEL
Andhra Pradesh,Krishna,06-05-2025,2025,5,0.005054089,IMD GRID MODEL
Andhra Pradesh,Krishna,03-05-2025,2025,5,0.026471358,IMD GRID MODEL
Andhra Pradesh,Krishna,19-05-2025,2025,5,2.71889838,IMD GRID MODEL
Andhra Pradesh,Krishna,29-05-2025,2025,5,1.348867259,IMD GRID MODEL
Andhra Pradesh,Krishna,31-05-2025,2025,5,1.186912526,IMD GRID MODEL
Andhra Pradesh,Krishna,01-06-2025,2025,6,0.143909139,IMD GRID MODEL
Andhra Pradesh,Krishna,10-06-2025,2025,6,0,IMD GRID MODEL
Andhra Pradesh,Krishna,16-06-2025,2025,6,0.483845355,IMD GRID MODEL
Andhra Pradesh,Krishna,24-06-2025,2025,6,7.609417164,IMD GRID MODEL
Andhra Pradesh,Krishna,26-06-2025,2025,6,12.25183191,IMD GRID MODEL
Andhra Pradesh,Krishna,29-06-2025,2025,6,0.224873283,IMD GRID MODEL
Andhra Pradesh,Krishna,30-06-2025,2025,6,11.89311875,IMD GRID MODEL
Andhra Pradesh,Kurnool,02-01-2025,2025,1,0.002961627,IMD GRID MODEL
Andhra Pradesh,Kurnool,08-01-2025,2025,1,0,IMD GRID MODEL
Andhra Pradesh,Kurnool,10-01-2025,2025,1,0,IMD GRID MODEL
Andhra Pradesh,Kurnool,11-01-2025,2025,1,0,IMD GRID MODEL
Andhra Pradesh,Kurnool,13-01-2025,2025,1,0.000814144,IMD GRID MODEL
Andhra Pradesh,Kurnool,14-01-2025,2025,1,0,IMD GRID MODEL
Andhra Pradesh,Kurnool,12-01-2025,2025,1,0.007300896,IMD GRID MODEL
Andhra Pradesh,Kurnool,23-01-2025,2025,1,0.005775577,IMD GRID MODEL
Andhra Pradesh,Kurnool,25-01-2025,2025,1,0.002024279,IMD GRID MODEL
Andhra Pradesh,Kurnool,28-01-2025,2025,1,0.000136597,IMD GRID MODEL
Andhra Pradesh,Kurnool,30-01-2025,2025,1,5.21E-05,IMD GRID MODEL
Andhra Pradesh,Kurnool,31-01-2025,2025,1,0,IMD GRID MODEL
Andhra Pradesh,Kurnool,28-02-2025,2025,2,0,IMD GRID MODEL
Andhra Pradesh,Kurnool,01-03-2025,2025,3,0,IMD GRID MODEL
Andhra Pradesh,Kurnool,07-03-2025,2025,3,0,IMD GRID MODEL
Andhra Pradesh,Kurnool,09-03-2025,2025,3,0,IMD GRID MODEL
Andhra Pradesh,Kurnool,13-03-2025,2025,3,0,IMD GRID MODEL
Andhra Pradesh,Kurnool,14-03-2025,2025,3,0,IMD GRID MODEL
Andhra Pradesh,Kurnool,18-03-2025,2025,3,0,IMD GRID MODEL
Andhra Pradesh,Kurnool,20-03-2025,2025,3,1.47E-05,IMD GRID MODEL
Andhra Pradesh,Kurnool,21-03-2025,2025,3,0.004083558,IMD GRID MODEL
Andhra Pradesh,Kurnool,29-03-2025,2025,3,0,IMD GRID MODEL
Andhra Pradesh,Kurnool,30-03-2025,2025,3,0,IMD GRID MODEL
Andhra Pradesh,Kurnool,27-04-2025,2025,4,1.080967363,IMD GRID MODEL
Andhra Pradesh,Kurnool,30-04-2025,2025,4,0.060689557,IMD GRID MODEL
Andhra Pradesh,Kurnool,04-05-2025,2025,5,0.183132373,IMD GRID MODEL
Andhra Pradesh,Kurnool,07-05-2025,2025,5,2.140476187,IMD GRID MODEL
Andhra Pradesh,Kurnool,09-05-2025,2025,5,0.167009613,IMD GRID MODEL
Andhra Pradesh,Kurnool,18-05-2025,2025,5,20.91831472,IMD GRID MODEL
Andhra Pradesh,Kurnool,24-05-2025,2025,5,0.009066581,IMD GRID MODEL
Andhra Pradesh,Kurnool,26-05-2025,2025,5,5.623238975,IMD GRID MODEL
Andhra Pradesh,Kurnool,27-05-2025,2025,5,10.54279653,IMD GRID MODEL
Andhra Pradesh,Kurnool,31-05-2025,2025,5,0.163020952,IMD GRID MODEL
Andhra Pradesh,Kurnool,02-06-2025,2025,6,0.042133698,IMD GRID MODEL
Andhra Pradesh,Kurnool,03-06-2025,2025,6,0.237802206,IMD GRID MODEL
Andhra Pradesh,Kurnool,10-06-2025,2025,6,0.00234123,IMD GRID MODEL
Andhra Pradesh,Kurnool,12-06-2025,2025,6,21.75834274,IMD GRID MODEL
Andhra Pradesh,Kurnool,17-06-2025,2025,6,0.04637782,IMD GRID MODEL
Andhra Pradesh,Kurnool,22-06-2025,2025,6,0.584485948,IMD GRID MODEL
Andhra Pradesh,Kurnool,23-06-2025,2025,6,4.667364244,IMD GRID MODEL
Andhra Pradesh,Kurnool,25-06-2025,2025,6,2.182186292,IMD GRID MODEL
Andhra Pradesh,Prakasam,09-01-2025,2025,1,0,IMD GRID MODEL
Andhra Pradesh,Prakasam,16-01-2025,2025,1,0.03087432,IMD GRID MODEL
Andhra Pradesh,Prakasam,20-01-2025,2025,1,0.005896717,IMD GRID MODEL
Andhra Pradesh,Prakasam,28-01-2025,2025,1,0,IMD GRID MODEL
Andhra Pradesh,Prakasam,29-01-2025,2025,1,0,IMD GRID MODEL
Andhra Pradesh,Prakasam,01-02-2025,2025,2,0,IMD GRID MODEL
Andhra Pradesh,Prakasam,02-02-2025,2025,2,0,IMD GRID MODEL
Andhra Pradesh,Prakasam,08-02-2025,2025,2,0,IMD GRID MODEL
Andhra Pradesh,Prakasam,02-03-2025,2025,3,0,IMD GRID MODEL
Andhra Pradesh,Prakasam,10-03-2025,2025,3,0,IMD GRID MODEL
Andhra Pradesh,Prakasam,18-03-2025,2025,3,0,IMD GRID MODEL
Andhra Pradesh,Prakasam,21-03-2025,2025,3,0,IMD GRID MODEL
Andhra Pradesh,Prakasam,25-03-2025,2025,3,0.00135524,IMD GRID MODEL
Andhra Pradesh,Prakasam,01-04-2025,2025,4,2.87E-05,IMD GRID MODEL
Andhra Pradesh,Prakasam,05-04-2025,2025,4,0.532616935,IMD GRID MODEL
Andhra Pradesh,Prakasam,15-04-2025,2025,4,0.002451539,IMD GRID MODEL
Andhra Pradesh,Prakasam,19-04-2025,2025,4,0.14319878,IMD GRID MODEL
Andhra Pradesh,Prakasam,22-04-2025,2025,4,0,IMD GRID MODEL
Andhra Pradesh,Prakasam,27-04-2025,2025,4,0.000171293,IMD GRID MODEL
Andhra Pradesh,Prakasam,28-04-2025,2025,4,0.399044402,IMD GRID MODEL
Andhra Pradesh,Prakasam,07-05-2025,2025,5,7.395311915,IMD GRID MODEL
Andhra Pradesh,Prakasam,09-05-2025,2025,5,4.516356102,IMD GRID MODEL
Andhra Pradesh,Prakasam,10-05-2025,2025,5,1.69E-06,IMD GRID MODEL
Andhra Pradesh,Prakasam,03-05-2025,2025,5,5.928986926,IMD GRID MODEL
Andhra Pradesh,Prakasam,17-05-2025,2025,5,1.56394794,IMD GRID MODEL
Andhra Pradesh,Prakasam,20-05-2025,2025,5,14.99956893,IMD GRID MODEL
Andhra Pradesh,Prakasam,22-05-2025,2025,5,21.07856964,IMD GRID MODEL
Andhra Pradesh,Prakasam,24-05-2025,2025,5,0.828265338,IMD GRID MODEL
Andhra Pradesh,Prakasam,27-05-2025,2025,5,0.739032039,IMD GRID MODEL
Andhra Pradesh,Prakasam,02-06-2025,2025,6,0.031376959,IMD GRID MODEL
Andhra Pradesh,Prakasam,06-06-2025,2025,6,0,IMD GRID MODEL
Andhra Pradesh,Prakasam,12-06-2025,2025,6,6.66372006,IMD GRID MODEL
Andhra Pradesh,Prakasam,19-06-2025,2025,6,0.192454336,IMD GRID MODEL
Andhra Pradesh,Prakasam,22-06-2025,2025,6,1.24838791,IMD GRID MODEL
Andhra Pradesh,SPSR Nellore,04-01-2025,2025,1,0,IMD GRID MODEL
Andhra Pradesh,SPSR Nellore,07-01-2025,2025,1,0,IMD GRID MODEL
Andhra Pradesh,SPSR Nellore,17-01-2025,2025,1,0,IMD GRID MODEL
Andhra Pradesh,SPSR Nellore,27-01-2025,2025,1,0.032502834,IMD GRID MODEL
Andhra Pradesh,SPSR Nellore,19-02-2025,2025,2,0,IMD GRID MODEL
Andhra Pradesh,SPSR Nellore,22-02-2025,2025,2,0,IMD GRID MODEL
Andhra Pradesh,SPSR Nellore,23-02-2025,2025,2,0,IMD GRID MODEL
Andhra Pradesh,SPSR Nellore,24-02-2025,2025,2,0,IMD GRID MODEL
Andhra Pradesh,SPSR Nellore,25-02-2025,2025,2,0,IMD GRID MODEL
Andhra Pradesh,SPSR Nellore,03-03-2025,2025,3,0,IMD GRID MODEL
Andhra Pradesh,SPSR Nellore,07-03-2025,2025,3,0,IMD GRID MODEL
Andhra Pradesh,SPSR Nellore,11-03-2025,2025,3,0,IMD GRID MODEL
Andhra Pradesh,SPSR Nellore,14-03-2025,2025,3,0,IMD GRID MODEL
Andhra Pradesh,SPSR Nellore,16-03-2025,2025,3,0,IMD GRID MODEL
Andhra Pradesh,SPSR Nellore,17-03-2025,2025,3,0,IMD GRID MODEL
Andhra Pradesh,SPSR Nellore,19-03-2025,2025,3,0,IMD GRID MODEL
Andhra Pradesh,SPSR Nellore,20-03-2025,2025,3,0,IMD GRID MODEL
Andhra Pradesh,SPSR Nellore,21-03-2025,2025,3,0,IMD GRID MODEL
Andhra Pradesh,SPSR Nellore,23-03-2025,2025,3,0.133991141,IMD GRID MODEL
Andhra Pradesh,SPSR Nellore,29-03-2025,2025,3,0.000409077,IMD GRID MODEL
Andhra Pradesh,SPSR Nellore,31-03-2025,2025,3,0,IMD GRID MODEL
Andhra Pradesh,SPSR Nellore,03-04-2025,2025,4,4.11E-07,IMD GRID MODEL
Andhra Pradesh,SPSR Nellore,16-04-2025,2025,4,3.195436449,IMD GRID MODEL
Andhra Pradesh,SPSR Nellore,27-04-2025,2025,4,0,IMD GRID MODEL
Andhra Pradesh,SPSR Nellore,28-04-2025,2025,4,0.010195464,IMD GRID MODEL
Andhra Pradesh,SPSR Nellore,05-05-2025,2025,5,9.332479898,IMD GRID MODEL
Andhra Pradesh,SPSR Nellore,07-05-2025,2025,5,20.32429884,IMD GRID MODEL
Andhra Pradesh,SPSR Nellore,20-05-2025,2025,5,15.18391022,IMD GRID MODEL
Andhra Pradesh,SPSR Nellore,28-05-2025,2025,5,0.073875724,IMD GRID MODEL
Andhra Pradesh,SPSR Nellore,02-06-2025,2025,6,0.349824191,IMD GRID MODEL
Andhra Pradesh,SPSR Nellore,03-06-2025,2025,6,0.269537131,IMD GRID MODEL
Andhra Pradesh,SPSR Nellore,06-06-2025,2025,6,0.112176596,IMD GRID MODEL
Andhra Pradesh,SPSR Nellore,08-06-2025,2025,6,0.702768396,IMD GRID MODEL
Andhra Pradesh,SPSR Nellore,23-06-2025,2025,6,5.442196122,IMD GRID MODEL
Andhra Pradesh,Srikakulam,01-01-2025,2025,1,0,IMD GRID MODEL
Andhra Pradesh,Srikakulam,03-01-2025,2025,1,0,IMD GRID MODEL
Andhra Pradesh,Srikakulam,14-01-2025,2025,1,0,IMD GRID MODEL
Andhra Pradesh,Srikakulam,15-01-2025,2025,1,0,IMD GRID MODEL
Andhra Pradesh,Srikakulam,19-01-2025,2025,1,8.70E-05,IMD GRID MODEL
Andhra Pradesh,Srikakulam,27-01-2025,2025,1,0,IMD GRID MODEL
Andhra Pradesh,Srikakulam,03-02-2025,2025,2,0,IMD GRID MODEL
Andhra Pradesh,Srikakulam,04-02-2025,2025,2,0,IMD GRID MODEL
Andhra Pradesh,Srikakulam,07-02-2025,2025,2,0,IMD GRID MODEL
Andhra Pradesh,Srikakulam,14-02-2025,2025,2,0,IMD GRID MODEL
Andhra Pradesh,Srikakulam,15-02-2025,2025,2,0,IMD GRID MODEL
Andhra Pradesh,Srikakulam,20-02-2025,2025,2,0.001164452,IMD GRID MODEL
Andhra Pradesh,Srikakulam,15-03-2025,2025,3,0,IMD GRID MODEL
Andhra Pradesh,Srikakulam,16-03-2025,2025,3,0.000108963,IMD GRID MODEL
Andhra Pradesh,Srikakulam,29-03-2025,2025,3,0,IMD GRID MODEL
Andhra Pradesh,Srikakulam,30-03-2025,2025,3,1.45E-05,IMD GRID MODEL
Andhra Pradesh,Srikakulam,31-03-2025,2025,3,4.59E-07,IMD GRID MODEL
Andhra Pradesh,Srikakulam,01-04-2025,2025,4,0,IMD GRID MODEL
Andhra Pradesh,Srikakulam,02-04-2025,2025,4,0,IMD GRID MODEL
Andhra Pradesh,Srikakulam,10-04-2025,2025,4,0,IMD GRID MODEL
Andhra Pradesh,Srikakulam,13-04-2025,2025,4,0.307084846,IMD GRID MODEL
Andhra Pradesh,Srikakulam,16-04-2025,2025,4,9.38624864,IMD GRID MODEL
Andhra Pradesh,Srikakulam,19-04-2025,2025,4,0.000458805,IMD GRID MODEL
Andhra Pradesh,Srikakulam,24-04-2025,2025,4,0.000247994,IMD GRID MODEL
Andhra Pradesh,Srikakulam,26-04-2025,2025,4,4.03E-05,IMD GRID MODEL
Andhra Pradesh,Srikakulam,28-04-2025,2025,4,0.445767128,IMD GRID MODEL
Andhra Pradesh,Srikakulam,30-04-2025,2025,4,9.078368578,IMD GRID MODEL
Andhra Pradesh,Srikakulam,01-05-2025,2025,5,0.372864253,IMD GRID MODEL
Andhra Pradesh,Srikakulam,04-05-2025,2025,5,2.063431207,IMD GRID MODEL
Andhra Pradesh,Srikakulam,05-05-2025,2025,5,0.364035113,IMD GRID MODEL
Andhra Pradesh,Srikakulam,16-05-2025,2025,5,0.057655165,IMD GRID MODEL
Andhra Pradesh,Srikakulam,24-05-2025,2025,5,0.503536395,IMD GRID MODEL
Andhra Pradesh,Srikakulam,27-05-2025,2025,5,5.360053778,IMD GRID MODEL
Andhra Pradesh,Srikakulam,30-05-2025,2025,5,1.306143636,IMD GRID MODEL
Andhra Pradesh,Srikakulam,06-06-2025,2025,6,1.213827639,IMD GRID MODEL
Andhra Pradesh,Srikakulam,09-06-2025,2025,6,0.03045303,IMD GRID MODEL
Andhra Pradesh,Srikakulam,18-06-2025,2025,6,0.767386315,IMD GRID MODEL
Andhra Pradesh,Srikakulam,25-06-2025,2025,6,4.224000592,IMD GRID MODEL
Andhra Pradesh,Srikakulam,27-06-2025,2025,6,0.401423771,IMD GRID MODEL
Andhra Pradesh,Anantapur,02-01-2025,2025,1,9.68E-05,IMD GRID MODEL
Andhra Pradesh,Anantapur,03-01-2025,2025,1,0.004889357,IMD GRID MODEL
Andhra Pradesh,Anantapur,07-01-2025,2025,1,0.000279721,IMD GRID MODEL
Andhra Pradesh,Anantapur,14-01-2025,2025,1,0.078376816,IMD GRID MODEL
Andhra Pradesh,Anantapur,21-01-2025,2025,1,0.001670952,IMD GRID MODEL
Andhra Pradesh,Anantapur,25-01-2025,2025,1,0.000421238,IMD GRID MODEL
Andhra Pradesh,Anantapur,27-01-2025,2025,1,0.000599142,IMD GRID MODEL
Andhra Pradesh,Anantapur,28-01-2025,2025,1,4.02E-06,IMD GRID MODEL
Andhra Pradesh,Anantapur,30-01-2025,2025,1,0,IMD GRID MODEL
Andhra Pradesh,Anantapur,04-02-2025,2025,2,0.002697124,IMD GRID MODEL
Andhra Pradesh,Anantapur,09-02-2025,2025,2,0.000895364,IMD GRID MODEL
Andhra Pradesh,Anantapur,13-02-2025,2025,2,0,IMD GRID MODEL
Andhra Pradesh,Anantapur,23-02-2025,2025,2,0,IMD GRID MODEL
Andhra Pradesh,Anantapur,24-02-2025,2025,2,0.003797711,IMD GRID MODEL
Andhra Pradesh,Anantapur,25-02-2025,2025,2,0,IMD GRID MODEL
Andhra Pradesh,Anantapur,15-03-2025,2025,3,0,IMD GRID MODEL
Andhra Pradesh,Anantapur,19-03-2025,2025,3,0,IMD GRID MODEL
Andhra Pradesh,Anantapur,20-03-2025,2025,3,0.000412553,IMD GRID MODEL
Andhra Pradesh,Anantapur,27-03-2025,2025,3,0.000164214,IMD GRID MODEL
Andhra Pradesh,Anantapur,28-03-2025,2025,3,8.95E-06,IMD GRID MODEL
Andhra Pradesh,Anantapur,29-03-2025,2025,3,0.00013292,IMD GRID MODEL
Andhra Pradesh,Anantapur,01-04-2025,2025,4,0.000336101,IMD GRID MODEL
Andhra Pradesh,Anantapur,02-04-2025,2025,4,0.002166904,IMD GRID MODEL
Andhra Pradesh,Anantapur,09-04-2025,2025,4,0.043690767,IMD GRID MODEL
Andhra Pradesh,Anantapur,16-04-2025,2025,4,0.045282256,IMD GRID MODEL
Andhra Pradesh,Anantapur,18-04-2025,2025,4,0.055575472,IMD GRID MODEL
Andhra Pradesh,Anantapur,29-04-2025,2025,4,0.201548245,IMD GRID MODEL
Andhra Pradesh,Anantapur,05-05-2025,2025,5,0.000146764,IMD GRID MODEL
Andhra Pradesh,Anantapur,09-05-2025,2025,5,0.328346504,IMD GRID MODEL
Andhra Pradesh,Anantapur,10-05-2025,2025,5,0.963536823,IMD GRID MODEL
Andhra Pradesh,Anantapur,03-05-2025,2025,5,10.95027456,IMD GRID MODEL
Andhra Pradesh,Anantapur,23-05-2025,2025,5,0.185925982,IMD GRID MODEL
Andhra Pradesh,Anantapur,24-05-2025,2025,5,0.069055324,IMD GRID MODEL
Andhra Pradesh,Anantapur,28-05-2025,2025,5,1.159341264,IMD GRID MODEL
Andhra Pradesh,Anantapur,05-06-2025,2025,6,0.042853556,IMD GRID MODEL
Andhra Pradesh,Anantapur,11-06-2025,2025,6,4.306747755,IMD GRID MODEL
Andhra Pradesh,Anantapur,14-06-2025,2025,6,0.661812329,IMD GRID MODEL
Andhra Pradesh,Anantapur,19-06-2025,2025,6,0.484562162,IMD GRID MODEL
Andhra Pradesh,Chittoor,02-01-2025,2025,1,0,IMD GRID MODEL
Andhra Pradesh,Chittoor,03-01-2025,2025,1,0,IMD GRID MODEL
Andhra Pradesh,Chittoor,07-01-2025,2025,1,0,IMD GRID MODEL
Andhra Pradesh,Chittoor,09-01-2025,2025,1,0,IMD GRID MODEL
Andhra Pradesh,Chittoor,25-01-2025,2025,1,0,IMD GRID MODEL
Andhra Pradesh,Chittoor,28-01-2025,2025,1,0,IMD GRID MODEL
Andhra Pradesh,Chittoor,29-01-2025,2025,1,8.08E-06,IMD GRID MODEL
Andhra Pradesh,Chittoor,07-02-2025,2025,2,0,IMD GRID MODEL
Andhra Pradesh,Chittoor,16-02-2025,2025,2,0,IMD GRID MODEL
Andhra Pradesh,Chittoor,18-02-2025,2025,2,0,IMD GRID MODEL
Andhra Pradesh,Chittoor,21-02-2025,2025,2,0,IMD GRID MODEL
Andhra Pradesh,Chittoor,06-03-2025,2025,3,0.009533697,IMD GRID MODEL
Andhra Pradesh,Chittoor,08-03-2025,2025,3,0.000101235,IMD GRID MODEL
Andhra Pradesh,Chittoor,16-03-2025,2025,3,0,IMD GRID MODEL
Andhra Pradesh,Chittoor,20-03-2025,2025,3,0,IMD GRID MODEL
Andhra Pradesh,Chittoor,21-03-2025,2025,3,0,IMD GRID MODEL
Andhra Pradesh,Chittoor,22-03-2025,2025,3,0,IMD GRID MODEL
Andhra Pradesh,Chittoor,28-03-2025,2025,3,0,IMD GRID MODEL
Andhra Pradesh,Chittoor,29-03-2025,2025,3,2.46E-05,IMD GRID MODEL
Andhra Pradesh,Chittoor,10-04-2025,2025,4,0.002423181,IMD GRID MODEL
Andhra Pradesh,Chittoor,12-04-2025,2025,4,1.009013342,IMD GRID MODEL
Andhra Pradesh,Chittoor,14-04-2025,2025,4,1.039115854,IMD GRID MODEL
Andhra Pradesh,Chittoor,17-04-2025,2025,4,1.143240512,IMD GRID MODEL
Andhra Pradesh,Chittoor,19-04-2025,2025,4,0.002022876,IMD GRID MODEL
Andhra Pradesh,Chittoor,09-05-2025,2025,5,4.92633105,IMD GRID MODEL
Andhra Pradesh,Chittoor,19-05-2025,2025,5,15.00441064,IMD GRID MODEL
Andhra Pradesh,Chittoor,20-05-2025,2025,5,6.694092785,IMD GRID MODEL
Andhra Pradesh,Chittoor,24-05-2025,2025,5,0.273041542,IMD GRID MODEL
Andhra Pradesh,Chittoor,26-05-2025,2025,5,1.916770478,IMD GRID MODEL
Andhra Pradesh,Chittoor,31-05-2025,2025,5,0.177534291,IMD GRID MODEL
Andhra Pradesh,Chittoor,03-06-2025,2025,6,1.254869054,IMD GRID MODEL
Andhra Pradesh,Chittoor,13-06-2025,2025,6,16.06937781,IMD GRID MODEL
Andhra Pradesh,Chittoor,14-06-2025,2025,6,1.649620943,IMD GRID MODEL
Andhra Pradesh,Chittoor,20-06-2025,2025,6,0.432754604,IMD GRID MODEL
Andhra Pradesh,Chittoor,22-06-2025,2025,6,1.557649451,IMD GRID MODEL
Andhra Pradesh,Chittoor,24-06-2025,2025,6,0.364152876,IMD GRID MODEL
Andhra Pradesh,Chittoor,28-06-2025,2025,6,0.719796531,IMD GRID MODEL
Andhra Pradesh,Chittoor,29-06-2025,2025,6,0.378054783,IMD GRID MODEL
Andhra Pradesh,East Godavari,02-01-2025,2025,1,0.000161,IMD GRID MODEL
Andhra Pradesh,East Godavari,05-01-2025,2025,1,3.36E-05,IMD GRID MODEL
Andhra Pradesh,East Godavari,07-01-2025,2025,1,0.000108266,IMD GRID MODEL
Andhra Pradesh,East Godavari,08-01-2025,2025,1,0,IMD GRID MODEL
Andhra Pradesh,East Godavari,14-01-2025,2025,1,0,IMD GRID MODEL
Andhra Pradesh,East Godavari,16-01-2025,2025,1,3.36E-05,IMD GRID MODEL
Andhra Pradesh,East Godavari,23-01-2025,2025,1,0,IMD GRID MODEL
Andhra Pradesh,East Godavari,27-01-2025,2025,1,0,IMD GRID MODEL
Andhra Pradesh,East Godavari,04-02-2025,2025,2,0,IMD GRID MODEL
Andhra Pradesh,East Godavari,08-02-2025,2025,2,0.002629115,IMD GRID MODEL
Andhra Pradesh,East Godavari,09-02-2025,2025,2,0,IMD GRID MODEL
Andhra Pradesh,East Godavari,14-02-2025,2025,2,0,IMD GRID MODEL
Andhra Pradesh,East Godavari,20-03-2025,2025,3,0,IMD GRID MODEL
Andhra Pradesh,East Godavari,21-03-2025,2025,3,0,IMD GRID MODEL
Andhra Pradesh,East Godavari,22-03-2025,2025,3,0.147833536,IMD GRID MODEL
Andhra Pradesh,East Godavari,26-03-2025,2025,3,0.065280958,IMD GRID MODEL
Andhra Pradesh,East Godavari,30-03-2025,2025,3,0.046826959,IMD GRID MODEL
Andhra Pradesh,East Godavari,07-04-2025,2025,4,2.935853271,IMD GRID MODEL
Andhra Pradesh,East Godavari,08-04-2025,2025,4,1.75535426,IMD GRID MODEL
Andhra Pradesh,East Godavari,21-04-2025,2025,4,0.872007972,IMD GRID MODEL
Andhra Pradesh,East Godavari,22-04-2025,2025,4,0,IMD GRID MODEL
Andhra Pradesh,East Godavari,23-04-2025,2025,4,0.838265285,IMD GRID MODEL
Andhra Pradesh,East Godavari,30-04-2025,2025,4,5.736577746,IMD GRID MODEL
Andhra Pradesh,East Godavari,01-05-2025,2025,5,6.726554186,IMD GRID MODEL
Andhra Pradesh,East Godavari,09-05-2025,2025,5,1.036562127,IMD GRID MODEL
Andhra Pradesh,East Godavari,10-05-2025,2025,5,2.507447691,IMD GRID MODEL
Andhra Pradesh,East Godavari,28-05-2025,2025,5,33.30475138,IMD GRID MODEL
Andhra Pradesh,East Godavari,29-05-2025,2025,5,11.57442086,IMD GRID MODEL
Andhra Pradesh,East Godavari,02-06-2025,2025,6,0.002119639,IMD GRID MODEL
Andhra Pradesh,East Godavari,07-06-2025,2025,6,0.846993079,IMD GRID MODEL
Andhra Pradesh,East Godavari,17-06-2025,2025,6,7.373832021,IMD GRID MODEL
Andhra Pradesh,Guntur,01-01-2025,2025,1,0.000145564,IMD GRID MODEL
Andhra Pradesh,Guntur,02-01-2025,2025,1,6.00E-06,IMD GRID MODEL
Andhra Pradesh,Guntur,05-01-2025,2025,1,0.023431863,IMD GRID MODEL
Andhra Pradesh,Guntur,06-01-2025,2025,1,0.004981303,IMD GRID MODEL
Andhra Pradesh,Guntur,19-01-2025,2025,1,0.033745482,IMD GRID MODEL
Andhra Pradesh,Guntur,23-01-2025,2025,1,8.76E-05,IMD GRID MODEL
Andhra Pradesh,Guntur,28-01-2025,2025,1,0.000122257,IMD GRID MODEL
Andhra Pradesh,Guntur,02-02-2025,2025,2,0,IMD GRID MODEL
Andhra Pradesh,Guntur,04-02-2025,2025,2,0.042220446,IMD GRID MODEL
Andhra Pradesh,Guntur,05-02-2025,2025,2,0,IMD GRID MODEL
Andhra Pradesh,Guntur,20-02-2025,2025,2,0,IMD GRID MODEL
Andhra Pradesh,Guntur,23-02-2025,2025,2,0.000548771,IMD GRID MODEL
Andhra Pradesh,Guntur,24-02-2025,2025,2,0,IMD GRID MODEL
Andhra Pradesh,Guntur,26-02-2025,2025,2,0.007302338,IMD GRID MODEL
Andhra Pradesh,Guntur,03-03-2025,2025,3,0,IMD GRID MODEL
Andhra Pradesh,Guntur,04-03-2025,2025,3,0,IMD GRID MODEL
Andhra Pradesh,Guntur,08-03-2025,2025,3,0,IMD GRID MODEL
Andhra Pradesh,Guntur,09-03-2025,2025,3,0,IMD GRID MODEL
Andhra Pradesh,Guntur,10-03-2025,2025,3,0.039144161,IMD GRID MODEL
Andhra Pradesh,Guntur,20-03-2025,2025,3,0.025175314,IMD GRID MODEL
Andhra Pradesh,Guntur,22-03-2025,2025,3,0.042913713,IMD GRID MODEL
Andhra Pradesh,Guntur,28-03-2025,2025,3,0.000186313,IMD GRID MODEL
Andhra Pradesh,Guntur,05-04-2025,2025,4,0.227732455,IMD GRID MODEL
Andhra Pradesh,Guntur,11-04-2025,2025,4,0.644028931,IMD GRID MODEL
Andhra Pradesh,Guntur,13-04-2025,2025,4,0.393104599,IMD GRID MODEL
Andhra Pradesh,Guntur,30-04-2025,2025,4,0.074863342,IMD GRID MODEL
Andhra Pradesh,Guntur,06-05-2025,2025,5,0.004130898,IMD GRID MODEL
Andhra Pradesh,Guntur,03-05-2025,2025,5,3.94941647,IMD GRID MODEL
Andhra Pradesh,Guntur,19-05-2025,2025,5,1.626050606,IMD GRID MODEL
Andhra Pradesh,Guntur,22-05-2025,2025,5,36.25012145,IMD GRID MODEL
Andhra Pradesh,Guntur,24-05-2025,2025,5,10.4996572,IMD GRID MODEL
Andhra Pradesh,Guntur,27-05-2025,2025,5,0.056719314,IMD GRID MODEL
Andhra Pradesh,Visakhapatanam,06-01-2025,2025,1,0,IMD GRID MODEL
Andhra Pradesh,Visakhapatanam,10-01-2025,2025,1,0,IMD GRID MODEL
Andhra Pradesh,Visakhapatanam,14-01-2025,2025,1,0.001384568,IMD GRID MODEL
Andhra Pradesh,Visakhapatanam,17-01-2025,2025,1,0,IMD GRID MODEL
Andhra Pradesh,Visakhapatanam,18-01-2025,2025,1,0.028034225,IMD GRID MODEL
Andhra Pradesh,Visakhapatanam,25-01-2025,2025,1,0,IMD GRID MODEL
Andhra Pradesh,Visakhapatanam,31-01-2025,2025,1,0,IMD GRID MODEL
Andhra Pradesh,Visakhapatanam,02-02-2025,2025,2,0.003548861,IMD GRID MODEL
Andhra Pradesh,Visakhapatanam,19-02-2025,2025,2,0,IMD GRID MODEL
Andhra Pradesh,Visakhapatanam,20-02-2025,2025,2,3.48E-06,IMD GRID MODEL
Andhra Pradesh,Visakhapatanam,23-02-2025,2025,2,0.010778786,IMD GRID MODEL
Andhra Pradesh,Visakhapatanam,25-02-2025,2025,2,0,IMD GRID MODEL
Andhra Pradesh,Visakhapatanam,03-03-2025,2025,3,0.087599162,IMD GRID MODEL
Andhra Pradesh,Visakhapatanam,05-03-2025,2025,3,0.208689798,IMD GRID MODEL
Andhra Pradesh,Visakhapatanam,06-03-2025,2025,3,0.029853127,IMD GRID MODEL
Andhra Pradesh,Visakhapatanam,08-03-2025,2025,3,0,IMD GRID MODEL
Andhra Pradesh,Visakhapatanam,12-03-2025,2025,3,0,IMD GRID MODEL
Andhra Pradesh,Visakhapatanam,13-03-2025,2025,3,0,IMD GRID MODEL
Andhra Pradesh,Visakhapatanam,17-03-2025,2025,3,0.003905137,IMD GRID MODEL
Andhra Pradesh,Visakhapatanam,03-04-2025,2025,4,0.092176518,IMD GRID MODEL
Andhra Pradesh,Visakhapatanam,22-04-2025,2025,4,0,IMD GRID MODEL
Andhra Pradesh,Visakhapatanam,27-04-2025,2025,4,1.622937453,IMD GRID MODEL
Andhra Pradesh,Visakhapatanam,28-04-2025,2025,4,0.034805868,IMD GRID MODEL
Andhra Pradesh,Visakhapatanam,30-04-2025,2025,4,3.757079139,IMD GRID MODEL
Andhra Pradesh,Visakhapatanam,05-05-2025,2025,5,10.48313713,IMD GRID MODEL
Andhra Pradesh,Visakhapatanam,16-05-2025,2025,5,9.612133727,IMD GRID MODEL
Andhra Pradesh,Visakhapatanam,20-05-2025,2025,5,6.812375979,IMD GRID MODEL
Andhra Pradesh,Visakhapatanam,21-05-2025,2025,5,9.269453703,IMD GRID MODEL
Andhra Pradesh,Visakhapatanam,23-05-2025,2025,5,9.917964716,IMD GRID MODEL
Andhra Pradesh,Visakhapatanam,01-06-2025,2025,6,1.414747075,IMD GRID MODEL
Andhra Pradesh,Visakhapatanam,06-06-2025,2025,6,1.08974434,IMD GRID MODEL
Andhra Pradesh,Visakhapatanam,10-06-2025,2025,6,1.809784713,IMD GRID MODEL
Andhra Pradesh,Visakhapatanam,16-06-2025,2025,6,1.319565474,IMD GRID MODEL
Andhra Pradesh,Visakhapatanam,18-06-2025,2025,6,0.446732566,IMD GRID MODEL
Andhra Pradesh,Visakhapatanam,20-06-2025,2025,6,1.274604814,IMD GRID MODEL
Andhra Pradesh,Visakhapatanam,15-06-2025,2025,6,8.576343542,IMD GRID MODEL
Andhra Pradesh,Visakhapatanam,24-06-2025,2025,6,12.72347826,IMD GRID MODEL
Andhra Pradesh,Visakhapatanam,30-06-2025,2025,6,7.956529347,IMD GRID MODEL
Andhra Pradesh,Vizianagaram,04-01-2025,2025,1,0,IMD GRID MODEL
Andhra Pradesh,Vizianagaram,06-01-2025,2025,1,0,IMD GRID MODEL
Andhra Pradesh,Vizianagaram,09-01-2025,2025,1,0,IMD GRID MODEL
Andhra Pradesh,Vizianagaram,11-01-2025,2025,1,0,IMD GRID MODEL
Andhra Pradesh,Vizianagaram,13-01-2025,2025,1,0,IMD GRID MODEL
Andhra Pradesh,Vizianagaram,16-01-2025,2025,1,0,IMD GRID MODEL
Andhra Pradesh,Vizianagaram,20-01-2025,2025,1,0,IMD GRID MODEL
Andhra Pradesh,Vizianagaram,22-01-2025,2025,1,0,IMD GRID MODEL
Andhra Pradesh,Vizianagaram,27-01-2025,2025,1,0,IMD GRID MODEL
Andhra Pradesh,Vizianagaram,29-01-2025,2025,1,0,IMD GRID MODEL
Andhra Pradesh,Vizianagaram,01-02-2025,2025,2,0,IMD GRID MODEL
Andhra Pradesh,Vizianagaram,06-02-2025,2025,2,0,IMD GRID MODEL
Andhra Pradesh,Vizianagaram,08-02-2025,2025,2,0.063195324,IMD GRID MODEL
Andhra Pradesh,Vizianagaram,09-02-2025,2025,2,0,IMD GRID MODEL
Andhra Pradesh,Vizianagaram,08-03-2025,2025,3,0,IMD GRID MODEL
Andhra Pradesh,Vizianagaram,09-03-2025,2025,3,0,IMD GRID MODEL
Andhra Pradesh,Vizianagaram,19-03-2025,2025,3,0,IMD GRID MODEL
Andhra Pradesh,Vizianagaram,21-03-2025,2025,3,0,IMD GRID MODEL
Andhra Pradesh,Vizianagaram,24-03-2025,2025,3,12.41988749,IMD GRID MODEL
Andhra Pradesh,Vizianagaram,25-03-2025,2025,3,0.090169793,IMD GRID MODEL
Andhra Pradesh,Vizianagaram,28-03-2025,2025,3,0,IMD GRID MODEL
Andhra Pradesh,Vizianagaram,11-04-2025,2025,4,0.874684431,IMD GRID MODEL
Andhra Pradesh,Vizianagaram,16-04-2025,2025,4,11.93088384,IMD GRID MODEL
Andhra Pradesh,Vizianagaram,19-04-2025,2025,4,0.001674657,IMD GRID MODEL
Andhra Pradesh,Vizianagaram,01-05-2025,2025,5,6.034434875,IMD GRID MODEL
Andhra Pradesh,Vizianagaram,04-05-2025,2025,5,6.931841052,IMD GRID MODEL
Andhra Pradesh,Vizianagaram,15-05-2025,2025,5,9.459284399,IMD GRID MODEL
Andhra Pradesh,Vizianagaram,20-05-2025,2025,5,4.988793983,IMD GRID MODEL
Andhra Pradesh,Vizianagaram,24-05-2025,2025,5,0.377910302,IMD GRID MODEL
Andhra Pradesh,Vizianagaram,30-05-2025,2025,5,3.650875865,IMD GRID MODEL
Andhra Pradesh,Vizianagaram,24-06-2025,2025,6,7.291490787,IMD GRID MODEL
Andhra Pradesh,Vizianagaram,27-06-2025,2025,6,0.727303103,IMD GRID MODEL
Andhra Pradesh,West Godavari,01-01-2025,2025,1,0,IMD GRID MODEL
Andhra Pradesh,West Godavari,04-01-2025,2025,1,0,IMD GRID MODEL
Andhra Pradesh,West Godavari,07-01-2025,2025,1,0.084807123,IMD GRID MODEL
Andhra Pradesh,West Godavari,09-01-2025,2025,1,0,IMD GRID MODEL
Andhra Pradesh,West Godavari,13-01-2025,2025,1,0.000118502,IMD GRID MODEL
Andhra Pradesh,West Godavari,12-01-2025,2025,1,2.08E-05,IMD GRID MODEL
Andhra Pradesh,West Godavari,16-01-2025,2025,1,0.001844963,IMD GRID MODEL
Andhra Pradesh,West Godavari,26-01-2025,2025,1,4.53E-05,IMD GRID MODEL
Andhra Pradesh,West Godavari,30-01-2025,2025,1,0,IMD GRID MODEL
Andhra Pradesh,West Godavari,19-02-2025,2025,2,9.60E-05,IMD GRID MODEL
Andhra Pradesh,West Godavari,24-02-2025,2025,2,0,IMD GRID MODEL
Andhra Pradesh,West Godavari,10-03-2025,2025,3,0,IMD GRID MODEL
Andhra Pradesh,West Godavari,15-03-2025,2025,3,0,IMD GRID MODEL
Andhra Pradesh,West Godavari,18-03-2025,2025,3,0,IMD GRID MODEL
Andhra Pradesh,West Godavari,21-03-2025,2025,3,0,IMD GRID MODEL
Andhra Pradesh,West Godavari,22-03-2025,2025,3,0.020999717,IMD GRID MODEL
Andhra Pradesh,West Godavari,02-04-2025,2025,4,0,IMD GRID MODEL
Andhra Pradesh,West Godavari,05-04-2025,2025,4,0.492804585,IMD GRID MODEL
Andhra Pradesh,West Godavari,07-04-2025,2025,4,1.622366771,IMD GRID MODEL
Andhra Pradesh,West Godavari,13-04-2025,2025,4,1.229635421,IMD GRID MODEL
Andhra Pradesh,West Godavari,16-04-2025,2025,4,5.266974984,IMD GRID MODEL
Andhra Pradesh,West Godavari,20-04-2025,2025,4,0.020807015,IMD GRID MODEL
Andhra Pradesh,West Godavari,23-04-2025,2025,4,0.024044014,IMD GRID MODEL
Andhra Pradesh,West Godavari,06-05-2025,2025,5,0.311819776,IMD GRID MODEL
Andhra Pradesh,West Godavari,08-05-2025,2025,5,4.20618671,IMD GRID MODEL
Andhra Pradesh,West Godavari,10-05-2025,2025,5,4.322802921,IMD GRID MODEL
Andhra Pradesh,West Godavari,17-05-2025,2025,5,1.502963983,IMD GRID MODEL
Andhra Pradesh,West Godavari,24-05-2025,2025,5,12.91915494,IMD GRID MODEL
Andhra Pradesh,West Godavari,26-05-2025,2025,5,5.306642304,IMD GRID MODEL
Andhra Pradesh,West Godavari,27-05-2025,2025,5,1.773153692,IMD GRID MODEL
Andhra Pradesh,West Godavari,11-06-2025,2025,6,13.45863539,IMD GRID MODEL
Andhra Pradesh,West Godavari,19-06-2025,2025,6,0.127841944,IMD GRID MODEL
Andhra Pradesh,West Godavari,15-06-2025,2025,6,10.72713607,IMD GRID MODEL
Andhra Pradesh,West Godavari,23-06-2025,2025,6,9.128889177,IMD GRID MODEL
Andhra Pradesh,West Godavari,28-06-2025,2025,6,0.42187444,IMD GRID MODEL
Andhra Pradesh,West Godavari,30-06-2025,2025,6,15.84011026,IMD GRID MODEL
Andhra Pradesh,Y.S.R.,02-01-2025,2025,1,0.002843046,IMD GRID MODEL
Andhra Pradesh,Y.S.R.,06-01-2025,2025,1,0,IMD GRID MODEL
Andhra Pradesh,Y.S.R.,07-01-2025,2025,1,0.008278736,IMD GRID MODEL
Andhra Pradesh,Y.S.R.,09-01-2025,2025,1,0,IMD GRID MODEL
Andhra Pradesh,Y.S.R.,15-01-2025,2025,1,0,IMD GRID MODEL
Andhra Pradesh,Y.S.R.,24-01-2025,2025,1,0.000864923,IMD GRID MODEL
Andhra Pradesh,Y.S.R.,29-01-2025,2025,1,0.010208712,IMD GRID MODEL
Andhra Pradesh,Y.S.R.,01-02-2025,2025,2,0.007905501,IMD GRID MODEL
Andhra Pradesh,Y.S.R.,02-02-2025,2025,2,0.000585538,IMD GRID MODEL
Andhra Pradesh,Y.S.R.,05-02-2025,2025,2,0.010166615,IMD GRID MODEL
Andhra Pradesh,Y.S.R.,09-02-2025,2025,2,0.000613328,IMD GRID MODEL
Andhra Pradesh,Y.S.R.,15-02-2025,2025,2,0,IMD GRID MODEL
Andhra Pradesh,Y.S.R.,16-02-2025,2025,2,0,IMD GRID MODEL
Andhra Pradesh,Y.S.R.,28-02-2025,2025,2,0,IMD GRID MODEL
Andhra Pradesh,Y.S.R.,16-03-2025,2025,3,0,IMD GRID MODEL
Andhra Pradesh,Y.S.R.,20-03-2025,2025,3,0.000310227,IMD GRID MODEL
Andhra Pradesh,Y.S.R.,23-03-2025,2025,3,0.576730733,IMD GRID MODEL
Andhra Pradesh,Y.S.R.,25-03-2025,2025,3,0,IMD GRID MODEL
Andhra Pradesh,Y.S.R.,29-03-2025,2025,3,0.000171117,IMD GRID MODEL
Andhra Pradesh,Y.S.R.,31-03-2025,2025,3,0.013362491,IMD GRID MODEL
Andhra Pradesh,Y.S.R.,04-04-2025,2025,4,7.027784693,IMD GRID MODEL
Andhra Pradesh,Y.S.R.,06-04-2025,2025,4,0.014407945,IMD GRID MODEL
Andhra Pradesh,Y.S.R.,10-04-2025,2025,4,5.16E-05,IMD GRID MODEL
Andhra Pradesh,Y.S.R.,20-04-2025,2025,4,0.014781471,IMD GRID MODEL
Andhra Pradesh,Y.S.R.,23-04-2025,2025,4,0.000299308,IMD GRID MODEL
Andhra Pradesh,Y.S.R.,02-05-2025,2025,5,6.064434794,IMD GRID MODEL
Andhra Pradesh,Y.S.R.,08-05-2025,2025,5,3.378863153,IMD GRID MODEL
Andhra Pradesh,Y.S.R.,22-05-2025,2025,5,7.640032526,IMD GRID MODEL
Andhra Pradesh,Y.S.R.,27-05-2025,2025,5,2.428182368,IMD GRID MODEL
Andhra Pradesh,Y.S.R.,02-06-2025,2025,6,0.104645513,IMD GRID MODEL
Andhra Pradesh,Y.S.R.,14-06-2025,2025,6,2.54333414,IMD GRID MODEL
Andhra Pradesh,Y.S.R.,22-06-2025,2025,6,0.79948495,IMD GRID MODEL
Andhra Pradesh,Y.S.R.,24-06-2025,2025,6,1.650758782,IMD GRID MODEL
Andhra Pradesh,Anantapur,10-01-2025,2025,1,0,IMD GRID MODEL
Andhra Pradesh,Anantapur,15-01-2025,2025,1,0,IMD GRID MODEL
Andhra Pradesh,Anantapur,16-01-2025,2025,1,0.009550937,IMD GRID MODEL
Andhra Pradesh,Anantapur,17-01-2025,2025,1,0.000255088,IMD GRID MODEL
Andhra Pradesh,Anantapur,25-01-2025,2025,1,0.000421238,IMD GRID MODEL
Andhra Pradesh,Anantapur,31-01-2025,2025,1,0,IMD GRID MODEL
Andhra Pradesh,Chittoor,12-01-2025,2025,1,6.80E-06,IMD GRID MODEL
Andhra Pradesh,Chittoor,16-01-2025,2025,1,7.23E-05,IMD GRID MODEL
Andhra Pradesh,Chittoor,18-01-2025,2025,1,0,IMD GRID MODEL
Andhra Pradesh,Chittoor,26-01-2025,2025,1,0,IMD GRID MODEL
Andhra Pradesh,Chittoor,25-01-2025,2025,1,0,IMD GRID MODEL
Andhra Pradesh,Chittoor,28-01-2025,2025,1,0,IMD GRID MODEL
Andhra Pradesh,Chittoor,30-01-2025,2025,1,0,IMD GRID MODEL
Andhra Pradesh,East Godavari,03-01-2025,2025,1,1.10E-06,IMD GRID MODEL
Andhra Pradesh,East Godavari,05-01-2025,2025,1,3.36E-05,IMD GRID MODEL
Andhra Pradesh,East Godavari,06-01-2025,2025,1,0,IMD GRID MODEL
Andhra Pradesh,East Godavari,15-01-2025,2025,1,0,IMD GRID MODEL
Andhra Pradesh,East Godavari,18-01-2025,2025,1,0.004968707,IMD GRID MODEL
Andhra Pradesh,East Godavari,19-01-2025,2025,1,0,IMD GRID MODEL
Andhra Pradesh,East Godavari,27-01-2025,2025,1,0,IMD GRID MODEL
Andhra Pradesh,East Godavari,30-01-2025,2025,1,0,IMD GRID MODEL
Andhra Pradesh,East Godavari,31-01-2025,2025,1,0,IMD GRID MODEL
Andhra Pradesh,Guntur,02-01-2025,2025,1,6.00E-06,IMD GRID MODEL
Andhra Pradesh,Guntur,03-01-2025,2025,1,0.004900416,IMD GRID MODEL
Andhra Pradesh,Guntur,04-01-2025,2025,1,0.002552386,IMD GRID MODEL
Andhra Pradesh,Guntur,10-01-2025,2025,1,0.007375174,IMD GRID MODEL
Andhra Pradesh,Guntur,15-01-2025,2025,1,0,IMD GRID MODEL
Andhra Pradesh,Guntur,17-01-2025,2025,1,4.08E-05,IMD GRID MODEL
Andhra Pradesh,Guntur,21-01-2025,2025,1,8.76E-05,IMD GRID MODEL
Andhra Pradesh,Guntur,27-01-2025,2025,1,0.000203762,IMD GRID MODEL
Andhra Pradesh,Guntur,28-01-2025,2025,1,0.000122257,IMD GRID MODEL
Andhra Pradesh,Guntur,29-01-2025,2025,1,0.038736728,IMD GRID MODEL
Andhra Pradesh,Krishna,02-01-2025,2025,1,5.20E-05,IMD GRID MODEL
Andhra Pradesh,Krishna,04-01-2025,2025,1,0,IMD GRID MODEL
Andhra Pradesh,Krishna,08-01-2025,2025,1,0,IMD GRID MODEL
Andhra Pradesh,Krishna,10-01-2025,2025,1,0.003864629,IMD GRID MODEL
Andhra Pradesh,Krishna,12-01-2025,2025,1,7.73E-05,IMD GRID MODEL
Andhra Pradesh,Krishna,16-01-2025,2025,1,0.000105373,IMD GRID MODEL
Andhra Pradesh,Krishna,26-01-2025,2025,1,5.41E-05,IMD GRID MODEL
Andhra Pradesh,Kurnool,01-01-2025,2025,1,2.21E-05,IMD GRID MODEL
Andhra Pradesh,Kurnool,04-01-2025,2025,1,0,IMD GRID MODEL
Andhra Pradesh,Kurnool,05-01-2025,2025,1,0.002152166,IMD GRID MODEL
Andhra Pradesh,Kurnool,07-01-2025,2025,1,0.008612148,IMD GRID MODEL
Andhra Pradesh,Kurnool,08-01-2025,2025,1,0,IMD GRID MODEL
Andhra Pradesh,Kurnool,11-01-2025,2025,1,0,IMD GRID MODEL
Andhra Pradesh,Kurnool,15-01-2025,2025,1,0,IMD GRID MODEL
Andhra Pradesh,Kurnool,23-01-2025,2025,1,0.005775577,IMD GRID MODEL
Andhra Pradesh,Kurnool,27-01-2025,2025,1,0.016960969,IMD GRID MODEL
Andhra Pradesh,Kurnool,28-01-2025,2025,1,0.000136597,IMD GRID MODEL
Andhra Pradesh,Kurnool,31-01-2025,2025,1,0,IMD GRID MODEL
Andhra Pradesh,Prakasam,05-01-2025,2025,1,3.25E-05,IMD GRID MODEL
Andhra Pradesh,Prakasam,12-01-2025,2025,1,0.001003874,IMD GRID MODEL
Andhra Pradesh,Prakasam,20-01-2025,2025,1,0.005896717,IMD GRID MODEL
Andhra Pradesh,Prakasam,21-01-2025,2025,1,0,IMD GRID MODEL
Andhra Pradesh,Prakasam,23-01-2025,2025,1,0,IMD GRID MODEL
Andhra Pradesh,Prakasam,28-01-2025,2025,1,0,IMD GRID MODEL
Andhra Pradesh,SPSR Nellore,06-01-2025,2025,1,0,IMD GRID MODEL
Andhra Pradesh,SPSR Nellore,09-01-2025,2025,1,0,IMD GRID MODEL
Andhra Pradesh,SPSR Nellore,16-01-2025,2025,1,0.089969424,IMD GRID MODEL
Andhra Pradesh,SPSR Nellore,17-01-2025,2025,1,0,IMD GRID MODEL
Andhra Pradesh,SPSR Nellore,23-01-2025,2025,1,0,IMD GRID MODEL
Andhra Pradesh,SPSR Nellore,28-01-2025,2025,1,0,IMD GRID MODEL
Andhra Pradesh,Srikakulam,02-01-2025,2025,1,9.00E-05,IMD GRID MODEL
Andhra Pradesh,Srikakulam,03-01-2025,2025,1,0,IMD GRID MODEL
Andhra Pradesh,Srikakulam,05-01-2025,2025,1,0.000652684,IMD GRID MODEL
Andhra Pradesh,Srikakulam,14-01-2025,2025,1,0,IMD GRID MODEL
Andhra Pradesh,Srikakulam,16-01-2025,2025,1,0,IMD GRID MODEL
Andhra Pradesh,Srikakulam,17-01-2025,2025,1,0,IMD GRID MODEL
Andhra Pradesh,Srikakulam,19-01-2025,2025,1,8.70E-05,IMD GRID MODEL
Andhra Pradesh,Srikakulam,26-01-2025,2025,1,0,IMD GRID MODEL
Andhra Pradesh,Srikakulam,27-01-2025,2025,1,0,IMD GRID MODEL
Andhra Pradesh,Visakhapatanam,02-01-2025,2025,1,0,IMD GRID MODEL
Andhra Pradesh,Visakhapatanam,10-01-2025,2025,1,0,IMD GRID MODEL
Andhra Pradesh,Visakhapatanam,12-01-2025,2025,1,0,IMD GRID MODEL
Andhra Pradesh,Visakhapatanam,16-01-2025,2025,1,0,IMD GRID MODEL
Andhra Pradesh,Visakhapatanam,17-01-2025,2025,1,0,IMD GRID MODEL
Andhra Pradesh,Visakhapatanam,25-01-2025,2025,1,0,IMD GRID MODEL
Andhra Pradesh,Visakhapatanam,28-01-2025,2025,1,0.004295946,IMD GRID MODEL
Andhra Pradesh,Visakhapatanam,29-01-2025,2025,1,0,IMD GRID MODEL
Andhra Pradesh,Vizianagaram,03-01-2025,2025,1,0,IMD GRID MODEL
Andhra Pradesh,Vizianagaram,04-01-2025,2025,1,0,IMD GRID MODEL
Andhra Pradesh,Vizianagaram,05-01-2025,2025,1,5.87E-05,IMD GRID MODEL
Andhra Pradesh,Vizianagaram,14-01-2025,2025,1,0,IMD GRID MODEL
Andhra Pradesh,Vizianagaram,27-01-2025,2025,1,0,IMD GRID MODEL
Andhra Pradesh,West Godavari,01-01-2025,2025,1,0,IMD GRID MODEL
Andhra Pradesh,West Godavari,02-01-2025,2025,1,0.000193334,IMD GRID MODEL
Andhra Pradesh,West Godavari,06-01-2025,2025,1,0,IMD GRID MODEL
Andhra Pradesh,West Godavari,20-01-2025,2025,1,0,IMD GRID MODEL
Andhra Pradesh,West Godavari,31-01-2025,2025,1,0,IMD GRID MODEL
Andhra Pradesh,Y.S.R.,02-01-2025,2025,1,0.002843046,IMD GRID MODEL
Andhra Pradesh,Y.S.R.,14-01-2025,2025,1,0.559908615,IMD GRID MODEL
Andhra Pradesh,Y.S.R.,18-01-2025,2025,1,0,IMD GRID MODEL
Andhra Pradesh,Y.S.R.,22-01-2025,2025,1,0,IMD GRID MODEL
Andhra Pradesh,Y.S.R.,23-01-2025,2025,1,0,IMD GRID MODEL
Andhra Pradesh,Anantapur,03-02-2025,2025,2,0.000402024,IMD GRID MODEL
Andhra Pradesh,Anantapur,09-02-2025,2025,2,0.000895364,IMD GRID MODEL
Andhra Pradesh,Anantapur,08-02-2025,2025,2,0,IMD GRID MODEL
Andhra Pradesh,Anantapur,19-02-2025,2025,2,0,IMD GRID MODEL
Andhra Pradesh,Anantapur,20-02-2025,2025,2,7.32E-05,IMD GRID MODEL
Andhra Pradesh,Anantapur,22-02-2025,2025,2,0.000342542,IMD GRID MODEL
Andhra Pradesh,Anantapur,23-02-2025,2025,2,0,IMD GRID MODEL
Andhra Pradesh,Chittoor,02-02-2025,2025,2,0,IMD GRID MODEL
Andhra Pradesh,Chittoor,04-02-2025,2025,2,8.08E-06,IMD GRID MODEL
Andhra Pradesh,Chittoor,06-02-2025,2025,2,0,IMD GRID MODEL
Andhra Pradesh,Chittoor,09-02-2025,2025,2,2.69E-06,IMD GRID MODEL
Andhra Pradesh,Chittoor,13-02-2025,2025,2,0,IMD GRID MODEL
Andhra Pradesh,Chittoor,14-02-2025,2025,2,0,IMD GRID MODEL
Andhra Pradesh,Chittoor,15-02-2025,2025,2,0,IMD GRID MODEL
Andhra Pradesh,Chittoor,16-02-2025,2025,2,0,IMD GRID MODEL
Andhra Pradesh,Chittoor,18-02-2025,2025,2,0,IMD GRID MODEL
Andhra Pradesh,Chittoor,25-02-2025,2025,2,0,IMD GRID MODEL
Andhra Pradesh,Chittoor,28-02-2025,2025,2,0.000207212,IMD GRID MODEL
Andhra Pradesh,East Godavari,14-02-2025,2025,2,0,IMD GRID MODEL
Andhra Pradesh,East Godavari,24-02-2025,2025,2,0,IMD GRID MODEL
Andhra Pradesh,East Godavari,28-02-2025,2025,2,0,IMD GRID MODEL
Andhra Pradesh,Guntur,08-02-2025,2025,2,0,IMD GRID MODEL
Andhra Pradesh,Guntur,10-02-2025,2025,2,0,IMD GRID MODEL
Andhra Pradesh,Guntur,14-02-2025,2025,2,0,IMD GRID MODEL
Andhra Pradesh,Krishna,09-02-2025,2025,2,0,IMD GRID MODEL
Andhra Pradesh,Krishna,13-02-2025,2025,2,0.00135838,IMD GRID MODEL
Andhra Pradesh,Krishna,17-02-2025,2025,2,0.002596475,IMD GRID MODEL
Andhra Pradesh,Krishna,20-02-2025,2025,2,0,IMD GRID MODEL
Andhra Pradesh,Krishna,25-02-2025,2025,2,0,IMD GRID MODEL
Andhra Pradesh,Kurnool,02-02-2025,2025,2,0.000346371,IMD GRID MODEL
Andhra Pradesh,Kurnool,20-02-2025,2025,2,0.002195172,IMD GRID MODEL
Andhra Pradesh,Kurnool,26-02-2025,2025,2,0,IMD GRID MODEL
Andhra Pradesh,Prakasam,14-02-2025,2025,2,0,IMD GRID MODEL
Andhra Pradesh,SPSR Nellore,05-02-2025,2025,2,0,IMD GRID MODEL
Andhra Pradesh,SPSR Nellore,07-02-2025,2025,2,0,IMD GRID MODEL
Andhra Pradesh,SPSR Nellore,08-02-2025,2025,2,0,IMD GRID MODEL
Andhra Pradesh,SPSR Nellore,13-02-2025,2025,2,0.000237193,IMD GRID MODEL
Andhra Pradesh,SPSR Nellore,18-02-2025,2025,2,0,IMD GRID MODEL
Andhra Pradesh,SPSR Nellore,27-02-2025,2025,2,0.000774523,IMD GRID MODEL
Andhra Pradesh,Srikakulam,05-02-2025,2025,2,0,IMD GRID MODEL
Andhra Pradesh,Srikakulam,18-02-2025,2025,2,0,IMD GRID MODEL
Andhra Pradesh,Srikakulam,23-02-2025,2025,2,0.019484016,IMD GRID MODEL
Andhra Pradesh,Srikakulam,24-02-2025,2025,2,7.15E-05,IMD GRID MODEL
Andhra Pradesh,Srikakulam,25-02-2025,2025,2,0,IMD GRID MODEL
Andhra Pradesh,Visakhapatanam,04-02-2025,2025,2,0,IMD GRID MODEL
Andhra Pradesh,Visakhapatanam,06-02-2025,2025,2,0,IMD GRID MODEL
Andhra Pradesh,Visakhapatanam,08-02-2025,2025,2,0.02454471,IMD GRID MODEL
Andhra Pradesh,Visakhapatanam,13-02-2025,2025,2,0,IMD GRID MODEL
Andhra Pradesh,Visakhapatanam,16-02-2025,2025,2,0,IMD GRID MODEL
Andhra Pradesh,Vizianagaram,05-02-2025,2025,2,0,IMD GRID MODEL
Andhra Pradesh,Vizianagaram,15-02-2025,2025,2,0,IMD GRID MODEL
Andhra Pradesh,Vizianagaram,17-02-2025,2025,2,0,IMD GRID MODEL
Andhra Pradesh,Vizianagaram,19-02-2025,2025,2,0,IMD GRID MODEL
Andhra Pradesh,Vizianagaram,23-02-2025,2025,2,0.070770505,IMD GRID MODEL
Andhra Pradesh,Vizianagaram,26-02-2025,2025,2,0.000106835,IMD GRID MODEL
Andhra Pradesh,Vizianagaram,28-02-2025,2025,2,0,IMD GRID MODEL
Andhra Pradesh,West Godavari,01-02-2025,2025,2,0.195709846,IMD GRID MODEL
Andhra Pradesh,West Godavari,06-02-2025,2025,2,0,IMD GRID MODEL
Andhra Pradesh,West Godavari,08-02-2025,2025,2,0,IMD GRID MODEL
Andhra Pradesh,West Godavari,20-02-2025,2025,2,0,IMD GRID MODEL
Andhra Pradesh,West Godavari,23-02-2025,2025,2,0.001400011,IMD GRID MODEL
Andhra Pradesh,West Godavari,25-02-2025,2025,2,0.048919218,IMD GRID MODEL
Andhra Pradesh,Y.S.R.,06-02-2025,2025,2,0,IMD GRID MODEL
Andhra Pradesh,Y.S.R.,09-02-2025,2025,2,0.000613328,IMD GRID MODEL
Andhra Pradesh,Y.S.R.,13-02-2025,2025,2,0,IMD GRID MODEL
Andhra Pradesh,Y.S.R.,21-02-2025,2025,2,0,IMD GRID MODEL
Andhra Pradesh,Y.S.R.,23-02-2025,2025,2,0,IMD GRID MODEL
Andhra Pradesh,Y.S.R.,24-02-2025,2025,2,0.002512075,IMD GRID MODEL
Andhra Pradesh,Y.S.R.,26-02-2025,2025,2,4.15E-05,IMD GRID MODEL
Andhra Pradesh,Y.S.R.,27-02-2025,2025,2,0.001471307,IMD GRID MODEL
Andhra Pradesh,Anantapur,04-03-2025,2025,3,0.005991189,IMD GRID MODEL
Andhra Pradesh,Anantapur,10-03-2025,2025,3,0.002043464,IMD GRID MODEL
Andhra Pradesh,Anantapur,22-03-2025,2025,3,0.003322941,IMD GRID MODEL
Andhra Pradesh,Anantapur,27-03-2025,2025,3,0.000164214,IMD GRID MODEL
Andhra Pradesh,Anantapur,31-03-2025,2025,3,0.000686109,IMD GRID MODEL
Andhra Pradesh,Chittoor,03-03-2025,2025,3,0,IMD GRID MODEL
Andhra Pradesh,Chittoor,08-03-2025,2025,3,0.000101235,IMD GRID MODEL
Andhra Pradesh,Chittoor,10-03-2025,2025,3,5.38E-06,IMD GRID MODEL
Andhra Pradesh,Chittoor,11-03-2025,2025,3,0,IMD GRID MODEL
Andhra Pradesh,Chittoor,18-03-2025,2025,3,5.61E-05,IMD GRID MODEL
Andhra Pradesh,Chittoor,28-03-2025,2025,3,0,IMD GRID MODEL
Andhra Pradesh,Chittoor,29-03-2025,2025,3,2.46E-05,IMD GRID MODEL
Andhra Pradesh,Chittoor,30-03-2025,2025,3,0,IMD GRID MODEL
Andhra Pradesh,East Godavari,16-03-2025,2025,3,0,IMD GRID MODEL
Andhra Pradesh,East Godavari,18-03-2025,2025,3,0,IMD GRID MODEL
Andhra Pradesh,East Godavari,24-03-2025,2025,3,0.098403799,IMD GRID MODEL
Andhra Pradesh,East Godavari,27-03-2025,2025,3,0.100960436,IMD GRID MODEL
Andhra Pradesh,Guntur,03-03-2025,2025,3,0,IMD GRID MODEL
Andhra Pradesh,Guntur,17-03-2025,2025,3,0,IMD GRID MODEL
Andhra Pradesh,Guntur,25-03-2025,2025,3,0.043642008,IMD GRID MODEL
Andhra Pradesh,Guntur,29-03-2025,2025,3,0.000238843,IMD GRID MODEL
Andhra Pradesh,Krishna,07-03-2025,2025,3,0.04699106,IMD GRID MODEL
Andhra Pradesh,Krishna,09-03-2025,2025,3,0,IMD GRID MODEL
Andhra Pradesh,Krishna,17-03-2025,2025,3,0,IMD GRID MODEL
Andhra Pradesh,Krishna,18-03-2025,2025,3,0,IMD GRID MODEL
Andhra Pradesh,Krishna,19-03-2025,2025,3,0,IMD GRID MODEL
Andhra Pradesh,Krishna,21-03-2025,2025,3,0,IMD GRID MODEL
Andhra Pradesh,Kurnool,02-03-2025,2025,3,0,IMD GRID MODEL
Andhra Pradesh,Kurnool,07-03-2025,2025,3,0,IMD GRID MODEL
Andhra Pradesh,Kurnool,11-03-2025,2025,3,0.001560367,IMD GRID MODEL
Andhra Pradesh,Kurnool,24-03-2025,2025,3,0.005186049,IMD GRID MODEL
Andhra Pradesh,Prakasam,07-03-2025,2025,3,0,IMD GRID MODEL
Andhra Pradesh,Prakasam,09-03-2025,2025,3,0,IMD GRID MODEL
Andhra Pradesh,Prakasam,18-03-2025,2025,3,0,IMD GRID MODEL
Andhra Pradesh,Prakasam,22-03-2025,2025,3,3.27E-05,IMD GRID MODEL
Andhra Pradesh,Prakasam,23-03-2025,2025,3,0.955964678,IMD GRID MODEL
Andhra Pradesh,Prakasam,27-03-2025,2025,3,0,IMD GRID MODEL
Andhra Pradesh,SPSR Nellore,04-03-2025,2025,3,0.001924185,IMD GRID MODEL
Andhra Pradesh,SPSR Nellore,06-03-2025,2025,3,0.004348338,IMD GRID MODEL
Andhra Pradesh,SPSR Nellore,07-03-2025,2025,3,0,IMD GRID MODEL
Andhra Pradesh,SPSR Nellore,12-03-2025,2025,3,0.386992525,IMD GRID MODEL
Andhra Pradesh,SPSR Nellore,17-03-2025,2025,3,0,IMD GRID MODEL
Andhra Pradesh,SPSR Nellore,18-03-2025,2025,3,0,IMD GRID MODEL
Andhra Pradesh,SPSR Nellore,22-03-2025,2025,3,4.74E-05,IMD GRID MODEL
Andhra Pradesh,SPSR Nellore,23-03-2025,2025,3,0.133991141,IMD GRID MODEL
Andhra Pradesh,SPSR Nellore,25-03-2025,2025,3,0,IMD GRID MODEL
Andhra Pradesh,SPSR Nellore,30-03-2025,2025,3,0.001355415,IMD GRID MODEL
Andhra Pradesh,SPSR Nellore,31-03-2025,2025,3,0,IMD GRID MODEL
Andhra Pradesh,Srikakulam,02-03-2025,2025,3,0,IMD GRID MODEL
Andhra Pradesh,Srikakulam,05-03-2025,2025,3,0.001686964,IMD GRID MODEL
Andhra Pradesh,Srikakulam,06-03-2025,2025,3,0.09474486,IMD GRID MODEL
Andhra Pradesh,Srikakulam,22-03-2025,2025,3,9.46E-05,IMD GRID MODEL
Andhra Pradesh,Srikakulam,23-03-2025,2025,3,0.035941637,IMD GRID MODEL
Andhra Pradesh,Srikakulam,27-03-2025,2025,3,0,IMD GRID MODEL
Andhra Pradesh,Visakhapatanam,08-03-2025,2025,3,0,IMD GRID MODEL
Andhra Pradesh,Visakhapatanam,17-03-2025,2025,3,0.003905137,IMD GRID MODEL
Andhra Pradesh,Visakhapatanam,19-03-2025,2025,3,0,IMD GRID MODEL
Andhra Pradesh,Visakhapatanam,25-03-2025,2025,3,1.600488441,IMD GRID MODEL
Andhra Pradesh,Visakhapatanam,26-03-2025,2025,3,1.137804522,IMD GRID MODEL
Andhra Pradesh,Visakhapatanam,27-03-2025,2025,3,0.257181555,IMD GRID MODEL
Andhra Pradesh,Visakhapatanam,28-03-2025,2025,3,0,IMD GRID MODEL
Andhra Pradesh,Visakhapatanam,31-03-2025,2025,3,1.73E-05,IMD GRID MODEL
Andhra Pradesh,Vizianagaram,09-03-2025,2025,3,0,IMD GRID MODEL
Andhra Pradesh,Vizianagaram,11-03-2025,2025,3,0,IMD GRID MODEL
Andhra Pradesh,Vizianagaram,16-03-2025,2025,3,0.222892045,IMD GRID MODEL
Andhra Pradesh,Vizianagaram,21-03-2025,2025,3,0,IMD GRID MODEL
Andhra Pradesh,Vizianagaram,31-03-2025,2025,3,0.000261525,IMD GRID MODEL
Andhra Pradesh,West Godavari,01-03-2025,2025,3,0,IMD GRID MODEL
Andhra Pradesh,Y.S.R.,01-03-2025,2025,3,0.012549709,IMD GRID MODEL
Andhra Pradesh,Y.S.R.,06-03-2025,2025,3,0.00365099,IMD GRID MODEL
Andhra Pradesh,Y.S.R.,23-03-2025,2025,3,0.576730733,IMD GRID MODEL
Andhra Pradesh,Y.S.R.,29-03-2025,2025,3,0.000171117,IMD GRID MODEL
Andhra Pradesh,Anantapur,08-04-2025,2025,4,5.12E-05,IMD GRID MODEL
Andhra Pradesh,Anantapur,19-04-2025,2025,4,0.057134887,IMD GRID MODEL
Andhra Pradesh,Anantapur,20-04-2025,2025,4,0.185338546,IMD GRID MODEL
Andhra Pradesh,Anantapur,27-04-2025,2025,4,0.445331807,IMD GRID MODEL
Andhra Pradesh,Chittoor,01-04-2025,2025,4,0,IMD GRID MODEL
Andhra Pradesh,Chittoor,02-04-2025,2025,4,0,IMD GRID MODEL
Andhra Pradesh,Chittoor,07-04-2025,2025,4,3.24E-05,IMD GRID MODEL
Andhra Pradesh,Chittoor,09-04-2025,2025,4,0.138885557,IMD GRID MODEL
Andhra Pradesh,Chittoor,11-04-2025,2025,4,0.894890508,IMD GRID MODEL
Andhra Pradesh,Chittoor,20-04-2025,2025,4,0.013357669,IMD GRID MODEL
Andhra Pradesh,Chittoor,27-04-2025,2025,4,0.006527733,IMD GRID MODEL
Andhra Pradesh,East Godavari,04-04-2025,2025,4,2.44452987,IMD GRID MODEL
Andhra Pradesh,East Godavari,06-04-2025,2025,4,8.837621299,IMD GRID MODEL
Andhra Pradesh,East Godavari,13-04-2025,2025,4,1.127762669,IMD GRID MODEL
Andhra Pradesh,East Godavari,24-04-2025,2025,4,0.035953746,IMD GRID MODEL
Andhra Pradesh,Guntur,01-04-2025,2025,4,0.000555964,IMD GRID MODEL
Andhra Pradesh,Guntur,02-04-2025,2025,4,0.008098792,IMD GRID MODEL
Andhra Pradesh,Guntur,09-04-2025,2025,4,0.006104527,IMD GRID MODEL
Andhra Pradesh,Guntur,18-04-2025,2025,4,0,IMD GRID MODEL
Andhra Pradesh,Guntur,27-04-2025,2025,4,0.021220279,IMD GRID MODEL
Andhra Pradesh,Guntur,28-04-2025,2025,4,0.003085502,IMD GRID MODEL
Andhra Pradesh,Krishna,05-04-2025,2025,4,0.243550105,IMD GRID MODEL
Andhra Pradesh,Krishna,09-04-2025,2025,4,0.034641272,IMD GRID MODEL
Andhra Pradesh,Krishna,12-04-2025,2025,4,0.34333053,IMD GRID MODEL
Andhra Pradesh,Krishna,16-04-2025,2025,4,3.610822262,IMD GRID MODEL
Andhra Pradesh,Krishna,29-04-2025,2025,4,0,IMD GRID MODEL
Andhra Pradesh,Kurnool,01-04-2025,2025,4,0,IMD GRID MODEL
Andhra Pradesh,Kurnool,07-04-2025,2025,4,0.036742951,IMD GRID MODEL
Andhra Pradesh,Kurnool,11-04-2025,2025,4,0.642133547,IMD GRID MODEL
Andhra Pradesh,Kurnool,16-04-2025,2025,4,0.056567215,IMD GRID MODEL
Andhra Pradesh,Kurnool,25-04-2025,2025,4,2.408040794,IMD GRID MODEL
Andhra Pradesh,Kurnool,27-04-2025,2025,4,1.080967363,IMD GRID MODEL
Andhra Pradesh,Kurnool,28-04-2025,2025,4,6.564295633,IMD GRID MODEL
Andhra Pradesh,Kurnool,29-04-2025,2025,4,0.183009152,IMD GRID MODEL
Andhra Pradesh,Prakasam,12-04-2025,2025,4,0.200165531,IMD GRID MODEL
Andhra Pradesh,Prakasam,14-04-2025,2025,4,4.256263046,IMD GRID MODEL
Andhra Pradesh,Prakasam,19-04-2025,2025,4,0.14319878,IMD GRID MODEL
Andhra Pradesh,Prakasam,20-04-2025,2025,4,0.058271439,IMD GRID MODEL
Andhra Pradesh,Prakasam,24-04-2025,2025,4,0,IMD GRID MODEL
Andhra Pradesh,Prakasam,25-04-2025,2025,4,0,IMD GRID MODEL
Andhra Pradesh,Prakasam,28-04-2025,2025,4,0.399044402,IMD GRID MODEL
Andhra Pradesh,SPSR Nellore,10-04-2025,2025,4,0,IMD GRID MODEL
Andhra Pradesh,SPSR Nellore,14-04-2025,2025,4,0.538433196,IMD GRID MODEL
Andhra Pradesh,SPSR Nellore,22-04-2025,2025,4,0,IMD GRID MODEL
Andhra Pradesh,SPSR Nellore,26-04-2025,2025,4,0,IMD GRID MODEL
Andhra Pradesh,SPSR Nellore,30-04-2025,2025,4,4.11E-07,IMD GRID MODEL
Andhra Pradesh,Srikakulam,01-04-2025,2025,4,0,IMD GRID MODEL
Andhra Pradesh,Srikakulam,04-04-2025,2025,4,0.001119286,IMD GRID MODEL
Andhra Pradesh,Srikakulam,06-04-2025,2025,4,0.169285745,IMD GRID MODEL
Andhra Pradesh,Srikakulam,10-04-2025,2025,4,0,IMD GRID MODEL
Andhra Pradesh,Srikakulam,16-04-2025,2025,4,9.38624864,IMD GRID MODEL
Andhra Pradesh,Srikakulam,17-04-2025,2025,4,0,IMD GRID MODEL
Andhra Pradesh,Srikakulam,22-04-2025,2025,4,0.001150067,IMD GRID MODEL
Andhra Pradesh,Srikakulam,27-04-2025,2025,4,0.003132116,IMD GRID MODEL
Andhra Pradesh,Visakhapatanam,03-04-2025,2025,4,0.092176518,IMD GRID MODEL
Andhra Pradesh,Visakhapatanam,10-04-2025,2025,4,0.007104663,IMD GRID MODEL
Andhra Pradesh,Visakhapatanam,11-04-2025,2025,4,2.614449866,IMD GRID MODEL
Andhra Pradesh,Visakhapatanam,13-04-2025,2025,4,0.708269979,IMD GRID MODEL
Andhra Pradesh,Visakhapatanam,19-04-2025,2025,4,0.055683951,IMD GRID MODEL
Andhra Pradesh,Visakhapatanam,20-04-2025,2025,4,0.352115481,IMD GRID MODEL
Andhra Pradesh,Visakhapatanam,21-04-2025,2025,4,1.01135219,IMD GRID MODEL
Andhra Pradesh,Visakhapatanam,29-04-2025,2025,4,6.270747044,IMD GRID MODEL
Andhra Pradesh,Visakhapatanam,30-04-2025,2025,4,3.757079139,IMD GRID MODEL
Andhra Pradesh,Vizianagaram,07-04-2025,2025,4,0.886922459,IMD GRID MODEL
Andhra Pradesh,Vizianagaram,10-04-2025,2025,4,0.032955812,IMD GRID MODEL
Andhra Pradesh,Vizianagaram,27-04-2025,2025,4,0.313568724,IMD GRID MODEL
Andhra Pradesh,West Godavari,08-04-2025,2025,4,3.22312313,IMD GRID MODEL
Andhra Pradesh,West Godavari,11-04-2025,2025,4,2.907160899,IMD GRID MODEL
Andhra Pradesh,West Godavari,12-04-2025,2025,4,1.06255746,IMD GRID MODEL
Andhra Pradesh,West Godavari,20-04-2025,2025,4,0.020807015,IMD GRID MODEL
Andhra Pradesh,West Godavari,27-04-2025,2025,4,0.004660487,IMD GRID MODEL
Andhra Pradesh,West Godavari,30-04-2025,2025,4,4.744150188,IMD GRID MODEL
Andhra Pradesh,Y.S.R.,04-04-2025,2025,4,7.027784693,IMD GRID MODEL
Andhra Pradesh,Y.S.R.,09-04-2025,2025,4,0.051745638,IMD GRID MODEL
Andhra Pradesh,Y.S.R.,14-04-2025,2025,4,0.140440266,IMD GRID MODEL
Andhra Pradesh,Y.S.R.,20-04-2025,2025,4,0.014781471,IMD GRID MODEL
Andhra Pradesh,Y.S.R.,28-04-2025,2025,4,0.354088549,IMD GRID MODEL
Andhra Pradesh,Anantapur,04-05-2025,2025,5,0.119739963,IMD GRID MODEL
Andhra Pradesh,Anantapur,06-05-2025,2025,5,0.003354076,IMD GRID MODEL
Andhra Pradesh,Anantapur,07-05-2025,2025,5,0.497407386,IMD GRID MODEL
Andhra Pradesh,Anantapur,10-05-2025,2025,5,0.963536823,IMD GRID MODEL
Andhra Pradesh,Anantapur,16-05-2025,2025,5,1.20820355,IMD GRID MODEL
Andhra Pradesh,Anantapur,28-05-2025,2025,5,1.159341264,IMD GRID MODEL
Andhra Pradesh,Anantapur,30-05-2025,2025,5,7.596770252,IMD GRID MODEL
Andhra Pradesh,Chittoor,04-05-2025,2025,5,1.438686408,IMD GRID MODEL
Andhra Pradesh,Chittoor,07-05-2025,2025,5,20.3468903,IMD GRID MODEL
Andhra Pradesh,Chittoor,09-05-2025,2025,5,4.92633105,IMD GRID MODEL
Andhra Pradesh,Chittoor,30-05-2025,2025,5,3.495042741,IMD GRID MODEL
Andhra Pradesh,East Godavari,05-05-2025,2025,5,32.81630708,IMD GRID MODEL
Andhra Pradesh,East Godavari,06-05-2025,2025,5,0.130681755,IMD GRID MODEL
Andhra Pradesh,East Godavari,16-05-2025,2025,5,10.97519998,IMD GRID MODEL
Andhra Pradesh,East Godavari,20-05-2025,2025,5,13.13647531,IMD GRID MODEL
Andhra Pradesh,East Godavari,25-05-2025,2025,5,4.645316257,IMD GRID MODEL
Andhra Pradesh,Guntur,05-05-2025,2025,5,3.008958209,IMD GRID MODEL
Andhra Pradesh,Guntur,06-05-2025,2025,5,0.004130898,IMD GRID MODEL
Andhra Pradesh,Guntur,08-05-2025,2025,5,0.111904394,IMD GRID MODEL
Andhra Pradesh,Guntur,20-05-2025,2025,5,19.44794263,IMD GRID MODEL
Andhra Pradesh,Guntur,21-05-2025,2025,5,8.347939153,IMD GRID MODEL
Andhra Pradesh,Guntur,23-05-2025,2025,5,0.445469328,IMD GRID MODEL
Andhra Pradesh,Krishna,04-05-2025,2025,5,1.388681271,IMD GRID MODEL
Andhra Pradesh,Krishna,22-05-2025,2025,5,32.8350947,IMD GRID MODEL
Andhra Pradesh,Krishna,23-05-2025,2025,5,4.420988365,IMD GRID MODEL
Andhra Pradesh,Krishna,26-05-2025,2025,5,2.170259237,IMD GRID MODEL
Andhra Pradesh,Krishna,27-05-2025,2025,5,0.041022355,IMD GRID MODEL
Andhra Pradesh,Krishna,30-05-2025,2025,5,5.174593598,IMD GRID MODEL
Andhra Pradesh,Kurnool,01-05-2025,2025,5,3.000042327,IMD GRID MODEL
Andhra Pradesh,Kurnool,04-05-2025,2025,5,0.183132373,IMD GRID MODEL
Andhra Pradesh,Kurnool,15-05-2025,2025,5,10.72858471,IMD GRID MODEL
Andhra Pradesh,Kurnool,19-05-2025,2025,5,5.229471283,IMD GRID MODEL
Andhra Pradesh,Kurnool,21-05-2025,2025,5,9.063992946,IMD GRID MODEL
Andhra Pradesh,Kurnool,22-05-2025,2025,5,4.773554528,IMD GRID MODEL
Andhra Pradesh,Kurnool,26-05-2025,2025,5,5.623238975,IMD GRID MODEL
Andhra Pradesh,Kurnool,27-05-2025,2025,5,10.54279653,IMD GRID MODEL
Andhra Pradesh,Kurnool,28-05-2025,2025,5,1.705866804,IMD GRID MODEL
Andhra Pradesh,Kurnool,31-05-2025,2025,5,0.163020952,IMD GRID MODEL
Andhra Pradesh,Prakasam,17-05-2025,2025,5,1.56394794,IMD GRID MODEL
Andhra Pradesh,Prakasam,19-05-2025,2025,5,7.800915644,IMD GRID MODEL
Andhra Pradesh,Prakasam,21-05-2025,2025,5,3.296669352,IMD GRID MODEL
Andhra Pradesh,Prakasam,24-05-2025,2025,5,0.828265338,IMD GRID MODEL
Andhra Pradesh,Prakasam,26-05-2025,2025,5,14.89596851,IMD GRID MODEL
Andhra Pradesh,SPSR Nellore,01-05-2025,2025,5,0.132909903,IMD GRID MODEL
Andhra Pradesh,SPSR Nellore,05-05-2025,2025,5,9.332479898,IMD GRID MODEL
Andhra Pradesh,SPSR Nellore,06-05-2025,2025,5,0.023464835,IMD GRID MODEL
Andhra Pradesh,SPSR Nellore,16-05-2025,2025,5,1.335907047,IMD GRID MODEL
Andhra Pradesh,SPSR Nellore,18-05-2025,2025,5,4.179240248,IMD GRID MODEL
Andhra Pradesh,Srikakulam,04-05-2025,2025,5,2.063431207,IMD GRID MODEL
Andhra Pradesh,Srikakulam,05-05-2025,2025,5,0.364035113,IMD GRID MODEL
Andhra Pradesh,Srikakulam,24-05-2025,2025,5,0.503536395,IMD GRID MODEL
Andhra Pradesh,Visakhapatanam,02-05-2025,2025,5,4.341574933,IMD GRID MODEL
Andhra Pradesh,Visakhapatanam,06-05-2025,2025,5,0.017167134,IMD GRID MODEL
Andhra Pradesh,Visakhapatanam,19-05-2025,2025,5,4.113738739,IMD GRID MODEL
Andhra Pradesh,Visakhapatanam,20-05-2025,2025,5,6.812375979,IMD GRID MODEL
Andhra Pradesh,Visakhapatanam,25-05-2025,2025,5,1.715477371,IMD GRID MODEL
Andhra Pradesh,Vizianagaram,02-05-2025,2025,5,21.22013568,IMD GRID MODEL
Andhra Pradesh,Vizianagaram,10-05-2025,2025,5,0.177453008,IMD GRID MODEL
Andhra Pradesh,Vizianagaram,23-05-2025,2025,5,13.17047732,IMD GRID MODEL
Andhra Pradesh,Vizianagaram,25-05-2025,2025,5,0.22303576,IMD GRID MODEL
Andhra Pradesh,West Godavari,01-05-2025,2025,5,0.754373722,IMD GRID MODEL
Andhra Pradesh,West Godavari,03-05-2025,2025,5,0.023962776,IMD GRID MODEL
Andhra Pradesh,West Godavari,06-05-2025,2025,5,0.311819776,IMD GRID MODEL
Andhra Pradesh,West Godavari,07-05-2025,2025,5,0.778445492,IMD GRID MODEL
Andhra Pradesh,West Godavari,18-05-2025,2025,5,10.12766933,IMD GRID MODEL
Andhra Pradesh,West Godavari,28-05-2025,2025,5,33.12916611,IMD GRID MODEL
Andhra Pradesh,West Godavari,29-05-2025,2025,5,5.362349019,IMD GRID MODEL
Andhra Pradesh,Y.S.R.,05-05-2025,2025,5,0.239302399,IMD GRID MODEL
Andhra Pradesh,Y.S.R.,07-05-2025,2025,5,5.006674039,IMD GRID MODEL
Andhra Pradesh,Y.S.R.,15-05-2025,2025,5,8.082941946,IMD GRID MODEL
Andhra Pradesh,Y.S.R.,25-05-2025,2025,5,0.009906502,IMD GRID MODEL
Andhra Pradesh,Y.S.R.,27-05-2025,2025,5,2.428182368,IMD GRID MODEL
Andhra Pradesh,Y.S.R.,29-05-2025,2025,5,0.136472156,IMD GRID MODEL
Andhra Pradesh,Anantapur,03-06-2025,2025,6,0.204765482,IMD GRID MODEL
Andhra Pradesh,Anantapur,13-06-2025,2025,6,1.111116002,IMD GRID MODEL
Andhra Pradesh,Anantapur,09-06-2025,2025,6,12.22301185,IMD GRID MODEL
Andhra Pradesh,Anantapur,16-06-2025,2025,6,1.359113486,IMD GRID MODEL
Andhra Pradesh,Anantapur,18-06-2025,2025,6,1.32760358,IMD GRID MODEL
Andhra Pradesh,Anantapur,20-06-2025,2025,6,0.076531571,IMD GRID MODEL
Andhra Pradesh,Anantapur,23-06-2025,2025,6,5.840909252,IMD GRID MODEL
Andhra Pradesh,Anantapur,24-06-2025,2025,6,0.850701754,IMD GRID MODEL
Andhra Pradesh,Anantapur,28-06-2025,2025,6,0.113348888,IMD GRID MODEL
Andhra Pradesh,Chittoor,03-06-2025,2025,6,1.254869054,IMD GRID MODEL
Andhra Pradesh,Chittoor,06-06-2025,2025,6,0.074579607,IMD GRID MODEL
Andhra Pradesh,Chittoor,10-06-2025,2025,6,1.836669363,IMD GRID MODEL
Andhra Pradesh,Chittoor,22-06-2025,2025,6,1.557649451,IMD GRID MODEL
Andhra Pradesh,Chittoor,27-06-2025,2025,6,1.264286816,IMD GRID MODEL
Andhra Pradesh,East Godavari,03-06-2025,2025,6,0.435580352,IMD GRID MODEL
Andhra Pradesh,East Godavari,05-06-2025,2025,6,0.072097356,IMD GRID MODEL
Andhra Pradesh,East Godavari,07-06-2025,2025,6,0.846993079,IMD GRID MODEL
Andhra Pradesh,East Godavari,14-06-2025,2025,6,3.493971938,IMD GRID MODEL
Andhra Pradesh,East Godavari,16-06-2025,2025,6,1.841053713,IMD GRID MODEL
Andhra Pradesh,East Godavari,19-06-2025,2025,6,0.198666659,IMD GRID MODEL
Andhra Pradesh,East Godavari,23-06-2025,2025,6,7.891039426,IMD GRID MODEL
Andhra Pradesh,East Godavari,29-06-2025,2025,6,5.12620144,IMD GRID MODEL
Andhra Pradesh,Guntur,01-06-2025,2025,6,0.282169309,IMD GRID MODEL
Andhra Pradesh,Guntur,04-06-2025,2025,6,0.010267799,IMD GRID MODEL
Andhra Pradesh,Guntur,08-06-2025,2025,6,1.85165985,IMD GRID MODEL
Andhra Pradesh,Guntur,10-06-2025,2025,6,0.007647267,IMD GRID MODEL
Andhra Pradesh,Guntur,09-06-2025,2025,6,1.574651289,IMD GRID MODEL
Andhra Pradesh,Guntur,14-06-2025,2025,6,0.799191914,IMD GRID MODEL
Andhra Pradesh,Guntur,15-06-2025,2025,6,1.366350248,IMD GRID MODEL
Andhra Pradesh,Guntur,17-06-2025,2025,6,0.362198181,IMD GRID MODEL
Andhra Pradesh,Guntur,24-06-2025,2025,6,5.904118061,IMD GRID MODEL
Andhra Pradesh,Guntur,25-06-2025,2025,6,9.528319308,IMD GRID MODEL
Andhra Pradesh,Guntur,27-06-2025,2025,6,6.457512732,IMD GRID MODEL
Andhra Pradesh,Guntur,28-06-2025,2025,6,0.146912012,IMD GRID MODEL
Andhra Pradesh,Krishna,07-06-2025,2025,6,4.482961852,IMD GRID MODEL
Andhra Pradesh,Krishna,15-06-2025,2025,6,3.564037103,IMD GRID MODEL
Andhra Pradesh,Krishna,18-06-2025,2025,6,0.141923981,IMD GRID MODEL
Andhra Pradesh,Krishna,20-06-2025,2025,6,0.16602061,IMD GRID MODEL
Andhra Pradesh,Krishna,24-06-2025,2025,6,7.609417164,IMD GRID MODEL
Andhra Pradesh,Krishna,25-06-2025,2025,6,9.799994327,IMD GRID MODEL
Andhra Pradesh,Krishna,28-06-2025,2025,6,0.317025986,IMD GRID MODEL
Andhra Pradesh,Kurnool,02-06-2025,2025,6,0.042133698,IMD GRID MODEL
Andhra Pradesh,Kurnool,12-06-2025,2025,6,21.75834274,IMD GRID MODEL
Andhra Pradesh,Kurnool,21-06-2025,2025,6,3.803955112,IMD GRID MODEL
Andhra Pradesh,Kurnool,26-06-2025,2025,6,2.084198862,IMD GRID MODEL
Andhra Pradesh,Prakasam,01-06-2025,2025,6,0.136296808,IMD GRID MODEL
Andhra Pradesh,Prakasam,12-06-2025,2025,6,6.66372006,IMD GRID MODEL
Andhra Pradesh,Prakasam,14-06-2025,2025,6,0.506247336,IMD GRID MODEL
Andhra Pradesh,Prakasam,16-06-2025,2025,6,3.744910672,IMD GRID MODEL
Andhra Pradesh,Prakasam,19-06-2025,2025,6,0.192454336,IMD GRID MODEL
Andhra Pradesh,Prakasam,26-06-2025,2025,6,3.962139977,IMD GRID MODEL
Andhra Pradesh,Prakasam,30-06-2025,2025,6,4.282664343,IMD GRID MODEL
Andhra Pradesh,SPSR Nellore,05-06-2025,2025,6,0.061247016,IMD GRID MODEL
Andhra Pradesh,SPSR Nellore,08-06-2025,2025,6,0.702768396,IMD GRID MODEL
Andhra Pradesh,SPSR Nellore,16-06-2025,2025,6,3.249024194,IMD GRID MODEL
Andhra Pradesh,SPSR Nellore,17-06-2025,2025,6,0.014282489,IMD GRID MODEL
Andhra Pradesh,Srikakulam,05-06-2025,2025,6,3.356171536,IMD GRID MODEL
Andhra Pradesh,Srikakulam,07-06-2025,2025,6,1.074436572,IMD GRID MODEL
Andhra Pradesh,Srikakulam,12-06-2025,2025,6,5.955832784,IMD GRID MODEL
Andhra Pradesh,Srikakulam,13-06-2025,2025,6,1.891252285,IMD GRID MODEL
Andhra Pradesh,Srikakulam,15-06-2025,2025,6,9.872452455,IMD GRID MODEL
Andhra Pradesh,Srikakulam,21-06-2025,2025,6,0.022440358,IMD GRID MODEL
Andhra Pradesh,Srikakulam,26-06-2025,2025,6,4.936374327,IMD GRID MODEL
Andhra Pradesh,Srikakulam,29-06-2025,2025,6,2.244805693,IMD GRID MODEL
Andhra Pradesh,Srikakulam,30-06-2025,2025,6,4.026873833,IMD GRID MODEL
Andhra Pradesh,Visakhapatanam,15-06-2025,2025,6,8.576343542,IMD GRID MODEL
Andhra Pradesh,Visakhapatanam,17-06-2025,2025,6,3.931167438,IMD GRID MODEL
Andhra Pradesh,Visakhapatanam,19-06-2025,2025,6,0.654151075,IMD GRID MODEL
Andhra Pradesh,Visakhapatanam,22-06-2025,2025,6,2.373640338,IMD GRID MODEL
Andhra Pradesh,Visakhapatanam,23-06-2025,2025,6,6.597618942,IMD GRID MODEL
Andhra Pradesh,Visakhapatanam,28-06-2025,2025,6,1.109967431,IMD GRID MODEL
Andhra Pradesh,Vizianagaram,11-06-2025,2025,6,13.8501614,IMD GRID MODEL
Andhra Pradesh,Vizianagaram,14-06-2025,2025,6,1.399436785,IMD GRID MODEL
Andhra Pradesh,West Godavari,05-06-2025,2025,6,0.015336872,IMD GRID MODEL
Andhra Pradesh,West Godavari,06-06-2025,2025,6,0.008542112,IMD GRID MODEL
Andhra Pradesh,West Godavari,15-06-2025,2025,6,10.72713607,IMD GRID MODEL
Andhra Pradesh,West Godavari,16-06-2025,2025,6,0.570122149,IMD GRID MODEL
Andhra Pradesh,West Godavari,21-06-2025,2025,6,6.896809539,IMD GRID MODEL
Andhra Pradesh,West Godavari,24-06-2025,2025,6,6.553817866,IMD GRID MODEL
Andhra Pradesh,West Godavari,27-06-2025,2025,6,15.93619195,IMD GRID MODEL
Andhra Pradesh,West Godavari,30-06-2025,2025,6,15.84011026,IMD GRID MODEL
Andhra Pradesh,Y.S.R.,01-06-2025,2025,6,0.282352035,IMD GRID MODEL
Andhra Pradesh,Y.S.R.,03-06-2025,2025,6,0.330108931,IMD GRID MODEL
Andhra Pradesh,Y.S.R.,05-06-2025,2025,6,0.00529997,IMD GRID MODEL
Andhra Pradesh,Y.S.R.,08-06-2025,2025,6,0.653890972,IMD GRID MODEL
Andhra Pradesh,Y.S.R.,19-06-2025,2025,6,0.477310336,IMD GRID MODEL
Andhra Pradesh,Y.S.R.,30-06-2025,2025,6,0.524527956,IMD GRID MODEL
Andhra Pradesh,Anantapur,06-01-2025,2025,1,7.93E-05,IMD GRID MODEL
Andhra Pradesh,Anantapur,09-01-2025,2025,1,0,IMD GRID MODEL
Andhra Pradesh,Anantapur,13-01-2025,2025,1,2.85E-05,IMD GRID MODEL
Andhra Pradesh,Anantapur,16-01-2025,2025,1,0.009550937,IMD GRID MODEL
Andhra Pradesh,Anantapur,12-01-2025,2025,1,0.000222657,IMD GRID MODEL
Andhra Pradesh,Anantapur,19-01-2025,2025,1,0.026514449,IMD GRID MODEL
Andhra Pradesh,Anantapur,23-01-2025,2025,1,0.000426987,IMD GRID MODEL
Andhra Pradesh,Anantapur,24-01-2025,2025,1,0.002571262,IMD GRID MODEL
Andhra Pradesh,Anantapur,01-02-2025,2025,2,0.000366179,IMD GRID MODEL
Andhra Pradesh,Anantapur,02-02-2025,2025,2,0.001414833,IMD GRID MODEL
Andhra Pradesh,Anantapur,10-02-2025,2025,2,0.000347333,IMD GRID MODEL
Andhra Pradesh,Anantapur,16-02-2025,2025,2,0,IMD GRID MODEL
Andhra Pradesh,Anantapur,18-02-2025,2025,2,0,IMD GRID MODEL
Andhra Pradesh,Anantapur,21-02-2025,2025,2,0,IMD GRID MODEL
Andhra Pradesh,Anantapur,26-02-2025,2025,2,0.002183725,IMD GRID MODEL
Andhra Pradesh,Anantapur,04-03-2025,2025,3,0.005991189,IMD GRID MODEL
Andhra Pradesh,Anantapur,05-03-2025,2025,3,0.004812275,IMD GRID MODEL
Andhra Pradesh,Anantapur,06-03-2025,2025,3,0.000754101,IMD GRID MODEL
Andhra Pradesh,Anantapur,08-03-2025,2025,3,0.000473418,IMD GRID MODEL
Andhra Pradesh,Anantapur,12-03-2025,2025,3,0,IMD GRID MODEL
Andhra Pradesh,Anantapur,14-03-2025,2025,3,0,IMD GRID MODEL
Andhra Pradesh,Anantapur,18-03-2025,2025,3,3.40E-05,IMD GRID MODEL
Andhra Pradesh,Anantapur,25-03-2025,2025,3,0,IMD GRID MODEL
Andhra Pradesh,Anantapur,03-04-2025,2025,4,0.213197539,IMD GRID MODEL
Andhra Pradesh,Anantapur,06-04-2025,2025,4,0.132356647,IMD GRID MODEL
Andhra Pradesh,Anantapur,08-04-2025,2025,4,5.12E-05,IMD GRID MODEL
Andhra Pradesh,Anantapur,14-04-2025,2025,4,0.136012441,IMD GRID MODEL
Andhra Pradesh,Anantapur,15-04-2025,2025,4,1.331706428,IMD GRID MODEL
Andhra Pradesh,Anantapur,23-04-2025,2025,4,0,IMD GRID MODEL
Andhra Pradesh,Anantapur,24-04-2025,2025,4,0,IMD GRID MODEL
Andhra Pradesh,Anantapur,25-04-2025,2025,4,5.967835798,IMD GRID MODEL
Andhra Pradesh,Anantapur,30-04-2025,2025,4,0.015179676,IMD GRID MODEL
Andhra Pradesh,Anantapur,01-05-2025,2025,5,3.044418572,IMD GRID MODEL
Andhra Pradesh,Anantapur,02-05-2025,2025,5,0.589501263,IMD GRID MODEL
Andhra Pradesh,Anantapur,07-05-2025,2025,5,0.497407386,IMD GRID MODEL
Andhra Pradesh,Anantapur,20-05-2025,2025,5,2.313194885,IMD GRID MODEL
Andhra Pradesh,Anantapur,21-05-2025,2025,5,9.098412105,IMD GRID MODEL
Andhra Pradesh,Anantapur,31-05-2025,2025,5,0.019093455,IMD GRID MODEL
Andhra Pradesh,Anantapur,01-06-2025,2025,6,0.122337451,IMD GRID MODEL
Andhra Pradesh,Anantapur,03-06-2025,2025,6,0.204765482,IMD GRID MODEL
Andhra Pradesh,Anantapur,06-06-2025,2025,6,0.244936208,IMD GRID MODEL
Andhra Pradesh,Anantapur,07-06-2025,2025,6,1.179144022,IMD GRID MODEL
Andhra Pradesh,Anantapur,16-06-2025,2025,6,1.359113486,IMD GRID MODEL
Andhra Pradesh,Anantapur,25-06-2025,2025,6,0.390893891,IMD GRID MODEL
Andhra Pradesh,Anantapur,27-06-2025,2025,6,0.394102008,IMD GRID MODEL
Andhra Pradesh,Chittoor,01-01-2025,2025,1,0,IMD GRID MODEL
Andhra Pradesh,Chittoor,06-01-2025,2025,1,0,IMD GRID MODEL
Andhra Pradesh,Chittoor,10-01-2025,2025,1,0,IMD GRID MODEL
Andhra Pradesh,Chittoor,12-01-2025,2025,1,6.80E-06,IMD GRID MODEL
Andhra Pradesh,Chittoor,17-01-2025,2025,1,0,IMD GRID MODEL
Andhra Pradesh,Chittoor,22-01-2025,2025,1,0,IMD GRID MODEL
Andhra Pradesh,Chittoor,01-02-2025,2025,2,0,IMD GRID MODEL
Andhra Pradesh,Chittoor,08-02-2025,2025,2,0,IMD GRID MODEL
Andhra Pradesh,Chittoor,10-02-2025,2025,2,0,IMD GRID MODEL
Andhra Pradesh,Chittoor,15-02-2025,2025,2,0,IMD GRID MODEL
Andhra Pradesh,Chittoor,20-02-2025,2025,2,0,IMD GRID MODEL
Andhra Pradesh,Chittoor,22-02-2025,2025,2,7.66E-05,IMD GRID MODEL
Andhra Pradesh,Chittoor,23-02-2025,2025,2,0,IMD GRID MODEL
Andhra Pradesh,Chittoor,02-03-2025,2025,3,-0.007706589,IMD GRID MODEL
Andhra Pradesh,Chittoor,04-03-2025,2025,3,0.001993151,IMD GRID MODEL
Andhra Pradesh,Chittoor,12-03-2025,2025,3,1.244840068,IMD GRID MODEL
Andhra Pradesh,Chittoor,08-04-2025,2025,4,0,IMD GRID MODEL
Andhra Pradesh,Chittoor,09-04-2025,2025,4,0.138885557,IMD GRID MODEL
Andhra Pradesh,Chittoor,13-04-2025,2025,4,0.042435967,IMD GRID MODEL
Andhra Pradesh,Chittoor,15-04-2025,2025,4,2.25460965,IMD GRID MODEL
Andhra Pradesh,Chittoor,20-04-2025,2025,4,0.013357669,IMD GRID MODEL
Andhra Pradesh,Chittoor,21-04-2025,2025,4,0.234625524,IMD GRID MODEL
Andhra Pradesh,Chittoor,23-04-2025,2025,4,0.000955473,IMD GRID MODEL
Andhra Pradesh,Chittoor,29-04-2025,2025,4,0,IMD GRID MODEL
Andhra Pradesh,Chittoor,30-04-2025,2025,4,0,IMD GRID MODEL
Andhra Pradesh,Chittoor,02-05-2025,2025,5,2.493480434,IMD GRID MODEL
Andhra Pradesh,Chittoor,15-05-2025,2025,5,6.17482194,IMD GRID MODEL
Andhra Pradesh,Chittoor,17-05-2025,2025,5,9.279513893,IMD GRID MODEL
Andhra Pradesh,Chittoor,30-05-2025,2025,5,3.495042741,IMD GRID MODEL
Andhra Pradesh,Chittoor,05-06-2025,2025,6,0.101217493,IMD GRID MODEL
Andhra Pradesh,Chittoor,06-06-2025,2025,6,0.074579607,IMD GRID MODEL
Andhra Pradesh,Chittoor,08-06-2025,2025,6,1.212601546,IMD GRID MODEL
Andhra Pradesh,Chittoor,09-06-2025,2025,6,0.973146167,IMD GRID MODEL
Andhra Pradesh,Chittoor,12-06-2025,2025,6,0.337292657,IMD GRID MODEL
Andhra Pradesh,Chittoor,17-06-2025,2025,6,0.047408442,IMD GRID MODEL
Andhra Pradesh,Chittoor,18-06-2025,2025,6,0.324441983,IMD GRID MODEL
Andhra Pradesh,Chittoor,19-06-2025,2025,6,0.247788731,IMD GRID MODEL
Andhra Pradesh,Chittoor,26-06-2025,2025,6,1.930016727,IMD GRID MODEL
Andhra Pradesh,Chittoor,30-06-2025,2025,6,0.352736759,IMD GRID MODEL
Andhra Pradesh,East Godavari,03-01-2025,2025,1,1.10E-06,IMD GRID MODEL
Andhra Pradesh,East Godavari,04-01-2025,2025,1,0,IMD GRID MODEL
Andhra Pradesh,East Godavari,10-01-2025,2025,1,0.000117586,IMD GRID MODEL
Andhra Pradesh,East Godavari,11-01-2025,2025,1,0,IMD GRID MODEL
Andhra Pradesh,East Godavari,17-01-2025,2025,1,0,IMD GRID MODEL
Andhra Pradesh,East Godavari,21-01-2025,2025,1,0,IMD GRID MODEL
Andhra Pradesh,East Godavari,30-01-2025,2025,1,0,IMD GRID MODEL
Andhra Pradesh,East Godavari,02-02-2025,2025,2,0,IMD GRID MODEL
Andhra Pradesh,East Godavari,05-02-2025,2025,2,0,IMD GRID MODEL
Andhra Pradesh,East Godavari,06-02-2025,2025,2,0,IMD GRID MODEL
Andhra Pradesh,East Godavari,07-02-2025,2025,2,0,IMD GRID MODEL
Andhra Pradesh,East Godavari,18-02-2025,2025,2,0,IMD GRID MODEL
Andhra Pradesh,East Godavari,19-02-2025,2025,2,0,IMD GRID MODEL
Andhra Pradesh,East Godavari,21-02-2025,2025,2,0,IMD GRID MODEL
Andhra Pradesh,East Godavari,24-02-2025,2025,2,0,IMD GRID MODEL
Andhra Pradesh,East Godavari,25-02-2025,2025,2,1.56E-05,IMD GRID MODEL
Andhra Pradesh,East Godavari,26-02-2025,2025,2,0,IMD GRID MODEL
Andhra Pradesh,East Godavari,04-03-2025,2025,3,0,IMD GRID MODEL
Andhra Pradesh,East Godavari,05-03-2025,2025,3,0.702207381,IMD GRID MODEL
Andhra Pradesh,East Godavari,09-03-2025,2025,3,0.000184779,IMD GRID MODEL
Andhra Pradesh,East Godavari,13-03-2025,2025,3,0,IMD GRID MODEL
Andhra Pradesh,East Godavari,14-03-2025,2025,3,0,IMD GRID MODEL
Andhra Pradesh,East Godavari,18-03-2025,2025,3,0,IMD GRID MODEL
Andhra Pradesh,East Godavari,19-03-2025,2025,3,0,IMD GRID MODEL
Andhra Pradesh,East Godavari,23-03-2025,2025,3,0.640109053,IMD GRID MODEL
Andhra Pradesh,East Godavari,01-04-2025,2025,4,0.08806315,IMD GRID MODEL
Andhra Pradesh,East Godavari,06-04-2025,2025,4,8.837621299,IMD GRID MODEL
Andhra Pradesh,East Godavari,25-04-2025,2025,4,0.008922895,IMD GRID MODEL
Andhra Pradesh,East Godavari,06-05-2025,2025,5,0.130681755,IMD GRID MODEL
Andhra Pradesh,East Godavari,15-05-2025,2025,5,2.222726956,IMD GRID MODEL
Andhra Pradesh,East Godavari,25-05-2025,2025,5,4.645316257,IMD GRID MODEL
Andhra Pradesh,East Godavari,27-05-2025,2025,5,6.761994317,IMD GRID MODEL
Andhra Pradesh,East Godavari,30-05-2025,2025,5,8.746888797,IMD GRID MODEL
Andhra Pradesh,Guntur,03-01-2025,2025,1,0.004900416,IMD GRID MODEL
Andhra Pradesh,Guntur,13-01-2025,2025,1,0,IMD GRID MODEL
Andhra Pradesh,Guntur,14-01-2025,2025,1,0,IMD GRID MODEL
Andhra Pradesh,Guntur,15-01-2025,2025,1,0,IMD GRID MODEL
Andhra Pradesh,Guntur,12-01-2025,2025,1,0.000107206,IMD GRID MODEL
Andhra Pradesh,Guntur,24-01-2025,2025,1,0.018406926,IMD GRID MODEL
Andhra Pradesh,Guntur,27-01-2025,2025,1,0.000203762,IMD GRID MODEL
Andhra Pradesh,Guntur,07-02-2025,2025,2,0,IMD GRID MODEL
Andhra Pradesh,Guntur,10-02-2025,2025,2,0,IMD GRID MODEL
Andhra Pradesh,Guntur,13-02-2025,2025,2,3.81E-07,IMD GRID MODEL
Andhra Pradesh,Guntur,14-02-2025,2025,2,0,IMD GRID MODEL
Andhra Pradesh,Guntur,15-02-2025,2025,2,0,IMD GRID MODEL
Andhra Pradesh,Guntur,16-02-2025,2025,2,0,IMD GRID MODEL
Andhra Pradesh,Guntur,02-03-2025,2025,3,0,IMD GRID MODEL
Andhra Pradesh,Guntur,07-03-2025,2025,3,0,IMD GRID MODEL
Andhra Pradesh,Guntur,12-03-2025,2025,3,0,IMD GRID MODEL
Andhra Pradesh,Guntur,14-03-2025,2025,3,0,IMD GRID MODEL
Andhra Pradesh,Guntur,18-03-2025,2025,3,0,IMD GRID MODEL
Andhra Pradesh,Guntur,24-03-2025,2025,3,0.056982334,IMD GRID MODEL
Andhra Pradesh,Guntur,26-03-2025,2025,3,0,IMD GRID MODEL
Andhra Pradesh,Guntur,29-03-2025,2025,3,0.000238843,IMD GRID MODEL
Andhra Pradesh,Guntur,30-03-2025,2025,3,0,IMD GRID MODEL
Andhra Pradesh,Guntur,07-04-2025,2025,4,0.434971854,IMD GRID MODEL
Andhra Pradesh,Guntur,29-04-2025,2025,4,5.27E-05,IMD GRID MODEL
Andhra Pradesh,Guntur,05-05-2025,2025,5,3.008958209,IMD GRID MODEL
Andhra Pradesh,Guntur,09-05-2025,2025,5,5.855529196,IMD GRID MODEL
Andhra Pradesh,Guntur,16-05-2025,2025,5,29.23401656,IMD GRID MODEL
Andhra Pradesh,Guntur,25-05-2025,2025,5,26.37131514,IMD GRID MODEL
Andhra Pradesh,Guntur,28-05-2025,2025,5,9.381657983,IMD GRID MODEL
Andhra Pradesh,Guntur,30-05-2025,2025,5,4.855930929,IMD GRID MODEL
Andhra Pradesh,Guntur,05-06-2025,2025,6,0.016601577,IMD GRID MODEL
Andhra Pradesh,Srikakulam,22-03-2025,2025,3,9.46E-05,IMD GRID MODEL
Andhra Pradesh,Srikakulam,05-04-2025,2025,4,0.024567743,IMD GRID MODEL
Andhra Pradesh,Srikakulam,11-04-2025,2025,4,0.878261833,IMD GRID MODEL
Andhra Pradesh,Srikakulam,12-04-2025,2025,4,0.139950441,IMD GRID MODEL
Andhra Pradesh,Srikakulam,21-04-2025,2025,4,0.046025419,IMD GRID MODEL
Andhra Pradesh,Srikakulam,08-05-2025,2025,5,0.296512014,IMD GRID MODEL
Andhra Pradesh,Srikakulam,15-05-2025,2025,5,11.73331627,IMD GRID MODEL
Andhra Pradesh,Srikakulam,20-05-2025,2025,5,2.018999561,IMD GRID MODEL
Andhra Pradesh,Srikakulam,21-05-2025,2025,5,5.107719974,IMD GRID MODEL
Andhra Pradesh,Srikakulam,28-05-2025,2025,5,34.77623484,IMD GRID MODEL
Andhra Pradesh,Srikakulam,31-05-2025,2025,5,2.056843152,IMD GRID MODEL
Andhra Pradesh,Srikakulam,07-06-2025,2025,6,1.074436572,IMD GRID MODEL
Andhra Pradesh,Srikakulam,10-06-2025,2025,6,10.10940376,IMD GRID MODEL
Andhra Pradesh,Srikakulam,12-06-2025,2025,6,5.955832784,IMD GRID MODEL
Andhra Pradesh,Srikakulam,13-06-2025,2025,6,1.891252285,IMD GRID MODEL
Andhra Pradesh,Srikakulam,14-06-2025,2025,6,0.485695426,IMD GRID MODEL
Andhra Pradesh,Srikakulam,16-06-2025,2025,6,2.675952075,IMD GRID MODEL
Andhra Pradesh,Srikakulam,19-06-2025,2025,6,0.226395525,IMD GRID MODEL
Andhra Pradesh,Srikakulam,23-06-2025,2025,6,1.609656794,IMD GRID MODEL
Andhra Pradesh,Srikakulam,15-06-2025,2025,6,9.872452455,IMD GRID MODEL
Andhra Pradesh,Srikakulam,30-06-2025,2025,6,4.026873833,IMD GRID MODEL
Andhra Pradesh,Visakhapatanam,01-01-2025,2025,1,0.000292015,IMD GRID MODEL
Andhra Pradesh,Visakhapatanam,07-01-2025,2025,1,0,IMD GRID MODEL
Andhra Pradesh,Visakhapatanam,13-01-2025,2025,1,0.006484262,IMD GRID MODEL
Andhra Pradesh,Visakhapatanam,12-01-2025,2025,1,0,IMD GRID MODEL
Andhra Pradesh,Visakhapatanam,14-02-2025,2025,2,0,IMD GRID MODEL
Andhra Pradesh,Visakhapatanam,22-02-2025,2025,2,0.19585706,IMD GRID MODEL
Andhra Pradesh,Visakhapatanam,09-03-2025,2025,3,0,IMD GRID MODEL
Andhra Pradesh,Visakhapatanam,10-03-2025,2025,3,0,IMD GRID MODEL
Andhra Pradesh,Visakhapatanam,11-03-2025,2025,3,0,IMD GRID MODEL
Andhra Pradesh,Visakhapatanam,14-03-2025,2025,3,0,IMD GRID MODEL
Andhra Pradesh,Visakhapatanam,26-03-2025,2025,3,1.137804522,IMD GRID MODEL
Andhra Pradesh,Visakhapatanam,08-04-2025,2025,4,0.346459187,IMD GRID MODEL
Andhra Pradesh,Visakhapatanam,09-04-2025,2025,4,0.336330379,IMD GRID MODEL
Andhra Pradesh,Visakhapatanam,11-04-2025,2025,4,2.614449866,IMD GRID MODEL
Andhra Pradesh,Visakhapatanam,16-04-2025,2025,4,8.875994447,IMD GRID MODEL
Andhra Pradesh,Visakhapatanam,29-04-2025,2025,4,6.270747044,IMD GRID MODEL
Andhra Pradesh,Visakhapatanam,01-05-2025,2025,5,11.42503243,IMD GRID MODEL
Andhra Pradesh,Visakhapatanam,06-05-2025,2025,5,0.017167134,IMD GRID MODEL
Andhra Pradesh,Visakhapatanam,09-05-2025,2025,5,1.86460547,IMD GRID MODEL
Andhra Pradesh,Visakhapatanam,15-05-2025,2025,5,7.104270206,IMD GRID MODEL
Andhra Pradesh,Visakhapatanam,24-05-2025,2025,5,1.330356169,IMD GRID MODEL
Andhra Pradesh,Visakhapatanam,23-06-2025,2025,6,6.597618942,IMD GRID MODEL
Andhra Pradesh,Visakhapatanam,27-06-2025,2025,6,7.20828784,IMD GRID MODEL
Andhra Pradesh,Visakhapatanam,28-06-2025,2025,6,1.109967431,IMD GRID MODEL
Andhra Pradesh,Vizianagaram,08-01-2025,2025,1,0,IMD GRID MODEL
Andhra Pradesh,Vizianagaram,10-01-2025,2025,1,0,IMD GRID MODEL
Andhra Pradesh,Vizianagaram,14-01-2025,2025,1,0,IMD GRID MODEL
Andhra Pradesh,Vizianagaram,12-01-2025,2025,1,1.92E-05,IMD GRID MODEL
Andhra Pradesh,Vizianagaram,17-01-2025,2025,1,1.16E-05,IMD GRID MODEL
Andhra Pradesh,Vizianagaram,19-01-2025,2025,1,0,IMD GRID MODEL
Andhra Pradesh,Vizianagaram,25-01-2025,2025,1,0,IMD GRID MODEL
Andhra Pradesh,Vizianagaram,14-02-2025,2025,2,0,IMD GRID MODEL
Andhra Pradesh,Vizianagaram,16-02-2025,2025,2,0,IMD GRID MODEL
Andhra Pradesh,Vizianagaram,24-02-2025,2025,2,0,IMD GRID MODEL
Andhra Pradesh,Vizianagaram,01-03-2025,2025,3,0,IMD GRID MODEL
Andhra Pradesh,Vizianagaram,07-03-2025,2025,3,0,IMD GRID MODEL
Andhra Pradesh,Vizianagaram,15-03-2025,2025,3,0,IMD GRID MODEL
Andhra Pradesh,Vizianagaram,16-03-2025,2025,3,0.222892045,IMD GRID MODEL
Andhra Pradesh,Vizianagaram,17-03-2025,2025,3,1.37E-05,IMD GRID MODEL
Andhra Pradesh,Vizianagaram,23-03-2025,2025,3,0.299029319,IMD GRID MODEL
Andhra Pradesh,Vizianagaram,26-03-2025,2025,3,0.67422283,IMD GRID MODEL
Andhra Pradesh,Vizianagaram,02-04-2025,2025,4,0,IMD GRID MODEL
Andhra Pradesh,Vizianagaram,03-04-2025,2025,4,0.000427666,IMD GRID MODEL
Andhra Pradesh,Vizianagaram,04-04-2025,2025,4,0.251348666,IMD GRID MODEL
Andhra Pradesh,Vizianagaram,10-04-2025,2025,4,0.032955812,IMD GRID MODEL
Andhra Pradesh,Vizianagaram,12-04-2025,2025,4,0.499382502,IMD GRID MODEL
Andhra Pradesh,Vizianagaram,18-04-2025,2025,4,0.008449527,IMD GRID MODEL
Andhra Pradesh,Vizianagaram,24-04-2025,2025,4,0.13658013,IMD GRID MODEL
Andhra Pradesh,Vizianagaram,27-04-2025,2025,4,0.313568724,IMD GRID MODEL
Andhra Pradesh,Vizianagaram,06-05-2025,2025,5,0.004969266,IMD GRID MODEL
Andhra Pradesh,Vizianagaram,08-05-2025,2025,5,2.854171598,IMD GRID MODEL
Andhra Pradesh,Vizianagaram,22-05-2025,2025,5,7.152676125,IMD GRID MODEL
Andhra Pradesh,Vizianagaram,28-05-2025,2025,5,32.14264354,IMD GRID MODEL
Andhra Pradesh,Vizianagaram,31-05-2025,2025,5,3.244016138,IMD GRID MODEL
Andhra Pradesh,Vizianagaram,04-06-2025,2025,6,1.261130306,IMD GRID MODEL
Andhra Pradesh,Vizianagaram,05-06-2025,2025,6,5.510050824,IMD GRID MODEL
Andhra Pradesh,Vizianagaram,06-06-2025,2025,6,2.086830427,IMD GRID MODEL
Andhra Pradesh,Vizianagaram,12-06-2025,2025,6,17.298397,IMD GRID MODEL
Andhra Pradesh,Vizianagaram,16-06-2025,2025,6,4.778080708,IMD GRID MODEL
Andhra Pradesh,Vizianagaram,20-06-2025,2025,6,1.57768192,IMD GRID MODEL
Andhra Pradesh,Vizianagaram,26-06-2025,2025,6,6.640604628,IMD GRID MODEL
Andhra Pradesh,Vizianagaram,28-06-2025,2025,6,0.292183213,IMD GRID MODEL
Andhra Pradesh,Vizianagaram,29-06-2025,2025,6,10.39682136,IMD GRID MODEL
Andhra Pradesh,Vizianagaram,30-06-2025,2025,6,7.255637972,IMD GRID MODEL
Andhra Pradesh,West Godavari,02-01-2025,2025,1,0.000193334,IMD GRID MODEL
Andhra Pradesh,West Godavari,08-01-2025,2025,1,0,IMD GRID MODEL
Andhra Pradesh,West Godavari,22-01-2025,2025,1,0,IMD GRID MODEL
Andhra Pradesh,West Godavari,24-01-2025,2025,1,5.21E-05,IMD GRID MODEL
Andhra Pradesh,West Godavari,25-01-2025,2025,1,0,IMD GRID MODEL
Andhra Pradesh,West Godavari,01-02-2025,2025,2,0.195709846,IMD GRID MODEL
Andhra Pradesh,West Godavari,07-02-2025,2025,2,0,IMD GRID MODEL
Andhra Pradesh,West Godavari,15-02-2025,2025,2,0,IMD GRID MODEL
Andhra Pradesh,West Godavari,16-02-2025,2025,2,0,IMD GRID MODEL
Andhra Pradesh,West Godavari,25-02-2025,2025,2,0.048919218,IMD GRID MODEL
Andhra Pradesh,West Godavari,06-03-2025,2025,3,0.182784187,IMD GRID MODEL
Andhra Pradesh,West Godavari,08-03-2025,2025,3,0,IMD GRID MODEL
Andhra Pradesh,West Godavari,11-03-2025,2025,3,0,IMD GRID MODEL
Andhra Pradesh,West Godavari,23-03-2025,2025,3,0.007417513,IMD GRID MODEL
Andhra Pradesh,West Godavari,27-03-2025,2025,3,0.000448705,IMD GRID MODEL
Andhra Pradesh,West Godavari,01-04-2025,2025,4,0.000204395,IMD GRID MODEL
Andhra Pradesh,West Godavari,08-04-2025,2025,4,3.22312313,IMD GRID MODEL
Andhra Pradesh,West Godavari,01-05-2025,2025,5,0.754373722,IMD GRID MODEL
Andhra Pradesh,West Godavari,09-05-2025,2025,5,0.990460721,IMD GRID MODEL
Andhra Pradesh,West Godavari,03-05-2025,2025,5,0.023962776,IMD GRID MODEL
Andhra Pradesh,West Godavari,18-05-2025,2025,5,10.12766933,IMD GRID MODEL
Andhra Pradesh,West Godavari,03-06-2025,2025,6,0.451384343,IMD GRID MODEL
Andhra Pradesh,West Godavari,05-06-2025,2025,6,0.015336872,IMD GRID MODEL
Andhra Pradesh,West Godavari,27-06-2025,2025,6,15.93619195,IMD GRID MODEL
Andhra Pradesh,Y.S.R.,10-01-2025,2025,1,0,IMD GRID MODEL
Andhra Pradesh,Y.S.R.,13-01-2025,2025,1,0.008025143,IMD GRID MODEL
Andhra Pradesh,Y.S.R.,18-01-2025,2025,1,0,IMD GRID MODEL
Andhra Pradesh,Y.S.R.,20-01-2025,2025,1,0.071363415,IMD GRID MODEL
Andhra Pradesh,Y.S.R.,22-01-2025,2025,1,0,IMD GRID MODEL
Andhra Pradesh,Y.S.R.,25-01-2025,2025,1,0.001742466,IMD GRID MODEL
Andhra Pradesh,Y.S.R.,10-02-2025,2025,2,0.006338374,IMD GRID MODEL
Andhra Pradesh,Y.S.R.,14-02-2025,2025,2,0,IMD GRID MODEL
Andhra Pradesh,Y.S.R.,18-02-2025,2025,2,0,IMD GRID MODEL
Andhra Pradesh,Y.S.R.,21-02-2025,2025,2,0,IMD GRID MODEL
Andhra Pradesh,Y.S.R.,23-02-2025,2025,2,0,IMD GRID MODEL
Andhra Pradesh,Y.S.R.,24-02-2025,2025,2,0.002512075,IMD GRID MODEL
Andhra Pradesh,Y.S.R.,02-03-2025,2025,3,0,IMD GRID MODEL
Andhra Pradesh,Y.S.R.,04-03-2025,2025,3,0.0003416,IMD GRID MODEL
Andhra Pradesh,Y.S.R.,07-03-2025,2025,3,0,IMD GRID MODEL
Andhra Pradesh,Y.S.R.,08-03-2025,2025,3,0.000689416,IMD GRID MODEL
Andhra Pradesh,Y.S.R.,17-03-2025,2025,3,0,IMD GRID MODEL
Andhra Pradesh,Y.S.R.,27-03-2025,2025,3,0,IMD GRID MODEL
Andhra Pradesh,Y.S.R.,30-03-2025,2025,3,0.002095157,IMD GRID MODEL
Andhra Pradesh,Y.S.R.,01-04-2025,2025,4,0.000165853,IMD GRID MODEL
Andhra Pradesh,Y.S.R.,12-04-2025,2025,4,0.682789585,IMD GRID MODEL
Andhra Pradesh,Y.S.R.,13-04-2025,2025,4,0.015963917,IMD GRID MODEL
Andhra Pradesh,Y.S.R.,14-04-2025,2025,4,0.140440266,IMD GRID MODEL
Andhra Pradesh,Y.S.R.,16-04-2025,2025,4,2.544551437,IMD GRID MODEL
Andhra Pradesh,Y.S.R.,24-04-2025,2025,4,0,IMD GRID MODEL
Andhra Pradesh,Y.S.R.,26-04-2025,2025,4,0.000281962,IMD GRID MODEL
Andhra Pradesh,Y.S.R.,04-05-2025,2025,5,0.031331489,IMD GRID MODEL
Andhra Pradesh,Y.S.R.,06-05-2025,2025,5,0.025719851,IMD GRID MODEL
Andhra Pradesh,Y.S.R.,03-05-2025,2025,5,4.928299471,IMD GRID MODEL
Andhra Pradesh,Y.S.R.,24-05-2025,2025,5,0.299494318,IMD GRID MODEL
Andhra Pradesh,Y.S.R.,26-05-2025,2025,5,8.534441886,IMD GRID MODEL
Andhra Pradesh,Y.S.R.,01-06-2025,2025,6,0.282352035,IMD GRID MODEL
Andhra Pradesh,Y.S.R.,05-06-2025,2025,6,0.00529997,IMD GRID MODEL
Andhra Pradesh,Y.S.R.,12-06-2025,2025,6,3.14044092,IMD GRID MODEL
Andhra Pradesh,Y.S.R.,13-06-2025,2025,6,3.149302696,IMD GRID MODEL
Andhra Pradesh,Y.S.R.,16-06-2025,2025,6,2.296539526,IMD GRID MODEL
Andhra Pradesh,Y.S.R.,17-06-2025,2025,6,0.03466877,IMD GRID MODEL
Andhra Pradesh,Y.S.R.,18-06-2025,2025,6,0.736373661,IMD GRID MODEL
Andhra Pradesh,Guntur,11-06-2025,2025,6,8.194456154,IMD GRID MODEL
Andhra Pradesh,Guntur,13-06-2025,2025,6,5.332405464,IMD GRID MODEL
Andhra Pradesh,Guntur,18-06-2025,2025,6,0.09343024,IMD GRID MODEL
Andhra Pradesh,Guntur,22-06-2025,2025,6,1.646719602,IMD GRID MODEL
Andhra Pradesh,Guntur,23-06-2025,2025,6,0.967913454,IMD GRID MODEL
Andhra Pradesh,Guntur,25-06-2025,2025,6,9.528319308,IMD GRID MODEL
Andhra Pradesh,Guntur,27-06-2025,2025,6,6.457512732,IMD GRID MODEL
Andhra Pradesh,Krishna,06-01-2025,2025,1,0.000514378,IMD GRID MODEL
Andhra Pradesh,Krishna,07-01-2025,2025,1,0.006256344,IMD GRID MODEL
Andhra Pradesh,Krishna,11-01-2025,2025,1,0,IMD GRID MODEL
Andhra Pradesh,Krishna,13-01-2025,2025,1,7.07E-05,IMD GRID MODEL
Andhra Pradesh,Krishna,21-01-2025,2025,1,0.001937665,IMD GRID MODEL
Andhra Pradesh,Krishna,22-01-2025,2025,1,0,IMD GRID MODEL
Andhra Pradesh,Krishna,24-01-2025,2025,1,0.008453548,IMD GRID MODEL
Andhra Pradesh,Krishna,27-01-2025,2025,1,0,IMD GRID MODEL
Andhra Pradesh,Krishna,28-01-2025,2025,1,0,IMD GRID MODEL
Andhra Pradesh,Krishna,02-02-2025,2025,2,0,IMD GRID MODEL
Andhra Pradesh,Krishna,05-02-2025,2025,2,0,IMD GRID MODEL
Andhra Pradesh,Krishna,23-02-2025,2025,2,0.000479991,IMD GRID MODEL
Andhra Pradesh,Krishna,06-03-2025,2025,3,0.037171516,IMD GRID MODEL
Andhra Pradesh,Krishna,08-03-2025,2025,3,0.000202253,IMD GRID MODEL
Andhra Pradesh,Krishna,10-03-2025,2025,3,0,IMD GRID MODEL
Andhra Pradesh,Krishna,16-03-2025,2025,3,0,IMD GRID MODEL
Andhra Pradesh,Krishna,25-03-2025,2025,3,0.008394138,IMD GRID MODEL
Andhra Pradesh,Krishna,03-04-2025,2025,4,0,IMD GRID MODEL
Andhra Pradesh,Krishna,04-04-2025,2025,4,5.500234648,IMD GRID MODEL
Andhra Pradesh,Krishna,06-04-2025,2025,4,0.348337898,IMD GRID MODEL
Andhra Pradesh,Krishna,12-04-2025,2025,4,0.34333053,IMD GRID MODEL
Andhra Pradesh,Krishna,13-04-2025,2025,4,0.718884792,IMD GRID MODEL
Andhra Pradesh,Krishna,15-04-2025,2025,4,0.002719472,IMD GRID MODEL
Andhra Pradesh,Krishna,16-04-2025,2025,4,3.610822262,IMD GRID MODEL
Andhra Pradesh,Krishna,17-04-2025,2025,4,0.004113498,IMD GRID MODEL
Andhra Pradesh,Krishna,23-04-2025,2025,4,2.14E-06,IMD GRID MODEL
Andhra Pradesh,Krishna,26-04-2025,2025,4,0.001458488,IMD GRID MODEL
Andhra Pradesh,Krishna,29-04-2025,2025,4,0,IMD GRID MODEL
Andhra Pradesh,Krishna,08-05-2025,2025,5,0.672299888,IMD GRID MODEL
Andhra Pradesh,Krishna,15-05-2025,2025,5,2.754699697,IMD GRID MODEL
Andhra Pradesh,Krishna,16-05-2025,2025,5,22.2725241,IMD GRID MODEL
Andhra Pradesh,Krishna,21-05-2025,2025,5,8.510412252,IMD GRID MODEL
Andhra Pradesh,Krishna,23-05-2025,2025,5,4.420988365,IMD GRID MODEL
Andhra Pradesh,Krishna,24-05-2025,2025,5,9.17670011,IMD GRID MODEL
Andhra Pradesh,Krishna,25-05-2025,2025,5,7.788749931,IMD GRID MODEL
Andhra Pradesh,Krishna,27-05-2025,2025,5,0.041022355,IMD GRID MODEL
Andhra Pradesh,Krishna,02-06-2025,2025,6,0.005687221,IMD GRID MODEL
Andhra Pradesh,Krishna,06-06-2025,2025,6,0.061128306,IMD GRID MODEL
Andhra Pradesh,Krishna,07-06-2025,2025,6,4.482961852,IMD GRID MODEL
Andhra Pradesh,Krishna,09-06-2025,2025,6,0.718845318,IMD GRID MODEL
Andhra Pradesh,Krishna,11-06-2025,2025,6,31.58054763,IMD GRID MODEL
Andhra Pradesh,Krishna,15-06-2025,2025,6,3.564037103,IMD GRID MODEL
Andhra Pradesh,Krishna,23-06-2025,2025,6,5.878000411,IMD GRID MODEL
Andhra Pradesh,Krishna,25-06-2025,2025,6,9.799994327,IMD GRID MODEL
Andhra Pradesh,Kurnool,04-01-2025,2025,1,0,IMD GRID MODEL
Andhra Pradesh,Kurnool,07-01-2025,2025,1,0.008612148,IMD GRID MODEL
Andhra Pradesh,Kurnool,22-01-2025,2025,1,0,IMD GRID MODEL
Andhra Pradesh,Kurnool,29-01-2025,2025,1,0.0096281,IMD GRID MODEL
Andhra Pradesh,Kurnool,02-02-2025,2025,2,0.000346371,IMD GRID MODEL
Andhra Pradesh,Kurnool,16-02-2025,2025,2,0,IMD GRID MODEL
Andhra Pradesh,Kurnool,25-02-2025,2025,2,0,IMD GRID MODEL
Andhra Pradesh,Kurnool,27-02-2025,2025,2,8.31E-06,IMD GRID MODEL
Andhra Pradesh,Kurnool,15-03-2025,2025,3,0,IMD GRID MODEL
Andhra Pradesh,Kurnool,22-03-2025,2025,3,0.079370904,IMD GRID MODEL
Andhra Pradesh,Kurnool,23-03-2025,2025,3,5.501583938,IMD GRID MODEL
Andhra Pradesh,Kurnool,01-04-2025,2025,4,0,IMD GRID MODEL
Andhra Pradesh,Kurnool,02-04-2025,2025,4,0.000409606,IMD GRID MODEL
Andhra Pradesh,Kurnool,19-04-2025,2025,4,0.111924306,IMD GRID MODEL
Andhra Pradesh,Kurnool,28-04-2025,2025,4,6.564295633,IMD GRID MODEL
Andhra Pradesh,Kurnool,01-05-2025,2025,5,3.000042327,IMD GRID MODEL
Andhra Pradesh,Kurnool,10-05-2025,2025,5,0.000629877,IMD GRID MODEL
Andhra Pradesh,Kurnool,21-05-2025,2025,5,9.063992946,IMD GRID MODEL
Andhra Pradesh,Kurnool,30-05-2025,2025,5,4.384989558,IMD GRID MODEL
Andhra Pradesh,Kurnool,09-06-2025,2025,6,7.66990325,IMD GRID MODEL
Andhra Pradesh,Kurnool,27-06-2025,2025,6,0.219492543,IMD GRID MODEL
Andhra Pradesh,Prakasam,05-01-2025,2025,1,3.25E-05,IMD GRID MODEL
Andhra Pradesh,Prakasam,21-01-2025,2025,1,0,IMD GRID MODEL
Andhra Pradesh,Prakasam,22-01-2025,2025,1,0,IMD GRID MODEL
Andhra Pradesh,Prakasam,26-01-2025,2025,1,0.006190098,IMD GRID MODEL
Andhra Pradesh,Prakasam,31-01-2025,2025,1,0,IMD GRID MODEL
Andhra Pradesh,Prakasam,10-02-2025,2025,2,0,IMD GRID MODEL
Andhra Pradesh,Prakasam,16-02-2025,2025,2,0,IMD GRID MODEL
Andhra Pradesh,Prakasam,21-02-2025,2025,2,0,IMD GRID MODEL
Andhra Pradesh,Prakasam,25-02-2025,2025,2,0,IMD GRID MODEL
Andhra Pradesh,Prakasam,27-02-2025,2025,2,0,IMD GRID MODEL
Andhra Pradesh,Prakasam,04-03-2025,2025,3,0,IMD GRID MODEL
Andhra Pradesh,Prakasam,08-03-2025,2025,3,0,IMD GRID MODEL
Andhra Pradesh,Prakasam,11-03-2025,2025,3,0,IMD GRID MODEL
Andhra Pradesh,Prakasam,12-03-2025,2025,3,0,IMD GRID MODEL
Andhra Pradesh,Prakasam,15-03-2025,2025,3,0,IMD GRID MODEL
Andhra Pradesh,Prakasam,23-03-2025,2025,3,0.955964678,IMD GRID MODEL
Andhra Pradesh,Prakasam,28-03-2025,2025,3,0,IMD GRID MODEL
Andhra Pradesh,Prakasam,03-04-2025,2025,4,0.000305168,IMD GRID MODEL
Andhra Pradesh,Prakasam,06-04-2025,2025,4,0.025036497,IMD GRID MODEL
Andhra Pradesh,Prakasam,09-04-2025,2025,4,0.003102286,IMD GRID MODEL
Andhra Pradesh,Prakasam,10-04-2025,2025,4,0,IMD GRID MODEL
Andhra Pradesh,Prakasam,12-04-2025,2025,4,0.200165531,IMD GRID MODEL
Andhra Pradesh,Prakasam,13-04-2025,2025,4,0.03372825,IMD GRID MODEL
Andhra Pradesh,Prakasam,14-04-2025,2025,4,4.256263046,IMD GRID MODEL
Andhra Pradesh,Prakasam,16-04-2025,2025,4,7.7176528,IMD GRID MODEL
Andhra Pradesh,Prakasam,23-04-2025,2025,4,0,IMD GRID MODEL
Andhra Pradesh,Prakasam,24-04-2025,2025,4,0,IMD GRID MODEL
Andhra Pradesh,Prakasam,30-04-2025,2025,4,0.031907363,IMD GRID MODEL
Andhra Pradesh,Prakasam,01-05-2025,2025,5,1.926402819,IMD GRID MODEL
Andhra Pradesh,Prakasam,19-05-2025,2025,5,7.800915644,IMD GRID MODEL
Andhra Pradesh,Prakasam,28-05-2025,2025,5,3.40825437,IMD GRID MODEL
Andhra Pradesh,Prakasam,09-06-2025,2025,6,3.540275606,IMD GRID MODEL
Andhra Pradesh,Prakasam,14-06-2025,2025,6,0.506247336,IMD GRID MODEL
Andhra Pradesh,Prakasam,18-06-2025,2025,6,0.169294342,IMD GRID MODEL
Andhra Pradesh,Prakasam,20-06-2025,2025,6,0.262654733,IMD GRID MODEL
Andhra Pradesh,Prakasam,28-06-2025,2025,6,0.111284379,IMD GRID MODEL
Andhra Pradesh,SPSR Nellore,10-01-2025,2025,1,0.000289812,IMD GRID MODEL
Andhra Pradesh,SPSR Nellore,16-01-2025,2025,1,0.089969424,IMD GRID MODEL
Andhra Pradesh,SPSR Nellore,19-01-2025,2025,1,1.439722882,IMD GRID MODEL
Andhra Pradesh,SPSR Nellore,20-01-2025,2025,1,0.094468614,IMD GRID MODEL
Andhra Pradesh,SPSR Nellore,24-01-2025,2025,1,0.000550803,IMD GRID MODEL
Andhra Pradesh,SPSR Nellore,25-01-2025,2025,1,0,IMD GRID MODEL
Andhra Pradesh,SPSR Nellore,26-01-2025,2025,1,0.017852749,IMD GRID MODEL
Andhra Pradesh,SPSR Nellore,30-01-2025,2025,1,0,IMD GRID MODEL
Andhra Pradesh,SPSR Nellore,01-02-2025,2025,2,0,IMD GRID MODEL
Andhra Pradesh,SPSR Nellore,04-02-2025,2025,2,0,IMD GRID MODEL
Andhra Pradesh,SPSR Nellore,05-02-2025,2025,2,0,IMD GRID MODEL
Andhra Pradesh,SPSR Nellore,15-02-2025,2025,2,0,IMD GRID MODEL
Andhra Pradesh,SPSR Nellore,16-02-2025,2025,2,0,IMD GRID MODEL
Andhra Pradesh,SPSR Nellore,21-02-2025,2025,2,0,IMD GRID MODEL
Andhra Pradesh,SPSR Nellore,06-03-2025,2025,3,0.004348338,IMD GRID MODEL
Andhra Pradesh,SPSR Nellore,09-03-2025,2025,3,0,IMD GRID MODEL
Andhra Pradesh,SPSR Nellore,13-03-2025,2025,3,0,IMD GRID MODEL
Andhra Pradesh,SPSR Nellore,24-03-2025,2025,3,0.002310062,IMD GRID MODEL
Andhra Pradesh,SPSR Nellore,30-03-2025,2025,3,0.001355415,IMD GRID MODEL
Andhra Pradesh,SPSR Nellore,01-04-2025,2025,4,0,IMD GRID MODEL
Andhra Pradesh,SPSR Nellore,04-04-2025,2025,4,1.558350206,IMD GRID MODEL
Andhra Pradesh,SPSR Nellore,07-04-2025,2025,4,0.000721642,IMD GRID MODEL
Andhra Pradesh,SPSR Nellore,11-04-2025,2025,4,0.220836528,IMD GRID MODEL
Andhra Pradesh,SPSR Nellore,21-04-2025,2025,4,0,IMD GRID MODEL
Andhra Pradesh,SPSR Nellore,26-04-2025,2025,4,0,IMD GRID MODEL
Andhra Pradesh,SPSR Nellore,29-04-2025,2025,4,0,IMD GRID MODEL
Andhra Pradesh,SPSR Nellore,30-04-2025,2025,4,4.11E-07,IMD GRID MODEL
Andhra Pradesh,SPSR Nellore,08-05-2025,2025,5,0.745592223,IMD GRID MODEL
Andhra Pradesh,SPSR Nellore,10-05-2025,2025,5,0.041505258,IMD GRID MODEL
Andhra Pradesh,SPSR Nellore,16-05-2025,2025,5,1.335907047,IMD GRID MODEL
Andhra Pradesh,SPSR Nellore,17-05-2025,2025,5,1.285719477,IMD GRID MODEL
Andhra Pradesh,SPSR Nellore,26-05-2025,2025,5,12.74628915,IMD GRID MODEL
Andhra Pradesh,SPSR Nellore,29-05-2025,2025,5,0.006568966,IMD GRID MODEL
Andhra Pradesh,SPSR Nellore,01-06-2025,2025,6,0.329501364,IMD GRID MODEL
Andhra Pradesh,SPSR Nellore,07-06-2025,2025,6,1.231478478,IMD GRID MODEL
Andhra Pradesh,SPSR Nellore,09-06-2025,2025,6,2.30785956,IMD GRID MODEL
Andhra Pradesh,SPSR Nellore,18-06-2025,2025,6,0.893645167,IMD GRID MODEL
Andhra Pradesh,SPSR Nellore,15-06-2025,2025,6,1.282748334,IMD GRID MODEL
Andhra Pradesh,SPSR Nellore,26-06-2025,2025,6,5.19930115,IMD GRID MODEL
Andhra Pradesh,SPSR Nellore,27-06-2025,2025,6,1.81108911,IMD GRID MODEL
Andhra Pradesh,SPSR Nellore,29-06-2025,2025,6,0.367078539,IMD GRID MODEL
Andhra Pradesh,SPSR Nellore,30-06-2025,2025,6,1.633507448,IMD GRID MODEL
Andhra Pradesh,Srikakulam,05-01-2025,2025,1,0.000652684,IMD GRID MODEL
Andhra Pradesh,Srikakulam,11-01-2025,2025,1,0,IMD GRID MODEL
Andhra Pradesh,Srikakulam,16-01-2025,2025,1,0,IMD GRID MODEL
Andhra Pradesh,Srikakulam,18-01-2025,2025,1,4.59E-07,IMD GRID MODEL
Andhra Pradesh,Srikakulam,25-01-2025,2025,1,0.00303587,IMD GRID MODEL
Andhra Pradesh,Srikakulam,01-02-2025,2025,2,0,IMD GRID MODEL
Andhra Pradesh,Srikakulam,13-02-2025,2025,2,0,IMD GRID MODEL
Andhra Pradesh,Srikakulam,23-02-2025,2025,2,0.019484016,IMD GRID MODEL
Andhra Pradesh,Srikakulam,24-02-2025,2025,2,7.15E-05,IMD GRID MODEL
Andhra Pradesh,Srikakulam,27-02-2025,2025,2,0,IMD GRID MODEL
Andhra Pradesh,Srikakulam,07-03-2025,2025,3,0,IMD GRID MODEL
Andhra Pradesh,Srikakulam,10-03-2025,2025,3,0,IMD GRID MODEL
Andhra Pradesh,Srikakulam,13-03-2025,2025,3,0,IMD GRID MODEL
Andhra Pradesh,Anantapur,04-01-2025,2025,1,0,IMD GRID MODEL
Andhra Pradesh,Anantapur,05-01-2025,2025,1,0.000223812,IMD GRID MODEL
Andhra Pradesh,Anantapur,08-01-2025,2025,1,0,IMD GRID MODEL
Andhra Pradesh,Anantapur,27-01-2025,2025,1,0.000599142,IMD GRID MODEL
Andhra Pradesh,Chittoor,01-01-2025,2025,1,0,IMD GRID MODEL
Andhra Pradesh,Chittoor,06-01-2025,2025,1,0,IMD GRID MODEL
Andhra Pradesh,Chittoor,14-01-2025,2025,1,3.198436212,IMD GRID MODEL
Andhra Pradesh,Chittoor,17-01-2025,2025,1,0,IMD GRID MODEL
Andhra Pradesh,Chittoor,19-01-2025,2025,1,5.368560819,IMD GRID MODEL
Andhra Pradesh,Chittoor,20-01-2025,2025,1,6.079743707,IMD GRID MODEL
Andhra Pradesh,Chittoor,24-01-2025,2025,1,6.15E-05,IMD GRID MODEL
Andhra Pradesh,Chittoor,29-01-2025,2025,1,8.08E-06,IMD GRID MODEL
Andhra Pradesh,East Godavari,02-01-2025,2025,1,0.000161,IMD GRID MODEL
Andhra Pradesh,East Godavari,07-01-2025,2025,1,0.000108266,IMD GRID MODEL
Andhra Pradesh,East Godavari,09-01-2025,2025,1,0,IMD GRID MODEL
Andhra Pradesh,East Godavari,14-01-2025,2025,1,0,IMD GRID MODEL
Andhra Pradesh,East Godavari,17-01-2025,2025,1,0,IMD GRID MODEL
Andhra Pradesh,East Godavari,22-01-2025,2025,1,0,IMD GRID MODEL
Andhra Pradesh,East Godavari,23-01-2025,2025,1,0,IMD GRID MODEL
Andhra Pradesh,East Godavari,24-01-2025,2025,1,0,IMD GRID MODEL
Andhra Pradesh,East Godavari,26-01-2025,2025,1,1.31E-06,IMD GRID MODEL
Andhra Pradesh,East Godavari,25-01-2025,2025,1,0,IMD GRID MODEL
Andhra Pradesh,East Godavari,28-01-2025,2025,1,0,IMD GRID MODEL
Andhra Pradesh,Guntur,01-01-2025,2025,1,0.000145564,IMD GRID MODEL
Andhra Pradesh,Guntur,06-01-2025,2025,1,0.004981303,IMD GRID MODEL
Andhra Pradesh,Guntur,09-01-2025,2025,1,0,IMD GRID MODEL
Andhra Pradesh,Guntur,19-01-2025,2025,1,0.033745482,IMD GRID MODEL
Andhra Pradesh,Guntur,22-01-2025,2025,1,0,IMD GRID MODEL
Andhra Pradesh,Guntur,23-01-2025,2025,1,8.76E-05,IMD GRID MODEL
Andhra Pradesh,Guntur,30-01-2025,2025,1,0,IMD GRID MODEL
Andhra Pradesh,Krishna,05-01-2025,2025,1,0.014457404,IMD GRID MODEL
Andhra Pradesh,Krishna,13-01-2025,2025,1,7.07E-05,IMD GRID MODEL
Andhra Pradesh,Krishna,17-01-2025,2025,1,0,IMD GRID MODEL
Andhra Pradesh,Krishna,18-01-2025,2025,1,0.000142768,IMD GRID MODEL
Andhra Pradesh,Krishna,19-01-2025,2025,1,1.60E-05,IMD GRID MODEL
Andhra Pradesh,Krishna,20-01-2025,2025,1,0,IMD GRID MODEL
Andhra Pradesh,Krishna,21-01-2025,2025,1,0.001937665,IMD GRID MODEL
Andhra Pradesh,Krishna,23-01-2025,2025,1,0.000662021,IMD GRID MODEL
Andhra Pradesh,Kurnool,02-01-2025,2025,1,0.002961627,IMD GRID MODEL
Andhra Pradesh,Kurnool,06-01-2025,2025,1,0.000910678,IMD GRID MODEL
Andhra Pradesh,Kurnool,18-01-2025,2025,1,0,IMD GRID MODEL
Andhra Pradesh,Kurnool,19-01-2025,2025,1,0.008524722,IMD GRID MODEL
Andhra Pradesh,Kurnool,26-01-2025,2025,1,0.009494322,IMD GRID MODEL
Andhra Pradesh,Prakasam,01-01-2025,2025,1,0,IMD GRID MODEL
Andhra Pradesh,Prakasam,03-01-2025,2025,1,0.000311912,IMD GRID MODEL
Andhra Pradesh,Prakasam,07-01-2025,2025,1,0,IMD GRID MODEL
Andhra Pradesh,Prakasam,08-01-2025,2025,1,0,IMD GRID MODEL
Andhra Pradesh,Prakasam,14-01-2025,2025,1,0,IMD GRID MODEL
Andhra Pradesh,Prakasam,18-01-2025,2025,1,0,IMD GRID MODEL
Andhra Pradesh,Prakasam,19-01-2025,2025,1,0.004301148,IMD GRID MODEL
Andhra Pradesh,SPSR Nellore,05-01-2025,2025,1,0,IMD GRID MODEL
Andhra Pradesh,SPSR Nellore,18-01-2025,2025,1,0,IMD GRID MODEL
Andhra Pradesh,Srikakulam,04-01-2025,2025,1,0,IMD GRID MODEL
Andhra Pradesh,Srikakulam,09-01-2025,2025,1,0,IMD GRID MODEL
Andhra Pradesh,Srikakulam,13-01-2025,2025,1,0,IMD GRID MODEL
Andhra Pradesh,Srikakulam,21-01-2025,2025,1,0.000631546,IMD GRID MODEL
Andhra Pradesh,Srikakulam,24-01-2025,2025,1,3.38E-08,IMD GRID MODEL
Andhra Pradesh,Srikakulam,25-01-2025,2025,1,0.00303587,IMD GRID MODEL
Andhra Pradesh,Srikakulam,29-01-2025,2025,1,0,IMD GRID MODEL
Andhra Pradesh,Srikakulam,30-01-2025,2025,1,0,IMD GRID MODEL
Andhra Pradesh,Visakhapatanam,06-01-2025,2025,1,0,IMD GRID MODEL
Andhra Pradesh,Visakhapatanam,13-01-2025,2025,1,0.006484262,IMD GRID MODEL
Andhra Pradesh,Visakhapatanam,22-01-2025,2025,1,0,IMD GRID MODEL
Andhra Pradesh,Visakhapatanam,24-01-2025,2025,1,0,IMD GRID MODEL
Andhra Pradesh,Visakhapatanam,31-01-2025,2025,1,0,IMD GRID MODEL
Andhra Pradesh,Vizianagaram,06-01-2025,2025,1,0,IMD GRID MODEL
Andhra Pradesh,Vizianagaram,17-01-2025,2025,1,1.16E-05,IMD GRID MODEL
Andhra Pradesh,Vizianagaram,20-01-2025,2025,1,0,IMD GRID MODEL
Andhra Pradesh,Vizianagaram,21-01-2025,2025,1,0,IMD GRID MODEL
Andhra Pradesh,Vizianagaram,31-01-2025,2025,1,0,IMD GRID MODEL
Andhra Pradesh,West Godavari,14-01-2025,2025,1,0,IMD GRID MODEL
Andhra Pradesh,West Godavari,16-01-2025,2025,1,0.001844963,IMD GRID MODEL
Andhra Pradesh,West Godavari,25-01-2025,2025,1,0,IMD GRID MODEL
Andhra Pradesh,Y.S.R.,04-01-2025,2025,1,0,IMD GRID MODEL
Andhra Pradesh,Y.S.R.,06-01-2025,2025,1,0,IMD GRID MODEL
Andhra Pradesh,Y.S.R.,09-01-2025,2025,1,0,IMD GRID MODEL
Andhra Pradesh,Y.S.R.,10-01-2025,2025,1,0,IMD GRID MODEL
Andhra Pradesh,Y.S.R.,24-01-2025,2025,1,0.000864923,IMD GRID MODEL
Andhra Pradesh,Y.S.R.,30-01-2025,2025,1,0,IMD GRID MODEL
Andhra Pradesh,Anantapur,02-02-2025,2025,2,0.001414833,IMD GRID MODEL
Andhra Pradesh,Anantapur,15-02-2025,2025,2,0,IMD GRID MODEL
Andhra Pradesh,Anantapur,18-02-2025,2025,2,0,IMD GRID MODEL
Andhra Pradesh,Anantapur,24-02-2025,2025,2,0.003797711,IMD GRID MODEL
Andhra Pradesh,Anantapur,27-02-2025,2025,2,0.000172684,IMD GRID MODEL
Andhra Pradesh,Anantapur,28-02-2025,2025,2,0,IMD GRID MODEL
Andhra Pradesh,Chittoor,03-02-2025,2025,2,0,IMD GRID MODEL
Andhra Pradesh,East Godavari,04-02-2025,2025,2,0,IMD GRID MODEL
Andhra Pradesh,East Godavari,06-02-2025,2025,2,0,IMD GRID MODEL
Andhra Pradesh,East Godavari,15-02-2025,2025,2,0,IMD GRID MODEL
Andhra Pradesh,East Godavari,16-02-2025,2025,2,0,IMD GRID MODEL
Andhra Pradesh,East Godavari,18-02-2025,2025,2,0,IMD GRID MODEL
Andhra Pradesh,East Godavari,20-02-2025,2025,2,0,IMD GRID MODEL
Andhra Pradesh,East Godavari,22-02-2025,2025,2,0.073076711,IMD GRID MODEL
Andhra Pradesh,East Godavari,25-02-2025,2025,2,1.56E-05,IMD GRID MODEL
Andhra Pradesh,Guntur,05-02-2025,2025,2,0,IMD GRID MODEL
Andhra Pradesh,Guntur,15-02-2025,2025,2,0,IMD GRID MODEL
Andhra Pradesh,Guntur,19-02-2025,2025,2,0,IMD GRID MODEL
Andhra Pradesh,Guntur,22-02-2025,2025,2,0.003163874,IMD GRID MODEL
Andhra Pradesh,Guntur,24-02-2025,2025,2,0,IMD GRID MODEL
Andhra Pradesh,Krishna,14-02-2025,2025,2,0,IMD GRID MODEL
Andhra Pradesh,Krishna,16-02-2025,2025,2,0,IMD GRID MODEL
Andhra Pradesh,Krishna,18-02-2025,2025,2,0,IMD GRID MODEL
Andhra Pradesh,Krishna,23-02-2025,2025,2,0.000479991,IMD GRID MODEL
Andhra Pradesh,Krishna,26-02-2025,2025,2,0.000291762,IMD GRID MODEL
Andhra Pradesh,Kurnool,04-02-2025,2025,2,0.000266961,IMD GRID MODEL
Andhra Pradesh,Kurnool,08-02-2025,2025,2,0,IMD GRID MODEL
Andhra Pradesh,Kurnool,23-02-2025,2025,2,0,IMD GRID MODEL
Andhra Pradesh,Prakasam,03-02-2025,2025,2,0,IMD GRID MODEL
Andhra Pradesh,Prakasam,04-02-2025,2025,2,0,IMD GRID MODEL
Andhra Pradesh,Prakasam,08-02-2025,2025,2,0,IMD GRID MODEL
Andhra Pradesh,Prakasam,13-02-2025,2025,2,0.000654614,IMD GRID MODEL
Andhra Pradesh,Prakasam,17-02-2025,2025,2,0,IMD GRID MODEL
Andhra Pradesh,Prakasam,20-02-2025,2025,2,0,IMD GRID MODEL
Andhra Pradesh,Prakasam,21-02-2025,2025,2,0,IMD GRID MODEL
Andhra Pradesh,Prakasam,24-02-2025,2025,2,0,IMD GRID MODEL
Andhra Pradesh,SPSR Nellore,10-02-2025,2025,2,0,IMD GRID MODEL
Andhra Pradesh,SPSR Nellore,16-02-2025,2025,2,0,IMD GRID MODEL
Andhra Pradesh,SPSR Nellore,19-02-2025,2025,2,0,IMD GRID MODEL
Andhra Pradesh,SPSR Nellore,23-02-2025,2025,2,0,IMD GRID MODEL
Andhra Pradesh,SPSR Nellore,24-02-2025,2025,2,0,IMD GRID MODEL
Andhra Pradesh,SPSR Nellore,25-02-2025,2025,2,0,IMD GRID MODEL
Andhra Pradesh,SPSR Nellore,28-02-2025,2025,2,0.006198984,IMD GRID MODEL
Andhra Pradesh,Srikakulam,01-02-2025,2025,2,0,IMD GRID MODEL
Andhra Pradesh,Srikakulam,13-02-2025,2025,2,0,IMD GRID MODEL
Andhra Pradesh,Srikakulam,21-02-2025,2025,2,0.229731455,IMD GRID MODEL
Andhra Pradesh,Srikakulam,27-02-2025,2025,2,0,IMD GRID MODEL
Andhra Pradesh,Visakhapatanam,07-02-2025,2025,2,0,IMD GRID MODEL
Andhra Pradesh,Visakhapatanam,17-02-2025,2025,2,0,IMD GRID MODEL
Andhra Pradesh,Visakhapatanam,19-02-2025,2025,2,0,IMD GRID MODEL
Andhra Pradesh,Visakhapatanam,24-02-2025,2025,2,0,IMD GRID MODEL
Andhra Pradesh,Visakhapatanam,27-02-2025,2025,2,0,IMD GRID MODEL
Andhra Pradesh,Vizianagaram,01-02-2025,2025,2,0,IMD GRID MODEL
Andhra Pradesh,Vizianagaram,03-02-2025,2025,2,0,IMD GRID MODEL
Andhra Pradesh,Vizianagaram,08-02-2025,2025,2,0.063195324,IMD GRID MODEL
Andhra Pradesh,Vizianagaram,14-02-2025,2025,2,0,IMD GRID MODEL
Andhra Pradesh,Vizianagaram,20-02-2025,2025,2,0.002262641,IMD GRID MODEL
Andhra Pradesh,Vizianagaram,21-02-2025,2025,2,0.796427981,IMD GRID MODEL
Andhra Pradesh,Vizianagaram,22-02-2025,2025,2,0.150977686,IMD GRID MODEL
Andhra Pradesh,Vizianagaram,25-02-2025,2025,2,0,IMD GRID MODEL
Andhra Pradesh,West Godavari,02-02-2025,2025,2,0,IMD GRID MODEL
Andhra Pradesh,West Godavari,09-02-2025,2025,2,0,IMD GRID MODEL
Andhra Pradesh,West Godavari,10-02-2025,2025,2,0,IMD GRID MODEL
Andhra Pradesh,West Godavari,13-02-2025,2025,2,9.12E-05,IMD GRID MODEL
Andhra Pradesh,West Godavari,22-02-2025,2025,2,0.087438601,IMD GRID MODEL
Andhra Pradesh,West Godavari,24-02-2025,2025,2,0,IMD GRID MODEL
Andhra Pradesh,Y.S.R.,02-02-2025,2025,2,0.000585538,IMD GRID MODEL
Andhra Pradesh,Y.S.R.,03-02-2025,2025,2,0.000456625,IMD GRID MODEL
Andhra Pradesh,Y.S.R.,04-02-2025,2025,2,0.001797424,IMD GRID MODEL
Andhra Pradesh,Y.S.R.,07-02-2025,2025,2,0,IMD GRID MODEL
Andhra Pradesh,Y.S.R.,10-02-2025,2025,2,0.006338374,IMD GRID MODEL
Andhra Pradesh,Y.S.R.,16-02-2025,2025,2,0,IMD GRID MODEL
Andhra Pradesh,Anantapur,03-03-2025,2025,3,0,IMD GRID MODEL
Andhra Pradesh,Anantapur,06-03-2025,2025,3,0.000754101,IMD GRID MODEL
Andhra Pradesh,Anantapur,12-03-2025,2025,3,0,IMD GRID MODEL
Andhra Pradesh,Anantapur,16-03-2025,2025,3,0,IMD GRID MODEL
Andhra Pradesh,Anantapur,20-03-2025,2025,3,0.000412553,IMD GRID MODEL
Andhra Pradesh,Chittoor,05-03-2025,2025,3,0.0208273,IMD GRID MODEL
Andhra Pradesh,Chittoor,17-03-2025,2025,3,0,IMD GRID MODEL
Andhra Pradesh,Chittoor,19-03-2025,2025,3,0,IMD GRID MODEL
Andhra Pradesh,Chittoor,21-03-2025,2025,3,0,IMD GRID MODEL
Andhra Pradesh,Chittoor,22-03-2025,2025,3,0,IMD GRID MODEL
Andhra Pradesh,Chittoor,27-03-2025,2025,3,0,IMD GRID MODEL
Andhra Pradesh,Chittoor,31-03-2025,2025,3,0.000106387,IMD GRID MODEL
Andhra Pradesh,East Godavari,03-03-2025,2025,3,0.000274183,IMD GRID MODEL
Andhra Pradesh,East Godavari,14-03-2025,2025,3,0,IMD GRID MODEL
Andhra Pradesh,East Godavari,20-03-2025,2025,3,0,IMD GRID MODEL
Andhra Pradesh,East Godavari,21-03-2025,2025,3,0,IMD GRID MODEL
Andhra Pradesh,East Godavari,22-03-2025,2025,3,0.147833536,IMD GRID MODEL
Andhra Pradesh,East Godavari,23-03-2025,2025,3,0.640109053,IMD GRID MODEL
Andhra Pradesh,East Godavari,25-03-2025,2025,3,0.637972026,IMD GRID MODEL
Andhra Pradesh,Guntur,08-03-2025,2025,3,0,IMD GRID MODEL
Andhra Pradesh,Guntur,12-03-2025,2025,3,0,IMD GRID MODEL
Andhra Pradesh,Guntur,21-03-2025,2025,3,0,IMD GRID MODEL
Andhra Pradesh,Guntur,23-03-2025,2025,3,0.063208768,IMD GRID MODEL
Andhra Pradesh,Krishna,01-03-2025,2025,3,0,IMD GRID MODEL
Andhra Pradesh,Krishna,05-03-2025,2025,3,0.20637282,IMD GRID MODEL
Andhra Pradesh,Krishna,12-03-2025,2025,3,0.00492541,IMD GRID MODEL
Andhra Pradesh,Krishna,23-03-2025,2025,3,1.623399968,IMD GRID MODEL
Andhra Pradesh,Kurnool,10-03-2025,2025,3,7.37E-05,IMD GRID MODEL
Andhra Pradesh,Kurnool,12-03-2025,2025,3,0,IMD GRID MODEL
Andhra Pradesh,Kurnool,13-03-2025,2025,3,0,IMD GRID MODEL
Andhra Pradesh,Kurnool,23-03-2025,2025,3,5.501583938,IMD GRID MODEL
Andhra Pradesh,Prakasam,01-03-2025,2025,3,-0.000349835,IMD GRID MODEL
Andhra Pradesh,Prakasam,03-03-2025,2025,3,0,IMD GRID MODEL
Andhra Pradesh,Prakasam,12-03-2025,2025,3,0,IMD GRID MODEL
Andhra Pradesh,Prakasam,17-03-2025,2025,3,0,IMD GRID MODEL
Andhra Pradesh,Prakasam,19-03-2025,2025,3,0,IMD GRID MODEL
Andhra Pradesh,Prakasam,20-03-2025,2025,3,0,IMD GRID MODEL
Andhra Pradesh,Prakasam,21-03-2025,2025,3,0,IMD GRID MODEL
Andhra Pradesh,Prakasam,26-03-2025,2025,3,0,IMD GRID MODEL
Andhra Pradesh,SPSR Nellore,09-03-2025,2025,3,0,IMD GRID MODEL
Andhra Pradesh,SPSR Nellore,13-03-2025,2025,3,0,IMD GRID MODEL
Andhra Pradesh,SPSR Nellore,27-03-2025,2025,3,0,IMD GRID MODEL
Andhra Pradesh,Srikakulam,01-03-2025,2025,3,0,IMD GRID MODEL
Andhra Pradesh,Srikakulam,03-03-2025,2025,3,0.09117135,IMD GRID MODEL
Andhra Pradesh,Srikakulam,07-03-2025,2025,3,0,IMD GRID MODEL
Andhra Pradesh,Srikakulam,11-03-2025,2025,3,0,IMD GRID MODEL
Andhra Pradesh,Srikakulam,31-03-2025,2025,3,4.59E-07,IMD GRID MODEL
Andhra Pradesh,Visakhapatanam,14-03-2025,2025,3,0,IMD GRID MODEL
Andhra Pradesh,Visakhapatanam,16-03-2025,2025,3,0.078995652,IMD GRID MODEL
Andhra Pradesh,Visakhapatanam,30-03-2025,2025,3,0.84895592,IMD GRID MODEL
Andhra Pradesh,Vizianagaram,01-03-2025,2025,3,0,IMD GRID MODEL
Andhra Pradesh,Vizianagaram,07-03-2025,2025,3,0,IMD GRID MODEL
Andhra Pradesh,Vizianagaram,08-03-2025,2025,3,0,IMD GRID MODEL
Andhra Pradesh,Vizianagaram,17-03-2025,2025,3,1.37E-05,IMD GRID MODEL
Andhra Pradesh,Vizianagaram,22-03-2025,2025,3,0.004931342,IMD GRID MODEL
Andhra Pradesh,Vizianagaram,27-03-2025,2025,3,0,IMD GRID MODEL
Andhra Pradesh,West Godavari,06-03-2025,2025,3,0.182784187,IMD GRID MODEL
Andhra Pradesh,West Godavari,12-03-2025,2025,3,0.095017223,IMD GRID MODEL
Andhra Pradesh,West Godavari,18-03-2025,2025,3,0,IMD GRID MODEL
Andhra Pradesh,West Godavari,22-03-2025,2025,3,0.020999717,IMD GRID MODEL
Andhra Pradesh,West Godavari,25-03-2025,2025,3,0.049724497,IMD GRID MODEL
Andhra Pradesh,West Godavari,31-03-2025,2025,3,0.003330773,IMD GRID MODEL
Andhra Pradesh,Y.S.R.,04-03-2025,2025,3,0.0003416,IMD GRID MODEL
Andhra Pradesh,Y.S.R.,10-03-2025,2025,3,0.001407212,IMD GRID MODEL
Andhra Pradesh,Y.S.R.,15-03-2025,2025,3,0,IMD GRID MODEL
Andhra Pradesh,Y.S.R.,17-03-2025,2025,3,0,IMD GRID MODEL
Andhra Pradesh,Y.S.R.,18-03-2025,2025,3,0,IMD GRID MODEL
Andhra Pradesh,Y.S.R.,19-03-2025,2025,3,0,IMD GRID MODEL
Andhra Pradesh,Y.S.R.,31-03-2025,2025,3,0.013362491,IMD GRID MODEL
Andhra Pradesh,Anantapur,01-04-2025,2025,4,0.000336101,IMD GRID MODEL
Andhra Pradesh,Anantapur,07-04-2025,2025,4,0.018947695,IMD GRID MODEL
Andhra Pradesh,Anantapur,11-04-2025,2025,4,1.18052969,IMD GRID MODEL
Andhra Pradesh,Anantapur,12-04-2025,2025,4,0.497299315,IMD GRID MODEL
Andhra Pradesh,Anantapur,14-04-2025,2025,4,0.136012441,IMD GRID MODEL
Andhra Pradesh,Anantapur,16-04-2025,2025,4,0.045282256,IMD GRID MODEL
Andhra Pradesh,Anantapur,23-04-2025,2025,4,0,IMD GRID MODEL
Andhra Pradesh,Anantapur,26-04-2025,2025,4,0.068815502,IMD GRID MODEL
Andhra Pradesh,Chittoor,06-04-2025,2025,4,0.036341042,IMD GRID MODEL
Andhra Pradesh,Chittoor,08-04-2025,2025,4,0,IMD GRID MODEL
Andhra Pradesh,Chittoor,10-04-2025,2025,4,0.002423181,IMD GRID MODEL
Andhra Pradesh,Chittoor,12-04-2025,2025,4,1.009013342,IMD GRID MODEL
Andhra Pradesh,Chittoor,13-04-2025,2025,4,0.042435967,IMD GRID MODEL
Andhra Pradesh,Chittoor,15-04-2025,2025,4,2.25460965,IMD GRID MODEL
Andhra Pradesh,Chittoor,17-04-2025,2025,4,1.143240512,IMD GRID MODEL
Andhra Pradesh,Chittoor,21-04-2025,2025,4,0.234625524,IMD GRID MODEL
Andhra Pradesh,Chittoor,26-04-2025,2025,4,2.69E-06,IMD GRID MODEL
Andhra Pradesh,Chittoor,29-04-2025,2025,4,0,IMD GRID MODEL
Andhra Pradesh,East Godavari,15-04-2025,2025,4,0.001113142,IMD GRID MODEL
Andhra Pradesh,East Godavari,27-04-2025,2025,4,0.04014885,IMD GRID MODEL
Andhra Pradesh,East Godavari,30-04-2025,2025,4,5.736577746,IMD GRID MODEL
Andhra Pradesh,Guntur,06-04-2025,2025,4,0.569138804,IMD GRID MODEL
Andhra Pradesh,Guntur,07-04-2025,2025,4,0.434971854,IMD GRID MODEL
Andhra Pradesh,Guntur,16-04-2025,2025,4,3.744769769,IMD GRID MODEL
Andhra Pradesh,Guntur,20-04-2025,2025,4,0.070368101,IMD GRID MODEL
Andhra Pradesh,Guntur,22-04-2025,2025,4,0,IMD GRID MODEL
Andhra Pradesh,Guntur,26-04-2025,2025,4,0,IMD GRID MODEL
Andhra Pradesh,Guntur,29-04-2025,2025,4,5.27E-05,IMD GRID MODEL
Andhra Pradesh,Krishna,07-04-2025,2025,4,0.262988075,IMD GRID MODEL
Andhra Pradesh,Krishna,19-04-2025,2025,4,0.030863473,IMD GRID MODEL
Andhra Pradesh,Krishna,21-04-2025,2025,4,0.121151705,IMD GRID MODEL
Andhra Pradesh,Krishna,22-04-2025,2025,4,0,IMD GRID MODEL
Andhra Pradesh,Krishna,24-04-2025,2025,4,0,IMD GRID MODEL
Andhra Pradesh,Krishna,26-04-2025,2025,4,0.001458488,IMD GRID MODEL
Andhra Pradesh,Kurnool,08-04-2025,2025,4,0.001486627,IMD GRID MODEL
Andhra Pradesh,Kurnool,12-04-2025,2025,4,0.183073337,IMD GRID MODEL
Andhra Pradesh,Kurnool,15-04-2025,2025,4,0.606952316,IMD GRID MODEL
Andhra Pradesh,Kurnool,18-04-2025,2025,4,0.284381688,IMD GRID MODEL
Andhra Pradesh,Kurnool,23-04-2025,2025,4,0.001268025,IMD GRID MODEL
Andhra Pradesh,Prakasam,07-04-2025,2025,4,0.003430053,IMD GRID MODEL
Andhra Pradesh,Prakasam,08-04-2025,2025,4,0.043975357,IMD GRID MODEL
Andhra Pradesh,Prakasam,09-04-2025,2025,4,0.003102286,IMD GRID MODEL
Andhra Pradesh,Prakasam,13-04-2025,2025,4,0.03372825,IMD GRID MODEL
Andhra Pradesh,Prakasam,18-04-2025,2025,4,0.0521164,IMD GRID MODEL
Andhra Pradesh,Prakasam,21-04-2025,2025,4,0.029699971,IMD GRID MODEL
Andhra Pradesh,Prakasam,22-04-2025,2025,4,0,IMD GRID MODEL
Andhra Pradesh,Prakasam,30-04-2025,2025,4,0.031907363,IMD GRID MODEL
Andhra Pradesh,SPSR Nellore,05-04-2025,2025,4,0.251685862,IMD GRID MODEL
Andhra Pradesh,SPSR Nellore,07-04-2025,2025,4,0.000721642,IMD GRID MODEL
Andhra Pradesh,SPSR Nellore,08-04-2025,2025,4,0,IMD GRID MODEL
Andhra Pradesh,SPSR Nellore,13-04-2025,2025,4,-0.005356023,IMD GRID MODEL
Andhra Pradesh,SPSR Nellore,19-04-2025,2025,4,0,IMD GRID MODEL
Andhra Pradesh,SPSR Nellore,21-04-2025,2025,4,0,IMD GRID MODEL
Andhra Pradesh,SPSR Nellore,23-04-2025,2025,4,0.00409398,IMD GRID MODEL
Andhra Pradesh,SPSR Nellore,24-04-2025,2025,4,0,IMD GRID MODEL
Andhra Pradesh,SPSR Nellore,27-04-2025,2025,4,0,IMD GRID MODEL
Andhra Pradesh,SPSR Nellore,29-04-2025,2025,4,0,IMD GRID MODEL
Andhra Pradesh,Srikakulam,11-04-2025,2025,4,0.878261833,IMD GRID MODEL
Andhra Pradesh,Srikakulam,20-04-2025,2025,4,0.001111849,IMD GRID MODEL
Andhra Pradesh,Srikakulam,28-04-2025,2025,4,0.445767128,IMD GRID MODEL
Andhra Pradesh,Srikakulam,29-04-2025,2025,4,5.181103771,IMD GRID MODEL
Andhra Pradesh,Visakhapatanam,01-04-2025,2025,4,0.024539304,IMD GRID MODEL
Andhra Pradesh,Visakhapatanam,06-04-2025,2025,4,5.686552121,IMD GRID MODEL
Andhra Pradesh,Visakhapatanam,08-04-2025,2025,4,0.346459187,IMD GRID MODEL
Andhra Pradesh,Visakhapatanam,16-04-2025,2025,4,8.875994447,IMD GRID MODEL
Andhra Pradesh,Visakhapatanam,18-04-2025,2025,4,0.202274052,IMD GRID MODEL
Andhra Pradesh,Visakhapatanam,22-04-2025,2025,4,0,IMD GRID MODEL
Andhra Pradesh,Vizianagaram,01-04-2025,2025,4,0.000249805,IMD GRID MODEL
Andhra Pradesh,Vizianagaram,02-04-2025,2025,4,0,IMD GRID MODEL
Andhra Pradesh,Vizianagaram,03-04-2025,2025,4,0.000427666,IMD GRID MODEL
Andhra Pradesh,Vizianagaram,13-04-2025,2025,4,0.290751717,IMD GRID MODEL
Andhra Pradesh,Vizianagaram,15-04-2025,2025,4,0.150660268,IMD GRID MODEL
Andhra Pradesh,Vizianagaram,18-04-2025,2025,4,0.008449527,IMD GRID MODEL
Andhra Pradesh,Vizianagaram,20-04-2025,2025,4,0.010395632,IMD GRID MODEL
Andhra Pradesh,Vizianagaram,25-04-2025,2025,4,0.167289317,IMD GRID MODEL
Andhra Pradesh,Vizianagaram,30-04-2025,2025,4,14.3477348,IMD GRID MODEL
Andhra Pradesh,West Godavari,03-04-2025,2025,4,0,IMD GRID MODEL
Andhra Pradesh,West Godavari,05-04-2025,2025,4,0.492804585,IMD GRID MODEL
Andhra Pradesh,West Godavari,06-04-2025,2025,4,0.633101131,IMD GRID MODEL
Andhra Pradesh,West Godavari,10-04-2025,2025,4,0.640705133,IMD GRID MODEL
Andhra Pradesh,West Godavari,14-04-2025,2025,4,11.14802348,IMD GRID MODEL
Andhra Pradesh,Y.S.R.,02-04-2025,2025,4,0.000545902,IMD GRID MODEL
Andhra Pradesh,Y.S.R.,03-04-2025,2025,4,0.000760175,IMD GRID MODEL
Andhra Pradesh,Y.S.R.,06-04-2025,2025,4,0.014407945,IMD GRID MODEL
Andhra Pradesh,Y.S.R.,15-04-2025,2025,4,0.701508446,IMD GRID MODEL
Andhra Pradesh,Y.S.R.,16-04-2025,2025,4,2.544551437,IMD GRID MODEL
Andhra Pradesh,Y.S.R.,18-04-2025,2025,4,0.067303453,IMD GRID MODEL
Andhra Pradesh,Y.S.R.,21-04-2025,2025,4,0.797704333,IMD GRID MODEL
Andhra Pradesh,Y.S.R.,26-04-2025,2025,4,0.000281962,IMD GRID MODEL
Andhra Pradesh,Y.S.R.,27-04-2025,2025,4,0,IMD GRID MODEL
Andhra Pradesh,Y.S.R.,29-04-2025,2025,4,0.00769844,IMD GRID MODEL
Andhra Pradesh,Anantapur,02-05-2025,2025,5,0.589501263,IMD GRID MODEL
Andhra Pradesh,Anantapur,19-05-2025,2025,5,10.31342353,IMD GRID MODEL
Andhra Pradesh,Anantapur,21-05-2025,2025,5,9.098412105,IMD GRID MODEL
Andhra Pradesh,Anantapur,23-05-2025,2025,5,0.185925982,IMD GRID MODEL
Andhra Pradesh,Anantapur,27-05-2025,2025,5,2.823768311,IMD GRID MODEL
Andhra Pradesh,Chittoor,05-05-2025,2025,5,3.952780447,IMD GRID MODEL
Andhra Pradesh,Chittoor,08-05-2025,2025,5,8.580202643,IMD GRID MODEL
Andhra Pradesh,Chittoor,19-05-2025,2025,5,15.00441064,IMD GRID MODEL
Andhra Pradesh,Chittoor,22-05-2025,2025,5,3.034826733,IMD GRID MODEL
Andhra Pradesh,Chittoor,27-05-2025,2025,5,0.593400467,IMD GRID MODEL
Andhra Pradesh,Chittoor,29-05-2025,2025,5,0.357518724,IMD GRID MODEL
Andhra Pradesh,Chittoor,31-05-2025,2025,5,0.177534291,IMD GRID MODEL
Andhra Pradesh,East Godavari,04-05-2025,2025,5,6.270121181,IMD GRID MODEL
Andhra Pradesh,East Godavari,10-05-2025,2025,5,2.507447691,IMD GRID MODEL
Andhra Pradesh,East Godavari,15-05-2025,2025,5,2.222726956,IMD GRID MODEL
Andhra Pradesh,East Godavari,21-05-2025,2025,5,21.40979336,IMD GRID MODEL
Andhra Pradesh,East Godavari,22-05-2025,2025,5,11.50446621,IMD GRID MODEL
Andhra Pradesh,East Godavari,23-05-2025,2025,5,8.552131743,IMD GRID MODEL
Andhra Pradesh,East Godavari,30-05-2025,2025,5,8.746888797,IMD GRID MODEL
Andhra Pradesh,East Godavari,31-05-2025,2025,5,2.691122159,IMD GRID MODEL
Andhra Pradesh,Guntur,01-05-2025,2025,5,1.089824074,IMD GRID MODEL
Andhra Pradesh,Guntur,02-05-2025,2025,5,2.596602261,IMD GRID MODEL
Andhra Pradesh,Guntur,22-05-2025,2025,5,36.25012145,IMD GRID MODEL
Andhra Pradesh,Guntur,24-05-2025,2025,5,10.4996572,IMD GRID MODEL
Andhra Pradesh,Guntur,26-05-2025,2025,5,5.307419592,IMD GRID MODEL
Andhra Pradesh,Guntur,27-05-2025,2025,5,0.056719314,IMD GRID MODEL
Andhra Pradesh,Guntur,29-05-2025,2025,5,0.57115639,IMD GRID MODEL
Andhra Pradesh,Krishna,03-05-2025,2025,5,0.026471358,IMD GRID MODEL
Andhra Pradesh,Krishna,05-05-2025,2025,5,14.86290049,IMD GRID MODEL
Andhra Pradesh,Krishna,08-05-2025,2025,5,0.672299888,IMD GRID MODEL
Andhra Pradesh,Krishna,16-05-2025,2025,5,22.2725241,IMD GRID MODEL
Andhra Pradesh,Krishna,24-05-2025,2025,5,9.17670011,IMD GRID MODEL
Andhra Pradesh,Kurnool,03-05-2025,2025,5,6.099564145,IMD GRID MODEL
Andhra Pradesh,Kurnool,08-05-2025,2025,5,2.132095081,IMD GRID MODEL
Andhra Pradesh,Kurnool,09-05-2025,2025,5,0.167009613,IMD GRID MODEL
Andhra Pradesh,Kurnool,29-05-2025,2025,5,2.564679554,IMD GRID MODEL
Andhra Pradesh,Prakasam,07-05-2025,2025,5,7.395311915,IMD GRID MODEL
Andhra Pradesh,Prakasam,10-05-2025,2025,5,1.69E-06,IMD GRID MODEL
Andhra Pradesh,Prakasam,18-05-2025,2025,5,11.60001727,IMD GRID MODEL
Andhra Pradesh,Prakasam,30-05-2025,2025,5,1.816018284,IMD GRID MODEL
Andhra Pradesh,Prakasam,31-05-2025,2025,5,0.330034011,IMD GRID MODEL
Andhra Pradesh,SPSR Nellore,09-05-2025,2025,5,5.50780581,IMD GRID MODEL
Andhra Pradesh,SPSR Nellore,19-05-2025,2025,5,10.20472244,IMD GRID MODEL
Andhra Pradesh,SPSR Nellore,21-05-2025,2025,5,11.43748218,IMD GRID MODEL
Andhra Pradesh,SPSR Nellore,29-05-2025,2025,5,0.006568966,IMD GRID MODEL
Andhra Pradesh,SPSR Nellore,30-05-2025,2025,5,2.341669538,IMD GRID MODEL
Andhra Pradesh,Srikakulam,01-05-2025,2025,5,0.372864253,IMD GRID MODEL
Andhra Pradesh,Srikakulam,08-05-2025,2025,5,0.296512014,IMD GRID MODEL
Andhra Pradesh,Srikakulam,15-05-2025,2025,5,11.73331627,IMD GRID MODEL
Andhra Pradesh,Srikakulam,26-05-2025,2025,5,3.197667549,IMD GRID MODEL
Andhra Pradesh,Srikakulam,27-05-2025,2025,5,5.360053778,IMD GRID MODEL
Andhra Pradesh,Srikakulam,28-05-2025,2025,5,34.77623484,IMD GRID MODEL
Andhra Pradesh,Visakhapatanam,03-05-2025,2025,5,0.024025469,IMD GRID MODEL
Andhra Pradesh,Visakhapatanam,04-05-2025,2025,5,11.67380869,IMD GRID MODEL
Andhra Pradesh,Visakhapatanam,10-05-2025,2025,5,0.310491176,IMD GRID MODEL
Andhra Pradesh,Visakhapatanam,16-05-2025,2025,5,9.612133727,IMD GRID MODEL
Andhra Pradesh,Visakhapatanam,17-05-2025,2025,5,3.730188381,IMD GRID MODEL
Andhra Pradesh,Visakhapatanam,24-05-2025,2025,5,1.330356169,IMD GRID MODEL
Andhra Pradesh,Visakhapatanam,26-05-2025,2025,5,12.44986357,IMD GRID MODEL
Andhra Pradesh,Visakhapatanam,28-05-2025,2025,5,54.01642353,IMD GRID MODEL
Andhra Pradesh,Visakhapatanam,29-05-2025,2025,5,13.29305981,IMD GRID MODEL
Andhra Pradesh,Visakhapatanam,30-05-2025,2025,5,11.96476989,IMD GRID MODEL
Andhra Pradesh,Visakhapatanam,31-05-2025,2025,5,5.240859278,IMD GRID MODEL
Andhra Pradesh,Vizianagaram,01-05-2025,2025,5,6.034434875,IMD GRID MODEL
Andhra Pradesh,Vizianagaram,03-05-2025,2025,5,1.96E-05,IMD GRID MODEL
Andhra Pradesh,Vizianagaram,04-05-2025,2025,5,6.931841052,IMD GRID MODEL
Andhra Pradesh,Vizianagaram,06-05-2025,2025,5,0.004969266,IMD GRID MODEL
Andhra Pradesh,Vizianagaram,08-05-2025,2025,5,2.854171598,IMD GRID MODEL
Andhra Pradesh,Vizianagaram,15-05-2025,2025,5,9.459284399,IMD GRID MODEL
Andhra Pradesh,Vizianagaram,21-05-2025,2025,5,9.011803381,IMD GRID MODEL
Andhra Pradesh,Vizianagaram,28-05-2025,2025,5,32.14264354,IMD GRID MODEL
Andhra Pradesh,West Godavari,04-05-2025,2025,5,4.403132625,IMD GRID MODEL
Andhra Pradesh,West Godavari,09-05-2025,2025,5,0.990460721,IMD GRID MODEL
Andhra Pradesh,West Godavari,21-05-2025,2025,5,12.28720555,IMD GRID MODEL
Andhra Pradesh,West Godavari,22-05-2025,2025,5,13.63681406,IMD GRID MODEL
Andhra Pradesh,West Godavari,26-05-2025,2025,5,5.306642304,IMD GRID MODEL
Andhra Pradesh,West Godavari,30-05-2025,2025,5,5.82317825,IMD GRID MODEL
Andhra Pradesh,Y.S.R.,10-05-2025,2025,5,0.066566126,IMD GRID MODEL
Andhra Pradesh,Y.S.R.,28-05-2025,2025,5,0.169313938,IMD GRID MODEL
Andhra Pradesh,Anantapur,02-06-2025,2025,6,0.44990405,IMD GRID MODEL
Andhra Pradesh,Anantapur,15-06-2025,2025,6,0.06845154,IMD GRID MODEL
Andhra Pradesh,Anantapur,17-06-2025,2025,6,0.041220061,IMD GRID MODEL
Andhra Pradesh,Anantapur,21-06-2025,2025,6,1.291240249,IMD GRID MODEL
Andhra Pradesh,Chittoor,07-06-2025,2025,6,0.222141029,IMD GRID MODEL
Andhra Pradesh,Chittoor,08-06-2025,2025,6,1.212601546,IMD GRID MODEL
Andhra Pradesh,Chittoor,11-06-2025,2025,6,1.280503543,IMD GRID MODEL
Andhra Pradesh,Chittoor,09-06-2025,2025,6,0.973146167,IMD GRID MODEL
Andhra Pradesh,Chittoor,13-06-2025,2025,6,16.06937781,IMD GRID MODEL
Andhra Pradesh,Chittoor,25-06-2025,2025,6,0.021754067,IMD GRID MODEL
Andhra Pradesh,Chittoor,28-06-2025,2025,6,0.719796531,IMD GRID MODEL
Andhra Pradesh,East Godavari,04-06-2025,2025,6,0.131496557,IMD GRID MODEL
Andhra Pradesh,East Godavari,06-06-2025,2025,6,0.125444299,IMD GRID MODEL
Andhra Pradesh,Guntur,30-06-2025,2025,6,5.239616822,IMD GRID MODEL
Andhra Pradesh,Krishna,03-06-2025,2025,6,0.221415426,IMD GRID MODEL
Andhra Pradesh,Krishna,05-06-2025,2025,6,0.022994149,IMD GRID MODEL
Andhra Pradesh,Krishna,06-06-2025,2025,6,0.061128306,IMD GRID MODEL
Andhra Pradesh,Krishna,09-06-2025,2025,6,0.718845318,IMD GRID MODEL
Andhra Pradesh,Krishna,21-06-2025,2025,6,0.292187199,IMD GRID MODEL
Andhra Pradesh,Krishna,22-06-2025,2025,6,8.164678489,IMD GRID MODEL
Andhra Pradesh,Krishna,26-06-2025,2025,6,12.25183191,IMD GRID MODEL
Andhra Pradesh,Kurnool,05-06-2025,2025,6,0.054594073,IMD GRID MODEL
Andhra Pradesh,Kurnool,06-06-2025,2025,6,0,IMD GRID MODEL
Andhra Pradesh,Kurnool,08-06-2025,2025,6,4.948117862,IMD GRID MODEL
Andhra Pradesh,Kurnool,23-06-2025,2025,6,4.667364244,IMD GRID MODEL
Andhra Pradesh,Kurnool,25-06-2025,2025,6,2.182186292,IMD GRID MODEL
Andhra Pradesh,Prakasam,02-06-2025,2025,6,0.031376959,IMD GRID MODEL
Andhra Pradesh,Prakasam,05-06-2025,2025,6,0.014875334,IMD GRID MODEL
Andhra Pradesh,Prakasam,07-06-2025,2025,6,2.119444659,IMD GRID MODEL
Andhra Pradesh,Prakasam,08-06-2025,2025,6,1.587039264,IMD GRID MODEL
Andhra Pradesh,Prakasam,13-06-2025,2025,6,3.059710017,IMD GRID MODEL
Andhra Pradesh,Prakasam,25-06-2025,2025,6,3.134610663,IMD GRID MODEL
Andhra Pradesh,SPSR Nellore,01-06-2025,2025,6,0.329501364,IMD GRID MODEL
Andhra Pradesh,SPSR Nellore,06-06-2025,2025,6,0.112176596,IMD GRID MODEL
Andhra Pradesh,SPSR Nellore,10-06-2025,2025,6,0.020271187,IMD GRID MODEL
Andhra Pradesh,SPSR Nellore,12-06-2025,2025,6,1.23275409,IMD GRID MODEL
Andhra Pradesh,SPSR Nellore,26-06-2025,2025,6,5.19930115,IMD GRID MODEL
Andhra Pradesh,SPSR Nellore,27-06-2025,2025,6,1.81108911,IMD GRID MODEL
Andhra Pradesh,Srikakulam,03-06-2025,2025,6,0.154053755,IMD GRID MODEL
Andhra Pradesh,Srikakulam,04-06-2025,2025,6,0.340427269,IMD GRID MODEL
Andhra Pradesh,Srikakulam,10-06-2025,2025,6,10.10940376,IMD GRID MODEL
Andhra Pradesh,Srikakulam,17-06-2025,2025,6,2.700608307,IMD GRID MODEL
Andhra Pradesh,Srikakulam,25-06-2025,2025,6,4.224000592,IMD GRID MODEL
Andhra Pradesh,Visakhapatanam,05-06-2025,2025,6,1.746758525,IMD GRID MODEL
Andhra Pradesh,Visakhapatanam,06-06-2025,2025,6,1.08974434,IMD GRID MODEL
Andhra Pradesh,Visakhapatanam,10-06-2025,2025,6,1.809784713,IMD GRID MODEL
Andhra Pradesh,Visakhapatanam,14-06-2025,2025,6,2.029279724,IMD GRID MODEL
Andhra Pradesh,Visakhapatanam,26-06-2025,2025,6,10.06903166,IMD GRID MODEL
Andhra Pradesh,Vizianagaram,01-06-2025,2025,6,7.201445001,IMD GRID MODEL
Andhra Pradesh,Vizianagaram,15-06-2025,2025,6,11.45131226,IMD GRID MODEL
Andhra Pradesh,Vizianagaram,19-06-2025,2025,6,0.1487926,IMD GRID MODEL
Andhra Pradesh,Vizianagaram,21-06-2025,2025,6,0.057311831,IMD GRID MODEL
Andhra Pradesh,West Godavari,11-06-2025,2025,6,13.45863539,IMD GRID MODEL
Andhra Pradesh,West Godavari,17-06-2025,2025,6,5.222636651,IMD GRID MODEL
Andhra Pradesh,West Godavari,25-06-2025,2025,6,9.054461225,IMD GRID MODEL
Andhra Pradesh,West Godavari,26-06-2025,2025,6,27.1896235,IMD GRID MODEL
Andhra Pradesh,West Godavari,29-06-2025,2025,6,2.187219538,IMD GRID MODEL
Andhra Pradesh,Y.S.R.,06-06-2025,2025,6,0.005530777,IMD GRID MODEL
Andhra Pradesh,Y.S.R.,10-06-2025,2025,6,0.359010903,IMD GRID MODEL
Andhra Pradesh,Y.S.R.,29-06-2025,2025,6,0.173619487,IMD GRID MODEL
