State,District,Date,Year,Month,Avg_rainfall,Agency_name
Andhra Pradesh,Kurnool,07-05-2024,2024,5,2.50118592,IMD GRID MODEL
Andhra Pradesh,Kurnool,14-05-2024,2024,5,3.52004479,IMD GRID MODEL
Andhra Pradesh,Kurnool,22-05-2024,2024,5,1.528299518,IMD GRID MODEL
Andhra Pradesh,Kurnool,27-05-2024,2024,5,0.197279772,IMD GRID MODEL
Andhra Pradesh,Kurnool,02-06-2024,2024,6,1.325050756,IMD GRID MODEL
Andhra Pradesh,Kurnool,05-06-2024,2024,6,3.603583117,IMD GRID MODEL
Andhra Pradesh,Kurnool,07-06-2024,2024,6,4.872968213,IMD GRID MODEL
Andhra Pradesh,Kurnool,15-06-2024,2024,6,7.527536575,IMD GRID MODEL
Andhra Pradesh,Kurnool,20-06-2024,2024,6,0.436326243,IMD GRID MODEL
Andhra Pradesh,Kurnool,28-06-2024,2024,6,3.721795481,IMD GRID MODEL
Andhra Pradesh,Kurnool,01-07-2024,2024,7,8.020072168,IMD GRID MODEL
Andhra Pradesh,Kurnool,02-07-2024,2024,7,4.966354702,IMD GRID MODEL
Andhra Pradesh,Kurnool,04-07-2024,2024,7,1.152019248,IMD GRID MODEL
Andhra Pradesh,Kurnool,14-07-2024,2024,7,1.294684142,IMD GRID MODEL
Andhra Pradesh,Kurnool,21-07-2024,2024,7,3.977930702,IMD GRID MODEL
Andhra Pradesh,Kurnool,23-07-2024,2024,7,0.773353473,IMD GRID MODEL
Andhra Pradesh,Kurnool,26-07-2024,2024,7,1.866863202,IMD GRID MODEL
Andhra Pradesh,Kurnool,01-08-2024,2024,8,5.342949445,IMD GRID MODEL
Andhra Pradesh,Kurnool,03-08-2024,2024,8,0.433604667,IMD GRID MODEL
Andhra Pradesh,Kurnool,04-08-2024,2024,8,1.252851281,IMD GRID MODEL
Andhra Pradesh,Kurnool,09-08-2024,2024,8,3.280975213,IMD GRID MODEL
Andhra Pradesh,Kurnool,11-08-2024,2024,8,3.452790195,IMD GRID MODEL
Andhra Pradesh,Kurnool,13-08-2024,2024,8,0.697616539,IMD GRID MODEL
Andhra Pradesh,Kurnool,20-08-2024,2024,8,2.104351695,IMD GRID MODEL
Andhra Pradesh,Kurnool,24-08-2024,2024,8,3.303771813,IMD GRID MODEL
Andhra Pradesh,Kurnool,26-08-2024,2024,8,0.437894204,IMD GRID MODEL
Andhra Pradesh,Kurnool,01-09-2024,2024,9,11.41134386,IMD GRID MODEL
Andhra Pradesh,Kurnool,02-09-2024,2024,9,1.066094393,IMD GRID MODEL
Andhra Pradesh,Kurnool,08-09-2024,2024,9,0.332095433,IMD GRID MODEL
Andhra Pradesh,Kurnool,10-09-2024,2024,9,1.16521121,IMD GRID MODEL
Andhra Pradesh,Kurnool,13-09-2024,2024,9,0.131906836,IMD GRID MODEL
Andhra Pradesh,Kurnool,14-09-2024,2024,9,0.147373591,IMD GRID MODEL
Andhra Pradesh,Kurnool,17-09-2024,2024,9,0.047866409,IMD GRID MODEL
Andhra Pradesh,Kurnool,22-09-2024,2024,9,7.951796289,IMD GRID MODEL
Andhra Pradesh,Kurnool,23-09-2024,2024,9,15.03106583,IMD GRID MODEL
Andhra Pradesh,Kurnool,29-09-2024,2024,9,2.417264288,IMD GRID MODEL
Andhra Pradesh,Kurnool,01-10-2024,2024,10,0.035008323,IMD GRID MODEL
Andhra Pradesh,Kurnool,04-10-2024,2024,10,8.90143966,IMD GRID MODEL
Andhra Pradesh,Kurnool,05-10-2024,2024,10,5.338213467,IMD GRID MODEL
Andhra Pradesh,Kurnool,11-10-2024,2024,10,1.908667777,IMD GRID MODEL
Andhra Pradesh,Kurnool,17-10-2024,2024,10,11.09903565,IMD GRID MODEL
Andhra Pradesh,Kurnool,18-10-2024,2024,10,9.263274212,IMD GRID MODEL
Andhra Pradesh,Kurnool,25-10-2024,2024,10,0.001097832,IMD GRID MODEL
Andhra Pradesh,Kurnool,27-10-2024,2024,10,0.005059954,IMD GRID MODEL
Andhra Pradesh,Kurnool,01-11-2024,2024,11,0.528042758,IMD GRID MODEL
Andhra Pradesh,Kurnool,06-11-2024,2024,11,0,IMD GRID MODEL
Andhra Pradesh,Kurnool,17-11-2024,2024,11,0.307432754,IMD GRID MODEL
Andhra Pradesh,Kurnool,20-11-2024,2024,11,0,IMD GRID MODEL
Andhra Pradesh,Kurnool,22-11-2024,2024,11,0,IMD GRID MODEL
Andhra Pradesh,Kurnool,29-11-2024,2024,11,0.000235062,IMD GRID MODEL
Andhra Pradesh,Kurnool,12-12-2024,2024,12,0.002793174,IMD GRID MODEL
Andhra Pradesh,Kurnool,13-12-2024,2024,12,0.14011194,IMD GRID MODEL
Andhra Pradesh,Kurnool,20-12-2024,2024,12,1.061360045,IMD GRID MODEL
Andhra Pradesh,Prakasam,11-01-2024,2024,1,0.000957051,IMD GRID MODEL
Andhra Pradesh,Prakasam,20-01-2024,2024,1,0,IMD GRID MODEL
Andhra Pradesh,Prakasam,23-01-2024,2024,1,0,IMD GRID MODEL
Andhra Pradesh,Prakasam,27-01-2024,2024,1,0.278992445,IMD GRID MODEL
Andhra Pradesh,Prakasam,29-01-2024,2024,1,0,IMD GRID MODEL
Andhra Pradesh,Prakasam,04-02-2024,2024,2,0,IMD GRID MODEL
Andhra Pradesh,Prakasam,06-02-2024,2024,2,0,IMD GRID MODEL
Andhra Pradesh,Prakasam,09-02-2024,2024,2,0,IMD GRID MODEL
Andhra Pradesh,Prakasam,18-02-2024,2024,2,0,IMD GRID MODEL
Andhra Pradesh,Prakasam,22-02-2024,2024,2,0,IMD GRID MODEL
Andhra Pradesh,Prakasam,28-02-2024,2024,2,0,IMD GRID MODEL
Andhra Pradesh,Prakasam,01-03-2024,2024,3,0,IMD GRID MODEL
Andhra Pradesh,Prakasam,04-03-2024,2024,3,0,IMD GRID MODEL
Andhra Pradesh,Prakasam,10-03-2024,2024,3,0,IMD GRID MODEL
Andhra Pradesh,Prakasam,15-03-2024,2024,3,0,IMD GRID MODEL
Andhra Pradesh,Prakasam,18-03-2024,2024,3,0,IMD GRID MODEL
Andhra Pradesh,Prakasam,19-03-2024,2024,3,0,IMD GRID MODEL
Andhra Pradesh,Prakasam,28-03-2024,2024,3,0,IMD GRID MODEL
Andhra Pradesh,Prakasam,06-04-2024,2024,4,0,IMD GRID MODEL
Andhra Pradesh,Prakasam,08-04-2024,2024,4,0.000612046,IMD GRID MODEL
Andhra Pradesh,Prakasam,12-04-2024,2024,4,0.045018769,IMD GRID MODEL
Andhra Pradesh,Prakasam,20-04-2024,2024,4,0.475244166,IMD GRID MODEL
Andhra Pradesh,Prakasam,26-04-2024,2024,4,0,IMD GRID MODEL
Andhra Pradesh,Prakasam,03-05-2024,2024,5,0,IMD GRID MODEL
Andhra Pradesh,Prakasam,04-05-2024,2024,5,0,IMD GRID MODEL
Andhra Pradesh,Prakasam,05-05-2024,2024,5,0,IMD GRID MODEL
Andhra Pradesh,Prakasam,11-05-2024,2024,5,0.02796352,IMD GRID MODEL
Andhra Pradesh,Prakasam,22-05-2024,2024,5,1.635054952,IMD GRID MODEL
Andhra Pradesh,Prakasam,24-05-2024,2024,5,1.353984667,IMD GRID MODEL
Andhra Pradesh,Prakasam,31-05-2024,2024,5,0,IMD GRID MODEL
Andhra Pradesh,Prakasam,03-06-2024,2024,6,14.88593502,IMD GRID MODEL
Andhra Pradesh,Prakasam,06-06-2024,2024,6,15.42904389,IMD GRID MODEL
Andhra Pradesh,Prakasam,09-06-2024,2024,6,13.01832712,IMD GRID MODEL
Andhra Pradesh,Prakasam,11-06-2024,2024,6,0.969625584,IMD GRID MODEL
Andhra Pradesh,Prakasam,20-06-2024,2024,6,0.457977186,IMD GRID MODEL
Andhra Pradesh,Prakasam,21-06-2024,2024,6,0,IMD GRID MODEL
Andhra Pradesh,Prakasam,22-06-2024,2024,6,0.768891821,IMD GRID MODEL
Andhra Pradesh,Prakasam,25-06-2024,2024,6,0.688634626,IMD GRID MODEL
Andhra Pradesh,Prakasam,07-07-2024,2024,7,1.624884215,IMD GRID MODEL
Andhra Pradesh,Prakasam,14-07-2024,2024,7,0.860368297,IMD GRID MODEL
Andhra Pradesh,Prakasam,18-07-2024,2024,7,2.481227492,IMD GRID MODEL
Andhra Pradesh,Prakasam,19-07-2024,2024,7,9.540853013,IMD GRID MODEL
Andhra Pradesh,Prakasam,26-07-2024,2024,7,2.088385326,IMD GRID MODEL
Andhra Pradesh,Prakasam,27-07-2024,2024,7,0.92908578,IMD GRID MODEL
Andhra Pradesh,Prakasam,01-08-2024,2024,8,2.434833841,IMD GRID MODEL
Andhra Pradesh,Prakasam,05-08-2024,2024,8,0.264491274,IMD GRID MODEL
Andhra Pradesh,Prakasam,25-08-2024,2024,8,1.851443647,IMD GRID MODEL
Andhra Pradesh,Prakasam,15-09-2024,2024,9,0.016242307,IMD GRID MODEL
Andhra Pradesh,Prakasam,25-09-2024,2024,9,7.215537424,IMD GRID MODEL
Andhra Pradesh,Prakasam,29-10-2024,2024,10,5.64E-05,IMD GRID MODEL
Andhra Pradesh,Prakasam,31-10-2024,2024,10,1.862500567,IMD GRID MODEL
Andhra Pradesh,Prakasam,18-11-2024,2024,11,0.094738006,IMD GRID MODEL
Andhra Pradesh,Prakasam,22-11-2024,2024,11,0.05841593,IMD GRID MODEL
Andhra Pradesh,Prakasam,07-12-2024,2024,12,0.494334882,IMD GRID MODEL
Andhra Pradesh,Prakasam,09-12-2024,2024,12,0.025472156,IMD GRID MODEL
Andhra Pradesh,Prakasam,10-12-2024,2024,12,0,IMD GRID MODEL
Andhra Pradesh,Prakasam,12-12-2024,2024,12,0.721284011,IMD GRID MODEL
Andhra Pradesh,Prakasam,23-12-2024,2024,12,0.003224456,IMD GRID MODEL
Andhra Pradesh,Prakasam,31-12-2024,2024,12,0,IMD GRID MODEL
Andhra Pradesh,SPSR Nellore,03-01-2024,2024,1,0.013319443,IMD GRID MODEL
Andhra Pradesh,SPSR Nellore,11-01-2024,2024,1,0.021716994,IMD GRID MODEL
Andhra Pradesh,SPSR Nellore,21-01-2024,2024,1,0,IMD GRID MODEL
Andhra Pradesh,SPSR Nellore,28-01-2024,2024,1,0,IMD GRID MODEL
Andhra Pradesh,SPSR Nellore,05-02-2024,2024,2,0,IMD GRID MODEL
Andhra Pradesh,SPSR Nellore,10-02-2024,2024,2,0,IMD GRID MODEL
Andhra Pradesh,SPSR Nellore,12-02-2024,2024,2,0,IMD GRID MODEL
Andhra Pradesh,SPSR Nellore,13-02-2024,2024,2,0,IMD GRID MODEL
Andhra Pradesh,SPSR Nellore,16-02-2024,2024,2,0.307241379,IMD GRID MODEL
Andhra Pradesh,SPSR Nellore,18-02-2024,2024,2,0,IMD GRID MODEL
Andhra Pradesh,SPSR Nellore,24-02-2024,2024,2,0,IMD GRID MODEL
Andhra Pradesh,SPSR Nellore,25-02-2024,2024,2,0,IMD GRID MODEL
Andhra Pradesh,SPSR Nellore,29-02-2024,2024,2,0,IMD GRID MODEL
Andhra Pradesh,SPSR Nellore,01-03-2024,2024,3,0,IMD GRID MODEL
Andhra Pradesh,SPSR Nellore,06-03-2024,2024,3,0,IMD GRID MODEL
Andhra Pradesh,SPSR Nellore,10-03-2024,2024,3,0,IMD GRID MODEL
Andhra Pradesh,SPSR Nellore,12-03-2024,2024,3,7.21E-05,IMD GRID MODEL
Andhra Pradesh,SPSR Nellore,14-03-2024,2024,3,0.009763846,IMD GRID MODEL
Andhra Pradesh,SPSR Nellore,17-03-2024,2024,3,0,IMD GRID MODEL
Andhra Pradesh,SPSR Nellore,18-03-2024,2024,3,0,IMD GRID MODEL
Andhra Pradesh,SPSR Nellore,19-03-2024,2024,3,0,IMD GRID MODEL
Andhra Pradesh,SPSR Nellore,21-03-2024,2024,3,0.00079269,IMD GRID MODEL
Andhra Pradesh,SPSR Nellore,04-04-2024,2024,4,0,IMD GRID MODEL
Andhra Pradesh,SPSR Nellore,07-04-2024,2024,4,0.001334076,IMD GRID MODEL
Andhra Pradesh,SPSR Nellore,09-04-2024,2024,4,0,IMD GRID MODEL
Andhra Pradesh,SPSR Nellore,14-04-2024,2024,4,0,IMD GRID MODEL
Andhra Pradesh,SPSR Nellore,15-04-2024,2024,4,0,IMD GRID MODEL
Andhra Pradesh,SPSR Nellore,20-04-2024,2024,4,0.000106124,IMD GRID MODEL
Andhra Pradesh,SPSR Nellore,23-04-2024,2024,4,0,IMD GRID MODEL
Andhra Pradesh,SPSR Nellore,29-04-2024,2024,4,0,IMD GRID MODEL
Andhra Pradesh,SPSR Nellore,01-05-2024,2024,5,0,IMD GRID MODEL
Andhra Pradesh,SPSR Nellore,02-05-2024,2024,5,0.000282408,IMD GRID MODEL
Andhra Pradesh,SPSR Nellore,09-05-2024,2024,5,0.006363662,IMD GRID MODEL
Andhra Pradesh,SPSR Nellore,11-05-2024,2024,5,0,IMD GRID MODEL
Andhra Pradesh,SPSR Nellore,19-05-2024,2024,5,2.316008115,IMD GRID MODEL
Andhra Pradesh,SPSR Nellore,09-06-2024,2024,6,20.17303138,IMD GRID MODEL
Andhra Pradesh,SPSR Nellore,28-06-2024,2024,6,1.562124989,IMD GRID MODEL
Andhra Pradesh,SPSR Nellore,29-06-2024,2024,6,0.821145296,IMD GRID MODEL
Andhra Pradesh,SPSR Nellore,30-06-2024,2024,6,8.447563902,IMD GRID MODEL
Andhra Pradesh,SPSR Nellore,02-07-2024,2024,7,2.590557259,IMD GRID MODEL
Andhra Pradesh,SPSR Nellore,03-07-2024,2024,7,0.185137966,IMD GRID MODEL
Andhra Pradesh,SPSR Nellore,14-07-2024,2024,7,3.523288244,IMD GRID MODEL
Andhra Pradesh,SPSR Nellore,20-07-2024,2024,7,12.38320935,IMD GRID MODEL
Andhra Pradesh,SPSR Nellore,24-07-2024,2024,7,1.406958472,IMD GRID MODEL
Andhra Pradesh,SPSR Nellore,26-07-2024,2024,7,1.244845397,IMD GRID MODEL
Andhra Pradesh,SPSR Nellore,30-07-2024,2024,7,8.49560748,IMD GRID MODEL
Andhra Pradesh,SPSR Nellore,01-08-2024,2024,8,0.73875901,IMD GRID MODEL
Andhra Pradesh,SPSR Nellore,05-08-2024,2024,8,1.765635163,IMD GRID MODEL
Andhra Pradesh,SPSR Nellore,13-08-2024,2024,8,1.332526918,IMD GRID MODEL
Andhra Pradesh,SPSR Nellore,20-08-2024,2024,8,2.1220256,IMD GRID MODEL
Andhra Pradesh,SPSR Nellore,23-08-2024,2024,8,3.040997721,IMD GRID MODEL
Andhra Pradesh,SPSR Nellore,25-08-2024,2024,8,0.648177524,IMD GRID MODEL
Andhra Pradesh,SPSR Nellore,26-08-2024,2024,8,1.012140471,IMD GRID MODEL
Andhra Pradesh,SPSR Nellore,29-08-2024,2024,8,8.995965168,IMD GRID MODEL
Andhra Pradesh,SPSR Nellore,01-09-2024,2024,9,0.035313364,IMD GRID MODEL
Andhra Pradesh,SPSR Nellore,02-09-2024,2024,9,1.108565949,IMD GRID MODEL
Andhra Pradesh,SPSR Nellore,05-09-2024,2024,9,4.089085034,IMD GRID MODEL
Andhra Pradesh,SPSR Nellore,21-09-2024,2024,9,7.038529727,IMD GRID MODEL
Andhra Pradesh,SPSR Nellore,06-10-2024,2024,10,0.278279201,IMD GRID MODEL
Andhra Pradesh,SPSR Nellore,10-10-2024,2024,10,7.502667264,IMD GRID MODEL
Andhra Pradesh,SPSR Nellore,16-10-2024,2024,10,21.17215441,IMD GRID MODEL
Andhra Pradesh,SPSR Nellore,21-10-2024,2024,10,1.866688566,IMD GRID MODEL
Andhra Pradesh,Vizianagaram,08-01-2024,2024,1,0.001890532,IMD GRID MODEL
Andhra Pradesh,Vizianagaram,12-01-2024,2024,1,0,IMD GRID MODEL
Andhra Pradesh,Vizianagaram,24-01-2024,2024,1,0.022109975,IMD GRID MODEL
Andhra Pradesh,Vizianagaram,01-02-2024,2024,2,0,IMD GRID MODEL
Andhra Pradesh,Vizianagaram,10-02-2024,2024,2,0,IMD GRID MODEL
Andhra Pradesh,Vizianagaram,17-02-2024,2024,2,0.000321161,IMD GRID MODEL
Andhra Pradesh,Vizianagaram,25-02-2024,2024,2,0,IMD GRID MODEL
Andhra Pradesh,Vizianagaram,28-02-2024,2024,2,5.47E-05,IMD GRID MODEL
Andhra Pradesh,Vizianagaram,02-03-2024,2024,3,0.00019466,IMD GRID MODEL
Andhra Pradesh,Vizianagaram,16-03-2024,2024,3,0.140016833,IMD GRID MODEL
Andhra Pradesh,Vizianagaram,17-03-2024,2024,3,0.075922777,IMD GRID MODEL
Andhra Pradesh,Vizianagaram,28-03-2024,2024,3,3.92E-05,IMD GRID MODEL
Andhra Pradesh,Vizianagaram,29-03-2024,2024,3,0,IMD GRID MODEL
Andhra Pradesh,Vizianagaram,30-03-2024,2024,3,0.000430247,IMD GRID MODEL
Andhra Pradesh,Vizianagaram,13-04-2024,2024,4,0.221608019,IMD GRID MODEL
Andhra Pradesh,Vizianagaram,26-04-2024,2024,4,0.778771219,IMD GRID MODEL
Andhra Pradesh,Vizianagaram,29-04-2024,2024,4,1.344044885,IMD GRID MODEL
Andhra Pradesh,Vizianagaram,04-05-2024,2024,5,1.017311381,IMD GRID MODEL
Andhra Pradesh,Vizianagaram,06-05-2024,2024,5,0.056267561,IMD GRID MODEL
Andhra Pradesh,Vizianagaram,15-05-2024,2024,5,4.870727136,IMD GRID MODEL
Andhra Pradesh,Vizianagaram,21-05-2024,2024,5,1.342264996,IMD GRID MODEL
Andhra Pradesh,Vizianagaram,25-05-2024,2024,5,4.915009615,IMD GRID MODEL
Andhra Pradesh,Vizianagaram,02-06-2024,2024,6,1.322221065,IMD GRID MODEL
Andhra Pradesh,Vizianagaram,04-06-2024,2024,6,0.002710154,IMD GRID MODEL
Andhra Pradesh,Vizianagaram,09-06-2024,2024,6,0.066337437,IMD GRID MODEL
Andhra Pradesh,Vizianagaram,10-06-2024,2024,6,0.008826466,IMD GRID MODEL
Andhra Pradesh,Vizianagaram,11-06-2024,2024,6,0.000120124,IMD GRID MODEL
Andhra Pradesh,Vizianagaram,21-06-2024,2024,6,0.740410282,IMD GRID MODEL
Andhra Pradesh,Vizianagaram,29-06-2024,2024,6,1.304739911,IMD GRID MODEL
Andhra Pradesh,Vizianagaram,01-07-2024,2024,7,0.837067423,IMD GRID MODEL
Andhra Pradesh,Vizianagaram,13-07-2024,2024,7,4.817576951,IMD GRID MODEL
Andhra Pradesh,Vizianagaram,15-07-2024,2024,7,4.287117355,IMD GRID MODEL
Andhra Pradesh,Vizianagaram,23-07-2024,2024,7,17.2824036,IMD GRID MODEL
Andhra Pradesh,Vizianagaram,26-07-2024,2024,7,12.25581676,IMD GRID MODEL
Andhra Pradesh,Vizianagaram,03-08-2024,2024,8,2.760230621,IMD GRID MODEL
Andhra Pradesh,Vizianagaram,07-08-2024,2024,8,17.22433412,IMD GRID MODEL
Andhra Pradesh,Vizianagaram,13-08-2024,2024,8,1.341294709,IMD GRID MODEL
Andhra Pradesh,Vizianagaram,23-08-2024,2024,8,6.763462846,IMD GRID MODEL
Andhra Pradesh,Vizianagaram,25-08-2024,2024,8,4.722062756,IMD GRID MODEL
Andhra Pradesh,Vizianagaram,28-08-2024,2024,8,21.0821596,IMD GRID MODEL
Andhra Pradesh,Vizianagaram,09-09-2024,2024,9,8.427561362,IMD GRID MODEL
Andhra Pradesh,Vizianagaram,10-09-2024,2024,9,1.508944793,IMD GRID MODEL
Andhra Pradesh,Vizianagaram,02-10-2024,2024,10,7.437913938,IMD GRID MODEL
Andhra Pradesh,Vizianagaram,06-10-2024,2024,10,1.980722998,IMD GRID MODEL
Andhra Pradesh,Vizianagaram,11-10-2024,2024,10,1.83052057,IMD GRID MODEL
Andhra Pradesh,Vizianagaram,16-10-2024,2024,10,5.550599864,IMD GRID MODEL
Andhra Pradesh,Vizianagaram,26-10-2024,2024,10,3.252584735,IMD GRID MODEL
Andhra Pradesh,Vizianagaram,04-11-2024,2024,11,0,IMD GRID MODEL
Andhra Pradesh,Vizianagaram,07-11-2024,2024,11,0.29927733,IMD GRID MODEL
Andhra Pradesh,Vizianagaram,12-11-2024,2024,11,0.174759928,IMD GRID MODEL
Andhra Pradesh,Vizianagaram,14-11-2024,2024,11,4.92E-05,IMD GRID MODEL
Andhra Pradesh,Vizianagaram,15-11-2024,2024,11,0.000269798,IMD GRID MODEL
Andhra Pradesh,Vizianagaram,22-11-2024,2024,11,0,IMD GRID MODEL
Andhra Pradesh,Vizianagaram,02-12-2024,2024,12,5.24767787,IMD GRID MODEL
Andhra Pradesh,Vizianagaram,05-12-2024,2024,12,0,IMD GRID MODEL
Andhra Pradesh,Vizianagaram,10-12-2024,2024,12,0,IMD GRID MODEL
Andhra Pradesh,Vizianagaram,17-12-2024,2024,12,0.000407888,IMD GRID MODEL
Andhra Pradesh,Vizianagaram,29-12-2024,2024,12,0.057134698,IMD GRID MODEL
Andhra Pradesh,West Godavari,07-01-2024,2024,1,0,IMD GRID MODEL
Andhra Pradesh,West Godavari,13-01-2024,2024,1,0,IMD GRID MODEL
Andhra Pradesh,West Godavari,14-01-2024,2024,1,0,IMD GRID MODEL
Andhra Pradesh,West Godavari,18-01-2024,2024,1,0,IMD GRID MODEL
Andhra Pradesh,West Godavari,20-01-2024,2024,1,0.009083801,IMD GRID MODEL
Andhra Pradesh,West Godavari,27-01-2024,2024,1,0.129782898,IMD GRID MODEL
Andhra Pradesh,West Godavari,05-02-2024,2024,2,0,IMD GRID MODEL
Andhra Pradesh,West Godavari,15-02-2024,2024,2,0.00874428,IMD GRID MODEL
Andhra Pradesh,West Godavari,17-02-2024,2024,2,0,IMD GRID MODEL
Andhra Pradesh,West Godavari,24-02-2024,2024,2,0,IMD GRID MODEL
Andhra Pradesh,West Godavari,09-03-2024,2024,3,0.000428576,IMD GRID MODEL
Andhra Pradesh,West Godavari,15-03-2024,2024,3,0.00266104,IMD GRID MODEL
Andhra Pradesh,West Godavari,19-03-2024,2024,3,0.018452073,IMD GRID MODEL
Andhra Pradesh,West Godavari,20-03-2024,2024,3,0.050006457,IMD GRID MODEL
Andhra Pradesh,West Godavari,04-04-2024,2024,4,0.049052014,IMD GRID MODEL
Andhra Pradesh,West Godavari,19-04-2024,2024,4,0.023347916,IMD GRID MODEL
Andhra Pradesh,West Godavari,24-04-2024,2024,4,0,IMD GRID MODEL
Andhra Pradesh,West Godavari,27-04-2024,2024,4,0.051561068,IMD GRID MODEL
Andhra Pradesh,West Godavari,28-04-2024,2024,4,0.000151885,IMD GRID MODEL
Andhra Pradesh,West Godavari,02-05-2024,2024,5,3.80E-06,IMD GRID MODEL
Andhra Pradesh,West Godavari,09-05-2024,2024,5,0,IMD GRID MODEL
Andhra Pradesh,West Godavari,13-05-2024,2024,5,2.439303597,IMD GRID MODEL
Andhra Pradesh,West Godavari,15-05-2024,2024,5,10.5148319,IMD GRID MODEL
Andhra Pradesh,West Godavari,18-05-2024,2024,5,5.79943262,IMD GRID MODEL
Andhra Pradesh,West Godavari,24-05-2024,2024,5,1.509371758,IMD GRID MODEL
Andhra Pradesh,West Godavari,25-05-2024,2024,5,3.766994484,IMD GRID MODEL
Andhra Pradesh,West Godavari,01-06-2024,2024,6,2.349452771,IMD GRID MODEL
Andhra Pradesh,West Godavari,05-06-2024,2024,6,0.054457938,IMD GRID MODEL
Andhra Pradesh,West Godavari,14-06-2024,2024,6,0.261259028,IMD GRID MODEL
Andhra Pradesh,West Godavari,19-06-2024,2024,6,9.592373301,IMD GRID MODEL
Andhra Pradesh,West Godavari,22-06-2024,2024,6,16.43519157,IMD GRID MODEL
Andhra Pradesh,West Godavari,04-07-2024,2024,7,0.673771062,IMD GRID MODEL
Andhra Pradesh,West Godavari,05-07-2024,2024,7,25.53555279,IMD GRID MODEL
Andhra Pradesh,West Godavari,18-07-2024,2024,7,12.14588615,IMD GRID MODEL
Andhra Pradesh,West Godavari,24-07-2024,2024,7,2.584796077,IMD GRID MODEL
Andhra Pradesh,West Godavari,05-08-2024,2024,8,2.249539471,IMD GRID MODEL
Andhra Pradesh,West Godavari,07-08-2024,2024,8,12.69034695,IMD GRID MODEL
Andhra Pradesh,West Godavari,11-08-2024,2024,8,7.323332622,IMD GRID MODEL
Andhra Pradesh,West Godavari,15-08-2024,2024,8,3.249941471,IMD GRID MODEL
Andhra Pradesh,West Godavari,19-08-2024,2024,8,2.043411147,IMD GRID MODEL
Andhra Pradesh,West Godavari,22-08-2024,2024,8,11.63737185,IMD GRID MODEL
Andhra Pradesh,West Godavari,23-08-2024,2024,8,12.27879545,IMD GRID MODEL
Andhra Pradesh,West Godavari,24-08-2024,2024,8,20.43689644,IMD GRID MODEL
Andhra Pradesh,West Godavari,25-08-2024,2024,8,14.19117101,IMD GRID MODEL
Andhra Pradesh,West Godavari,26-08-2024,2024,8,8.688969694,IMD GRID MODEL
Andhra Pradesh,West Godavari,01-09-2024,2024,9,5.004147947,IMD GRID MODEL
Andhra Pradesh,West Godavari,04-09-2024,2024,9,34.82804432,IMD GRID MODEL
Andhra Pradesh,West Godavari,09-09-2024,2024,9,5.053425248,IMD GRID MODEL
Andhra Pradesh,West Godavari,12-09-2024,2024,9,2.20200914,IMD GRID MODEL
Andhra Pradesh,West Godavari,27-09-2024,2024,9,11.31565631,IMD GRID MODEL
Andhra Pradesh,West Godavari,01-10-2024,2024,10,1.856262719,IMD GRID MODEL
Andhra Pradesh,West Godavari,04-10-2024,2024,10,0.610217067,IMD GRID MODEL
Andhra Pradesh,West Godavari,09-10-2024,2024,10,5.437735262,IMD GRID MODEL
Andhra Pradesh,West Godavari,12-10-2024,2024,10,1.935542638,IMD GRID MODEL
Andhra Pradesh,West Godavari,16-10-2024,2024,10,6.165050631,IMD GRID MODEL
Andhra Pradesh,West Godavari,18-10-2024,2024,10,8.787274672,IMD GRID MODEL
Andhra Pradesh,West Godavari,21-10-2024,2024,10,5.327275846,IMD GRID MODEL
Andhra Pradesh,West Godavari,25-10-2024,2024,10,0.082100244,IMD GRID MODEL
Andhra Pradesh,West Godavari,30-10-2024,2024,10,0.052436195,IMD GRID MODEL
Andhra Pradesh,West Godavari,09-11-2024,2024,11,0.631599283,IMD GRID MODEL
Andhra Pradesh,West Godavari,11-11-2024,2024,11,0.450128588,IMD GRID MODEL
Andhra Pradesh,West Godavari,12-11-2024,2024,11,0.061147744,IMD GRID MODEL
Andhra Pradesh,West Godavari,19-11-2024,2024,11,0,IMD GRID MODEL
Andhra Pradesh,West Godavari,20-11-2024,2024,11,0,IMD GRID MODEL
Andhra Pradesh,West Godavari,24-11-2024,2024,11,0,IMD GRID MODEL
Andhra Pradesh,West Godavari,25-11-2024,2024,11,0.053623235,IMD GRID MODEL
Andhra Pradesh,West Godavari,26-11-2024,2024,11,0.000111747,IMD GRID MODEL
Andhra Pradesh,West Godavari,27-11-2024,2024,11,0.007557379,IMD GRID MODEL
Andhra Pradesh,West Godavari,02-12-2024,2024,12,2.407670088,IMD GRID MODEL
Andhra Pradesh,West Godavari,05-12-2024,2024,12,0.000270473,IMD GRID MODEL
Andhra Pradesh,West Godavari,17-12-2024,2024,12,0.008001751,IMD GRID MODEL
Andhra Pradesh,West Godavari,19-12-2024,2024,12,1.837600028,IMD GRID MODEL
Andhra Pradesh,West Godavari,20-12-2024,2024,12,0.760681615,IMD GRID MODEL
Andhra Pradesh,West Godavari,25-12-2024,2024,12,1.846444586,IMD GRID MODEL
Andhra Pradesh,West Godavari,26-12-2024,2024,12,0.198513323,IMD GRID MODEL
Andhra Pradesh,West Godavari,30-12-2024,2024,12,0,IMD GRID MODEL
Andhra Pradesh,Y.S.R.,01-01-2024,2024,1,0.158536092,IMD GRID MODEL
Andhra Pradesh,Y.S.R.,13-01-2024,2024,1,0,IMD GRID MODEL
Andhra Pradesh,Y.S.R.,15-01-2024,2024,1,0,IMD GRID MODEL
Andhra Pradesh,Y.S.R.,17-01-2024,2024,1,0,IMD GRID MODEL
Andhra Pradesh,Y.S.R.,19-01-2024,2024,1,0,IMD GRID MODEL
Andhra Pradesh,Y.S.R.,23-01-2024,2024,1,0,IMD GRID MODEL
Andhra Pradesh,Y.S.R.,27-01-2024,2024,1,0.155367807,IMD GRID MODEL
Andhra Pradesh,Y.S.R.,30-01-2024,2024,1,0.017632482,IMD GRID MODEL
Andhra Pradesh,Y.S.R.,06-02-2024,2024,2,0.001151378,IMD GRID MODEL
Andhra Pradesh,Y.S.R.,14-02-2024,2024,2,0.002159952,IMD GRID MODEL
Andhra Pradesh,Y.S.R.,17-02-2024,2024,2,0,IMD GRID MODEL
Andhra Pradesh,Y.S.R.,18-02-2024,2024,2,0.007928069,IMD GRID MODEL
Andhra Pradesh,Y.S.R.,04-03-2024,2024,3,0,IMD GRID MODEL
Andhra Pradesh,Y.S.R.,06-03-2024,2024,3,0,IMD GRID MODEL
Andhra Pradesh,Y.S.R.,09-03-2024,2024,3,0,IMD GRID MODEL
Andhra Pradesh,Y.S.R.,21-03-2024,2024,3,6.03E-05,IMD GRID MODEL
Andhra Pradesh,Y.S.R.,23-03-2024,2024,3,0,IMD GRID MODEL
Andhra Pradesh,SPSR Nellore,31-10-2024,2024,10,0.356673342,IMD GRID MODEL
Andhra Pradesh,SPSR Nellore,10-11-2024,2024,11,3.282855194,IMD GRID MODEL
Andhra Pradesh,SPSR Nellore,11-11-2024,2024,11,3.900611888,IMD GRID MODEL
Andhra Pradesh,SPSR Nellore,16-11-2024,2024,11,5.9332033,IMD GRID MODEL
Andhra Pradesh,SPSR Nellore,18-11-2024,2024,11,0.157081282,IMD GRID MODEL
Andhra Pradesh,SPSR Nellore,02-12-2024,2024,12,9.92285144,IMD GRID MODEL
Andhra Pradesh,SPSR Nellore,15-12-2024,2024,12,0,IMD GRID MODEL
Andhra Pradesh,SPSR Nellore,20-12-2024,2024,12,4.997188343,IMD GRID MODEL
Andhra Pradesh,SPSR Nellore,22-12-2024,2024,12,0.000235939,IMD GRID MODEL
Andhra Pradesh,SPSR Nellore,26-12-2024,2024,12,2.644546872,IMD GRID MODEL
Andhra Pradesh,Srikakulam,06-01-2024,2024,1,0,IMD GRID MODEL
Andhra Pradesh,Srikakulam,09-01-2024,2024,1,4.59E-07,IMD GRID MODEL
Andhra Pradesh,Srikakulam,12-01-2024,2024,1,0,IMD GRID MODEL
Andhra Pradesh,Srikakulam,29-01-2024,2024,1,0,IMD GRID MODEL
Andhra Pradesh,Srikakulam,05-02-2024,2024,2,0,IMD GRID MODEL
Andhra Pradesh,Srikakulam,11-02-2024,2024,2,0,IMD GRID MODEL
Andhra Pradesh,Srikakulam,15-02-2024,2024,2,0.008578342,IMD GRID MODEL
Andhra Pradesh,Srikakulam,27-02-2024,2024,2,0.000428955,IMD GRID MODEL
Andhra Pradesh,Srikakulam,16-03-2024,2024,3,0.109613746,IMD GRID MODEL
Andhra Pradesh,Srikakulam,18-03-2024,2024,3,0.003386854,IMD GRID MODEL
Andhra Pradesh,Srikakulam,19-03-2024,2024,3,0.191861902,IMD GRID MODEL
Andhra Pradesh,Srikakulam,29-03-2024,2024,3,0,IMD GRID MODEL
Andhra Pradesh,Srikakulam,30-03-2024,2024,3,0.000122421,IMD GRID MODEL
Andhra Pradesh,Srikakulam,04-04-2024,2024,4,0.501297288,IMD GRID MODEL
Andhra Pradesh,Srikakulam,09-04-2024,2024,4,0.006963468,IMD GRID MODEL
Andhra Pradesh,Srikakulam,18-04-2024,2024,4,0.127124859,IMD GRID MODEL
Andhra Pradesh,Srikakulam,23-04-2024,2024,4,0.017240973,IMD GRID MODEL
Andhra Pradesh,Srikakulam,01-05-2024,2024,5,0.013461933,IMD GRID MODEL
Andhra Pradesh,Srikakulam,03-05-2024,2024,5,0.000405529,IMD GRID MODEL
Andhra Pradesh,Srikakulam,11-05-2024,2024,5,0.439431706,IMD GRID MODEL
Andhra Pradesh,Srikakulam,23-05-2024,2024,5,0.052732212,IMD GRID MODEL
Andhra Pradesh,Srikakulam,28-05-2024,2024,5,0,IMD GRID MODEL
Andhra Pradesh,Srikakulam,30-05-2024,2024,5,2.03E-07,IMD GRID MODEL
Andhra Pradesh,Srikakulam,04-06-2024,2024,6,0,IMD GRID MODEL
Andhra Pradesh,Srikakulam,06-06-2024,2024,6,2.417003547,IMD GRID MODEL
Andhra Pradesh,Srikakulam,08-06-2024,2024,6,4.37E-05,IMD GRID MODEL
Andhra Pradesh,Srikakulam,10-06-2024,2024,6,2.37E-07,IMD GRID MODEL
Andhra Pradesh,Srikakulam,18-06-2024,2024,6,0.314471476,IMD GRID MODEL
Andhra Pradesh,Srikakulam,20-06-2024,2024,6,0.219622889,IMD GRID MODEL
Andhra Pradesh,Srikakulam,22-06-2024,2024,6,5.741506136,IMD GRID MODEL
Andhra Pradesh,Srikakulam,01-07-2024,2024,7,4.244118108,IMD GRID MODEL
Andhra Pradesh,Srikakulam,05-07-2024,2024,7,1.798363411,IMD GRID MODEL
Andhra Pradesh,Srikakulam,07-07-2024,2024,7,0.976496537,IMD GRID MODEL
Andhra Pradesh,Srikakulam,08-07-2024,2024,7,5.182230841,IMD GRID MODEL
Andhra Pradesh,Srikakulam,13-07-2024,2024,7,4.151856334,IMD GRID MODEL
Andhra Pradesh,Srikakulam,17-07-2024,2024,7,10.37586882,IMD GRID MODEL
Andhra Pradesh,Srikakulam,23-07-2024,2024,7,15.76948937,IMD GRID MODEL
Andhra Pradesh,Srikakulam,25-07-2024,2024,7,0,IMD GRID MODEL
Andhra Pradesh,Srikakulam,27-07-2024,2024,7,2.535647047,IMD GRID MODEL
Andhra Pradesh,Srikakulam,29-07-2024,2024,7,0.006563389,IMD GRID MODEL
Andhra Pradesh,Srikakulam,01-08-2024,2024,8,3.072961605,IMD GRID MODEL
Andhra Pradesh,Srikakulam,09-08-2024,2024,8,1.748619822,IMD GRID MODEL
Andhra Pradesh,Srikakulam,12-08-2024,2024,8,6.627137115,IMD GRID MODEL
Andhra Pradesh,Srikakulam,14-08-2024,2024,8,7.528713116,IMD GRID MODEL
Andhra Pradesh,Srikakulam,15-08-2024,2024,8,4.143955857,IMD GRID MODEL
Andhra Pradesh,Srikakulam,18-08-2024,2024,8,3.003158026,IMD GRID MODEL
Andhra Pradesh,Srikakulam,08-09-2024,2024,9,0.354175253,IMD GRID MODEL
Andhra Pradesh,Srikakulam,09-09-2024,2024,9,4.576887929,IMD GRID MODEL
Andhra Pradesh,Srikakulam,13-09-2024,2024,9,3.196992551,IMD GRID MODEL
Andhra Pradesh,Srikakulam,14-09-2024,2024,9,4.535097759,IMD GRID MODEL
Andhra Pradesh,Srikakulam,18-09-2024,2024,9,5.079516597,IMD GRID MODEL
Andhra Pradesh,Srikakulam,19-09-2024,2024,9,8.935895337,IMD GRID MODEL
Andhra Pradesh,Srikakulam,22-09-2024,2024,9,5.972794756,IMD GRID MODEL
Andhra Pradesh,Srikakulam,07-10-2024,2024,10,3.551441913,IMD GRID MODEL
Andhra Pradesh,Srikakulam,10-10-2024,2024,10,0.000610715,IMD GRID MODEL
Andhra Pradesh,Srikakulam,14-10-2024,2024,10,0.534857413,IMD GRID MODEL
Andhra Pradesh,Srikakulam,18-10-2024,2024,10,5.782604794,IMD GRID MODEL
Andhra Pradesh,Srikakulam,20-10-2024,2024,10,2.350743291,IMD GRID MODEL
Andhra Pradesh,Srikakulam,24-10-2024,2024,10,0.000136508,IMD GRID MODEL
Andhra Pradesh,Srikakulam,28-10-2024,2024,10,2.964466455,IMD GRID MODEL
Andhra Pradesh,Srikakulam,03-11-2024,2024,11,0,IMD GRID MODEL
Andhra Pradesh,Srikakulam,18-11-2024,2024,11,0,IMD GRID MODEL
Andhra Pradesh,Srikakulam,20-11-2024,2024,11,0,IMD GRID MODEL
Andhra Pradesh,Srikakulam,23-11-2024,2024,11,0,IMD GRID MODEL
Andhra Pradesh,Srikakulam,29-11-2024,2024,11,0.053856999,IMD GRID MODEL
Andhra Pradesh,Srikakulam,07-12-2024,2024,12,0,IMD GRID MODEL
Andhra Pradesh,Srikakulam,12-12-2024,2024,12,0,IMD GRID MODEL
Andhra Pradesh,Srikakulam,14-12-2024,2024,12,0,IMD GRID MODEL
Andhra Pradesh,Srikakulam,27-12-2024,2024,12,0,IMD GRID MODEL
Andhra Pradesh,Srikakulam,28-12-2024,2024,12,0,IMD GRID MODEL
Andhra Pradesh,Visakhapatanam,07-01-2024,2024,1,0,IMD GRID MODEL
Andhra Pradesh,Visakhapatanam,14-01-2024,2024,1,0,IMD GRID MODEL
Andhra Pradesh,Visakhapatanam,18-01-2024,2024,1,0,IMD GRID MODEL
Andhra Pradesh,Visakhapatanam,19-01-2024,2024,1,3.25E-05,IMD GRID MODEL
Andhra Pradesh,Visakhapatanam,22-01-2024,2024,1,0,IMD GRID MODEL
Andhra Pradesh,Visakhapatanam,30-01-2024,2024,1,4.58E-05,IMD GRID MODEL
Andhra Pradesh,Visakhapatanam,08-02-2024,2024,2,5.77E-05,IMD GRID MODEL
Andhra Pradesh,Visakhapatanam,10-02-2024,2024,2,0,IMD GRID MODEL
Andhra Pradesh,Visakhapatanam,20-02-2024,2024,2,0,IMD GRID MODEL
Andhra Pradesh,Visakhapatanam,21-02-2024,2024,2,0,IMD GRID MODEL
Andhra Pradesh,Visakhapatanam,24-02-2024,2024,2,0,IMD GRID MODEL
Andhra Pradesh,Visakhapatanam,14-03-2024,2024,3,0.291365016,IMD GRID MODEL
Andhra Pradesh,Visakhapatanam,21-03-2024,2024,3,4.769070913,IMD GRID MODEL
Andhra Pradesh,Visakhapatanam,22-03-2024,2024,3,0,IMD GRID MODEL
Andhra Pradesh,Visakhapatanam,04-04-2024,2024,4,1.050697079,IMD GRID MODEL
Andhra Pradesh,Visakhapatanam,15-04-2024,2024,4,0,IMD GRID MODEL
Andhra Pradesh,Visakhapatanam,17-04-2024,2024,4,0,IMD GRID MODEL
Andhra Pradesh,Visakhapatanam,20-04-2024,2024,4,1.183276582,IMD GRID MODEL
Andhra Pradesh,Visakhapatanam,23-04-2024,2024,4,3.1539556,IMD GRID MODEL
Andhra Pradesh,Visakhapatanam,26-04-2024,2024,4,0.52904513,IMD GRID MODEL
Andhra Pradesh,Visakhapatanam,05-05-2024,2024,5,0.000303596,IMD GRID MODEL
Andhra Pradesh,Visakhapatanam,07-05-2024,2024,5,9.269683281,IMD GRID MODEL
Andhra Pradesh,Visakhapatanam,14-05-2024,2024,5,5.009387276,IMD GRID MODEL
Andhra Pradesh,Visakhapatanam,19-05-2024,2024,5,8.098162687,IMD GRID MODEL
Andhra Pradesh,Visakhapatanam,30-05-2024,2024,5,0,IMD GRID MODEL
Andhra Pradesh,Visakhapatanam,31-05-2024,2024,5,0.174686559,IMD GRID MODEL
Andhra Pradesh,Visakhapatanam,05-06-2024,2024,6,1.291061253,IMD GRID MODEL
Andhra Pradesh,Visakhapatanam,11-06-2024,2024,6,0.087839439,IMD GRID MODEL
Andhra Pradesh,Visakhapatanam,15-06-2024,2024,6,13.10801944,IMD GRID MODEL
Andhra Pradesh,Visakhapatanam,17-06-2024,2024,6,5.418775768,IMD GRID MODEL
Andhra Pradesh,Visakhapatanam,19-06-2024,2024,6,1.912355846,IMD GRID MODEL
Andhra Pradesh,Visakhapatanam,29-06-2024,2024,6,0.707298663,IMD GRID MODEL
Andhra Pradesh,Visakhapatanam,01-07-2024,2024,7,6.465129544,IMD GRID MODEL
Andhra Pradesh,Visakhapatanam,04-07-2024,2024,7,2.303834503,IMD GRID MODEL
Andhra Pradesh,Visakhapatanam,08-07-2024,2024,7,6.279374888,IMD GRID MODEL
Andhra Pradesh,Visakhapatanam,14-07-2024,2024,7,4.319339481,IMD GRID MODEL
Andhra Pradesh,Visakhapatanam,22-07-2024,2024,7,14.72643865,IMD GRID MODEL
Andhra Pradesh,Visakhapatanam,27-07-2024,2024,7,14.41692752,IMD GRID MODEL
Andhra Pradesh,Visakhapatanam,17-08-2024,2024,8,8.48980668,IMD GRID MODEL
Andhra Pradesh,Visakhapatanam,20-08-2024,2024,8,3.363800962,IMD GRID MODEL
Andhra Pradesh,Visakhapatanam,26-08-2024,2024,8,1.465576656,IMD GRID MODEL
Andhra Pradesh,Visakhapatanam,02-09-2024,2024,9,1.219134078,IMD GRID MODEL
Andhra Pradesh,Visakhapatanam,06-09-2024,2024,9,15.98070781,IMD GRID MODEL
Andhra Pradesh,Visakhapatanam,13-09-2024,2024,9,0.826165488,IMD GRID MODEL
Andhra Pradesh,Visakhapatanam,14-09-2024,2024,9,1.895797784,IMD GRID MODEL
Andhra Pradesh,Visakhapatanam,15-09-2024,2024,9,0.113401047,IMD GRID MODEL
Andhra Pradesh,Visakhapatanam,18-09-2024,2024,9,0.383274891,IMD GRID MODEL
Andhra Pradesh,Visakhapatanam,21-09-2024,2024,9,11.89823922,IMD GRID MODEL
Andhra Pradesh,Visakhapatanam,25-09-2024,2024,9,8.811845295,IMD GRID MODEL
Andhra Pradesh,Visakhapatanam,28-09-2024,2024,9,4.672785444,IMD GRID MODEL
Andhra Pradesh,Visakhapatanam,30-09-2024,2024,9,5.883951271,IMD GRID MODEL
Andhra Pradesh,Visakhapatanam,02-10-2024,2024,10,6.796137145,IMD GRID MODEL
Andhra Pradesh,Visakhapatanam,08-10-2024,2024,10,2.214894814,IMD GRID MODEL
Andhra Pradesh,Visakhapatanam,19-10-2024,2024,10,9.035603472,IMD GRID MODEL
Andhra Pradesh,Visakhapatanam,22-10-2024,2024,10,8.096679897,IMD GRID MODEL
Andhra Pradesh,Visakhapatanam,28-10-2024,2024,10,0.439722594,IMD GRID MODEL
Andhra Pradesh,Visakhapatanam,02-11-2024,2024,11,9.780099058,IMD GRID MODEL
Andhra Pradesh,Visakhapatanam,05-11-2024,2024,11,0,IMD GRID MODEL
Andhra Pradesh,Visakhapatanam,09-11-2024,2024,11,0.499697494,IMD GRID MODEL
Andhra Pradesh,Visakhapatanam,17-11-2024,2024,11,0,IMD GRID MODEL
Andhra Pradesh,Visakhapatanam,23-11-2024,2024,11,0,IMD GRID MODEL
Andhra Pradesh,Visakhapatanam,01-12-2024,2024,12,6.772207759,IMD GRID MODEL
Andhra Pradesh,Visakhapatanam,05-12-2024,2024,12,0.053181833,IMD GRID MODEL
Andhra Pradesh,Visakhapatanam,09-12-2024,2024,12,0.002171676,IMD GRID MODEL
Andhra Pradesh,Visakhapatanam,19-12-2024,2024,12,2.364287512,IMD GRID MODEL
Andhra Pradesh,Visakhapatanam,20-12-2024,2024,12,8.075283701,IMD GRID MODEL
Andhra Pradesh,Y.S.R.,26-07-2024,2024,7,1.611294852,IMD GRID MODEL
Andhra Pradesh,Y.S.R.,30-07-2024,2024,7,7.591628741,IMD GRID MODEL
Andhra Pradesh,Y.S.R.,09-08-2024,2024,8,1.323413783,IMD GRID MODEL
Andhra Pradesh,Y.S.R.,14-08-2024,2024,8,2.79031372,IMD GRID MODEL
Andhra Pradesh,Y.S.R.,17-08-2024,2024,8,6.70322907,IMD GRID MODEL
Andhra Pradesh,Y.S.R.,22-08-2024,2024,8,3.352242385,IMD GRID MODEL
Andhra Pradesh,Y.S.R.,23-08-2024,2024,8,2.056326646,IMD GRID MODEL
Andhra Pradesh,Y.S.R.,28-08-2024,2024,8,0.415872514,IMD GRID MODEL
Andhra Pradesh,Y.S.R.,06-09-2024,2024,9,2.635071987,IMD GRID MODEL
Andhra Pradesh,Y.S.R.,08-09-2024,2024,9,0,IMD GRID MODEL
Andhra Pradesh,Y.S.R.,09-09-2024,2024,9,0.489550977,IMD GRID MODEL
Andhra Pradesh,Y.S.R.,12-09-2024,2024,9,0.067666059,IMD GRID MODEL
Andhra Pradesh,Y.S.R.,13-09-2024,2024,9,0.037921096,IMD GRID MODEL
Andhra Pradesh,Y.S.R.,17-09-2024,2024,9,0.108371284,IMD GRID MODEL
Andhra Pradesh,Y.S.R.,22-09-2024,2024,9,7.613413448,IMD GRID MODEL
Andhra Pradesh,Y.S.R.,24-09-2024,2024,9,7.072946042,IMD GRID MODEL
Andhra Pradesh,Y.S.R.,03-10-2024,2024,10,11.97005642,IMD GRID MODEL
Andhra Pradesh,Y.S.R.,07-10-2024,2024,10,1.361121246,IMD GRID MODEL
Andhra Pradesh,Y.S.R.,10-10-2024,2024,10,2.603970334,IMD GRID MODEL
Andhra Pradesh,Y.S.R.,13-10-2024,2024,10,0.717182092,IMD GRID MODEL
Andhra Pradesh,Y.S.R.,15-10-2024,2024,10,16.18748277,IMD GRID MODEL
Andhra Pradesh,Y.S.R.,19-10-2024,2024,10,9.935197162,IMD GRID MODEL
Andhra Pradesh,Y.S.R.,23-10-2024,2024,10,1.381395298,IMD GRID MODEL
Andhra Pradesh,Y.S.R.,27-10-2024,2024,10,0.030137609,IMD GRID MODEL
Andhra Pradesh,Y.S.R.,05-11-2024,2024,11,0.10540172,IMD GRID MODEL
Andhra Pradesh,Y.S.R.,06-11-2024,2024,11,0.01908104,IMD GRID MODEL
Andhra Pradesh,Y.S.R.,07-11-2024,2024,11,2.027139038,IMD GRID MODEL
Andhra Pradesh,Y.S.R.,13-11-2024,2024,11,9.821862657,IMD GRID MODEL
Andhra Pradesh,Y.S.R.,14-11-2024,2024,11,7.720382092,IMD GRID MODEL
Andhra Pradesh,Y.S.R.,16-11-2024,2024,11,9.545287374,IMD GRID MODEL
Andhra Pradesh,Y.S.R.,27-11-2024,2024,11,2.30293172,IMD GRID MODEL
Andhra Pradesh,Y.S.R.,29-11-2024,2024,11,0.069334963,IMD GRID MODEL
Andhra Pradesh,Y.S.R.,03-12-2024,2024,12,13.97143593,IMD GRID MODEL
Andhra Pradesh,Y.S.R.,04-12-2024,2024,12,1.366735352,IMD GRID MODEL
Andhra Pradesh,Y.S.R.,05-12-2024,2024,12,18.75956545,IMD GRID MODEL
Andhra Pradesh,Y.S.R.,09-12-2024,2024,12,0.012381321,IMD GRID MODEL
Andhra Pradesh,Y.S.R.,11-12-2024,2024,12,0.003282212,IMD GRID MODEL
Andhra Pradesh,Y.S.R.,21-12-2024,2024,12,0.012005531,IMD GRID MODEL
Andhra Pradesh,Y.S.R.,22-12-2024,2024,12,0,IMD GRID MODEL
Andhra Pradesh,Y.S.R.,25-12-2024,2024,12,0.984633038,IMD GRID MODEL
Andhra Pradesh,Y.S.R.,26-12-2024,2024,12,2.078141536,IMD GRID MODEL
Andhra Pradesh,Y.S.R.,27-12-2024,2024,12,5.731596256,IMD GRID MODEL
Andhra Pradesh,Y.S.R.,28-12-2024,2024,12,0.747777451,IMD GRID MODEL
Andhra Pradesh,East Godavari,31-10-2024,2024,10,3.192015342,IMD GRID MODEL
Andhra Pradesh,East Godavari,01-11-2024,2024,11,0.104736104,IMD GRID MODEL
Andhra Pradesh,East Godavari,04-11-2024,2024,11,0.209423524,IMD GRID MODEL
Andhra Pradesh,East Godavari,05-11-2024,2024,11,0.015751449,IMD GRID MODEL
Andhra Pradesh,East Godavari,08-11-2024,2024,11,0.79208867,IMD GRID MODEL
Andhra Pradesh,East Godavari,18-11-2024,2024,11,0,IMD GRID MODEL
Andhra Pradesh,East Godavari,25-11-2024,2024,11,0.05435522,IMD GRID MODEL
Andhra Pradesh,East Godavari,26-11-2024,2024,11,0.002442344,IMD GRID MODEL
Andhra Pradesh,East Godavari,01-12-2024,2024,12,9.133749324,IMD GRID MODEL
Andhra Pradesh,East Godavari,05-12-2024,2024,12,0.178457086,IMD GRID MODEL
Andhra Pradesh,East Godavari,06-12-2024,2024,12,1.591859951,IMD GRID MODEL
Andhra Pradesh,East Godavari,11-12-2024,2024,12,0.003585354,IMD GRID MODEL
Andhra Pradesh,East Godavari,15-12-2024,2024,12,1.25E-06,IMD GRID MODEL
Andhra Pradesh,East Godavari,20-12-2024,2024,12,0.786353706,IMD GRID MODEL
Andhra Pradesh,East Godavari,30-12-2024,2024,12,0,IMD GRID MODEL
Andhra Pradesh,Guntur,08-01-2024,2024,1,0.005070114,IMD GRID MODEL
Andhra Pradesh,Guntur,17-01-2024,2024,1,0,IMD GRID MODEL
Andhra Pradesh,Guntur,20-01-2024,2024,1,0.00897257,IMD GRID MODEL
Andhra Pradesh,Guntur,23-01-2024,2024,1,0,IMD GRID MODEL
Andhra Pradesh,Guntur,28-01-2024,2024,1,0,IMD GRID MODEL
Andhra Pradesh,Guntur,10-02-2024,2024,2,0,IMD GRID MODEL
Andhra Pradesh,Guntur,11-02-2024,2024,2,0,IMD GRID MODEL
Andhra Pradesh,Guntur,12-02-2024,2024,2,0,IMD GRID MODEL
Andhra Pradesh,Guntur,21-02-2024,2024,2,0,IMD GRID MODEL
Andhra Pradesh,Guntur,29-02-2024,2024,2,0.001757877,IMD GRID MODEL
Andhra Pradesh,Guntur,07-03-2024,2024,3,0.000496939,IMD GRID MODEL
Andhra Pradesh,Guntur,12-03-2024,2024,3,0.000186313,IMD GRID MODEL
Andhra Pradesh,Guntur,14-03-2024,2024,3,0.015922576,IMD GRID MODEL
Andhra Pradesh,Guntur,23-03-2024,2024,3,0,IMD GRID MODEL
Andhra Pradesh,Guntur,25-03-2024,2024,3,0.009523368,IMD GRID MODEL
Andhra Pradesh,Guntur,26-03-2024,2024,3,0,IMD GRID MODEL
Andhra Pradesh,Guntur,27-03-2024,2024,3,0.019040738,IMD GRID MODEL
Andhra Pradesh,Guntur,31-03-2024,2024,3,0,IMD GRID MODEL
Andhra Pradesh,Guntur,10-04-2024,2024,4,0,IMD GRID MODEL
Andhra Pradesh,Guntur,13-04-2024,2024,4,0,IMD GRID MODEL
Andhra Pradesh,Guntur,21-04-2024,2024,4,0.000841699,IMD GRID MODEL
Andhra Pradesh,Guntur,30-04-2024,2024,4,0,IMD GRID MODEL
Andhra Pradesh,Guntur,02-05-2024,2024,5,0.139992498,IMD GRID MODEL
Andhra Pradesh,Guntur,05-05-2024,2024,5,0,IMD GRID MODEL
Andhra Pradesh,Guntur,07-05-2024,2024,5,4.268615456,IMD GRID MODEL
Andhra Pradesh,Guntur,18-05-2024,2024,5,1.431105777,IMD GRID MODEL
Andhra Pradesh,Guntur,25-05-2024,2024,5,1.181385324,IMD GRID MODEL
Andhra Pradesh,Guntur,26-05-2024,2024,5,3.238077107,IMD GRID MODEL
Andhra Pradesh,Guntur,03-06-2024,2024,6,22.18376686,IMD GRID MODEL
Andhra Pradesh,Guntur,09-06-2024,2024,6,1.009016442,IMD GRID MODEL
Andhra Pradesh,Guntur,10-06-2024,2024,6,1.550571506,IMD GRID MODEL
Andhra Pradesh,Guntur,12-06-2024,2024,6,1.153993202,IMD GRID MODEL
Andhra Pradesh,Guntur,13-06-2024,2024,6,2.470079929,IMD GRID MODEL
Andhra Pradesh,Guntur,16-06-2024,2024,6,0.704286426,IMD GRID MODEL
Andhra Pradesh,Guntur,21-06-2024,2024,6,0.000532024,IMD GRID MODEL
Andhra Pradesh,Guntur,25-06-2024,2024,6,0.09832977,IMD GRID MODEL
Andhra Pradesh,Guntur,26-06-2024,2024,6,0.495025989,IMD GRID MODEL
Andhra Pradesh,Guntur,27-06-2024,2024,6,14.98741637,IMD GRID MODEL
Andhra Pradesh,Guntur,28-06-2024,2024,6,25.30946575,IMD GRID MODEL
Andhra Pradesh,Guntur,29-06-2024,2024,6,2.285844783,IMD GRID MODEL
Andhra Pradesh,Guntur,30-06-2024,2024,6,47.82866439,IMD GRID MODEL
Andhra Pradesh,Guntur,06-07-2024,2024,7,7.460201126,IMD GRID MODEL
Andhra Pradesh,Guntur,09-07-2024,2024,7,2.622392676,IMD GRID MODEL
Andhra Pradesh,Guntur,16-07-2024,2024,7,13.67395116,IMD GRID MODEL
Andhra Pradesh,Guntur,18-07-2024,2024,7,6.870919084,IMD GRID MODEL
Andhra Pradesh,Guntur,22-07-2024,2024,7,14.52866164,IMD GRID MODEL
Andhra Pradesh,Guntur,26-07-2024,2024,7,0.880179221,IMD GRID MODEL
Andhra Pradesh,Guntur,28-07-2024,2024,7,2.414781641,IMD GRID MODEL
Andhra Pradesh,Guntur,03-08-2024,2024,8,0.943539268,IMD GRID MODEL
Andhra Pradesh,Guntur,07-08-2024,2024,8,32.77059331,IMD GRID MODEL
Andhra Pradesh,Guntur,09-08-2024,2024,8,1.750244925,IMD GRID MODEL
Andhra Pradesh,Guntur,19-08-2024,2024,8,1.606323273,IMD GRID MODEL
Andhra Pradesh,Guntur,20-08-2024,2024,8,1.415859181,IMD GRID MODEL
Andhra Pradesh,Guntur,21-08-2024,2024,8,5.892339811,IMD GRID MODEL
Andhra Pradesh,Guntur,22-08-2024,2024,8,10.93682176,IMD GRID MODEL
Andhra Pradesh,Guntur,25-08-2024,2024,8,3.82159377,IMD GRID MODEL
Andhra Pradesh,Guntur,26-08-2024,2024,8,0.773104034,IMD GRID MODEL
Andhra Pradesh,Guntur,28-08-2024,2024,8,1.360292903,IMD GRID MODEL
Andhra Pradesh,Guntur,29-08-2024,2024,8,13.72103801,IMD GRID MODEL
Andhra Pradesh,Guntur,30-08-2024,2024,8,30.41778902,IMD GRID MODEL
Andhra Pradesh,Guntur,03-09-2024,2024,9,6.038697618,IMD GRID MODEL
Andhra Pradesh,Guntur,05-09-2024,2024,9,9.743351325,IMD GRID MODEL
Andhra Pradesh,Guntur,11-09-2024,2024,9,0.166140426,IMD GRID MODEL
Andhra Pradesh,Guntur,13-09-2024,2024,9,0.077491947,IMD GRID MODEL
Andhra Pradesh,Guntur,16-09-2024,2024,9,0.730283638,IMD GRID MODEL
Andhra Pradesh,Guntur,17-09-2024,2024,9,0.095723038,IMD GRID MODEL
Andhra Pradesh,Guntur,20-09-2024,2024,9,6.193536728,IMD GRID MODEL
Andhra Pradesh,Guntur,26-09-2024,2024,9,11.68812911,IMD GRID MODEL
Andhra Pradesh,Guntur,28-09-2024,2024,9,10.71222156,IMD GRID MODEL
Andhra Pradesh,Guntur,30-09-2024,2024,9,0.594139894,IMD GRID MODEL
Andhra Pradesh,Guntur,05-10-2024,2024,10,1.263506958,IMD GRID MODEL
Andhra Pradesh,Guntur,13-10-2024,2024,10,6.673120777,IMD GRID MODEL
Andhra Pradesh,Guntur,21-10-2024,2024,10,7.423547868,IMD GRID MODEL
Andhra Pradesh,Guntur,24-10-2024,2024,10,0,IMD GRID MODEL
Andhra Pradesh,Guntur,26-10-2024,2024,10,0.750857273,IMD GRID MODEL
Andhra Pradesh,Guntur,29-10-2024,2024,10,6.21E-05,IMD GRID MODEL
Andhra Pradesh,Guntur,10-11-2024,2024,11,0.785340674,IMD GRID MODEL
Andhra Pradesh,Guntur,11-11-2024,2024,11,0.325017004,IMD GRID MODEL
Andhra Pradesh,Guntur,12-11-2024,2024,11,0.13753896,IMD GRID MODEL
Andhra Pradesh,Guntur,25-11-2024,2024,11,0.001429479,IMD GRID MODEL
Andhra Pradesh,Guntur,26-11-2024,2024,11,9.37E-05,IMD GRID MODEL
Andhra Pradesh,Guntur,27-11-2024,2024,11,0.041141966,IMD GRID MODEL
Andhra Pradesh,Guntur,30-11-2024,2024,11,1.513926889,IMD GRID MODEL
Andhra Pradesh,Guntur,06-12-2024,2024,12,0.285916407,IMD GRID MODEL
Andhra Pradesh,Guntur,22-12-2024,2024,12,0.203618647,IMD GRID MODEL
Andhra Pradesh,Guntur,27-12-2024,2024,12,0.110210261,IMD GRID MODEL
Andhra Pradesh,Krishna,11-01-2024,2024,1,0.023973782,IMD GRID MODEL
Andhra Pradesh,Krishna,12-01-2024,2024,1,0,IMD GRID MODEL
Andhra Pradesh,Krishna,17-01-2024,2024,1,0,IMD GRID MODEL
Andhra Pradesh,Krishna,19-01-2024,2024,1,0.000371619,IMD GRID MODEL
Andhra Pradesh,Krishna,27-01-2024,2024,1,0.125200122,IMD GRID MODEL
Andhra Pradesh,Krishna,06-02-2024,2024,2,0,IMD GRID MODEL
Andhra Pradesh,Krishna,16-02-2024,2024,2,0.04603276,IMD GRID MODEL
Andhra Pradesh,Krishna,17-02-2024,2024,2,0,IMD GRID MODEL
Andhra Pradesh,Krishna,22-02-2024,2024,2,0,IMD GRID MODEL
Andhra Pradesh,Krishna,25-02-2024,2024,2,0.001449929,IMD GRID MODEL
Andhra Pradesh,Krishna,05-03-2024,2024,3,0,IMD GRID MODEL
Andhra Pradesh,Krishna,07-03-2024,2024,3,0.006218631,IMD GRID MODEL
Andhra Pradesh,Krishna,08-03-2024,2024,3,0,IMD GRID MODEL
Andhra Pradesh,Krishna,10-03-2024,2024,3,0,IMD GRID MODEL
Andhra Pradesh,Krishna,13-03-2024,2024,3,0.000255341,IMD GRID MODEL
Andhra Pradesh,Krishna,21-03-2024,2024,3,0.042635195,IMD GRID MODEL
Andhra Pradesh,Krishna,24-03-2024,2024,3,0,IMD GRID MODEL
Andhra Pradesh,Krishna,29-03-2024,2024,3,0.008562321,IMD GRID MODEL
Andhra Pradesh,Krishna,31-03-2024,2024,3,0,IMD GRID MODEL
Andhra Pradesh,Krishna,07-04-2024,2024,4,0.000533599,IMD GRID MODEL
Andhra Pradesh,Krishna,10-04-2024,2024,4,0,IMD GRID MODEL
Andhra Pradesh,Krishna,30-04-2024,2024,4,0,IMD GRID MODEL
Andhra Pradesh,Krishna,19-05-2024,2024,5,4.023042923,IMD GRID MODEL
Andhra Pradesh,Krishna,22-05-2024,2024,5,0.104099472,IMD GRID MODEL
Andhra Pradesh,Krishna,10-06-2024,2024,6,0.035027872,IMD GRID MODEL
Andhra Pradesh,Krishna,14-06-2024,2024,6,7.532400679,IMD GRID MODEL
Andhra Pradesh,Krishna,20-06-2024,2024,6,5.003888639,IMD GRID MODEL
Andhra Pradesh,Krishna,30-06-2024,2024,6,36.33826432,IMD GRID MODEL
Andhra Pradesh,Krishna,02-07-2024,2024,7,0.873985561,IMD GRID MODEL
Andhra Pradesh,Krishna,03-07-2024,2024,7,2.36426314,IMD GRID MODEL
Andhra Pradesh,Krishna,13-07-2024,2024,7,0.503640463,IMD GRID MODEL
Andhra Pradesh,Krishna,16-07-2024,2024,7,9.461757871,IMD GRID MODEL
Andhra Pradesh,Krishna,20-07-2024,2024,7,51.71738583,IMD GRID MODEL
Andhra Pradesh,Krishna,23-07-2024,2024,7,0.916873282,IMD GRID MODEL
Andhra Pradesh,Krishna,25-07-2024,2024,7,0,IMD GRID MODEL
Andhra Pradesh,Krishna,26-07-2024,2024,7,0.932295727,IMD GRID MODEL
Andhra Pradesh,Krishna,27-07-2024,2024,7,1.780520984,IMD GRID MODEL
Andhra Pradesh,Krishna,28-07-2024,2024,7,5.253385033,IMD GRID MODEL
Andhra Pradesh,Krishna,03-08-2024,2024,8,2.555908517,IMD GRID MODEL
Andhra Pradesh,Krishna,05-08-2024,2024,8,0.165761555,IMD GRID MODEL
Andhra Pradesh,Krishna,12-08-2024,2024,8,0.236068226,IMD GRID MODEL
Andhra Pradesh,Krishna,14-08-2024,2024,8,1.830469391,IMD GRID MODEL
Andhra Pradesh,Krishna,22-08-2024,2024,8,10.6122083,IMD GRID MODEL
Andhra Pradesh,Krishna,30-08-2024,2024,8,44.73604099,IMD GRID MODEL
Andhra Pradesh,Krishna,03-09-2024,2024,9,7.93931043,IMD GRID MODEL
Andhra Pradesh,Krishna,12-09-2024,2024,9,0.676416629,IMD GRID MODEL
Andhra Pradesh,Krishna,16-09-2024,2024,9,0.791992844,IMD GRID MODEL
Andhra Pradesh,Krishna,23-09-2024,2024,9,10.55332032,IMD GRID MODEL
Andhra Pradesh,Krishna,26-09-2024,2024,9,11.09501786,IMD GRID MODEL
Andhra Pradesh,Krishna,29-09-2024,2024,9,2.578488466,IMD GRID MODEL
Andhra Pradesh,Krishna,06-10-2024,2024,10,3.633394851,IMD GRID MODEL
Andhra Pradesh,Krishna,07-10-2024,2024,10,4.628491237,IMD GRID MODEL
Andhra Pradesh,Krishna,11-10-2024,2024,10,12.12625816,IMD GRID MODEL
Andhra Pradesh,Krishna,15-10-2024,2024,10,6.050735395,IMD GRID MODEL
Andhra Pradesh,Krishna,19-10-2024,2024,10,8.644229745,IMD GRID MODEL
Andhra Pradesh,Krishna,23-10-2024,2024,10,1.274373732,IMD GRID MODEL
Andhra Pradesh,Krishna,05-11-2024,2024,11,0,IMD GRID MODEL
Andhra Pradesh,Krishna,06-11-2024,2024,11,0.11047249,IMD GRID MODEL
Andhra Pradesh,Krishna,12-11-2024,2024,11,0.418026057,IMD GRID MODEL
Andhra Pradesh,Krishna,13-11-2024,2024,11,0.60220657,IMD GRID MODEL
Andhra Pradesh,Krishna,18-11-2024,2024,11,0,IMD GRID MODEL
Andhra Pradesh,Krishna,25-11-2024,2024,11,0.01482704,IMD GRID MODEL
Andhra Pradesh,Krishna,26-11-2024,2024,11,0.003599511,IMD GRID MODEL
Andhra Pradesh,Krishna,04-12-2024,2024,12,0.334374066,IMD GRID MODEL
Andhra Pradesh,Krishna,08-12-2024,2024,12,7.99E-06,IMD GRID MODEL
Andhra Pradesh,Krishna,16-12-2024,2024,12,0.013596211,IMD GRID MODEL
Andhra Pradesh,Krishna,19-12-2024,2024,12,0.237568546,IMD GRID MODEL
Andhra Pradesh,Krishna,20-12-2024,2024,12,0.252315676,IMD GRID MODEL
Andhra Pradesh,Krishna,25-12-2024,2024,12,1.860929447,IMD GRID MODEL
Andhra Pradesh,Krishna,27-12-2024,2024,12,0.006013671,IMD GRID MODEL
Andhra Pradesh,Kurnool,01-01-2024,2024,1,0.018023434,IMD GRID MODEL
Andhra Pradesh,Kurnool,10-01-2024,2024,1,0,IMD GRID MODEL
Andhra Pradesh,Kurnool,15-01-2024,2024,1,0,IMD GRID MODEL
Andhra Pradesh,Kurnool,20-01-2024,2024,1,0,IMD GRID MODEL
Andhra Pradesh,Kurnool,08-02-2024,2024,2,7.49E-05,IMD GRID MODEL
Andhra Pradesh,Kurnool,14-02-2024,2024,2,0.002138872,IMD GRID MODEL
Andhra Pradesh,Kurnool,17-02-2024,2024,2,0,IMD GRID MODEL
Andhra Pradesh,Kurnool,24-02-2024,2024,2,0,IMD GRID MODEL
Andhra Pradesh,Kurnool,25-02-2024,2024,2,0,IMD GRID MODEL
Andhra Pradesh,Kurnool,12-03-2024,2024,3,0,IMD GRID MODEL
Andhra Pradesh,Kurnool,22-03-2024,2024,3,0,IMD GRID MODEL
Andhra Pradesh,Kurnool,23-03-2024,2024,3,0,IMD GRID MODEL
Andhra Pradesh,Kurnool,31-03-2024,2024,3,0,IMD GRID MODEL
Andhra Pradesh,Kurnool,07-04-2024,2024,4,0.004129867,IMD GRID MODEL
Andhra Pradesh,Kurnool,14-04-2024,2024,4,0.165840676,IMD GRID MODEL
Andhra Pradesh,Kurnool,16-04-2024,2024,4,0,IMD GRID MODEL
Andhra Pradesh,Kurnool,22-04-2024,2024,4,0.306600829,IMD GRID MODEL
Andhra Pradesh,Anantapur,02-01-2024,2024,1,0,IMD GRID MODEL
Andhra Pradesh,Anantapur,03-01-2024,2024,1,0.003060003,IMD GRID MODEL
Andhra Pradesh,Anantapur,06-01-2024,2024,1,8.29E-05,IMD GRID MODEL
Andhra Pradesh,Anantapur,11-01-2024,2024,1,0,IMD GRID MODEL
Andhra Pradesh,Anantapur,16-01-2024,2024,1,0,IMD GRID MODEL
Andhra Pradesh,Anantapur,21-01-2024,2024,1,0,IMD GRID MODEL
Andhra Pradesh,Anantapur,22-01-2024,2024,1,0,IMD GRID MODEL
Andhra Pradesh,Anantapur,24-01-2024,2024,1,0,IMD GRID MODEL
Andhra Pradesh,Anantapur,31-01-2024,2024,1,0,IMD GRID MODEL
Andhra Pradesh,Anantapur,01-02-2024,2024,2,0,IMD GRID MODEL
Andhra Pradesh,Anantapur,07-02-2024,2024,2,0,IMD GRID MODEL
Andhra Pradesh,Anantapur,08-02-2024,2024,2,5.25E-05,IMD GRID MODEL
Andhra Pradesh,Anantapur,09-02-2024,2024,2,0,IMD GRID MODEL
Andhra Pradesh,Anantapur,13-02-2024,2024,2,0.000158563,IMD GRID MODEL
Andhra Pradesh,Anantapur,16-02-2024,2024,2,0.022577166,IMD GRID MODEL
Andhra Pradesh,Anantapur,22-02-2024,2024,2,0,IMD GRID MODEL
Andhra Pradesh,Anantapur,03-03-2024,2024,3,0,IMD GRID MODEL
Andhra Pradesh,Anantapur,13-03-2024,2024,3,0,IMD GRID MODEL
Andhra Pradesh,Anantapur,14-03-2024,2024,3,0.001062014,IMD GRID MODEL
Andhra Pradesh,Anantapur,17-03-2024,2024,3,0,IMD GRID MODEL
Andhra Pradesh,Anantapur,24-03-2024,2024,3,5.56E-05,IMD GRID MODEL
Andhra Pradesh,Anantapur,25-03-2024,2024,3,0.000844009,IMD GRID MODEL
Andhra Pradesh,Anantapur,27-03-2024,2024,3,0,IMD GRID MODEL
Andhra Pradesh,Anantapur,28-03-2024,2024,3,0,IMD GRID MODEL
Andhra Pradesh,Anantapur,02-04-2024,2024,4,0.010922253,IMD GRID MODEL
Andhra Pradesh,Anantapur,08-04-2024,2024,4,0.000500414,IMD GRID MODEL
Andhra Pradesh,Anantapur,09-04-2024,2024,4,3.43E-05,IMD GRID MODEL
Andhra Pradesh,Anantapur,10-04-2024,2024,4,0,IMD GRID MODEL
Andhra Pradesh,Anantapur,14-04-2024,2024,4,0.114914576,IMD GRID MODEL
Andhra Pradesh,Anantapur,16-04-2024,2024,4,0,IMD GRID MODEL
Andhra Pradesh,Anantapur,28-04-2024,2024,4,8.77E-05,IMD GRID MODEL
Andhra Pradesh,Anantapur,29-04-2024,2024,4,0.009657539,IMD GRID MODEL
Andhra Pradesh,Anantapur,08-05-2024,2024,5,14.21372454,IMD GRID MODEL
Andhra Pradesh,Anantapur,25-05-2024,2024,5,27.0841321,IMD GRID MODEL
Andhra Pradesh,Anantapur,27-05-2024,2024,5,0.155431426,IMD GRID MODEL
Andhra Pradesh,Anantapur,01-06-2024,2024,6,0,IMD GRID MODEL
Andhra Pradesh,Anantapur,13-06-2024,2024,6,14.04122151,IMD GRID MODEL
Andhra Pradesh,Anantapur,20-06-2024,2024,6,0.817555465,IMD GRID MODEL
Andhra Pradesh,Anantapur,23-06-2024,2024,6,0.555736169,IMD GRID MODEL
Andhra Pradesh,Anantapur,24-06-2024,2024,6,1.068222095,IMD GRID MODEL
Andhra Pradesh,Anantapur,25-06-2024,2024,6,0.778768631,IMD GRID MODEL
Andhra Pradesh,Anantapur,29-06-2024,2024,6,0.034566161,IMD GRID MODEL
Andhra Pradesh,Anantapur,01-07-2024,2024,7,4.121152013,IMD GRID MODEL
Andhra Pradesh,Anantapur,07-07-2024,2024,7,0.388192883,IMD GRID MODEL
Andhra Pradesh,Anantapur,13-07-2024,2024,7,0.907860539,IMD GRID MODEL
Andhra Pradesh,Anantapur,20-07-2024,2024,7,3.871530706,IMD GRID MODEL
Andhra Pradesh,Anantapur,24-07-2024,2024,7,0.303256946,IMD GRID MODEL
Andhra Pradesh,Anantapur,01-08-2024,2024,8,0.990417934,IMD GRID MODEL
Andhra Pradesh,Anantapur,02-08-2024,2024,8,0.798102975,IMD GRID MODEL
Andhra Pradesh,Anantapur,16-08-2024,2024,8,10.27993866,IMD GRID MODEL
Andhra Pradesh,Anantapur,26-08-2024,2024,8,0.294461206,IMD GRID MODEL
Andhra Pradesh,Anantapur,30-08-2024,2024,8,14.63413146,IMD GRID MODEL
Andhra Pradesh,Anantapur,05-09-2024,2024,9,0.787186651,IMD GRID MODEL
Andhra Pradesh,Anantapur,06-09-2024,2024,9,0.748548381,IMD GRID MODEL
Andhra Pradesh,Anantapur,08-09-2024,2024,9,0,IMD GRID MODEL
Andhra Pradesh,Anantapur,11-09-2024,2024,9,0.001486776,IMD GRID MODEL
Andhra Pradesh,Anantapur,14-09-2024,2024,9,0.033190386,IMD GRID MODEL
Andhra Pradesh,Anantapur,16-09-2024,2024,9,0.170183349,IMD GRID MODEL
Andhra Pradesh,Anantapur,01-10-2024,2024,10,0.08659916,IMD GRID MODEL
Andhra Pradesh,Anantapur,03-10-2024,2024,10,13.88218047,IMD GRID MODEL
Andhra Pradesh,Anantapur,05-10-2024,2024,10,11.17017823,IMD GRID MODEL
Andhra Pradesh,Anantapur,13-10-2024,2024,10,0.325513074,IMD GRID MODEL
Andhra Pradesh,Anantapur,21-10-2024,2024,10,5.663678297,IMD GRID MODEL
Andhra Pradesh,Anantapur,26-10-2024,2024,10,0.45070472,IMD GRID MODEL
Andhra Pradesh,Anantapur,04-11-2024,2024,11,0.002243187,IMD GRID MODEL
Andhra Pradesh,Anantapur,06-11-2024,2024,11,0,IMD GRID MODEL
Andhra Pradesh,Anantapur,12-11-2024,2024,11,0.020516949,IMD GRID MODEL
Andhra Pradesh,Anantapur,15-11-2024,2024,11,10.32255857,IMD GRID MODEL
Andhra Pradesh,Anantapur,17-11-2024,2024,11,1.848439006,IMD GRID MODEL
Andhra Pradesh,Anantapur,18-11-2024,2024,11,0.395365088,IMD GRID MODEL
Andhra Pradesh,Anantapur,26-11-2024,2024,11,0.047357268,IMD GRID MODEL
Andhra Pradesh,Anantapur,29-11-2024,2024,11,0.020196115,IMD GRID MODEL
Andhra Pradesh,Anantapur,04-12-2024,2024,12,5.508697274,IMD GRID MODEL
Andhra Pradesh,Anantapur,08-12-2024,2024,12,0.001292041,IMD GRID MODEL
Andhra Pradesh,Anantapur,10-12-2024,2024,12,0,IMD GRID MODEL
Andhra Pradesh,Anantapur,12-12-2024,2024,12,0.054020115,IMD GRID MODEL
Andhra Pradesh,Anantapur,15-12-2024,2024,12,0,IMD GRID MODEL
Andhra Pradesh,Anantapur,28-12-2024,2024,12,2.053216573,IMD GRID MODEL
Andhra Pradesh,Anantapur,30-12-2024,2024,12,0,IMD GRID MODEL
Andhra Pradesh,Chittoor,04-01-2024,2024,1,0.062390583,IMD GRID MODEL
Andhra Pradesh,Chittoor,08-01-2024,2024,1,2.315744187,IMD GRID MODEL
Andhra Pradesh,Chittoor,15-01-2024,2024,1,0,IMD GRID MODEL
Andhra Pradesh,Chittoor,16-01-2024,2024,1,0,IMD GRID MODEL
Andhra Pradesh,Chittoor,20-01-2024,2024,1,0,IMD GRID MODEL
Andhra Pradesh,Chittoor,23-01-2024,2024,1,0,IMD GRID MODEL
Andhra Pradesh,Chittoor,27-01-2024,2024,1,0.213668896,IMD GRID MODEL
Andhra Pradesh,Chittoor,28-01-2024,2024,1,0.001786465,IMD GRID MODEL
Andhra Pradesh,Chittoor,30-01-2024,2024,1,0.000197196,IMD GRID MODEL
Andhra Pradesh,Chittoor,05-02-2024,2024,2,0,IMD GRID MODEL
Andhra Pradesh,Chittoor,07-02-2024,2024,2,0,IMD GRID MODEL
Andhra Pradesh,Chittoor,09-02-2024,2024,2,0,IMD GRID MODEL
Andhra Pradesh,Chittoor,20-02-2024,2024,2,0,IMD GRID MODEL
Andhra Pradesh,Chittoor,21-02-2024,2024,2,2.69E-06,IMD GRID MODEL
Andhra Pradesh,Chittoor,27-02-2024,2024,2,0,IMD GRID MODEL
Andhra Pradesh,Chittoor,01-03-2024,2024,3,8.95E-05,IMD GRID MODEL
Andhra Pradesh,Chittoor,04-03-2024,2024,3,0,IMD GRID MODEL
Andhra Pradesh,Chittoor,07-03-2024,2024,3,0.000112207,IMD GRID MODEL
Andhra Pradesh,Chittoor,14-03-2024,2024,3,0.198193394,IMD GRID MODEL
Andhra Pradesh,Chittoor,15-03-2024,2024,3,0,IMD GRID MODEL
Andhra Pradesh,Chittoor,21-03-2024,2024,3,0.000589801,IMD GRID MODEL
Andhra Pradesh,Chittoor,25-03-2024,2024,3,0,IMD GRID MODEL
Andhra Pradesh,Chittoor,02-04-2024,2024,4,0,IMD GRID MODEL
Andhra Pradesh,Chittoor,03-04-2024,2024,4,0.001290739,IMD GRID MODEL
Andhra Pradesh,Chittoor,20-04-2024,2024,4,0.071235671,IMD GRID MODEL
Andhra Pradesh,Chittoor,22-04-2024,2024,4,0,IMD GRID MODEL
Andhra Pradesh,Chittoor,23-04-2024,2024,4,0,IMD GRID MODEL
Andhra Pradesh,Chittoor,01-05-2024,2024,5,0,IMD GRID MODEL
Andhra Pradesh,Chittoor,07-05-2024,2024,5,18.53676042,IMD GRID MODEL
Andhra Pradesh,Chittoor,12-05-2024,2024,5,1.255933763,IMD GRID MODEL
Andhra Pradesh,Chittoor,13-05-2024,2024,5,1.010059446,IMD GRID MODEL
Andhra Pradesh,Chittoor,17-05-2024,2024,5,2.089363073,IMD GRID MODEL
Andhra Pradesh,Chittoor,21-05-2024,2024,5,2.845433437,IMD GRID MODEL
Andhra Pradesh,Chittoor,07-06-2024,2024,6,7.642112613,IMD GRID MODEL
Andhra Pradesh,Chittoor,10-06-2024,2024,6,2.067386863,IMD GRID MODEL
Andhra Pradesh,Chittoor,15-06-2024,2024,6,0.323641022,IMD GRID MODEL
Andhra Pradesh,Chittoor,24-06-2024,2024,6,9.38916887,IMD GRID MODEL
Andhra Pradesh,Chittoor,26-06-2024,2024,6,4.077072548,IMD GRID MODEL
Andhra Pradesh,Chittoor,28-06-2024,2024,6,0.882417207,IMD GRID MODEL
Andhra Pradesh,Chittoor,30-06-2024,2024,6,0.460015065,IMD GRID MODEL
Andhra Pradesh,Chittoor,03-07-2024,2024,7,0.004064325,IMD GRID MODEL
Andhra Pradesh,Chittoor,06-07-2024,2024,7,23.81022059,IMD GRID MODEL
Andhra Pradesh,Chittoor,08-07-2024,2024,7,10.05407709,IMD GRID MODEL
Andhra Pradesh,Chittoor,22-07-2024,2024,7,1.679094722,IMD GRID MODEL
Andhra Pradesh,Chittoor,02-08-2024,2024,8,1.289286602,IMD GRID MODEL
Andhra Pradesh,Chittoor,11-08-2024,2024,8,0.890968013,IMD GRID MODEL
Andhra Pradesh,Chittoor,15-08-2024,2024,8,12.74521623,IMD GRID MODEL
Andhra Pradesh,Chittoor,24-08-2024,2024,8,0.78853282,IMD GRID MODEL
Andhra Pradesh,Chittoor,25-08-2024,2024,8,0.137153014,IMD GRID MODEL
Andhra Pradesh,Chittoor,31-08-2024,2024,8,1.442744806,IMD GRID MODEL
Andhra Pradesh,Chittoor,09-09-2024,2024,9,0.387638516,IMD GRID MODEL
Andhra Pradesh,Chittoor,10-09-2024,2024,9,0.033635636,IMD GRID MODEL
Andhra Pradesh,Chittoor,17-09-2024,2024,9,0.118709988,IMD GRID MODEL
Andhra Pradesh,Chittoor,26-09-2024,2024,9,6.773278501,IMD GRID MODEL
Andhra Pradesh,Chittoor,29-09-2024,2024,9,2.783503181,IMD GRID MODEL
Andhra Pradesh,Chittoor,10-10-2024,2024,10,2.392313709,IMD GRID MODEL
Andhra Pradesh,Chittoor,13-10-2024,2024,10,3.400938672,IMD GRID MODEL
Andhra Pradesh,Chittoor,17-10-2024,2024,10,13.53948609,IMD GRID MODEL
Andhra Pradesh,Chittoor,27-10-2024,2024,10,0.036295348,IMD GRID MODEL
Andhra Pradesh,Chittoor,01-11-2024,2024,11,0.18941832,IMD GRID MODEL
Andhra Pradesh,Chittoor,08-11-2024,2024,11,6.238245753,IMD GRID MODEL
Andhra Pradesh,Chittoor,11-11-2024,2024,11,1.759149941,IMD GRID MODEL
Andhra Pradesh,Chittoor,13-11-2024,2024,11,8.361693469,IMD GRID MODEL
Andhra Pradesh,Chittoor,14-11-2024,2024,11,2.223444772,IMD GRID MODEL
Andhra Pradesh,Chittoor,16-11-2024,2024,11,1.525462295,IMD GRID MODEL
Andhra Pradesh,Chittoor,20-11-2024,2024,11,0,IMD GRID MODEL
Andhra Pradesh,Chittoor,11-12-2024,2024,12,0.004120864,IMD GRID MODEL
Andhra Pradesh,Chittoor,15-12-2024,2024,12,0,IMD GRID MODEL
Andhra Pradesh,Chittoor,25-12-2024,2024,12,0.368068477,IMD GRID MODEL
Andhra Pradesh,Chittoor,27-12-2024,2024,12,12.30334384,IMD GRID MODEL
Andhra Pradesh,East Godavari,04-01-2024,2024,1,0,IMD GRID MODEL
Andhra Pradesh,East Godavari,05-01-2024,2024,1,0,IMD GRID MODEL
Andhra Pradesh,East Godavari,06-01-2024,2024,1,0.013083995,IMD GRID MODEL
Andhra Pradesh,East Godavari,13-01-2024,2024,1,0,IMD GRID MODEL
Andhra Pradesh,East Godavari,23-01-2024,2024,1,0,IMD GRID MODEL
Andhra Pradesh,East Godavari,29-01-2024,2024,1,0,IMD GRID MODEL
Andhra Pradesh,East Godavari,30-01-2024,2024,1,0.004032583,IMD GRID MODEL
Andhra Pradesh,East Godavari,31-01-2024,2024,1,0,IMD GRID MODEL
Andhra Pradesh,East Godavari,18-02-2024,2024,2,1.68E-05,IMD GRID MODEL
Andhra Pradesh,East Godavari,19-02-2024,2024,2,0,IMD GRID MODEL
Andhra Pradesh,East Godavari,06-03-2024,2024,3,0,IMD GRID MODEL
Andhra Pradesh,East Godavari,12-03-2024,2024,3,0,IMD GRID MODEL
Andhra Pradesh,East Godavari,18-03-2024,2024,3,0.005208561,IMD GRID MODEL
Andhra Pradesh,East Godavari,23-03-2024,2024,3,0.000977284,IMD GRID MODEL
Andhra Pradesh,East Godavari,25-03-2024,2024,3,3.33E-08,IMD GRID MODEL
Andhra Pradesh,East Godavari,31-03-2024,2024,3,0,IMD GRID MODEL
Andhra Pradesh,East Godavari,01-04-2024,2024,4,0.128258556,IMD GRID MODEL
Andhra Pradesh,East Godavari,03-04-2024,2024,4,2.59E-05,IMD GRID MODEL
Andhra Pradesh,East Godavari,04-04-2024,2024,4,0.288523479,IMD GRID MODEL
Andhra Pradesh,East Godavari,15-04-2024,2024,4,0,IMD GRID MODEL
Andhra Pradesh,East Godavari,24-04-2024,2024,4,1.97E-05,IMD GRID MODEL
Andhra Pradesh,East Godavari,10-05-2024,2024,5,2.13150421,IMD GRID MODEL
Andhra Pradesh,East Godavari,18-05-2024,2024,5,4.917442225,IMD GRID MODEL
Andhra Pradesh,East Godavari,26-05-2024,2024,5,5.402875794,IMD GRID MODEL
Andhra Pradesh,East Godavari,27-05-2024,2024,5,0,IMD GRID MODEL
Andhra Pradesh,East Godavari,02-06-2024,2024,6,2.037192817,IMD GRID MODEL
Andhra Pradesh,East Godavari,11-06-2024,2024,6,0.184916034,IMD GRID MODEL
Andhra Pradesh,East Godavari,20-06-2024,2024,6,4.249230421,IMD GRID MODEL
Andhra Pradesh,East Godavari,22-06-2024,2024,6,27.16885893,IMD GRID MODEL
Andhra Pradesh,East Godavari,05-07-2024,2024,7,13.97642874,IMD GRID MODEL
Andhra Pradesh,East Godavari,06-07-2024,2024,7,7.87303301,IMD GRID MODEL
Andhra Pradesh,East Godavari,07-07-2024,2024,7,9.053818857,IMD GRID MODEL
Andhra Pradesh,East Godavari,13-07-2024,2024,7,0.5694332,IMD GRID MODEL
Andhra Pradesh,East Godavari,14-07-2024,2024,7,0.76885573,IMD GRID MODEL
Andhra Pradesh,East Godavari,18-07-2024,2024,7,6.467755876,IMD GRID MODEL
Andhra Pradesh,East Godavari,19-07-2024,2024,7,67.23442977,IMD GRID MODEL
Andhra Pradesh,East Godavari,20-07-2024,2024,7,73.12446716,IMD GRID MODEL
Andhra Pradesh,East Godavari,27-07-2024,2024,7,20.73949921,IMD GRID MODEL
Andhra Pradesh,East Godavari,01-08-2024,2024,8,9.695010603,IMD GRID MODEL
Andhra Pradesh,East Godavari,06-08-2024,2024,8,12.04596475,IMD GRID MODEL
Andhra Pradesh,East Godavari,07-08-2024,2024,8,9.84567615,IMD GRID MODEL
Andhra Pradesh,East Godavari,10-08-2024,2024,8,4.588300955,IMD GRID MODEL
Andhra Pradesh,East Godavari,18-08-2024,2024,8,5.407223352,IMD GRID MODEL
Andhra Pradesh,East Godavari,19-08-2024,2024,8,2.631582487,IMD GRID MODEL
Andhra Pradesh,East Godavari,22-08-2024,2024,8,12.11349785,IMD GRID MODEL
Andhra Pradesh,East Godavari,24-08-2024,2024,8,19.35408866,IMD GRID MODEL
Andhra Pradesh,East Godavari,26-08-2024,2024,8,7.622671887,IMD GRID MODEL
Andhra Pradesh,East Godavari,27-08-2024,2024,8,8.228210312,IMD GRID MODEL
Andhra Pradesh,East Godavari,06-09-2024,2024,9,15.04923719,IMD GRID MODEL
Andhra Pradesh,East Godavari,11-09-2024,2024,9,0.660517252,IMD GRID MODEL
Andhra Pradesh,East Godavari,21-09-2024,2024,9,9.231576841,IMD GRID MODEL
Andhra Pradesh,East Godavari,05-10-2024,2024,10,7.538756102,IMD GRID MODEL
Andhra Pradesh,East Godavari,06-10-2024,2024,10,4.441354872,IMD GRID MODEL
Andhra Pradesh,East Godavari,15-10-2024,2024,10,4.040187547,IMD GRID MODEL
Andhra Pradesh,East Godavari,21-10-2024,2024,10,4.366260752,IMD GRID MODEL
Andhra Pradesh,East Godavari,22-10-2024,2024,10,7.244669396,IMD GRID MODEL
Andhra Pradesh,Y.S.R.,03-04-2024,2024,4,4.61E-05,IMD GRID MODEL
Andhra Pradesh,Y.S.R.,04-04-2024,2024,4,0,IMD GRID MODEL
Andhra Pradesh,Y.S.R.,05-04-2024,2024,4,0,IMD GRID MODEL
Andhra Pradesh,Y.S.R.,13-04-2024,2024,4,0.022291128,IMD GRID MODEL
Andhra Pradesh,Y.S.R.,14-04-2024,2024,4,0.011132228,IMD GRID MODEL
Andhra Pradesh,Y.S.R.,23-04-2024,2024,4,1.72E-05,IMD GRID MODEL
Andhra Pradesh,Y.S.R.,29-04-2024,2024,4,0.005531222,IMD GRID MODEL
Andhra Pradesh,Y.S.R.,30-04-2024,2024,4,0.498167548,IMD GRID MODEL
Andhra Pradesh,Y.S.R.,03-05-2024,2024,5,0.056294601,IMD GRID MODEL
Andhra Pradesh,Y.S.R.,04-05-2024,2024,5,0.000370616,IMD GRID MODEL
Andhra Pradesh,Y.S.R.,06-05-2024,2024,5,0.000179253,IMD GRID MODEL
Andhra Pradesh,Y.S.R.,22-05-2024,2024,5,0.023830001,IMD GRID MODEL
Andhra Pradesh,Y.S.R.,26-05-2024,2024,5,0.341693054,IMD GRID MODEL
Andhra Pradesh,Y.S.R.,28-05-2024,2024,5,0,IMD GRID MODEL
Andhra Pradesh,Y.S.R.,06-06-2024,2024,6,20.85349492,IMD GRID MODEL
Andhra Pradesh,Y.S.R.,12-06-2024,2024,6,15.15746091,IMD GRID MODEL
Andhra Pradesh,Y.S.R.,13-06-2024,2024,6,6.321404605,IMD GRID MODEL
Andhra Pradesh,Y.S.R.,16-06-2024,2024,6,0.009076631,IMD GRID MODEL
Andhra Pradesh,Y.S.R.,18-06-2024,2024,6,21.16260728,IMD GRID MODEL
Andhra Pradesh,Y.S.R.,20-06-2024,2024,6,0.902241963,IMD GRID MODEL
Andhra Pradesh,Y.S.R.,02-07-2024,2024,7,4.51809098,IMD GRID MODEL
Andhra Pradesh,Y.S.R.,05-07-2024,2024,7,0.142719592,IMD GRID MODEL
Andhra Pradesh,Y.S.R.,19-07-2024,2024,7,6.57087222,IMD GRID MODEL
Andhra Pradesh,Y.S.R.,22-07-2024,2024,7,2.568087115,IMD GRID MODEL
Andhra Pradesh,Y.S.R.,24-07-2024,2024,7,0.416264111,IMD GRID MODEL
Andhra Pradesh,Anantapur,12-01-2024,2024,1,0,IMD GRID MODEL
Andhra Pradesh,Anantapur,15-01-2024,2024,1,0,IMD GRID MODEL
Andhra Pradesh,Anantapur,23-01-2024,2024,1,0,IMD GRID MODEL
Andhra Pradesh,Anantapur,03-02-2024,2024,2,-0.000206893,IMD GRID MODEL
Andhra Pradesh,Anantapur,10-02-2024,2024,2,0,IMD GRID MODEL
Andhra Pradesh,Anantapur,15-02-2024,2024,2,0,IMD GRID MODEL
Andhra Pradesh,Anantapur,20-02-2024,2024,2,0,IMD GRID MODEL
Andhra Pradesh,Anantapur,24-02-2024,2024,2,0,IMD GRID MODEL
Andhra Pradesh,Anantapur,01-03-2024,2024,3,0,IMD GRID MODEL
Andhra Pradesh,Anantapur,04-03-2024,2024,3,0,IMD GRID MODEL
Andhra Pradesh,Anantapur,19-03-2024,2024,3,0.000872658,IMD GRID MODEL
Andhra Pradesh,Anantapur,01-04-2024,2024,4,0.298122392,IMD GRID MODEL
Andhra Pradesh,Anantapur,15-04-2024,2024,4,0,IMD GRID MODEL
Andhra Pradesh,Anantapur,20-04-2024,2024,4,0.34215541,IMD GRID MODEL
Andhra Pradesh,Anantapur,30-04-2024,2024,4,0.001128502,IMD GRID MODEL
Andhra Pradesh,Anantapur,03-05-2024,2024,5,0.010999617,IMD GRID MODEL
Andhra Pradesh,Anantapur,11-05-2024,2024,5,1.121674525,IMD GRID MODEL
Andhra Pradesh,Anantapur,16-05-2024,2024,5,0.08085704,IMD GRID MODEL
Andhra Pradesh,Anantapur,18-05-2024,2024,5,2.378767214,IMD GRID MODEL
Andhra Pradesh,Anantapur,20-05-2024,2024,5,17.30785797,IMD GRID MODEL
Andhra Pradesh,Anantapur,24-05-2024,2024,5,0.091536353,IMD GRID MODEL
Andhra Pradesh,Anantapur,28-05-2024,2024,5,0,IMD GRID MODEL
Andhra Pradesh,Anantapur,08-06-2024,2024,6,15.74718181,IMD GRID MODEL
Andhra Pradesh,Anantapur,09-06-2024,2024,6,3.396963567,IMD GRID MODEL
Andhra Pradesh,Anantapur,12-06-2024,2024,6,13.774544,IMD GRID MODEL
Andhra Pradesh,Anantapur,14-06-2024,2024,6,2.907382722,IMD GRID MODEL
Andhra Pradesh,Anantapur,21-06-2024,2024,6,0.045149592,IMD GRID MODEL
Andhra Pradesh,Anantapur,27-06-2024,2024,6,0.314227064,IMD GRID MODEL
Andhra Pradesh,Anantapur,09-07-2024,2024,7,2.217546941,IMD GRID MODEL
Andhra Pradesh,Anantapur,16-07-2024,2024,7,3.619219393,IMD GRID MODEL
Andhra Pradesh,Anantapur,19-07-2024,2024,7,1.948309978,IMD GRID MODEL
Andhra Pradesh,Anantapur,23-07-2024,2024,7,0.122793475,IMD GRID MODEL
Andhra Pradesh,Anantapur,26-07-2024,2024,7,1.545151449,IMD GRID MODEL
Andhra Pradesh,Anantapur,28-07-2024,2024,7,0.101309585,IMD GRID MODEL
Andhra Pradesh,Anantapur,30-07-2024,2024,7,2.029876237,IMD GRID MODEL
Andhra Pradesh,Anantapur,31-07-2024,2024,7,0.491395644,IMD GRID MODEL
Andhra Pradesh,Anantapur,05-08-2024,2024,8,0.01353163,IMD GRID MODEL
Andhra Pradesh,Anantapur,07-08-2024,2024,8,7.559383466,IMD GRID MODEL
Andhra Pradesh,Anantapur,15-08-2024,2024,8,20.49162739,IMD GRID MODEL
Andhra Pradesh,Anantapur,19-08-2024,2024,8,4.341766462,IMD GRID MODEL
Andhra Pradesh,Anantapur,20-08-2024,2024,8,3.645088995,IMD GRID MODEL
Andhra Pradesh,Anantapur,27-08-2024,2024,8,2.352433912,IMD GRID MODEL
Andhra Pradesh,Anantapur,28-08-2024,2024,8,0.239575831,IMD GRID MODEL
Andhra Pradesh,Anantapur,15-09-2024,2024,9,0.033387193,IMD GRID MODEL
Andhra Pradesh,Anantapur,19-09-2024,2024,9,0.207138481,IMD GRID MODEL
Andhra Pradesh,Anantapur,24-09-2024,2024,9,8.219795849,IMD GRID MODEL
Andhra Pradesh,Anantapur,29-09-2024,2024,9,4.841559915,IMD GRID MODEL
Andhra Pradesh,Anantapur,30-09-2024,2024,9,0.443486123,IMD GRID MODEL
Andhra Pradesh,Anantapur,18-10-2024,2024,10,11.22329358,IMD GRID MODEL
Andhra Pradesh,Anantapur,24-10-2024,2024,10,3.692580479,IMD GRID MODEL
Andhra Pradesh,Anantapur,03-11-2024,2024,11,0.081804517,IMD GRID MODEL
Andhra Pradesh,Anantapur,10-11-2024,2024,11,0.334997378,IMD GRID MODEL
Andhra Pradesh,Anantapur,24-11-2024,2024,11,0,IMD GRID MODEL
Andhra Pradesh,Anantapur,25-11-2024,2024,11,0.02828295,IMD GRID MODEL
Andhra Pradesh,Anantapur,07-12-2024,2024,12,0.011900507,IMD GRID MODEL
Andhra Pradesh,Anantapur,09-12-2024,2024,12,9.78E-05,IMD GRID MODEL
Andhra Pradesh,Anantapur,14-12-2024,2024,12,0.01824688,IMD GRID MODEL
Andhra Pradesh,Anantapur,16-12-2024,2024,12,0,IMD GRID MODEL
Andhra Pradesh,Anantapur,17-12-2024,2024,12,0,IMD GRID MODEL
Andhra Pradesh,Anantapur,18-12-2024,2024,12,0.057940265,IMD GRID MODEL
Andhra Pradesh,Anantapur,22-12-2024,2024,12,0.244778121,IMD GRID MODEL
Andhra Pradesh,Anantapur,31-12-2024,2024,12,0,IMD GRID MODEL
Andhra Pradesh,Chittoor,09-01-2024,2024,1,6.298506871,IMD GRID MODEL
Andhra Pradesh,Chittoor,10-01-2024,2024,1,0.005450844,IMD GRID MODEL
Andhra Pradesh,Chittoor,03-02-2024,2024,2,0,IMD GRID MODEL
Andhra Pradesh,Chittoor,04-02-2024,2024,2,0,IMD GRID MODEL
Andhra Pradesh,Chittoor,15-02-2024,2024,2,0,IMD GRID MODEL
Andhra Pradesh,Chittoor,16-02-2024,2024,2,0.037311577,IMD GRID MODEL
Andhra Pradesh,Chittoor,18-02-2024,2024,2,0,IMD GRID MODEL
Andhra Pradesh,Chittoor,29-02-2024,2024,2,2.46E-05,IMD GRID MODEL
Andhra Pradesh,Chittoor,09-03-2024,2024,3,0,IMD GRID MODEL
Andhra Pradesh,Chittoor,16-03-2024,2024,3,0,IMD GRID MODEL
Andhra Pradesh,Chittoor,26-03-2024,2024,3,0,IMD GRID MODEL
Andhra Pradesh,Chittoor,27-03-2024,2024,3,0,IMD GRID MODEL
Andhra Pradesh,Chittoor,12-04-2024,2024,4,0.111105232,IMD GRID MODEL
Andhra Pradesh,Chittoor,17-04-2024,2024,4,0,IMD GRID MODEL
Andhra Pradesh,Chittoor,21-04-2024,2024,4,0.027719405,IMD GRID MODEL
Andhra Pradesh,Chittoor,28-04-2024,2024,4,0,IMD GRID MODEL
Andhra Pradesh,Chittoor,30-04-2024,2024,4,0,IMD GRID MODEL
Andhra Pradesh,Chittoor,04-05-2024,2024,5,1.348366248,IMD GRID MODEL
Andhra Pradesh,Chittoor,08-05-2024,2024,5,15.37651622,IMD GRID MODEL
Andhra Pradesh,Chittoor,10-05-2024,2024,5,0.358645614,IMD GRID MODEL
Andhra Pradesh,Chittoor,25-05-2024,2024,5,0.366564089,IMD GRID MODEL
Andhra Pradesh,Chittoor,26-05-2024,2024,5,1.179617338,IMD GRID MODEL
Andhra Pradesh,Chittoor,30-05-2024,2024,5,0,IMD GRID MODEL
Andhra Pradesh,Chittoor,02-06-2024,2024,6,19.20870688,IMD GRID MODEL
Andhra Pradesh,Chittoor,11-06-2024,2024,6,1.51021247,IMD GRID MODEL
Andhra Pradesh,Chittoor,18-06-2024,2024,6,20.51076988,IMD GRID MODEL
Andhra Pradesh,Chittoor,19-06-2024,2024,6,10.71360703,IMD GRID MODEL
Andhra Pradesh,Chittoor,22-06-2024,2024,6,2.645679595,IMD GRID MODEL
Andhra Pradesh,Chittoor,04-07-2024,2024,7,7.112884046,IMD GRID MODEL
Andhra Pradesh,Chittoor,09-07-2024,2024,7,2.115217506,IMD GRID MODEL
Andhra Pradesh,Chittoor,15-07-2024,2024,7,7.782955337,IMD GRID MODEL
Andhra Pradesh,Chittoor,16-07-2024,2024,7,5.726372784,IMD GRID MODEL
Andhra Pradesh,Chittoor,19-07-2024,2024,7,4.15925209,IMD GRID MODEL
Andhra Pradesh,Chittoor,20-07-2024,2024,7,4.99844983,IMD GRID MODEL
Andhra Pradesh,Chittoor,26-07-2024,2024,7,0.671340544,IMD GRID MODEL
Andhra Pradesh,Chittoor,28-07-2024,2024,7,0.006641593,IMD GRID MODEL
Andhra Pradesh,Chittoor,29-07-2024,2024,7,0,IMD GRID MODEL
Andhra Pradesh,Chittoor,03-08-2024,2024,8,1.377553249,IMD GRID MODEL
Andhra Pradesh,Chittoor,07-08-2024,2024,8,14.14992331,IMD GRID MODEL
Andhra Pradesh,Chittoor,12-08-2024,2024,8,22.61030954,IMD GRID MODEL
Andhra Pradesh,Chittoor,13-08-2024,2024,8,12.0853565,IMD GRID MODEL
Andhra Pradesh,Chittoor,17-08-2024,2024,8,10.55401424,IMD GRID MODEL
Andhra Pradesh,Chittoor,21-08-2024,2024,8,5.591629141,IMD GRID MODEL
Andhra Pradesh,Chittoor,23-08-2024,2024,8,1.568402992,IMD GRID MODEL
Andhra Pradesh,Chittoor,02-09-2024,2024,9,1.697441014,IMD GRID MODEL
Andhra Pradesh,Chittoor,03-09-2024,2024,9,0.84700986,IMD GRID MODEL
Andhra Pradesh,Chittoor,05-09-2024,2024,9,1.285958591,IMD GRID MODEL
Andhra Pradesh,Chittoor,06-09-2024,2024,9,2.253111742,IMD GRID MODEL
Andhra Pradesh,Chittoor,24-09-2024,2024,9,11.9371797,IMD GRID MODEL
Andhra Pradesh,Chittoor,01-10-2024,2024,10,0.346533797,IMD GRID MODEL
Andhra Pradesh,Chittoor,12-10-2024,2024,10,1.291914578,IMD GRID MODEL
Andhra Pradesh,Chittoor,16-10-2024,2024,10,22.17547229,IMD GRID MODEL
Andhra Pradesh,Chittoor,19-10-2024,2024,10,8.722622699,IMD GRID MODEL
Andhra Pradesh,Chittoor,07-11-2024,2024,11,4.178550705,IMD GRID MODEL
Andhra Pradesh,Chittoor,09-11-2024,2024,11,2.507618084,IMD GRID MODEL
Andhra Pradesh,Chittoor,10-11-2024,2024,11,3.046196947,IMD GRID MODEL
Andhra Pradesh,Chittoor,15-11-2024,2024,11,12.24994397,IMD GRID MODEL
Andhra Pradesh,Chittoor,23-11-2024,2024,11,0.00520538,IMD GRID MODEL
Andhra Pradesh,Chittoor,27-11-2024,2024,11,4.819062577,IMD GRID MODEL
Andhra Pradesh,Chittoor,30-11-2024,2024,11,11.16804933,IMD GRID MODEL
Andhra Pradesh,Chittoor,06-12-2024,2024,12,0.495956874,IMD GRID MODEL
Andhra Pradesh,Chittoor,13-12-2024,2024,12,42.67031406,IMD GRID MODEL
Andhra Pradesh,Chittoor,17-12-2024,2024,12,0.002033333,IMD GRID MODEL
Andhra Pradesh,Chittoor,18-12-2024,2024,12,0.477576264,IMD GRID MODEL
Andhra Pradesh,Chittoor,21-12-2024,2024,12,0.095863115,IMD GRID MODEL
Andhra Pradesh,Chittoor,24-12-2024,2024,12,0.00091998,IMD GRID MODEL
Andhra Pradesh,Chittoor,26-12-2024,2024,12,0.760816213,IMD GRID MODEL
Andhra Pradesh,Chittoor,31-12-2024,2024,12,0.003346704,IMD GRID MODEL
Andhra Pradesh,East Godavari,09-01-2024,2024,1,0.216338611,IMD GRID MODEL
Andhra Pradesh,East Godavari,14-01-2024,2024,1,0,IMD GRID MODEL
Andhra Pradesh,East Godavari,08-02-2024,2024,2,0,IMD GRID MODEL
Andhra Pradesh,East Godavari,11-02-2024,2024,2,0,IMD GRID MODEL
Andhra Pradesh,East Godavari,20-02-2024,2024,2,0,IMD GRID MODEL
Andhra Pradesh,East Godavari,22-02-2024,2024,2,0,IMD GRID MODEL
Andhra Pradesh,East Godavari,23-02-2024,2024,2,0,IMD GRID MODEL
Andhra Pradesh,East Godavari,24-02-2024,2024,2,0,IMD GRID MODEL
Andhra Pradesh,East Godavari,25-02-2024,2024,2,0.002433811,IMD GRID MODEL
Andhra Pradesh,East Godavari,27-02-2024,2024,2,0,IMD GRID MODEL
Andhra Pradesh,East Godavari,09-03-2024,2024,3,0.000912221,IMD GRID MODEL
Andhra Pradesh,East Godavari,14-03-2024,2024,3,0.255459162,IMD GRID MODEL
Andhra Pradesh,East Godavari,20-03-2024,2024,3,0.157723126,IMD GRID MODEL
Andhra Pradesh,East Godavari,22-03-2024,2024,3,0,IMD GRID MODEL
Andhra Pradesh,East Godavari,26-03-2024,2024,3,0,IMD GRID MODEL
Andhra Pradesh,East Godavari,02-04-2024,2024,4,0,IMD GRID MODEL
Andhra Pradesh,East Godavari,05-04-2024,2024,4,0,IMD GRID MODEL
Andhra Pradesh,East Godavari,08-04-2024,2024,4,0.000456497,IMD GRID MODEL
Andhra Pradesh,East Godavari,11-04-2024,2024,4,0.381745123,IMD GRID MODEL
Andhra Pradesh,East Godavari,16-04-2024,2024,4,0,IMD GRID MODEL
Andhra Pradesh,East Godavari,18-04-2024,2024,4,0.010213724,IMD GRID MODEL
Andhra Pradesh,East Godavari,20-04-2024,2024,4,0.237644376,IMD GRID MODEL
Andhra Pradesh,East Godavari,21-04-2024,2024,4,0.004708146,IMD GRID MODEL
Andhra Pradesh,East Godavari,29-04-2024,2024,4,0.092629559,IMD GRID MODEL
Andhra Pradesh,East Godavari,30-04-2024,2024,4,0.004686804,IMD GRID MODEL
Andhra Pradesh,East Godavari,06-05-2024,2024,5,0.006147427,IMD GRID MODEL
Andhra Pradesh,East Godavari,08-05-2024,2024,5,8.916548078,IMD GRID MODEL
Andhra Pradesh,East Godavari,14-05-2024,2024,5,0.304227002,IMD GRID MODEL
Andhra Pradesh,East Godavari,21-05-2024,2024,5,2.879437031,IMD GRID MODEL
Andhra Pradesh,East Godavari,28-05-2024,2024,5,0,IMD GRID MODEL
Andhra Pradesh,East Godavari,05-06-2024,2024,6,0.156462619,IMD GRID MODEL
Andhra Pradesh,East Godavari,07-06-2024,2024,6,5.607670994,IMD GRID MODEL
Andhra Pradesh,East Godavari,08-06-2024,2024,6,3.870415489,IMD GRID MODEL
Andhra Pradesh,East Godavari,09-06-2024,2024,6,0.322128501,IMD GRID MODEL
Andhra Pradesh,East Godavari,10-06-2024,2024,6,0.122345944,IMD GRID MODEL
Andhra Pradesh,East Godavari,27-06-2024,2024,6,17.59317129,IMD GRID MODEL
Andhra Pradesh,East Godavari,28-06-2024,2024,6,20.17495291,IMD GRID MODEL
Andhra Pradesh,East Godavari,01-07-2024,2024,7,12.17178565,IMD GRID MODEL
Andhra Pradesh,Visakhapatanam,17-03-2024,2024,3,0.002431092,IMD GRID MODEL
Andhra Pradesh,Visakhapatanam,29-03-2024,2024,3,0,IMD GRID MODEL
Andhra Pradesh,Visakhapatanam,31-03-2024,2024,3,0,IMD GRID MODEL
Andhra Pradesh,Visakhapatanam,08-04-2024,2024,4,0.000135786,IMD GRID MODEL
Andhra Pradesh,Visakhapatanam,09-04-2024,2024,4,0.051875919,IMD GRID MODEL
Andhra Pradesh,Visakhapatanam,13-04-2024,2024,4,0.384908,IMD GRID MODEL
Andhra Pradesh,Visakhapatanam,16-04-2024,2024,4,0,IMD GRID MODEL
Andhra Pradesh,Visakhapatanam,28-04-2024,2024,4,1.321984394,IMD GRID MODEL
Andhra Pradesh,Visakhapatanam,01-05-2024,2024,5,0.99702882,IMD GRID MODEL
Andhra Pradesh,Visakhapatanam,04-05-2024,2024,5,2.02270602,IMD GRID MODEL
Andhra Pradesh,Visakhapatanam,10-05-2024,2024,5,5.945802626,IMD GRID MODEL
Andhra Pradesh,Visakhapatanam,20-05-2024,2024,5,2.603225852,IMD GRID MODEL
Andhra Pradesh,Visakhapatanam,27-05-2024,2024,5,0,IMD GRID MODEL
Andhra Pradesh,Visakhapatanam,28-05-2024,2024,5,0,IMD GRID MODEL
Andhra Pradesh,Visakhapatanam,29-05-2024,2024,5,0,IMD GRID MODEL
Andhra Pradesh,Visakhapatanam,01-06-2024,2024,6,16.45908659,IMD GRID MODEL
Andhra Pradesh,Visakhapatanam,02-06-2024,2024,6,2.354205308,IMD GRID MODEL
Andhra Pradesh,Visakhapatanam,04-06-2024,2024,6,0.119352927,IMD GRID MODEL
Andhra Pradesh,Visakhapatanam,12-06-2024,2024,6,2.45755343,IMD GRID MODEL
Andhra Pradesh,Visakhapatanam,14-06-2024,2024,6,0.059047752,IMD GRID MODEL
Andhra Pradesh,Visakhapatanam,20-06-2024,2024,6,4.825877786,IMD GRID MODEL
Andhra Pradesh,Visakhapatanam,22-06-2024,2024,6,9.976457326,IMD GRID MODEL
Andhra Pradesh,Visakhapatanam,23-06-2024,2024,6,4.574276782,IMD GRID MODEL
Andhra Pradesh,Visakhapatanam,26-06-2024,2024,6,8.770556487,IMD GRID MODEL
Andhra Pradesh,Visakhapatanam,05-07-2024,2024,7,0.164919662,IMD GRID MODEL
Andhra Pradesh,Visakhapatanam,09-07-2024,2024,7,5.083684647,IMD GRID MODEL
Andhra Pradesh,Visakhapatanam,19-07-2024,2024,7,36.42625608,IMD GRID MODEL
Andhra Pradesh,Visakhapatanam,21-07-2024,2024,7,7.384213064,IMD GRID MODEL
Andhra Pradesh,Visakhapatanam,23-07-2024,2024,7,19.03735327,IMD GRID MODEL
Andhra Pradesh,Visakhapatanam,30-07-2024,2024,7,2.190426799,IMD GRID MODEL
Andhra Pradesh,Visakhapatanam,06-08-2024,2024,8,2.127806489,IMD GRID MODEL
Andhra Pradesh,Visakhapatanam,10-08-2024,2024,8,3.135901824,IMD GRID MODEL
Andhra Pradesh,Visakhapatanam,11-08-2024,2024,8,1.674958351,IMD GRID MODEL
Andhra Pradesh,Visakhapatanam,12-08-2024,2024,8,1.295484996,IMD GRID MODEL
Andhra Pradesh,Visakhapatanam,19-08-2024,2024,8,4.951867549,IMD GRID MODEL
Andhra Pradesh,Visakhapatanam,31-08-2024,2024,8,18.56749867,IMD GRID MODEL
Andhra Pradesh,Visakhapatanam,07-09-2024,2024,9,14.421214,IMD GRID MODEL
Andhra Pradesh,Visakhapatanam,11-09-2024,2024,9,0.752698559,IMD GRID MODEL
Andhra Pradesh,East Godavari,21-07-2024,2024,7,17.56532123,IMD GRID MODEL
Andhra Pradesh,East Godavari,30-07-2024,2024,7,10.24996556,IMD GRID MODEL
Andhra Pradesh,East Godavari,31-07-2024,2024,7,7.560805235,IMD GRID MODEL
Andhra Pradesh,East Godavari,28-08-2024,2024,8,11.83595846,IMD GRID MODEL
Andhra Pradesh,East Godavari,29-08-2024,2024,8,11.69827189,IMD GRID MODEL
Andhra Pradesh,East Godavari,30-08-2024,2024,8,29.67818302,IMD GRID MODEL
Andhra Pradesh,East Godavari,04-09-2024,2024,9,24.0233872,IMD GRID MODEL
Andhra Pradesh,East Godavari,15-09-2024,2024,9,0.140842372,IMD GRID MODEL
Andhra Pradesh,East Godavari,27-09-2024,2024,9,12.40319909,IMD GRID MODEL
Andhra Pradesh,East Godavari,28-09-2024,2024,9,7.150221358,IMD GRID MODEL
Andhra Pradesh,East Godavari,01-10-2024,2024,10,3.818239612,IMD GRID MODEL
Andhra Pradesh,East Godavari,02-10-2024,2024,10,5.846044097,IMD GRID MODEL
Andhra Pradesh,East Godavari,09-10-2024,2024,10,1.629490623,IMD GRID MODEL
Andhra Pradesh,East Godavari,11-10-2024,2024,10,5.331425465,IMD GRID MODEL
Andhra Pradesh,East Godavari,17-10-2024,2024,10,10.38761954,IMD GRID MODEL
Andhra Pradesh,East Godavari,18-10-2024,2024,10,9.479002047,IMD GRID MODEL
Andhra Pradesh,East Godavari,23-10-2024,2024,10,2.931309527,IMD GRID MODEL
Andhra Pradesh,East Godavari,24-10-2024,2024,10,0.008160355,IMD GRID MODEL
Andhra Pradesh,East Godavari,25-10-2024,2024,10,0.300353923,IMD GRID MODEL
Andhra Pradesh,East Godavari,02-11-2024,2024,11,6.783001615,IMD GRID MODEL
Andhra Pradesh,East Godavari,03-11-2024,2024,11,1.453698904,IMD GRID MODEL
Andhra Pradesh,East Godavari,13-11-2024,2024,11,0.245991448,IMD GRID MODEL
Andhra Pradesh,East Godavari,16-11-2024,2024,11,0.023129861,IMD GRID MODEL
Andhra Pradesh,East Godavari,20-11-2024,2024,11,0,IMD GRID MODEL
Andhra Pradesh,East Godavari,22-11-2024,2024,11,0,IMD GRID MODEL
Andhra Pradesh,East Godavari,27-11-2024,2024,11,0.026718832,IMD GRID MODEL
Andhra Pradesh,East Godavari,28-11-2024,2024,11,0,IMD GRID MODEL
Andhra Pradesh,East Godavari,29-11-2024,2024,11,0.059195837,IMD GRID MODEL
Andhra Pradesh,East Godavari,30-11-2024,2024,11,3.158144537,IMD GRID MODEL
Andhra Pradesh,East Godavari,16-12-2024,2024,12,1.68E-05,IMD GRID MODEL
Andhra Pradesh,East Godavari,18-12-2024,2024,12,0.791164894,IMD GRID MODEL
Andhra Pradesh,East Godavari,19-12-2024,2024,12,0.844483927,IMD GRID MODEL
Andhra Pradesh,East Godavari,25-12-2024,2024,12,0.868132865,IMD GRID MODEL
Andhra Pradesh,Guntur,02-01-2024,2024,1,0,IMD GRID MODEL
Andhra Pradesh,Guntur,06-01-2024,2024,1,0.00016301,IMD GRID MODEL
Andhra Pradesh,Guntur,07-01-2024,2024,1,0,IMD GRID MODEL
Andhra Pradesh,Guntur,09-01-2024,2024,1,0.038926807,IMD GRID MODEL
Andhra Pradesh,Guntur,11-01-2024,2024,1,0.000268327,IMD GRID MODEL
Andhra Pradesh,Guntur,14-01-2024,2024,1,0,IMD GRID MODEL
Andhra Pradesh,Guntur,15-01-2024,2024,1,0,IMD GRID MODEL
Andhra Pradesh,Guntur,22-01-2024,2024,1,0,IMD GRID MODEL
Andhra Pradesh,Guntur,30-01-2024,2024,1,0,IMD GRID MODEL
Andhra Pradesh,Guntur,15-02-2024,2024,2,0.004827715,IMD GRID MODEL
Andhra Pradesh,Guntur,22-02-2024,2024,2,0,IMD GRID MODEL
Andhra Pradesh,Guntur,26-02-2024,2024,2,0,IMD GRID MODEL
Andhra Pradesh,Guntur,27-02-2024,2024,2,0,IMD GRID MODEL
Andhra Pradesh,Guntur,05-03-2024,2024,3,0,IMD GRID MODEL
Andhra Pradesh,Guntur,06-03-2024,2024,3,0.005311021,IMD GRID MODEL
Andhra Pradesh,Guntur,11-03-2024,2024,3,0,IMD GRID MODEL
Andhra Pradesh,Guntur,19-03-2024,2024,3,6.82E-05,IMD GRID MODEL
Andhra Pradesh,Guntur,20-03-2024,2024,3,0.002904879,IMD GRID MODEL
Andhra Pradesh,Guntur,28-03-2024,2024,3,8.15E-05,IMD GRID MODEL
Andhra Pradesh,Guntur,01-04-2024,2024,4,0.582193094,IMD GRID MODEL
Andhra Pradesh,Guntur,02-04-2024,2024,4,8.15E-05,IMD GRID MODEL
Andhra Pradesh,Guntur,15-04-2024,2024,4,0,IMD GRID MODEL
Andhra Pradesh,Guntur,17-04-2024,2024,4,0,IMD GRID MODEL
Andhra Pradesh,Guntur,18-04-2024,2024,4,0.012236695,IMD GRID MODEL
Andhra Pradesh,Guntur,19-04-2024,2024,4,0.019556887,IMD GRID MODEL
Andhra Pradesh,Guntur,25-04-2024,2024,4,0.014471097,IMD GRID MODEL
Andhra Pradesh,Guntur,31-05-2024,2024,5,0,IMD GRID MODEL
Andhra Pradesh,Guntur,02-06-2024,2024,6,0.869969068,IMD GRID MODEL
Andhra Pradesh,Guntur,04-06-2024,2024,6,0.013742979,IMD GRID MODEL
Andhra Pradesh,Guntur,05-06-2024,2024,6,1.410389328,IMD GRID MODEL
Andhra Pradesh,Guntur,15-06-2024,2024,6,0.185085966,IMD GRID MODEL
Andhra Pradesh,Guntur,23-07-2024,2024,7,0.836267313,IMD GRID MODEL
Andhra Pradesh,Guntur,24-07-2024,2024,7,2.79845828,IMD GRID MODEL
Andhra Pradesh,Guntur,25-07-2024,2024,7,0.004616016,IMD GRID MODEL
Andhra Pradesh,Guntur,06-08-2024,2024,8,7.08709278,IMD GRID MODEL
Andhra Pradesh,Guntur,02-09-2024,2024,9,1.228557741,IMD GRID MODEL
Andhra Pradesh,Guntur,04-09-2024,2024,9,20.82985414,IMD GRID MODEL
Andhra Pradesh,Guntur,12-09-2024,2024,9,0.061585653,IMD GRID MODEL
Andhra Pradesh,Guntur,18-09-2024,2024,9,0.144612051,IMD GRID MODEL
Andhra Pradesh,Guntur,29-09-2024,2024,9,3.489790076,IMD GRID MODEL
Andhra Pradesh,Guntur,02-10-2024,2024,10,8.116254284,IMD GRID MODEL
Andhra Pradesh,Guntur,09-10-2024,2024,10,3.585784529,IMD GRID MODEL
Andhra Pradesh,Guntur,17-10-2024,2024,10,11.18371588,IMD GRID MODEL
Andhra Pradesh,Guntur,22-10-2024,2024,10,1.049844827,IMD GRID MODEL
Andhra Pradesh,Guntur,25-10-2024,2024,10,0.13399994,IMD GRID MODEL
Andhra Pradesh,Guntur,27-10-2024,2024,10,0.004570551,IMD GRID MODEL
Andhra Pradesh,Guntur,07-11-2024,2024,11,0.977346453,IMD GRID MODEL
Andhra Pradesh,Guntur,14-11-2024,2024,11,2.725156231,IMD GRID MODEL
Andhra Pradesh,Guntur,07-12-2024,2024,12,0.188106406,IMD GRID MODEL
Andhra Pradesh,Guntur,11-12-2024,2024,12,0.008807044,IMD GRID MODEL
Andhra Pradesh,Guntur,13-12-2024,2024,12,0.04123565,IMD GRID MODEL
Andhra Pradesh,Guntur,14-12-2024,2024,12,0,IMD GRID MODEL
Andhra Pradesh,Guntur,18-12-2024,2024,12,0.142579973,IMD GRID MODEL
Andhra Pradesh,Guntur,21-12-2024,2024,12,0.245376028,IMD GRID MODEL
Andhra Pradesh,Guntur,25-12-2024,2024,12,3.750057787,IMD GRID MODEL
Andhra Pradesh,Krishna,05-01-2024,2024,1,0,IMD GRID MODEL
Andhra Pradesh,Krishna,15-01-2024,2024,1,0.00519295,IMD GRID MODEL
Andhra Pradesh,Krishna,22-01-2024,2024,1,0,IMD GRID MODEL
Andhra Pradesh,Krishna,24-01-2024,2024,1,0,IMD GRID MODEL
Andhra Pradesh,Krishna,29-01-2024,2024,1,0,IMD GRID MODEL
Andhra Pradesh,Krishna,30-01-2024,2024,1,0,IMD GRID MODEL
Andhra Pradesh,Krishna,07-02-2024,2024,2,0,IMD GRID MODEL
Andhra Pradesh,Krishna,11-02-2024,2024,2,0,IMD GRID MODEL
Andhra Pradesh,Krishna,12-02-2024,2024,2,0,IMD GRID MODEL
Andhra Pradesh,Krishna,28-02-2024,2024,2,0,IMD GRID MODEL
Andhra Pradesh,Krishna,04-03-2024,2024,3,0,IMD GRID MODEL
Andhra Pradesh,Krishna,06-03-2024,2024,3,0,IMD GRID MODEL
Andhra Pradesh,Krishna,22-03-2024,2024,3,0,IMD GRID MODEL
Andhra Pradesh,Krishna,30-03-2024,2024,3,0,IMD GRID MODEL
Andhra Pradesh,Krishna,03-04-2024,2024,4,0,IMD GRID MODEL
Andhra Pradesh,Krishna,08-04-2024,2024,4,0,IMD GRID MODEL
Andhra Pradesh,Krishna,12-04-2024,2024,4,0.007740588,IMD GRID MODEL
Andhra Pradesh,Krishna,14-04-2024,2024,4,0.024521613,IMD GRID MODEL
Andhra Pradesh,Krishna,17-04-2024,2024,4,0,IMD GRID MODEL
Andhra Pradesh,Krishna,19-04-2024,2024,4,0,IMD GRID MODEL
Andhra Pradesh,Krishna,20-04-2024,2024,4,0.002317912,IMD GRID MODEL
Andhra Pradesh,Krishna,26-04-2024,2024,4,2.14E-06,IMD GRID MODEL
Andhra Pradesh,Krishna,27-04-2024,2024,4,0.002485,IMD GRID MODEL
Andhra Pradesh,Krishna,01-05-2024,2024,5,0,IMD GRID MODEL
Andhra Pradesh,Krishna,10-05-2024,2024,5,0.640240103,IMD GRID MODEL
Andhra Pradesh,Krishna,12-05-2024,2024,5,0.007339983,IMD GRID MODEL
Andhra Pradesh,Krishna,15-05-2024,2024,5,7.388871433,IMD GRID MODEL
Andhra Pradesh,Krishna,17-05-2024,2024,5,15.1314344,IMD GRID MODEL
Andhra Pradesh,Krishna,25-05-2024,2024,5,1.498571681,IMD GRID MODEL
Andhra Pradesh,Krishna,04-06-2024,2024,6,0.000349641,IMD GRID MODEL
Andhra Pradesh,Krishna,07-06-2024,2024,6,7.423766032,IMD GRID MODEL
Andhra Pradesh,Krishna,21-06-2024,2024,6,0.058192419,IMD GRID MODEL
Andhra Pradesh,Krishna,22-06-2024,2024,6,6.182225978,IMD GRID MODEL
Andhra Pradesh,Krishna,26-06-2024,2024,6,0.84079041,IMD GRID MODEL
Andhra Pradesh,Krishna,09-07-2024,2024,7,6.000103469,IMD GRID MODEL
Andhra Pradesh,Krishna,15-07-2024,2024,7,3.890064786,IMD GRID MODEL
Andhra Pradesh,Krishna,18-07-2024,2024,7,11.79317308,IMD GRID MODEL
Andhra Pradesh,Krishna,22-07-2024,2024,7,8.914168706,IMD GRID MODEL
Andhra Pradesh,Krishna,01-08-2024,2024,8,11.21653783,IMD GRID MODEL
Andhra Pradesh,Krishna,07-08-2024,2024,8,22.78201044,IMD GRID MODEL
Andhra Pradesh,Krishna,11-08-2024,2024,8,5.533912039,IMD GRID MODEL
Andhra Pradesh,Krishna,27-08-2024,2024,8,7.724902291,IMD GRID MODEL
Andhra Pradesh,Krishna,02-09-2024,2024,9,1.205735911,IMD GRID MODEL
Andhra Pradesh,Krishna,06-09-2024,2024,9,12.73292723,IMD GRID MODEL
Andhra Pradesh,Krishna,21-09-2024,2024,9,8.275100306,IMD GRID MODEL
Andhra Pradesh,Krishna,25-09-2024,2024,9,10.99428228,IMD GRID MODEL
Andhra Pradesh,Krishna,10-10-2024,2024,10,2.040445202,IMD GRID MODEL
Andhra Pradesh,Krishna,13-10-2024,2024,10,3.650485521,IMD GRID MODEL
Andhra Pradesh,Krishna,18-10-2024,2024,10,8.325621805,IMD GRID MODEL
Andhra Pradesh,Krishna,22-10-2024,2024,10,3.299457284,IMD GRID MODEL
Andhra Pradesh,Krishna,27-10-2024,2024,10,0.002285094,IMD GRID MODEL
Andhra Pradesh,Krishna,01-11-2024,2024,11,0.030975961,IMD GRID MODEL
Andhra Pradesh,Krishna,04-11-2024,2024,11,0.781186772,IMD GRID MODEL
Andhra Pradesh,Krishna,07-11-2024,2024,11,0.583404459,IMD GRID MODEL
Andhra Pradesh,Krishna,11-11-2024,2024,11,0.257349393,IMD GRID MODEL
Andhra Pradesh,Krishna,27-11-2024,2024,11,0.066963297,IMD GRID MODEL
Andhra Pradesh,Krishna,02-12-2024,2024,12,1.328149428,IMD GRID MODEL
Andhra Pradesh,Krishna,09-12-2024,2024,12,1.74E-05,IMD GRID MODEL
Andhra Pradesh,Krishna,11-12-2024,2024,12,0.026605658,IMD GRID MODEL
Andhra Pradesh,Krishna,13-12-2024,2024,12,0.018455158,IMD GRID MODEL
Andhra Pradesh,Krishna,31-12-2024,2024,12,0.000990029,IMD GRID MODEL
Andhra Pradesh,Kurnool,05-01-2024,2024,1,0.021267462,IMD GRID MODEL
Andhra Pradesh,Kurnool,06-01-2024,2024,1,0.002917367,IMD GRID MODEL
Andhra Pradesh,Kurnool,07-01-2024,2024,1,0,IMD GRID MODEL
Andhra Pradesh,Kurnool,08-01-2024,2024,1,0.000379916,IMD GRID MODEL
Andhra Pradesh,Kurnool,09-01-2024,2024,1,0.148497528,IMD GRID MODEL
Andhra Pradesh,Kurnool,11-01-2024,2024,1,0,IMD GRID MODEL
Andhra Pradesh,Visakhapatanam,07-10-2024,2024,10,7.199166019,IMD GRID MODEL
Andhra Pradesh,Visakhapatanam,12-10-2024,2024,10,1.504469134,IMD GRID MODEL
Andhra Pradesh,Visakhapatanam,14-10-2024,2024,10,2.813867863,IMD GRID MODEL
Andhra Pradesh,Visakhapatanam,16-10-2024,2024,10,5.036336234,IMD GRID MODEL
Andhra Pradesh,Visakhapatanam,20-10-2024,2024,10,2.43364855,IMD GRID MODEL
Andhra Pradesh,Visakhapatanam,27-10-2024,2024,10,1.122129093,IMD GRID MODEL
Andhra Pradesh,Visakhapatanam,03-11-2024,2024,11,0.388742483,IMD GRID MODEL
Andhra Pradesh,Visakhapatanam,04-11-2024,2024,11,0,IMD GRID MODEL
Andhra Pradesh,Visakhapatanam,29-11-2024,2024,11,0.071501135,IMD GRID MODEL
Andhra Pradesh,Visakhapatanam,03-12-2024,2024,12,1.46882566,IMD GRID MODEL
Andhra Pradesh,Visakhapatanam,04-12-2024,2024,12,0.063120193,IMD GRID MODEL
Andhra Pradesh,Visakhapatanam,08-12-2024,2024,12,1.16E-06,IMD GRID MODEL
Andhra Pradesh,Visakhapatanam,11-12-2024,2024,12,0.047127936,IMD GRID MODEL
Andhra Pradesh,Visakhapatanam,15-12-2024,2024,12,0.018826793,IMD GRID MODEL
Andhra Pradesh,Visakhapatanam,17-12-2024,2024,12,0.000314628,IMD GRID MODEL
Andhra Pradesh,Vizianagaram,01-01-2024,2024,1,0,IMD GRID MODEL
Andhra Pradesh,Vizianagaram,10-01-2024,2024,1,0.000147693,IMD GRID MODEL
Andhra Pradesh,Vizianagaram,14-01-2024,2024,1,0,IMD GRID MODEL
Andhra Pradesh,Vizianagaram,15-01-2024,2024,1,0,IMD GRID MODEL
Andhra Pradesh,Vizianagaram,17-01-2024,2024,1,0,IMD GRID MODEL
Andhra Pradesh,Vizianagaram,18-01-2024,2024,1,0,IMD GRID MODEL
Andhra Pradesh,Vizianagaram,29-01-2024,2024,1,0,IMD GRID MODEL
Andhra Pradesh,Vizianagaram,31-01-2024,2024,1,0,IMD GRID MODEL
Andhra Pradesh,Vizianagaram,03-02-2024,2024,2,0.024997125,IMD GRID MODEL
Andhra Pradesh,Vizianagaram,05-02-2024,2024,2,0,IMD GRID MODEL
Andhra Pradesh,Vizianagaram,13-02-2024,2024,2,0,IMD GRID MODEL
Andhra Pradesh,Vizianagaram,16-02-2024,2024,2,0,IMD GRID MODEL
Andhra Pradesh,Vizianagaram,20-02-2024,2024,2,0.001924063,IMD GRID MODEL
Andhra Pradesh,Vizianagaram,21-02-2024,2024,2,0,IMD GRID MODEL
Andhra Pradesh,Vizianagaram,23-02-2024,2024,2,0,IMD GRID MODEL
Andhra Pradesh,Vizianagaram,05-03-2024,2024,3,0.000287314,IMD GRID MODEL
Andhra Pradesh,Vizianagaram,07-03-2024,2024,3,0.007729939,IMD GRID MODEL
Andhra Pradesh,Vizianagaram,11-03-2024,2024,3,7.29E-05,IMD GRID MODEL
Andhra Pradesh,Vizianagaram,15-03-2024,2024,3,0.002641955,IMD GRID MODEL
Andhra Pradesh,Vizianagaram,21-03-2024,2024,3,2.627391902,IMD GRID MODEL
Andhra Pradesh,Vizianagaram,24-03-2024,2024,3,0.000644981,IMD GRID MODEL
Andhra Pradesh,Vizianagaram,03-04-2024,2024,4,3.46E-05,IMD GRID MODEL
Andhra Pradesh,Vizianagaram,04-04-2024,2024,4,0.837202411,IMD GRID MODEL
Andhra Pradesh,Vizianagaram,05-04-2024,2024,4,0.014151858,IMD GRID MODEL
Andhra Pradesh,Vizianagaram,08-04-2024,2024,4,0.185058026,IMD GRID MODEL
Andhra Pradesh,Vizianagaram,14-04-2024,2024,4,2.138424878,IMD GRID MODEL
Andhra Pradesh,Vizianagaram,18-04-2024,2024,4,0.007354393,IMD GRID MODEL
Andhra Pradesh,Vizianagaram,25-04-2024,2024,4,2.124540625,IMD GRID MODEL
Andhra Pradesh,Vizianagaram,27-04-2024,2024,4,2.696396401,IMD GRID MODEL
Andhra Pradesh,Vizianagaram,30-04-2024,2024,4,1.835676884,IMD GRID MODEL
Andhra Pradesh,Vizianagaram,02-05-2024,2024,5,0.000191542,IMD GRID MODEL
Andhra Pradesh,Vizianagaram,20-05-2024,2024,5,5.773092933,IMD GRID MODEL
Andhra Pradesh,Vizianagaram,31-05-2024,2024,5,0.000376394,IMD GRID MODEL
Andhra Pradesh,Vizianagaram,14-06-2024,2024,6,0.009104028,IMD GRID MODEL
Andhra Pradesh,Vizianagaram,15-06-2024,2024,6,15.36493534,IMD GRID MODEL
Andhra Pradesh,Vizianagaram,16-06-2024,2024,6,18.42904475,IMD GRID MODEL
Andhra Pradesh,Vizianagaram,17-06-2024,2024,6,8.777311367,IMD GRID MODEL
Andhra Pradesh,Vizianagaram,23-06-2024,2024,6,2.517012307,IMD GRID MODEL
Andhra Pradesh,Vizianagaram,24-06-2024,2024,6,0.089229278,IMD GRID MODEL
Andhra Pradesh,Vizianagaram,04-07-2024,2024,7,0.248170403,IMD GRID MODEL
Andhra Pradesh,Vizianagaram,08-07-2024,2024,7,8.918215686,IMD GRID MODEL
Andhra Pradesh,Vizianagaram,19-07-2024,2024,7,37.65399431,IMD GRID MODEL
Andhra Pradesh,Vizianagaram,22-07-2024,2024,7,2.101732164,IMD GRID MODEL
Andhra Pradesh,Vizianagaram,28-07-2024,2024,7,1.059347148,IMD GRID MODEL
Andhra Pradesh,Vizianagaram,31-08-2024,2024,8,20.01725547,IMD GRID MODEL
Andhra Pradesh,Vizianagaram,08-09-2024,2024,9,0.713004451,IMD GRID MODEL
Andhra Pradesh,Vizianagaram,13-09-2024,2024,9,2.988938849,IMD GRID MODEL
Andhra Pradesh,Vizianagaram,17-09-2024,2024,9,4.822184498,IMD GRID MODEL
Andhra Pradesh,Vizianagaram,19-09-2024,2024,9,11.3187075,IMD GRID MODEL
Andhra Pradesh,Vizianagaram,24-09-2024,2024,9,18.10664994,IMD GRID MODEL
Andhra Pradesh,Vizianagaram,27-09-2024,2024,9,7.763625397,IMD GRID MODEL
Andhra Pradesh,Vizianagaram,05-10-2024,2024,10,3.942449776,IMD GRID MODEL
Andhra Pradesh,Vizianagaram,10-10-2024,2024,10,0.207563644,IMD GRID MODEL
Andhra Pradesh,Vizianagaram,13-10-2024,2024,10,0.106138557,IMD GRID MODEL
Andhra Pradesh,Vizianagaram,18-10-2024,2024,10,8.160027674,IMD GRID MODEL
Andhra Pradesh,Vizianagaram,19-10-2024,2024,10,11.88138403,IMD GRID MODEL
Andhra Pradesh,Vizianagaram,21-10-2024,2024,10,9.341624861,IMD GRID MODEL
Andhra Pradesh,Vizianagaram,01-11-2024,2024,11,0.000361026,IMD GRID MODEL
Andhra Pradesh,Vizianagaram,05-11-2024,2024,11,0,IMD GRID MODEL
Andhra Pradesh,Vizianagaram,08-11-2024,2024,11,0.343688805,IMD GRID MODEL
Andhra Pradesh,Vizianagaram,09-11-2024,2024,11,0.334636282,IMD GRID MODEL
Andhra Pradesh,Vizianagaram,18-11-2024,2024,11,0,IMD GRID MODEL
Andhra Pradesh,Vizianagaram,01-12-2024,2024,12,8.27778828,IMD GRID MODEL
Andhra Pradesh,Vizianagaram,03-12-2024,2024,12,1.483010034,IMD GRID MODEL
Andhra Pradesh,Vizianagaram,06-12-2024,2024,12,0.029113129,IMD GRID MODEL
Andhra Pradesh,Vizianagaram,13-12-2024,2024,12,1.77E-06,IMD GRID MODEL
Andhra Pradesh,Vizianagaram,19-12-2024,2024,12,5.04604702,IMD GRID MODEL
Andhra Pradesh,Vizianagaram,20-12-2024,2024,12,25.43481201,IMD GRID MODEL
Andhra Pradesh,Vizianagaram,21-12-2024,2024,12,49.98379545,IMD GRID MODEL
Andhra Pradesh,Vizianagaram,22-12-2024,2024,12,3.247646063,IMD GRID MODEL
Andhra Pradesh,Vizianagaram,27-12-2024,2024,12,0,IMD GRID MODEL
Andhra Pradesh,Vizianagaram,28-12-2024,2024,12,0,IMD GRID MODEL
Andhra Pradesh,West Godavari,02-01-2024,2024,1,0,IMD GRID MODEL
Andhra Pradesh,West Godavari,03-01-2024,2024,1,0,IMD GRID MODEL
Andhra Pradesh,West Godavari,09-01-2024,2024,1,0.370291356,IMD GRID MODEL
Andhra Pradesh,West Godavari,11-01-2024,2024,1,0.004430931,IMD GRID MODEL
Andhra Pradesh,West Godavari,21-01-2024,2024,1,0,IMD GRID MODEL
Andhra Pradesh,West Godavari,23-01-2024,2024,1,0,IMD GRID MODEL
Andhra Pradesh,West Godavari,24-01-2024,2024,1,0,IMD GRID MODEL
Andhra Pradesh,West Godavari,28-01-2024,2024,1,0,IMD GRID MODEL
Andhra Pradesh,West Godavari,01-02-2024,2024,2,0,IMD GRID MODEL
Andhra Pradesh,West Godavari,02-02-2024,2024,2,0.111917551,IMD GRID MODEL
Andhra Pradesh,West Godavari,04-02-2024,2024,2,0,IMD GRID MODEL
Andhra Pradesh,West Godavari,06-02-2024,2024,2,0,IMD GRID MODEL
Andhra Pradesh,West Godavari,10-02-2024,2024,2,0,IMD GRID MODEL
Andhra Pradesh,West Godavari,16-02-2024,2024,2,0.014844138,IMD GRID MODEL
Andhra Pradesh,West Godavari,18-02-2024,2024,2,0.186079378,IMD GRID MODEL
Andhra Pradesh,West Godavari,27-02-2024,2024,2,0,IMD GRID MODEL
Andhra Pradesh,West Godavari,25-03-2024,2024,3,0,IMD GRID MODEL
Andhra Pradesh,West Godavari,31-03-2024,2024,3,0,IMD GRID MODEL
Andhra Pradesh,West Godavari,02-04-2024,2024,4,0,IMD GRID MODEL
Andhra Pradesh,West Godavari,18-04-2024,2024,4,0.174201893,IMD GRID MODEL
Andhra Pradesh,West Godavari,14-05-2024,2024,5,0.011258935,IMD GRID MODEL
Andhra Pradesh,West Godavari,16-05-2024,2024,5,1.073191782,IMD GRID MODEL
Andhra Pradesh,West Godavari,23-05-2024,2024,5,0.344544903,IMD GRID MODEL
Andhra Pradesh,West Godavari,26-05-2024,2024,5,3.590749468,IMD GRID MODEL
Andhra Pradesh,West Godavari,02-06-2024,2024,6,0.860936739,IMD GRID MODEL
Andhra Pradesh,West Godavari,09-06-2024,2024,6,0.05415525,IMD GRID MODEL
Andhra Pradesh,West Godavari,11-06-2024,2024,6,1.052679935,IMD GRID MODEL
Andhra Pradesh,West Godavari,25-06-2024,2024,6,3.785851727,IMD GRID MODEL
Andhra Pradesh,West Godavari,02-07-2024,2024,7,0.882087452,IMD GRID MODEL
Andhra Pradesh,West Godavari,14-07-2024,2024,7,1.326956485,IMD GRID MODEL
Andhra Pradesh,West Godavari,15-07-2024,2024,7,0.446555149,IMD GRID MODEL
Andhra Pradesh,West Godavari,19-07-2024,2024,7,100.3109594,IMD GRID MODEL
Andhra Pradesh,West Godavari,26-07-2024,2024,7,1.033732137,IMD GRID MODEL
Andhra Pradesh,West Godavari,28-07-2024,2024,7,15.71827221,IMD GRID MODEL
Andhra Pradesh,West Godavari,31-07-2024,2024,7,4.806177897,IMD GRID MODEL
Andhra Pradesh,West Godavari,14-08-2024,2024,8,3.504045491,IMD GRID MODEL
Andhra Pradesh,West Godavari,20-08-2024,2024,8,2.955495034,IMD GRID MODEL
Andhra Pradesh,West Godavari,29-08-2024,2024,8,13.24330164,IMD GRID MODEL
Andhra Pradesh,West Godavari,31-08-2024,2024,8,37.79093306,IMD GRID MODEL
Andhra Pradesh,West Godavari,05-09-2024,2024,9,11.40685399,IMD GRID MODEL
Andhra Pradesh,West Godavari,06-09-2024,2024,9,16.13297742,IMD GRID MODEL
Andhra Pradesh,West Godavari,14-09-2024,2024,9,1.411458467,IMD GRID MODEL
Andhra Pradesh,West Godavari,15-09-2024,2024,9,0.159744073,IMD GRID MODEL
Andhra Pradesh,West Godavari,18-09-2024,2024,9,0.146358217,IMD GRID MODEL
Andhra Pradesh,West Godavari,05-10-2024,2024,10,4.836000554,IMD GRID MODEL
Andhra Pradesh,West Godavari,06-10-2024,2024,10,4.079462523,IMD GRID MODEL
Andhra Pradesh,West Godavari,14-10-2024,2024,10,6.726805947,IMD GRID MODEL
Andhra Pradesh,West Godavari,17-10-2024,2024,10,10.67820618,IMD GRID MODEL
Andhra Pradesh,West Godavari,22-10-2024,2024,10,4.333932146,IMD GRID MODEL
Andhra Pradesh,West Godavari,26-10-2024,2024,10,1.272387324,IMD GRID MODEL
Andhra Pradesh,West Godavari,27-10-2024,2024,10,0.007532029,IMD GRID MODEL
Andhra Pradesh,West Godavari,28-10-2024,2024,10,0.013400123,IMD GRID MODEL
Andhra Pradesh,West Godavari,01-11-2024,2024,11,0.09364472,IMD GRID MODEL
Andhra Pradesh,West Godavari,02-11-2024,2024,11,4.85867719,IMD GRID MODEL
Andhra Pradesh,West Godavari,07-11-2024,2024,11,0.352059324,IMD GRID MODEL
Andhra Pradesh,West Godavari,08-11-2024,2024,11,0.702693893,IMD GRID MODEL
Andhra Pradesh,West Godavari,14-11-2024,2024,11,0.05465947,IMD GRID MODEL
Andhra Pradesh,West Godavari,01-12-2024,2024,12,6.292599012,IMD GRID MODEL
Andhra Pradesh,West Godavari,03-12-2024,2024,12,0.033798444,IMD GRID MODEL
Andhra Pradesh,West Godavari,04-12-2024,2024,12,0.005086395,IMD GRID MODEL
Andhra Pradesh,West Godavari,07-12-2024,2024,12,0.305923898,IMD GRID MODEL
Andhra Pradesh,West Godavari,08-12-2024,2024,12,0,IMD GRID MODEL
Andhra Pradesh,West Godavari,09-12-2024,2024,12,0,IMD GRID MODEL
Andhra Pradesh,West Godavari,10-12-2024,2024,12,0.642389396,IMD GRID MODEL
Andhra Pradesh,West Godavari,11-12-2024,2024,12,0.016731607,IMD GRID MODEL
Andhra Pradesh,West Godavari,12-12-2024,2024,12,0.020366548,IMD GRID MODEL
Andhra Pradesh,Y.S.R.,02-01-2024,2024,1,0,IMD GRID MODEL
Andhra Pradesh,Y.S.R.,04-01-2024,2024,1,0.208986083,IMD GRID MODEL
Andhra Pradesh,Y.S.R.,05-01-2024,2024,1,0.048508984,IMD GRID MODEL
Andhra Pradesh,Y.S.R.,09-01-2024,2024,1,3.542218237,IMD GRID MODEL
Andhra Pradesh,Y.S.R.,29-01-2024,2024,1,0,IMD GRID MODEL
Andhra Pradesh,Y.S.R.,01-02-2024,2024,2,0,IMD GRID MODEL
Andhra Pradesh,Y.S.R.,03-02-2024,2024,2,0,IMD GRID MODEL
Andhra Pradesh,Y.S.R.,04-02-2024,2024,2,0,IMD GRID MODEL
Andhra Pradesh,Y.S.R.,07-02-2024,2024,2,0,IMD GRID MODEL
Andhra Pradesh,Y.S.R.,09-02-2024,2024,2,0,IMD GRID MODEL
Andhra Pradesh,Y.S.R.,16-02-2024,2024,2,0.0781989,IMD GRID MODEL
Andhra Pradesh,Y.S.R.,19-02-2024,2024,2,0,IMD GRID MODEL
Andhra Pradesh,Y.S.R.,22-02-2024,2024,2,0,IMD GRID MODEL
Andhra Pradesh,Y.S.R.,29-02-2024,2024,2,0.00016631,IMD GRID MODEL
Andhra Pradesh,Y.S.R.,08-03-2024,2024,3,0,IMD GRID MODEL
Andhra Pradesh,Y.S.R.,11-03-2024,2024,3,0,IMD GRID MODEL
Andhra Pradesh,Y.S.R.,12-03-2024,2024,3,0.001803501,IMD GRID MODEL
Andhra Pradesh,Y.S.R.,17-03-2024,2024,3,0,IMD GRID MODEL
Andhra Pradesh,Y.S.R.,20-03-2024,2024,3,0,IMD GRID MODEL
Andhra Pradesh,Y.S.R.,22-03-2024,2024,3,0,IMD GRID MODEL
Andhra Pradesh,Y.S.R.,24-03-2024,2024,3,7.62E-05,IMD GRID MODEL
Andhra Pradesh,Y.S.R.,25-03-2024,2024,3,0,IMD GRID MODEL
Andhra Pradesh,Y.S.R.,27-03-2024,2024,3,0,IMD GRID MODEL
Andhra Pradesh,Y.S.R.,06-04-2024,2024,4,0.000395102,IMD GRID MODEL
Andhra Pradesh,Y.S.R.,11-04-2024,2024,4,0.005350546,IMD GRID MODEL
Andhra Pradesh,Y.S.R.,08-05-2024,2024,5,38.71246399,IMD GRID MODEL
Andhra Pradesh,Y.S.R.,11-05-2024,2024,5,0.006322643,IMD GRID MODEL
Andhra Pradesh,Y.S.R.,17-05-2024,2024,5,0.265288754,IMD GRID MODEL
Andhra Pradesh,Y.S.R.,23-05-2024,2024,5,0.000540266,IMD GRID MODEL
Andhra Pradesh,Y.S.R.,31-05-2024,2024,5,0.000260354,IMD GRID MODEL
Andhra Pradesh,Y.S.R.,02-06-2024,2024,6,12.88720017,IMD GRID MODEL
Andhra Pradesh,Y.S.R.,05-06-2024,2024,6,8.240044339,IMD GRID MODEL
Andhra Pradesh,Y.S.R.,11-06-2024,2024,6,4.85628585,IMD GRID MODEL
Andhra Pradesh,Y.S.R.,15-06-2024,2024,6,1.576021045,IMD GRID MODEL
Andhra Pradesh,Y.S.R.,25-06-2024,2024,6,0.195876039,IMD GRID MODEL
Andhra Pradesh,Y.S.R.,01-07-2024,2024,7,12.17891193,IMD GRID MODEL
Andhra Pradesh,Y.S.R.,09-07-2024,2024,7,2.809684579,IMD GRID MODEL
Andhra Pradesh,Y.S.R.,13-07-2024,2024,7,0.821953025,IMD GRID MODEL
Andhra Pradesh,Y.S.R.,17-07-2024,2024,7,0.725778711,IMD GRID MODEL
Andhra Pradesh,Y.S.R.,25-07-2024,2024,7,0,IMD GRID MODEL
Andhra Pradesh,Y.S.R.,05-08-2024,2024,8,0.252864899,IMD GRID MODEL
Andhra Pradesh,Y.S.R.,12-08-2024,2024,8,1.585047764,IMD GRID MODEL
Andhra Pradesh,Y.S.R.,13-08-2024,2024,8,0.77152695,IMD GRID MODEL
Andhra Pradesh,Y.S.R.,15-08-2024,2024,8,11.36626867,IMD GRID MODEL
Andhra Pradesh,Y.S.R.,24-08-2024,2024,8,0.346603253,IMD GRID MODEL
Andhra Pradesh,Y.S.R.,31-08-2024,2024,8,13.24722126,IMD GRID MODEL
Andhra Pradesh,Y.S.R.,01-09-2024,2024,9,0.335730071,IMD GRID MODEL
Andhra Pradesh,Y.S.R.,19-09-2024,2024,9,0.111273393,IMD GRID MODEL
Andhra Pradesh,Y.S.R.,21-09-2024,2024,9,6.790103933,IMD GRID MODEL
Andhra Pradesh,Y.S.R.,30-09-2024,2024,9,0.2476346,IMD GRID MODEL
Andhra Pradesh,Y.S.R.,01-10-2024,2024,10,0.114335556,IMD GRID MODEL
Andhra Pradesh,Y.S.R.,02-10-2024,2024,10,3.824501241,IMD GRID MODEL
Andhra Pradesh,Y.S.R.,08-10-2024,2024,10,0.271288165,IMD GRID MODEL
Andhra Pradesh,Y.S.R.,11-10-2024,2024,10,0.189081141,IMD GRID MODEL
Andhra Pradesh,Y.S.R.,12-10-2024,2024,10,1.136446291,IMD GRID MODEL
Andhra Pradesh,Y.S.R.,02-11-2024,2024,11,1.715515939,IMD GRID MODEL
Andhra Pradesh,Y.S.R.,10-11-2024,2024,11,1.059744395,IMD GRID MODEL
Andhra Pradesh,Y.S.R.,21-11-2024,2024,11,0.008412527,IMD GRID MODEL
Andhra Pradesh,Y.S.R.,22-11-2024,2024,11,7.24E-05,IMD GRID MODEL
Andhra Pradesh,Y.S.R.,23-11-2024,2024,11,4.64E-06,IMD GRID MODEL
Andhra Pradesh,Y.S.R.,26-11-2024,2024,11,0.041367165,IMD GRID MODEL
Andhra Pradesh,Y.S.R.,06-12-2024,2024,12,2.84364575,IMD GRID MODEL
Andhra Pradesh,Y.S.R.,07-12-2024,2024,12,0.344045877,IMD GRID MODEL
Andhra Pradesh,Y.S.R.,20-12-2024,2024,12,6.095627263,IMD GRID MODEL
Andhra Pradesh,Y.S.R.,29-12-2024,2024,12,0.00169809,IMD GRID MODEL
Andhra Pradesh,Y.S.R.,30-12-2024,2024,12,0,IMD GRID MODEL
Andhra Pradesh,Kurnool,17-01-2024,2024,1,0,IMD GRID MODEL
Andhra Pradesh,Kurnool,23-01-2024,2024,1,0,IMD GRID MODEL
Andhra Pradesh,Kurnool,24-01-2024,2024,1,0,IMD GRID MODEL
Andhra Pradesh,Kurnool,27-01-2024,2024,1,0.000188911,IMD GRID MODEL
Andhra Pradesh,Kurnool,31-01-2024,2024,1,3.55E-05,IMD GRID MODEL
Andhra Pradesh,Kurnool,02-02-2024,2024,2,0.025148605,IMD GRID MODEL
Andhra Pradesh,Kurnool,04-02-2024,2024,2,7.49E-05,IMD GRID MODEL
Andhra Pradesh,Kurnool,07-03-2024,2024,3,0,IMD GRID MODEL
Andhra Pradesh,Kurnool,08-03-2024,2024,3,0,IMD GRID MODEL
Andhra Pradesh,Kurnool,11-03-2024,2024,3,0,IMD GRID MODEL
Andhra Pradesh,Kurnool,14-03-2024,2024,3,0,IMD GRID MODEL
Andhra Pradesh,Kurnool,15-03-2024,2024,3,0,IMD GRID MODEL
Andhra Pradesh,Kurnool,26-03-2024,2024,3,0,IMD GRID MODEL
Andhra Pradesh,Kurnool,02-04-2024,2024,4,0,IMD GRID MODEL
Andhra Pradesh,Kurnool,11-04-2024,2024,4,0.036481782,IMD GRID MODEL
Andhra Pradesh,Kurnool,15-04-2024,2024,4,0,IMD GRID MODEL
Andhra Pradesh,Kurnool,20-04-2024,2024,4,2.154545173,IMD GRID MODEL
Andhra Pradesh,Kurnool,02-05-2024,2024,5,7.56E-06,IMD GRID MODEL
Andhra Pradesh,Kurnool,04-05-2024,2024,5,0,IMD GRID MODEL
Andhra Pradesh,Kurnool,05-05-2024,2024,5,0.000672482,IMD GRID MODEL
Andhra Pradesh,Kurnool,06-05-2024,2024,5,0.064414007,IMD GRID MODEL
Andhra Pradesh,Kurnool,08-05-2024,2024,5,28.07567306,IMD GRID MODEL
Andhra Pradesh,Kurnool,09-05-2024,2024,5,0.097328162,IMD GRID MODEL
Andhra Pradesh,Kurnool,11-05-2024,2024,5,0.448911969,IMD GRID MODEL
Andhra Pradesh,Kurnool,12-05-2024,2024,5,0.00800902,IMD GRID MODEL
Andhra Pradesh,Kurnool,15-05-2024,2024,5,2.833539724,IMD GRID MODEL
Andhra Pradesh,Kurnool,17-05-2024,2024,5,4.545324717,IMD GRID MODEL
Andhra Pradesh,Kurnool,28-05-2024,2024,5,0,IMD GRID MODEL
Andhra Pradesh,Kurnool,29-05-2024,2024,5,0.003497734,IMD GRID MODEL
Andhra Pradesh,Kurnool,14-06-2024,2024,6,0.286001898,IMD GRID MODEL
Andhra Pradesh,Kurnool,22-06-2024,2024,6,1.564233905,IMD GRID MODEL
Andhra Pradesh,Kurnool,26-06-2024,2024,6,1.729692832,IMD GRID MODEL
Andhra Pradesh,Kurnool,13-07-2024,2024,7,0.750480904,IMD GRID MODEL
Andhra Pradesh,Kurnool,19-07-2024,2024,7,9.945137428,IMD GRID MODEL
Andhra Pradesh,Kurnool,22-07-2024,2024,7,7.398515107,IMD GRID MODEL
Andhra Pradesh,Kurnool,24-07-2024,2024,7,1.108705739,IMD GRID MODEL
Andhra Pradesh,Kurnool,30-07-2024,2024,7,0.296311907,IMD GRID MODEL
Andhra Pradesh,Kurnool,31-07-2024,2024,7,0.35474509,IMD GRID MODEL
Andhra Pradesh,Kurnool,15-08-2024,2024,8,11.68754435,IMD GRID MODEL
Andhra Pradesh,Kurnool,22-08-2024,2024,8,7.39026288,IMD GRID MODEL
Andhra Pradesh,Kurnool,23-08-2024,2024,8,3.208047031,IMD GRID MODEL
Andhra Pradesh,Kurnool,20-09-2024,2024,9,1.649912695,IMD GRID MODEL
Andhra Pradesh,Kurnool,03-10-2024,2024,10,10.90002887,IMD GRID MODEL
Andhra Pradesh,Kurnool,07-10-2024,2024,10,0.942849377,IMD GRID MODEL
Andhra Pradesh,Kurnool,10-10-2024,2024,10,3.518939063,IMD GRID MODEL
Andhra Pradesh,Kurnool,12-10-2024,2024,10,0.506399098,IMD GRID MODEL
Andhra Pradesh,Kurnool,13-10-2024,2024,10,0.037992124,IMD GRID MODEL
Andhra Pradesh,Kurnool,14-10-2024,2024,10,5.395107659,IMD GRID MODEL
Andhra Pradesh,Kurnool,15-10-2024,2024,10,11.30170806,IMD GRID MODEL
Andhra Pradesh,Kurnool,21-10-2024,2024,10,1.22437084,IMD GRID MODEL
Andhra Pradesh,Kurnool,03-11-2024,2024,11,0,IMD GRID MODEL
Andhra Pradesh,Kurnool,08-11-2024,2024,11,0.718822449,IMD GRID MODEL
Andhra Pradesh,Kurnool,11-11-2024,2024,11,0.447824779,IMD GRID MODEL
Andhra Pradesh,Kurnool,12-11-2024,2024,11,0.028170952,IMD GRID MODEL
Andhra Pradesh,Kurnool,13-11-2024,2024,11,0.021186655,IMD GRID MODEL
Andhra Pradesh,Kurnool,30-11-2024,2024,11,0.392582792,IMD GRID MODEL
Andhra Pradesh,Kurnool,01-12-2024,2024,12,0.661154031,IMD GRID MODEL
Andhra Pradesh,Kurnool,08-12-2024,2024,12,0.714616737,IMD GRID MODEL
Andhra Pradesh,Kurnool,11-12-2024,2024,12,0.002778341,IMD GRID MODEL
Andhra Pradesh,Kurnool,17-12-2024,2024,12,0.003956021,IMD GRID MODEL
Andhra Pradesh,Kurnool,22-12-2024,2024,12,0.629606445,IMD GRID MODEL
Andhra Pradesh,Kurnool,23-12-2024,2024,12,0.001227688,IMD GRID MODEL
Andhra Pradesh,Kurnool,27-12-2024,2024,12,1.178082608,IMD GRID MODEL
Andhra Pradesh,Kurnool,28-12-2024,2024,12,0.262843739,IMD GRID MODEL
Andhra Pradesh,Prakasam,05-01-2024,2024,1,0.015187818,IMD GRID MODEL
Andhra Pradesh,Prakasam,12-01-2024,2024,1,0,IMD GRID MODEL
Andhra Pradesh,Prakasam,14-01-2024,2024,1,0,IMD GRID MODEL
Andhra Pradesh,Prakasam,16-01-2024,2024,1,0,IMD GRID MODEL
Andhra Pradesh,Prakasam,18-01-2024,2024,1,0,IMD GRID MODEL
Andhra Pradesh,Prakasam,20-02-2024,2024,2,0,IMD GRID MODEL
Andhra Pradesh,Prakasam,25-02-2024,2024,2,0,IMD GRID MODEL
Andhra Pradesh,Prakasam,26-02-2024,2024,2,0,IMD GRID MODEL
Andhra Pradesh,Prakasam,27-02-2024,2024,2,0,IMD GRID MODEL
Andhra Pradesh,Prakasam,05-03-2024,2024,3,0,IMD GRID MODEL
Andhra Pradesh,Prakasam,07-03-2024,2024,3,0,IMD GRID MODEL
Andhra Pradesh,Prakasam,12-03-2024,2024,3,0,IMD GRID MODEL
Andhra Pradesh,Prakasam,13-03-2024,2024,3,0,IMD GRID MODEL
Andhra Pradesh,Prakasam,14-03-2024,2024,3,0.033193662,IMD GRID MODEL
Andhra Pradesh,Prakasam,22-03-2024,2024,3,0,IMD GRID MODEL
Andhra Pradesh,Prakasam,26-03-2024,2024,3,0,IMD GRID MODEL
Andhra Pradesh,Prakasam,29-03-2024,2024,3,0,IMD GRID MODEL
Andhra Pradesh,Prakasam,31-03-2024,2024,3,0,IMD GRID MODEL
Andhra Pradesh,Prakasam,01-04-2024,2024,4,0.210934222,IMD GRID MODEL
Andhra Pradesh,Prakasam,07-04-2024,2024,4,0.00055216,IMD GRID MODEL
Andhra Pradesh,Prakasam,11-04-2024,2024,4,0,IMD GRID MODEL
Andhra Pradesh,Prakasam,16-04-2024,2024,4,0,IMD GRID MODEL
Andhra Pradesh,Prakasam,23-04-2024,2024,4,0,IMD GRID MODEL
Andhra Pradesh,Prakasam,24-04-2024,2024,4,0,IMD GRID MODEL
Andhra Pradesh,Prakasam,27-04-2024,2024,4,0,IMD GRID MODEL
Andhra Pradesh,Prakasam,30-04-2024,2024,4,0,IMD GRID MODEL
Andhra Pradesh,Prakasam,06-05-2024,2024,5,0.63373168,IMD GRID MODEL
Andhra Pradesh,Prakasam,09-05-2024,2024,5,0.000663344,IMD GRID MODEL
Andhra Pradesh,Prakasam,12-05-2024,2024,5,0.000748309,IMD GRID MODEL
Andhra Pradesh,Prakasam,13-05-2024,2024,5,1.005735889,IMD GRID MODEL
Andhra Pradesh,Prakasam,16-05-2024,2024,5,0.363755435,IMD GRID MODEL
Andhra Pradesh,Prakasam,19-05-2024,2024,5,10.36774935,IMD GRID MODEL
Andhra Pradesh,Prakasam,01-06-2024,2024,6,0.000931177,IMD GRID MODEL
Andhra Pradesh,Prakasam,02-06-2024,2024,6,6.096122757,IMD GRID MODEL
Andhra Pradesh,Prakasam,05-06-2024,2024,6,0.201393937,IMD GRID MODEL
Andhra Pradesh,Prakasam,23-06-2024,2024,6,2.446972847,IMD GRID MODEL
Andhra Pradesh,Prakasam,27-06-2024,2024,6,4.913555975,IMD GRID MODEL
Andhra Pradesh,Prakasam,29-06-2024,2024,6,1.30509142,IMD GRID MODEL
Andhra Pradesh,Prakasam,03-07-2024,2024,7,0.806239465,IMD GRID MODEL
Andhra Pradesh,Prakasam,06-07-2024,2024,7,4.228750831,IMD GRID MODEL
Andhra Pradesh,Prakasam,09-07-2024,2024,7,15.7764681,IMD GRID MODEL
Andhra Pradesh,Prakasam,13-07-2024,2024,7,1.186634889,IMD GRID MODEL
Andhra Pradesh,Prakasam,16-07-2024,2024,7,3.41763809,IMD GRID MODEL
Andhra Pradesh,Prakasam,25-07-2024,2024,7,0.084947679,IMD GRID MODEL
Andhra Pradesh,Prakasam,30-07-2024,2024,7,0.95957769,IMD GRID MODEL
Andhra Pradesh,Prakasam,06-08-2024,2024,8,6.415688295,IMD GRID MODEL
Andhra Pradesh,Prakasam,11-08-2024,2024,8,4.489498631,IMD GRID MODEL
Andhra Pradesh,Prakasam,19-08-2024,2024,8,2.187415367,IMD GRID MODEL
Andhra Pradesh,Prakasam,20-08-2024,2024,8,1.9710787,IMD GRID MODEL
Andhra Pradesh,Prakasam,22-08-2024,2024,8,8.421091366,IMD GRID MODEL
Andhra Pradesh,Prakasam,27-08-2024,2024,8,1.209763996,IMD GRID MODEL
Andhra Pradesh,Prakasam,28-08-2024,2024,8,0.645875755,IMD GRID MODEL
Andhra Pradesh,Prakasam,30-08-2024,2024,8,19.96472314,IMD GRID MODEL
Andhra Pradesh,Prakasam,02-09-2024,2024,9,0.529574723,IMD GRID MODEL
Andhra Pradesh,Prakasam,04-09-2024,2024,9,4.438120269,IMD GRID MODEL
Andhra Pradesh,Prakasam,08-09-2024,2024,9,0,IMD GRID MODEL
Andhra Pradesh,Prakasam,17-09-2024,2024,9,0.024446594,IMD GRID MODEL
Andhra Pradesh,Prakasam,18-09-2024,2024,9,0.100276548,IMD GRID MODEL
Andhra Pradesh,Prakasam,27-09-2024,2024,9,6.234221706,IMD GRID MODEL
Andhra Pradesh,Prakasam,28-09-2024,2024,9,4.450380585,IMD GRID MODEL
Andhra Pradesh,Prakasam,29-09-2024,2024,9,1.881361903,IMD GRID MODEL
Andhra Pradesh,Prakasam,06-10-2024,2024,10,1.226041561,IMD GRID MODEL
Andhra Pradesh,Prakasam,08-10-2024,2024,10,1.331628925,IMD GRID MODEL
Andhra Pradesh,Prakasam,11-10-2024,2024,10,17.5615458,IMD GRID MODEL
Andhra Pradesh,Prakasam,15-10-2024,2024,10,13.40524688,IMD GRID MODEL
Andhra Pradesh,Prakasam,18-10-2024,2024,10,11.07429883,IMD GRID MODEL
Andhra Pradesh,Prakasam,20-10-2024,2024,10,13.58752441,IMD GRID MODEL
Andhra Pradesh,Prakasam,21-10-2024,2024,10,11.06615949,IMD GRID MODEL
Andhra Pradesh,Prakasam,23-10-2024,2024,10,1.305326115,IMD GRID MODEL
Andhra Pradesh,Prakasam,28-10-2024,2024,10,0,IMD GRID MODEL
Andhra Pradesh,Prakasam,30-10-2024,2024,10,1.169674861,IMD GRID MODEL
Andhra Pradesh,Prakasam,01-11-2024,2024,11,0.163107313,IMD GRID MODEL
Andhra Pradesh,Prakasam,10-11-2024,2024,11,0.892888384,IMD GRID MODEL
Andhra Pradesh,Prakasam,13-11-2024,2024,11,8.72733405,IMD GRID MODEL
Andhra Pradesh,Prakasam,16-11-2024,2024,11,3.992428261,IMD GRID MODEL
Andhra Pradesh,Prakasam,19-11-2024,2024,11,0,IMD GRID MODEL
Andhra Pradesh,Prakasam,20-11-2024,2024,11,0,IMD GRID MODEL
Andhra Pradesh,Prakasam,23-11-2024,2024,11,3.76E-05,IMD GRID MODEL
Andhra Pradesh,Prakasam,01-12-2024,2024,12,2.343007446,IMD GRID MODEL
Andhra Pradesh,Prakasam,04-12-2024,2024,12,8.121448852,IMD GRID MODEL
Andhra Pradesh,Prakasam,14-12-2024,2024,12,0.00012097,IMD GRID MODEL
Andhra Pradesh,Prakasam,16-12-2024,2024,12,0.0004584,IMD GRID MODEL
Andhra Pradesh,Prakasam,18-12-2024,2024,12,0.926211404,IMD GRID MODEL
Andhra Pradesh,Prakasam,28-12-2024,2024,12,0.009976083,IMD GRID MODEL
Andhra Pradesh,SPSR Nellore,08-01-2024,2024,1,0.624398651,IMD GRID MODEL
Andhra Pradesh,SPSR Nellore,10-01-2024,2024,1,0.000446212,IMD GRID MODEL
Andhra Pradesh,SPSR Nellore,19-01-2024,2024,1,0.000360447,IMD GRID MODEL
Andhra Pradesh,SPSR Nellore,29-01-2024,2024,1,0,IMD GRID MODEL
Andhra Pradesh,SPSR Nellore,06-02-2024,2024,2,0,IMD GRID MODEL
Andhra Pradesh,SPSR Nellore,17-02-2024,2024,2,0,IMD GRID MODEL
Andhra Pradesh,SPSR Nellore,03-03-2024,2024,3,0,IMD GRID MODEL
Andhra Pradesh,SPSR Nellore,08-03-2024,2024,3,0,IMD GRID MODEL
Andhra Pradesh,SPSR Nellore,13-03-2024,2024,3,0,IMD GRID MODEL
Andhra Pradesh,SPSR Nellore,20-03-2024,2024,3,0,IMD GRID MODEL
Andhra Pradesh,SPSR Nellore,25-03-2024,2024,3,0,IMD GRID MODEL
Andhra Pradesh,SPSR Nellore,31-03-2024,2024,3,0,IMD GRID MODEL
Andhra Pradesh,SPSR Nellore,03-04-2024,2024,4,0,IMD GRID MODEL
Andhra Pradesh,SPSR Nellore,10-04-2024,2024,4,0,IMD GRID MODEL
Andhra Pradesh,SPSR Nellore,12-04-2024,2024,4,0.000359667,IMD GRID MODEL
Andhra Pradesh,SPSR Nellore,22-04-2024,2024,4,0,IMD GRID MODEL
Andhra Pradesh,SPSR Nellore,24-04-2024,2024,4,0,IMD GRID MODEL
Andhra Pradesh,SPSR Nellore,26-04-2024,2024,4,0,IMD GRID MODEL
Andhra Pradesh,SPSR Nellore,30-04-2024,2024,4,0,IMD GRID MODEL
Andhra Pradesh,SPSR Nellore,05-05-2024,2024,5,2.59E-05,IMD GRID MODEL
Andhra Pradesh,SPSR Nellore,08-05-2024,2024,5,32.50925606,IMD GRID MODEL
Andhra Pradesh,SPSR Nellore,13-05-2024,2024,5,0.4911741,IMD GRID MODEL
Andhra Pradesh,SPSR Nellore,16-05-2024,2024,5,0.662063982,IMD GRID MODEL
Andhra Pradesh,SPSR Nellore,18-05-2024,2024,5,3.895350452,IMD GRID MODEL
Andhra Pradesh,SPSR Nellore,22-05-2024,2024,5,0.686517721,IMD GRID MODEL
Andhra Pradesh,SPSR Nellore,23-05-2024,2024,5,0.066173008,IMD GRID MODEL
Andhra Pradesh,SPSR Nellore,25-05-2024,2024,5,0.002598354,IMD GRID MODEL
Andhra Pradesh,SPSR Nellore,26-05-2024,2024,5,1.468731045,IMD GRID MODEL
Andhra Pradesh,SPSR Nellore,30-05-2024,2024,5,0,IMD GRID MODEL
Andhra Pradesh,SPSR Nellore,31-05-2024,2024,5,0.000288969,IMD GRID MODEL
Andhra Pradesh,SPSR Nellore,05-06-2024,2024,6,0.629860805,IMD GRID MODEL
Andhra Pradesh,SPSR Nellore,08-06-2024,2024,6,17.22869785,IMD GRID MODEL
Andhra Pradesh,SPSR Nellore,10-06-2024,2024,6,2.307709263,IMD GRID MODEL
Andhra Pradesh,SPSR Nellore,16-06-2024,2024,6,0.011683553,IMD GRID MODEL
Andhra Pradesh,SPSR Nellore,19-06-2024,2024,6,0.506672915,IMD GRID MODEL
Andhra Pradesh,SPSR Nellore,05-07-2024,2024,7,0.173714493,IMD GRID MODEL
Andhra Pradesh,SPSR Nellore,06-07-2024,2024,7,36.94173989,IMD GRID MODEL
Andhra Pradesh,SPSR Nellore,15-07-2024,2024,7,9.941256655,IMD GRID MODEL
Andhra Pradesh,SPSR Nellore,29-07-2024,2024,7,0.001296841,IMD GRID MODEL
Andhra Pradesh,SPSR Nellore,31-07-2024,2024,7,0.004135419,IMD GRID MODEL
Andhra Pradesh,SPSR Nellore,04-08-2024,2024,8,3.432866747,IMD GRID MODEL
Andhra Pradesh,SPSR Nellore,12-08-2024,2024,8,1.516275896,IMD GRID MODEL
Andhra Pradesh,SPSR Nellore,14-08-2024,2024,8,0.513112484,IMD GRID MODEL
Andhra Pradesh,SPSR Nellore,18-08-2024,2024,8,2.02662733,IMD GRID MODEL
Andhra Pradesh,SPSR Nellore,19-08-2024,2024,8,3.739093931,IMD GRID MODEL
Andhra Pradesh,SPSR Nellore,28-08-2024,2024,8,1.174890537,IMD GRID MODEL
Andhra Pradesh,SPSR Nellore,30-08-2024,2024,8,10.90850369,IMD GRID MODEL
Andhra Pradesh,SPSR Nellore,04-09-2024,2024,9,1.62399518,IMD GRID MODEL
Andhra Pradesh,SPSR Nellore,09-09-2024,2024,9,0.710965778,IMD GRID MODEL
Andhra Pradesh,SPSR Nellore,10-09-2024,2024,9,0.387173749,IMD GRID MODEL
Andhra Pradesh,SPSR Nellore,14-09-2024,2024,9,0.018062981,IMD GRID MODEL
Andhra Pradesh,SPSR Nellore,27-09-2024,2024,9,3.927819878,IMD GRID MODEL
Andhra Pradesh,SPSR Nellore,01-10-2024,2024,10,0.025687782,IMD GRID MODEL
Andhra Pradesh,SPSR Nellore,03-10-2024,2024,10,9.269105228,IMD GRID MODEL
Andhra Pradesh,SPSR Nellore,22-10-2024,2024,10,0.913664281,IMD GRID MODEL
Andhra Pradesh,SPSR Nellore,26-10-2024,2024,10,1.162829696,IMD GRID MODEL
Andhra Pradesh,SPSR Nellore,29-10-2024,2024,10,0.051817808,IMD GRID MODEL
Andhra Pradesh,SPSR Nellore,04-11-2024,2024,11,0.644122878,IMD GRID MODEL
Andhra Pradesh,SPSR Nellore,05-11-2024,2024,11,0.076589878,IMD GRID MODEL
Andhra Pradesh,SPSR Nellore,09-11-2024,2024,11,4.01194932,IMD GRID MODEL
Andhra Pradesh,SPSR Nellore,12-11-2024,2024,11,21.64403969,IMD GRID MODEL
Andhra Pradesh,SPSR Nellore,13-11-2024,2024,11,35.60196659,IMD GRID MODEL
Andhra Pradesh,SPSR Nellore,17-11-2024,2024,11,1.453437108,IMD GRID MODEL
Andhra Pradesh,SPSR Nellore,20-11-2024,2024,11,0,IMD GRID MODEL
Andhra Pradesh,SPSR Nellore,24-11-2024,2024,11,0.031737308,IMD GRID MODEL
Andhra Pradesh,SPSR Nellore,25-11-2024,2024,11,0.099354437,IMD GRID MODEL
Andhra Pradesh,SPSR Nellore,29-11-2024,2024,11,1.273566569,IMD GRID MODEL
Andhra Pradesh,SPSR Nellore,01-12-2024,2024,12,32.79303217,IMD GRID MODEL
Andhra Pradesh,SPSR Nellore,08-12-2024,2024,12,0.018963521,IMD GRID MODEL
Andhra Pradesh,SPSR Nellore,24-12-2024,2024,12,0.068745494,IMD GRID MODEL
Andhra Pradesh,SPSR Nellore,25-12-2024,2024,12,0.880522197,IMD GRID MODEL
Andhra Pradesh,SPSR Nellore,29-12-2024,2024,12,0.034205292,IMD GRID MODEL
Andhra Pradesh,Srikakulam,04-01-2024,2024,1,0.009701632,IMD GRID MODEL
Andhra Pradesh,Srikakulam,15-01-2024,2024,1,0,IMD GRID MODEL
Andhra Pradesh,Srikakulam,21-01-2024,2024,1,0,IMD GRID MODEL
Andhra Pradesh,Srikakulam,23-01-2024,2024,1,0.003897331,IMD GRID MODEL
Andhra Pradesh,Srikakulam,27-01-2024,2024,1,0.011406318,IMD GRID MODEL
Andhra Pradesh,Srikakulam,31-01-2024,2024,1,0,IMD GRID MODEL
Andhra Pradesh,Srikakulam,03-02-2024,2024,2,0.011307188,IMD GRID MODEL
Andhra Pradesh,Srikakulam,20-02-2024,2024,2,0.000331581,IMD GRID MODEL
Andhra Pradesh,Srikakulam,25-02-2024,2024,2,0.011708819,IMD GRID MODEL
Andhra Pradesh,Srikakulam,04-03-2024,2024,3,0,IMD GRID MODEL
Andhra Pradesh,Srikakulam,05-03-2024,2024,3,3.38E-08,IMD GRID MODEL
Andhra Pradesh,Srikakulam,06-03-2024,2024,3,0.000251887,IMD GRID MODEL
Andhra Pradesh,Srikakulam,17-03-2024,2024,3,0.001863944,IMD GRID MODEL
Andhra Pradesh,Srikakulam,20-03-2024,2024,3,10.43293743,IMD GRID MODEL
Andhra Pradesh,Srikakulam,21-03-2024,2024,3,3.313653505,IMD GRID MODEL
Andhra Pradesh,Srikakulam,22-03-2024,2024,3,0.015421995,IMD GRID MODEL
Andhra Pradesh,Srikakulam,26-03-2024,2024,3,0.013978234,IMD GRID MODEL
Andhra Pradesh,Srikakulam,27-03-2024,2024,3,0.002655139,IMD GRID MODEL
Andhra Pradesh,Srikakulam,28-03-2024,2024,3,0,IMD GRID MODEL
Andhra Pradesh,Srikakulam,31-03-2024,2024,3,0.002422792,IMD GRID MODEL
Andhra Pradesh,Srikakulam,01-04-2024,2024,4,0.183561959,IMD GRID MODEL
Andhra Pradesh,Srikakulam,16-04-2024,2024,4,0,IMD GRID MODEL
Andhra Pradesh,Srikakulam,17-04-2024,2024,4,0,IMD GRID MODEL
Andhra Pradesh,Srikakulam,02-05-2024,2024,5,0.000141793,IMD GRID MODEL
Andhra Pradesh,Srikakulam,07-05-2024,2024,5,15.92946293,IMD GRID MODEL
Andhra Pradesh,Srikakulam,08-05-2024,2024,5,1.282894451,IMD GRID MODEL
Andhra Pradesh,Srikakulam,10-05-2024,2024,5,8.999741592,IMD GRID MODEL
Andhra Pradesh,Srikakulam,12-05-2024,2024,5,0.719391238,IMD GRID MODEL
Andhra Pradesh,Srikakulam,15-05-2024,2024,5,0.028467372,IMD GRID MODEL
Andhra Pradesh,Srikakulam,16-05-2024,2024,5,4.169866579,IMD GRID MODEL
Andhra Pradesh,Srikakulam,17-05-2024,2024,5,1.37191493,IMD GRID MODEL
Andhra Pradesh,Srikakulam,18-05-2024,2024,5,0.16511785,IMD GRID MODEL
Andhra Pradesh,Srikakulam,19-05-2024,2024,5,7.735965543,IMD GRID MODEL
Andhra Pradesh,Srikakulam,22-05-2024,2024,5,0.62324868,IMD GRID MODEL
Andhra Pradesh,Srikakulam,26-05-2024,2024,5,0.462884755,IMD GRID MODEL
Andhra Pradesh,Srikakulam,29-05-2024,2024,5,0,IMD GRID MODEL
Andhra Pradesh,Srikakulam,02-06-2024,2024,6,0.789927001,IMD GRID MODEL
Andhra Pradesh,Srikakulam,05-06-2024,2024,6,8.157496126,IMD GRID MODEL
Andhra Pradesh,Srikakulam,07-06-2024,2024,6,0.101100354,IMD GRID MODEL
Andhra Pradesh,Srikakulam,16-06-2024,2024,6,5.807407038,IMD GRID MODEL
Andhra Pradesh,Srikakulam,21-06-2024,2024,6,1.056441953,IMD GRID MODEL
Andhra Pradesh,Srikakulam,26-06-2024,2024,6,6.148831828,IMD GRID MODEL
Andhra Pradesh,Srikakulam,27-06-2024,2024,6,17.78625333,IMD GRID MODEL
Andhra Pradesh,Srikakulam,28-06-2024,2024,6,17.42539673,IMD GRID MODEL
Andhra Pradesh,Srikakulam,03-07-2024,2024,7,0.026935757,IMD GRID MODEL
Andhra Pradesh,Srikakulam,06-07-2024,2024,7,6.751216916,IMD GRID MODEL
Andhra Pradesh,Srikakulam,15-07-2024,2024,7,1.700659762,IMD GRID MODEL
Andhra Pradesh,Srikakulam,19-07-2024,2024,7,24.83601821,IMD GRID MODEL
Andhra Pradesh,Srikakulam,21-07-2024,2024,7,1.944176596,IMD GRID MODEL
Andhra Pradesh,Srikakulam,28-07-2024,2024,7,0.125420164,IMD GRID MODEL
Andhra Pradesh,Srikakulam,30-07-2024,2024,7,0.266077538,IMD GRID MODEL
Andhra Pradesh,Srikakulam,04-08-2024,2024,8,2.444865062,IMD GRID MODEL
Andhra Pradesh,Srikakulam,23-08-2024,2024,8,4.917955371,IMD GRID MODEL
Andhra Pradesh,Srikakulam,25-08-2024,2024,8,5.163094335,IMD GRID MODEL
Andhra Pradesh,Srikakulam,26-08-2024,2024,8,2.261064815,IMD GRID MODEL
Andhra Pradesh,Srikakulam,29-08-2024,2024,8,6.748532629,IMD GRID MODEL
Andhra Pradesh,Srikakulam,04-09-2024,2024,9,4.544011745,IMD GRID MODEL
Andhra Pradesh,Srikakulam,12-09-2024,2024,9,0.340341964,IMD GRID MODEL
Andhra Pradesh,Srikakulam,17-09-2024,2024,9,2.619887508,IMD GRID MODEL
Andhra Pradesh,Srikakulam,23-09-2024,2024,9,10.77329672,IMD GRID MODEL
Andhra Pradesh,Srikakulam,24-09-2024,2024,9,12.50885834,IMD GRID MODEL
Andhra Pradesh,Srikakulam,26-09-2024,2024,9,12.63401676,IMD GRID MODEL
Andhra Pradesh,Srikakulam,04-10-2024,2024,10,0.040285654,IMD GRID MODEL
Andhra Pradesh,Srikakulam,05-10-2024,2024,10,1.115681039,IMD GRID MODEL
Andhra Pradesh,Srikakulam,09-10-2024,2024,10,0.043018511,IMD GRID MODEL
Andhra Pradesh,Srikakulam,11-10-2024,2024,10,0.525072486,IMD GRID MODEL
Andhra Pradesh,Srikakulam,16-10-2024,2024,10,3.667128496,IMD GRID MODEL
Andhra Pradesh,Srikakulam,17-10-2024,2024,10,6.151459764,IMD GRID MODEL
Andhra Pradesh,Srikakulam,21-10-2024,2024,10,8.985922934,IMD GRID MODEL
Andhra Pradesh,Srikakulam,29-10-2024,2024,10,0.087805529,IMD GRID MODEL
Andhra Pradesh,Srikakulam,05-11-2024,2024,11,0,IMD GRID MODEL
Andhra Pradesh,Srikakulam,06-11-2024,2024,11,0.179012051,IMD GRID MODEL
Andhra Pradesh,Srikakulam,12-11-2024,2024,11,0.103554721,IMD GRID MODEL
Andhra Pradesh,Srikakulam,15-11-2024,2024,11,0,IMD GRID MODEL
Andhra Pradesh,Srikakulam,17-11-2024,2024,11,0,IMD GRID MODEL
Andhra Pradesh,Srikakulam,26-11-2024,2024,11,0,IMD GRID MODEL
Andhra Pradesh,Srikakulam,27-11-2024,2024,11,0,IMD GRID MODEL
Andhra Pradesh,Srikakulam,30-11-2024,2024,11,4.159468522,IMD GRID MODEL
Andhra Pradesh,Srikakulam,18-12-2024,2024,12,1.62785071,IMD GRID MODEL
Andhra Pradesh,Srikakulam,19-12-2024,2024,12,2.526818758,IMD GRID MODEL
Andhra Pradesh,Srikakulam,23-12-2024,2024,12,0.00660703,IMD GRID MODEL
Andhra Pradesh,Srikakulam,29-12-2024,2024,12,0,IMD GRID MODEL
Andhra Pradesh,Visakhapatanam,02-01-2024,2024,1,0,IMD GRID MODEL
Andhra Pradesh,Visakhapatanam,05-01-2024,2024,1,0,IMD GRID MODEL
Andhra Pradesh,Visakhapatanam,10-01-2024,2024,1,0.000382833,IMD GRID MODEL
Andhra Pradesh,Visakhapatanam,11-01-2024,2024,1,0,IMD GRID MODEL
Andhra Pradesh,Visakhapatanam,15-01-2024,2024,1,0,IMD GRID MODEL
Andhra Pradesh,Visakhapatanam,20-01-2024,2024,1,1.74E-05,IMD GRID MODEL
Andhra Pradesh,Visakhapatanam,23-01-2024,2024,1,0.490438921,IMD GRID MODEL
Andhra Pradesh,Visakhapatanam,01-02-2024,2024,2,0.004641505,IMD GRID MODEL
Andhra Pradesh,Visakhapatanam,04-02-2024,2024,2,0,IMD GRID MODEL
Andhra Pradesh,Visakhapatanam,06-02-2024,2024,2,0,IMD GRID MODEL
Andhra Pradesh,Visakhapatanam,07-02-2024,2024,2,0,IMD GRID MODEL
Andhra Pradesh,Visakhapatanam,11-02-2024,2024,2,0,IMD GRID MODEL
Andhra Pradesh,Visakhapatanam,15-02-2024,2024,2,0.000182728,IMD GRID MODEL
Andhra Pradesh,Visakhapatanam,17-02-2024,2024,2,0,IMD GRID MODEL
Andhra Pradesh,Visakhapatanam,18-02-2024,2024,2,0.000121276,IMD GRID MODEL
Andhra Pradesh,Visakhapatanam,23-02-2024,2024,2,0,IMD GRID MODEL
Andhra Pradesh,Visakhapatanam,26-02-2024,2024,2,0,IMD GRID MODEL
Andhra Pradesh,Visakhapatanam,27-02-2024,2024,2,0,IMD GRID MODEL
Andhra Pradesh,Visakhapatanam,28-02-2024,2024,2,5.80E-06,IMD GRID MODEL
Andhra Pradesh,Visakhapatanam,03-03-2024,2024,3,0,IMD GRID MODEL
Andhra Pradesh,Visakhapatanam,09-03-2024,2024,3,0.000617336,IMD GRID MODEL
Andhra Pradesh,Visakhapatanam,11-03-2024,2024,3,0.001811301,IMD GRID MODEL
Andhra Pradesh,Visakhapatanam,15-03-2024,2024,3,3.48E-06,IMD GRID MODEL
Andhra Pradesh,Visakhapatanam,16-03-2024,2024,3,0.001986679,IMD GRID MODEL
Andhra Pradesh,Kurnool,13-01-2024,2024,1,0,IMD GRID MODEL
Andhra Pradesh,Kurnool,14-01-2024,2024,1,0,IMD GRID MODEL
Andhra Pradesh,Kurnool,01-02-2024,2024,2,0,IMD GRID MODEL
Andhra Pradesh,Kurnool,10-02-2024,2024,2,0,IMD GRID MODEL
Andhra Pradesh,Kurnool,13-02-2024,2024,2,0.004731734,IMD GRID MODEL
Andhra Pradesh,Kurnool,15-02-2024,2024,2,0,IMD GRID MODEL
Andhra Pradesh,Kurnool,22-02-2024,2024,2,0,IMD GRID MODEL
Andhra Pradesh,Kurnool,26-02-2024,2024,2,0,IMD GRID MODEL
Andhra Pradesh,Kurnool,27-02-2024,2024,2,0,IMD GRID MODEL
Andhra Pradesh,Kurnool,02-03-2024,2024,3,0,IMD GRID MODEL
Andhra Pradesh,Kurnool,05-03-2024,2024,3,0,IMD GRID MODEL
Andhra Pradesh,Kurnool,06-03-2024,2024,3,0,IMD GRID MODEL
Andhra Pradesh,Kurnool,09-03-2024,2024,3,0,IMD GRID MODEL
Andhra Pradesh,Kurnool,17-03-2024,2024,3,0,IMD GRID MODEL
Andhra Pradesh,Kurnool,18-03-2024,2024,3,0,IMD GRID MODEL
Andhra Pradesh,Kurnool,19-03-2024,2024,3,0.076267747,IMD GRID MODEL
Andhra Pradesh,Kurnool,20-03-2024,2024,3,0,IMD GRID MODEL
Andhra Pradesh,Kurnool,21-03-2024,2024,3,0,IMD GRID MODEL
Andhra Pradesh,Kurnool,28-03-2024,2024,3,0,IMD GRID MODEL
Andhra Pradesh,Kurnool,30-03-2024,2024,3,0,IMD GRID MODEL
Andhra Pradesh,Kurnool,03-04-2024,2024,4,0,IMD GRID MODEL
Andhra Pradesh,Kurnool,08-04-2024,2024,4,0.000654978,IMD GRID MODEL
Andhra Pradesh,Kurnool,12-04-2024,2024,4,0.111376241,IMD GRID MODEL
Andhra Pradesh,Kurnool,18-04-2024,2024,4,0,IMD GRID MODEL
Andhra Pradesh,Kurnool,19-04-2024,2024,4,0.141183419,IMD GRID MODEL
Andhra Pradesh,Kurnool,29-04-2024,2024,4,0,IMD GRID MODEL
Andhra Pradesh,Kurnool,30-04-2024,2024,4,0,IMD GRID MODEL
Andhra Pradesh,Kurnool,13-05-2024,2024,5,12.77849836,IMD GRID MODEL
Andhra Pradesh,Kurnool,19-05-2024,2024,5,4.740975295,IMD GRID MODEL
Andhra Pradesh,Kurnool,01-06-2024,2024,6,2.51E-05,IMD GRID MODEL
Andhra Pradesh,Kurnool,03-06-2024,2024,6,39.82407277,IMD GRID MODEL
Andhra Pradesh,Kurnool,08-06-2024,2024,6,11.20718234,IMD GRID MODEL
Andhra Pradesh,Kurnool,13-06-2024,2024,6,16.73562067,IMD GRID MODEL
Andhra Pradesh,Kurnool,03-07-2024,2024,7,1.254316376,IMD GRID MODEL
Andhra Pradesh,Kurnool,17-07-2024,2024,7,0.872548293,IMD GRID MODEL
Andhra Pradesh,Kurnool,20-07-2024,2024,7,23.59398666,IMD GRID MODEL
Andhra Pradesh,Kurnool,25-07-2024,2024,7,0.237502672,IMD GRID MODEL
Andhra Pradesh,Kurnool,27-07-2024,2024,7,0.627342661,IMD GRID MODEL
Andhra Pradesh,Kurnool,02-08-2024,2024,8,1.44349815,IMD GRID MODEL
Andhra Pradesh,Kurnool,05-08-2024,2024,8,1.345020996,IMD GRID MODEL
Andhra Pradesh,Kurnool,06-08-2024,2024,8,2.50213395,IMD GRID MODEL
Andhra Pradesh,Kurnool,10-08-2024,2024,8,1.396594175,IMD GRID MODEL
Andhra Pradesh,Kurnool,14-08-2024,2024,8,3.502172709,IMD GRID MODEL
Andhra Pradesh,Kurnool,17-08-2024,2024,8,7.770843758,IMD GRID MODEL
Andhra Pradesh,Kurnool,27-08-2024,2024,8,1.226638748,IMD GRID MODEL
Andhra Pradesh,Kurnool,29-08-2024,2024,8,5.538068371,IMD GRID MODEL
Andhra Pradesh,Kurnool,04-09-2024,2024,9,1.638128142,IMD GRID MODEL
Andhra Pradesh,Kurnool,05-09-2024,2024,9,5.581143772,IMD GRID MODEL
Andhra Pradesh,Kurnool,18-09-2024,2024,9,0.061862694,IMD GRID MODEL
Andhra Pradesh,Kurnool,19-09-2024,2024,9,0.081621358,IMD GRID MODEL
Andhra Pradesh,Kurnool,21-09-2024,2024,9,7.977006776,IMD GRID MODEL
Andhra Pradesh,Kurnool,25-09-2024,2024,9,5.941483752,IMD GRID MODEL
Andhra Pradesh,Kurnool,26-09-2024,2024,9,11.67694974,IMD GRID MODEL
Andhra Pradesh,Kurnool,27-09-2024,2024,9,4.865129525,IMD GRID MODEL
Andhra Pradesh,Kurnool,02-10-2024,2024,10,6.694481558,IMD GRID MODEL
Andhra Pradesh,Kurnool,06-10-2024,2024,10,1.868624325,IMD GRID MODEL
Andhra Pradesh,Kurnool,20-10-2024,2024,10,1.586730288,IMD GRID MODEL
Andhra Pradesh,Kurnool,14-11-2024,2024,11,0.007193524,IMD GRID MODEL
Andhra Pradesh,Kurnool,15-11-2024,2024,11,5.617364248,IMD GRID MODEL
Andhra Pradesh,Kurnool,27-11-2024,2024,11,0.006741765,IMD GRID MODEL
Andhra Pradesh,Kurnool,10-12-2024,2024,12,0,IMD GRID MODEL
Andhra Pradesh,Kurnool,19-12-2024,2024,12,0.028012105,IMD GRID MODEL
Andhra Pradesh,Kurnool,26-12-2024,2024,12,0.018551214,IMD GRID MODEL
Andhra Pradesh,Prakasam,02-01-2024,2024,1,0,IMD GRID MODEL
Andhra Pradesh,Prakasam,03-01-2024,2024,1,0.000590252,IMD GRID MODEL
Andhra Pradesh,Prakasam,09-01-2024,2024,1,0.358471605,IMD GRID MODEL
Andhra Pradesh,Prakasam,10-01-2024,2024,1,0.005192047,IMD GRID MODEL
Andhra Pradesh,Prakasam,02-02-2024,2024,2,0.30957409,IMD GRID MODEL
Andhra Pradesh,Prakasam,05-02-2024,2024,2,0,IMD GRID MODEL
Andhra Pradesh,Prakasam,12-02-2024,2024,2,0,IMD GRID MODEL
Andhra Pradesh,Prakasam,13-02-2024,2024,2,0,IMD GRID MODEL
Andhra Pradesh,Prakasam,19-02-2024,2024,2,0,IMD GRID MODEL
Andhra Pradesh,Prakasam,21-02-2024,2024,2,1.63E-06,IMD GRID MODEL
Andhra Pradesh,Prakasam,29-02-2024,2024,2,0,IMD GRID MODEL
Andhra Pradesh,Prakasam,03-03-2024,2024,3,0,IMD GRID MODEL
Andhra Pradesh,Prakasam,06-03-2024,2024,3,0,IMD GRID MODEL
Andhra Pradesh,Prakasam,08-03-2024,2024,3,0,IMD GRID MODEL
Andhra Pradesh,Prakasam,20-03-2024,2024,3,0.000231573,IMD GRID MODEL
Andhra Pradesh,Prakasam,24-03-2024,2024,3,0.00015373,IMD GRID MODEL
Andhra Pradesh,Prakasam,27-03-2024,2024,3,0,IMD GRID MODEL
Andhra Pradesh,Prakasam,02-04-2024,2024,4,0,IMD GRID MODEL
Andhra Pradesh,Prakasam,10-04-2024,2024,4,0,IMD GRID MODEL
Andhra Pradesh,Prakasam,15-04-2024,2024,4,0,IMD GRID MODEL
Andhra Pradesh,Prakasam,21-04-2024,2024,4,0.232901616,IMD GRID MODEL
Andhra Pradesh,Prakasam,29-04-2024,2024,4,0,IMD GRID MODEL
Andhra Pradesh,Prakasam,01-05-2024,2024,5,0,IMD GRID MODEL
Andhra Pradesh,Prakasam,02-05-2024,2024,5,0.215519664,IMD GRID MODEL
Andhra Pradesh,Prakasam,08-05-2024,2024,5,56.04280411,IMD GRID MODEL
Andhra Pradesh,Prakasam,17-05-2024,2024,5,9.599847224,IMD GRID MODEL
Andhra Pradesh,Prakasam,21-05-2024,2024,5,1.619034903,IMD GRID MODEL
Andhra Pradesh,Prakasam,25-05-2024,2024,5,0.759239376,IMD GRID MODEL
Andhra Pradesh,Prakasam,28-05-2024,2024,5,0,IMD GRID MODEL
Andhra Pradesh,Prakasam,30-05-2024,2024,5,0,IMD GRID MODEL
Andhra Pradesh,Prakasam,04-06-2024,2024,6,0.74744997,IMD GRID MODEL
Andhra Pradesh,Prakasam,08-06-2024,2024,6,10.48042599,IMD GRID MODEL
Andhra Pradesh,Prakasam,13-06-2024,2024,6,0.706356399,IMD GRID MODEL
Andhra Pradesh,Prakasam,14-06-2024,2024,6,0.28865809,IMD GRID MODEL
Andhra Pradesh,Prakasam,16-06-2024,2024,6,0.495702712,IMD GRID MODEL
Andhra Pradesh,Prakasam,19-06-2024,2024,6,2.798886517,IMD GRID MODEL
Andhra Pradesh,Prakasam,30-06-2024,2024,6,12.96984339,IMD GRID MODEL
Andhra Pradesh,Prakasam,02-07-2024,2024,7,3.858632357,IMD GRID MODEL
Andhra Pradesh,Prakasam,04-07-2024,2024,7,1.385604246,IMD GRID MODEL
Andhra Pradesh,Prakasam,08-07-2024,2024,7,3.219426442,IMD GRID MODEL
Andhra Pradesh,Prakasam,15-07-2024,2024,7,7.921981244,IMD GRID MODEL
Andhra Pradesh,Prakasam,17-07-2024,2024,7,1.403153037,IMD GRID MODEL
Andhra Pradesh,Prakasam,21-07-2024,2024,7,5.976184503,IMD GRID MODEL
Andhra Pradesh,Prakasam,04-08-2024,2024,8,2.716154338,IMD GRID MODEL
Andhra Pradesh,Prakasam,08-08-2024,2024,8,3.286621775,IMD GRID MODEL
Andhra Pradesh,Prakasam,10-08-2024,2024,8,0.822942055,IMD GRID MODEL
Andhra Pradesh,Prakasam,12-08-2024,2024,8,2.281336435,IMD GRID MODEL
Andhra Pradesh,Prakasam,15-08-2024,2024,8,5.338211668,IMD GRID MODEL
Andhra Pradesh,Prakasam,16-08-2024,2024,8,6.251452412,IMD GRID MODEL
Andhra Pradesh,Prakasam,17-08-2024,2024,8,3.344438115,IMD GRID MODEL
Andhra Pradesh,Prakasam,24-08-2024,2024,8,1.432696209,IMD GRID MODEL
Andhra Pradesh,Prakasam,01-09-2024,2024,9,9.68053222,IMD GRID MODEL
Andhra Pradesh,Prakasam,12-09-2024,2024,9,0,IMD GRID MODEL
Andhra Pradesh,Prakasam,13-09-2024,2024,9,0.030447482,IMD GRID MODEL
Andhra Pradesh,Prakasam,16-09-2024,2024,9,0.026853213,IMD GRID MODEL
Andhra Pradesh,Prakasam,19-09-2024,2024,9,0.142614275,IMD GRID MODEL
Andhra Pradesh,Prakasam,22-09-2024,2024,9,7.687452752,IMD GRID MODEL
Andhra Pradesh,Prakasam,24-09-2024,2024,9,6.476516004,IMD GRID MODEL
Andhra Pradesh,Prakasam,02-10-2024,2024,10,5.217040691,IMD GRID MODEL
Andhra Pradesh,Prakasam,03-10-2024,2024,10,6.3392689,IMD GRID MODEL
Andhra Pradesh,Prakasam,07-10-2024,2024,10,1.361352924,IMD GRID MODEL
Andhra Pradesh,Prakasam,17-10-2024,2024,10,12.1054726,IMD GRID MODEL
Andhra Pradesh,Prakasam,22-10-2024,2024,10,3.253897683,IMD GRID MODEL
Andhra Pradesh,Prakasam,27-10-2024,2024,10,0.009770679,IMD GRID MODEL
Andhra Pradesh,Prakasam,05-11-2024,2024,11,-2.15E-05,IMD GRID MODEL
Andhra Pradesh,Prakasam,06-11-2024,2024,11,0.061912959,IMD GRID MODEL
Andhra Pradesh,Prakasam,11-11-2024,2024,11,0.963965392,IMD GRID MODEL
Andhra Pradesh,Prakasam,12-11-2024,2024,11,3.064603667,IMD GRID MODEL
Andhra Pradesh,Prakasam,17-11-2024,2024,11,0.049534799,IMD GRID MODEL
Andhra Pradesh,Prakasam,21-11-2024,2024,11,0,IMD GRID MODEL
Andhra Pradesh,Prakasam,24-11-2024,2024,11,0.002241011,IMD GRID MODEL
Andhra Pradesh,Prakasam,25-11-2024,2024,11,0.002507899,IMD GRID MODEL
Andhra Pradesh,Prakasam,26-11-2024,2024,11,0.013785086,IMD GRID MODEL
Andhra Pradesh,Prakasam,28-11-2024,2024,11,0,IMD GRID MODEL
Andhra Pradesh,Prakasam,29-11-2024,2024,11,0.025773038,IMD GRID MODEL
Andhra Pradesh,Prakasam,02-12-2024,2024,12,8.564637213,IMD GRID MODEL
Andhra Pradesh,Prakasam,05-12-2024,2024,12,7.431161027,IMD GRID MODEL
Andhra Pradesh,Prakasam,06-12-2024,2024,12,8.027166996,IMD GRID MODEL
Andhra Pradesh,Prakasam,08-12-2024,2024,12,0.298125423,IMD GRID MODEL
Andhra Pradesh,Prakasam,15-12-2024,2024,12,0,IMD GRID MODEL
Andhra Pradesh,Prakasam,17-12-2024,2024,12,0.005270592,IMD GRID MODEL
Andhra Pradesh,Prakasam,20-12-2024,2024,12,0.830205337,IMD GRID MODEL
Andhra Pradesh,Prakasam,25-12-2024,2024,12,4.23662133,IMD GRID MODEL
Andhra Pradesh,SPSR Nellore,01-01-2024,2024,1,0.183783458,IMD GRID MODEL
Andhra Pradesh,SPSR Nellore,06-01-2024,2024,1,0,IMD GRID MODEL
Andhra Pradesh,SPSR Nellore,09-01-2024,2024,1,2.920770525,IMD GRID MODEL
Andhra Pradesh,SPSR Nellore,12-01-2024,2024,1,0,IMD GRID MODEL
Andhra Pradesh,SPSR Nellore,14-01-2024,2024,1,0,IMD GRID MODEL
Andhra Pradesh,SPSR Nellore,15-01-2024,2024,1,0,IMD GRID MODEL
Andhra Pradesh,SPSR Nellore,02-02-2024,2024,2,0.255786205,IMD GRID MODEL
Andhra Pradesh,SPSR Nellore,03-02-2024,2024,2,0,IMD GRID MODEL
Andhra Pradesh,SPSR Nellore,04-02-2024,2024,2,0,IMD GRID MODEL
Andhra Pradesh,SPSR Nellore,19-02-2024,2024,2,0,IMD GRID MODEL
Andhra Pradesh,SPSR Nellore,22-02-2024,2024,2,0,IMD GRID MODEL
Andhra Pradesh,SPSR Nellore,27-02-2024,2024,2,0,IMD GRID MODEL
Andhra Pradesh,SPSR Nellore,09-03-2024,2024,3,0,IMD GRID MODEL
Andhra Pradesh,SPSR Nellore,23-03-2024,2024,3,0,IMD GRID MODEL
Andhra Pradesh,SPSR Nellore,13-04-2024,2024,4,0,IMD GRID MODEL
Andhra Pradesh,SPSR Nellore,17-04-2024,2024,4,0,IMD GRID MODEL
Andhra Pradesh,SPSR Nellore,18-04-2024,2024,4,0,IMD GRID MODEL
Andhra Pradesh,SPSR Nellore,19-04-2024,2024,4,4.11E-07,IMD GRID MODEL
Andhra Pradesh,SPSR Nellore,21-04-2024,2024,4,1.77E-05,IMD GRID MODEL
Andhra Pradesh,SPSR Nellore,25-04-2024,2024,4,0,IMD GRID MODEL
Andhra Pradesh,SPSR Nellore,03-05-2024,2024,5,0.005950472,IMD GRID MODEL
Andhra Pradesh,SPSR Nellore,06-05-2024,2024,5,0.002775469,IMD GRID MODEL
Andhra Pradesh,SPSR Nellore,10-05-2024,2024,5,0.054262258,IMD GRID MODEL
Andhra Pradesh,SPSR Nellore,12-05-2024,2024,5,0.003151667,IMD GRID MODEL
Andhra Pradesh,SPSR Nellore,28-05-2024,2024,5,0.000445071,IMD GRID MODEL
Andhra Pradesh,SPSR Nellore,01-06-2024,2024,6,0,IMD GRID MODEL
Andhra Pradesh,SPSR Nellore,02-06-2024,2024,6,8.51367763,IMD GRID MODEL
Andhra Pradesh,SPSR Nellore,11-06-2024,2024,6,4.127277903,IMD GRID MODEL
Andhra Pradesh,SPSR Nellore,17-06-2024,2024,6,0.002577363,IMD GRID MODEL
Andhra Pradesh,SPSR Nellore,18-06-2024,2024,6,2.341043461,IMD GRID MODEL
Andhra Pradesh,SPSR Nellore,20-06-2024,2024,6,2.192992251,IMD GRID MODEL
Andhra Pradesh,SPSR Nellore,26-06-2024,2024,6,14.23760891,IMD GRID MODEL
Andhra Pradesh,SPSR Nellore,27-06-2024,2024,6,3.008200638,IMD GRID MODEL
Andhra Pradesh,SPSR Nellore,01-07-2024,2024,7,24.66861133,IMD GRID MODEL
Andhra Pradesh,SPSR Nellore,08-07-2024,2024,7,5.771324408,IMD GRID MODEL
Andhra Pradesh,East Godavari,22-07-2024,2024,7,28.35131562,IMD GRID MODEL
Andhra Pradesh,East Godavari,25-07-2024,2024,7,1.909473949,IMD GRID MODEL
Andhra Pradesh,East Godavari,28-07-2024,2024,7,9.443538918,IMD GRID MODEL
Andhra Pradesh,East Godavari,29-07-2024,2024,7,2.710338146,IMD GRID MODEL
Andhra Pradesh,East Godavari,09-08-2024,2024,8,3.869391144,IMD GRID MODEL
Andhra Pradesh,East Godavari,12-08-2024,2024,8,0.790553566,IMD GRID MODEL
Andhra Pradesh,East Godavari,21-08-2024,2024,8,8.170912644,IMD GRID MODEL
Andhra Pradesh,East Godavari,05-09-2024,2024,9,12.33963153,IMD GRID MODEL
Andhra Pradesh,East Godavari,09-09-2024,2024,9,6.102501407,IMD GRID MODEL
Andhra Pradesh,East Godavari,20-09-2024,2024,9,11.99408278,IMD GRID MODEL
Andhra Pradesh,East Godavari,26-09-2024,2024,9,16.67555494,IMD GRID MODEL
Andhra Pradesh,East Godavari,03-10-2024,2024,10,0.71423402,IMD GRID MODEL
Andhra Pradesh,East Godavari,10-10-2024,2024,10,3.418833013,IMD GRID MODEL
Andhra Pradesh,East Godavari,12-10-2024,2024,10,5.393646271,IMD GRID MODEL
Andhra Pradesh,East Godavari,16-10-2024,2024,10,5.827689227,IMD GRID MODEL
Andhra Pradesh,East Godavari,20-10-2024,2024,10,6.672997642,IMD GRID MODEL
Andhra Pradesh,East Godavari,29-10-2024,2024,10,0.85497203,IMD GRID MODEL
Andhra Pradesh,East Godavari,07-11-2024,2024,11,0.606541635,IMD GRID MODEL
Andhra Pradesh,East Godavari,15-11-2024,2024,11,0.100606971,IMD GRID MODEL
Andhra Pradesh,East Godavari,17-11-2024,2024,11,0,IMD GRID MODEL
Andhra Pradesh,East Godavari,21-11-2024,2024,11,0,IMD GRID MODEL
Andhra Pradesh,East Godavari,04-12-2024,2024,12,0.01010537,IMD GRID MODEL
Andhra Pradesh,East Godavari,13-12-2024,2024,12,0.180214817,IMD GRID MODEL
Andhra Pradesh,East Godavari,17-12-2024,2024,12,0.032699131,IMD GRID MODEL
Andhra Pradesh,East Godavari,22-12-2024,2024,12,0.006471211,IMD GRID MODEL
Andhra Pradesh,East Godavari,23-12-2024,2024,12,8.53E-05,IMD GRID MODEL
Andhra Pradesh,East Godavari,27-12-2024,2024,12,1.87E-07,IMD GRID MODEL
Andhra Pradesh,East Godavari,29-12-2024,2024,12,0.001962583,IMD GRID MODEL
Andhra Pradesh,East Godavari,31-12-2024,2024,12,0.000450368,IMD GRID MODEL
Andhra Pradesh,Guntur,10-01-2024,2024,1,0.002464347,IMD GRID MODEL
Andhra Pradesh,Guntur,12-01-2024,2024,1,0,IMD GRID MODEL
Andhra Pradesh,Guntur,13-01-2024,2024,1,0,IMD GRID MODEL
Andhra Pradesh,Guntur,16-01-2024,2024,1,0,IMD GRID MODEL
Andhra Pradesh,Guntur,21-01-2024,2024,1,0,IMD GRID MODEL
Andhra Pradesh,Guntur,24-01-2024,2024,1,0,IMD GRID MODEL
Andhra Pradesh,Guntur,03-02-2024,2024,2,0.005490746,IMD GRID MODEL
Andhra Pradesh,Guntur,04-02-2024,2024,2,0,IMD GRID MODEL
Andhra Pradesh,Guntur,09-02-2024,2024,2,0,IMD GRID MODEL
Andhra Pradesh,Guntur,13-02-2024,2024,2,0.013133294,IMD GRID MODEL
Andhra Pradesh,Guntur,16-02-2024,2024,2,0.102143652,IMD GRID MODEL
Andhra Pradesh,Guntur,19-02-2024,2024,2,0,IMD GRID MODEL
Andhra Pradesh,Guntur,20-02-2024,2024,2,0,IMD GRID MODEL
Andhra Pradesh,Guntur,25-02-2024,2024,2,0.021676887,IMD GRID MODEL
Andhra Pradesh,Guntur,28-02-2024,2024,2,0,IMD GRID MODEL
Andhra Pradesh,Guntur,01-03-2024,2024,3,0.004871551,IMD GRID MODEL
Andhra Pradesh,Guntur,04-03-2024,2024,3,0,IMD GRID MODEL
Andhra Pradesh,Guntur,08-03-2024,2024,3,0,IMD GRID MODEL
Andhra Pradesh,Guntur,09-03-2024,2024,3,0,IMD GRID MODEL
Andhra Pradesh,Guntur,13-03-2024,2024,3,2.72E-08,IMD GRID MODEL
Andhra Pradesh,Guntur,15-03-2024,2024,3,0.001038875,IMD GRID MODEL
Andhra Pradesh,Guntur,16-03-2024,2024,3,0.001004501,IMD GRID MODEL
Andhra Pradesh,Guntur,17-03-2024,2024,3,8.15E-05,IMD GRID MODEL
Andhra Pradesh,Guntur,18-03-2024,2024,3,5.84E-05,IMD GRID MODEL
Andhra Pradesh,Guntur,21-03-2024,2024,3,0.000968461,IMD GRID MODEL
Andhra Pradesh,Guntur,03-04-2024,2024,4,0.002134565,IMD GRID MODEL
Andhra Pradesh,Guntur,05-04-2024,2024,4,0,IMD GRID MODEL
Andhra Pradesh,Guntur,11-04-2024,2024,4,0,IMD GRID MODEL
Andhra Pradesh,Guntur,12-04-2024,2024,4,0.010669591,IMD GRID MODEL
Andhra Pradesh,Guntur,29-04-2024,2024,4,0,IMD GRID MODEL
Andhra Pradesh,Guntur,03-05-2024,2024,5,0.000721985,IMD GRID MODEL
Andhra Pradesh,Guntur,15-05-2024,2024,5,14.66872059,IMD GRID MODEL
Andhra Pradesh,Guntur,17-05-2024,2024,5,12.21055267,IMD GRID MODEL
Andhra Pradesh,Guntur,19-05-2024,2024,5,9.591187275,IMD GRID MODEL
Andhra Pradesh,Guntur,20-05-2024,2024,5,1.891324631,IMD GRID MODEL
Andhra Pradesh,Guntur,11-06-2024,2024,6,0.429864867,IMD GRID MODEL
Andhra Pradesh,Guntur,17-06-2024,2024,6,2.465254687,IMD GRID MODEL
Andhra Pradesh,Guntur,20-06-2024,2024,6,0.503897601,IMD GRID MODEL
Andhra Pradesh,Guntur,03-07-2024,2024,7,4.459831393,IMD GRID MODEL
Andhra Pradesh,Guntur,05-07-2024,2024,7,1.905211085,IMD GRID MODEL
Andhra Pradesh,Guntur,13-07-2024,2024,7,0.430020679,IMD GRID MODEL
Andhra Pradesh,Guntur,17-07-2024,2024,7,0.418929925,IMD GRID MODEL
Andhra Pradesh,Guntur,30-07-2024,2024,7,1.911263464,IMD GRID MODEL
Andhra Pradesh,Guntur,08-08-2024,2024,8,9.648433341,IMD GRID MODEL
Andhra Pradesh,Guntur,11-08-2024,2024,8,1.53004688,IMD GRID MODEL
Andhra Pradesh,Guntur,14-08-2024,2024,8,1.663314851,IMD GRID MODEL
Andhra Pradesh,Guntur,17-08-2024,2024,8,2.816094527,IMD GRID MODEL
Andhra Pradesh,Guntur,08-09-2024,2024,9,0.120315833,IMD GRID MODEL
Andhra Pradesh,Guntur,10-09-2024,2024,9,0.942828279,IMD GRID MODEL
Andhra Pradesh,Guntur,21-09-2024,2024,9,9.59666427,IMD GRID MODEL
Andhra Pradesh,Guntur,23-09-2024,2024,9,17.44885632,IMD GRID MODEL
Andhra Pradesh,Guntur,24-09-2024,2024,9,8.795522947,IMD GRID MODEL
Andhra Pradesh,Guntur,03-10-2024,2024,10,2.954909473,IMD GRID MODEL
Andhra Pradesh,Guntur,06-10-2024,2024,10,3.04879427,IMD GRID MODEL
Andhra Pradesh,Guntur,07-10-2024,2024,10,4.071735788,IMD GRID MODEL
Andhra Pradesh,Guntur,08-10-2024,2024,10,2.236041769,IMD GRID MODEL
Andhra Pradesh,Guntur,31-10-2024,2024,10,4.453618532,IMD GRID MODEL
Andhra Pradesh,Guntur,02-11-2024,2024,11,3.817260068,IMD GRID MODEL
Andhra Pradesh,Guntur,04-11-2024,2024,11,0.000451084,IMD GRID MODEL
Andhra Pradesh,Guntur,05-11-2024,2024,11,-0.000291323,IMD GRID MODEL
Andhra Pradesh,Guntur,08-11-2024,2024,11,1.221459492,IMD GRID MODEL
Andhra Pradesh,Guntur,19-11-2024,2024,11,0,IMD GRID MODEL
Andhra Pradesh,Guntur,21-11-2024,2024,11,0,IMD GRID MODEL
Andhra Pradesh,Guntur,23-11-2024,2024,11,0,IMD GRID MODEL
Andhra Pradesh,Guntur,02-12-2024,2024,12,0.816736923,IMD GRID MODEL
Andhra Pradesh,Guntur,03-12-2024,2024,12,2.133630858,IMD GRID MODEL
Andhra Pradesh,Guntur,04-12-2024,2024,12,1.497326432,IMD GRID MODEL
Andhra Pradesh,Guntur,08-12-2024,2024,12,0.000138297,IMD GRID MODEL
Andhra Pradesh,Guntur,09-12-2024,2024,12,0.002974094,IMD GRID MODEL
Andhra Pradesh,Guntur,15-12-2024,2024,12,1.20E-05,IMD GRID MODEL
Andhra Pradesh,Guntur,19-12-2024,2024,12,0.545290951,IMD GRID MODEL
Andhra Pradesh,Guntur,26-12-2024,2024,12,1.004740736,IMD GRID MODEL
Andhra Pradesh,Guntur,28-12-2024,2024,12,0,IMD GRID MODEL
Andhra Pradesh,Guntur,29-12-2024,2024,12,0,IMD GRID MODEL
Andhra Pradesh,Guntur,30-12-2024,2024,12,0.000107206,IMD GRID MODEL
Andhra Pradesh,Krishna,01-01-2024,2024,1,0,IMD GRID MODEL
Andhra Pradesh,Krishna,06-01-2024,2024,1,0.007439542,IMD GRID MODEL
Andhra Pradesh,Krishna,07-01-2024,2024,1,0,IMD GRID MODEL
Andhra Pradesh,Krishna,16-01-2024,2024,1,0,IMD GRID MODEL
Andhra Pradesh,Krishna,18-01-2024,2024,1,0,IMD GRID MODEL
Andhra Pradesh,Krishna,21-01-2024,2024,1,0,IMD GRID MODEL
Andhra Pradesh,Krishna,02-02-2024,2024,2,0.155005027,IMD GRID MODEL
Andhra Pradesh,Krishna,05-02-2024,2024,2,0,IMD GRID MODEL
Andhra Pradesh,Krishna,09-02-2024,2024,2,0,IMD GRID MODEL
Andhra Pradesh,Krishna,15-02-2024,2024,2,0.000637905,IMD GRID MODEL
Andhra Pradesh,Krishna,18-02-2024,2024,2,0.009846125,IMD GRID MODEL
Andhra Pradesh,Krishna,23-02-2024,2024,2,0,IMD GRID MODEL
Andhra Pradesh,Krishna,27-02-2024,2024,2,0,IMD GRID MODEL
Andhra Pradesh,Krishna,11-03-2024,2024,3,0.006962862,IMD GRID MODEL
Andhra Pradesh,Krishna,15-03-2024,2024,3,0.01262157,IMD GRID MODEL
Andhra Pradesh,Krishna,17-03-2024,2024,3,0,IMD GRID MODEL
Andhra Pradesh,Krishna,19-03-2024,2024,3,0.013632905,IMD GRID MODEL
Andhra Pradesh,Krishna,20-03-2024,2024,3,0.006483838,IMD GRID MODEL
Andhra Pradesh,Krishna,23-03-2024,2024,3,0,IMD GRID MODEL
Andhra Pradesh,Krishna,28-03-2024,2024,3,0,IMD GRID MODEL
Andhra Pradesh,Krishna,16-04-2024,2024,4,0,IMD GRID MODEL
Andhra Pradesh,Krishna,28-04-2024,2024,4,0.000396155,IMD GRID MODEL
Andhra Pradesh,Krishna,29-04-2024,2024,4,0,IMD GRID MODEL
Andhra Pradesh,Krishna,04-05-2024,2024,5,0.232729212,IMD GRID MODEL
Andhra Pradesh,Krishna,07-05-2024,2024,5,0.455043751,IMD GRID MODEL
Andhra Pradesh,Krishna,08-05-2024,2024,5,16.53949034,IMD GRID MODEL
Andhra Pradesh,Krishna,11-05-2024,2024,5,4.726769168,IMD GRID MODEL
Andhra Pradesh,Krishna,16-05-2024,2024,5,0.928017555,IMD GRID MODEL
Andhra Pradesh,Krishna,26-05-2024,2024,5,12.50213404,IMD GRID MODEL
Andhra Pradesh,Krishna,28-05-2024,2024,5,0,IMD GRID MODEL
Andhra Pradesh,Krishna,29-05-2024,2024,5,0,IMD GRID MODEL
Andhra Pradesh,Krishna,01-06-2024,2024,6,0.06943476,IMD GRID MODEL
Andhra Pradesh,Krishna,02-06-2024,2024,6,0.53387197,IMD GRID MODEL
Andhra Pradesh,Krishna,08-06-2024,2024,6,1.800752519,IMD GRID MODEL
Andhra Pradesh,Krishna,24-06-2024,2024,6,6.219889905,IMD GRID MODEL
Andhra Pradesh,Krishna,07-07-2024,2024,7,10.96195136,IMD GRID MODEL
Andhra Pradesh,Krishna,08-07-2024,2024,7,1.397699261,IMD GRID MODEL
Andhra Pradesh,Krishna,31-07-2024,2024,7,4.022002062,IMD GRID MODEL
Andhra Pradesh,Krishna,02-08-2024,2024,8,5.866862141,IMD GRID MODEL
Andhra Pradesh,Krishna,17-08-2024,2024,8,3.181634616,IMD GRID MODEL
Andhra Pradesh,Krishna,24-08-2024,2024,8,11.41111224,IMD GRID MODEL
Andhra Pradesh,Krishna,31-08-2024,2024,8,51.46734665,IMD GRID MODEL
Andhra Pradesh,Krishna,10-09-2024,2024,9,2.091456727,IMD GRID MODEL
Andhra Pradesh,Krishna,15-09-2024,2024,9,0.122341953,IMD GRID MODEL
Andhra Pradesh,Krishna,20-09-2024,2024,9,6.091518582,IMD GRID MODEL
Andhra Pradesh,Krishna,24-09-2024,2024,9,13.31326944,IMD GRID MODEL
Andhra Pradesh,Krishna,30-09-2024,2024,9,1.318955426,IMD GRID MODEL
Andhra Pradesh,Krishna,02-10-2024,2024,10,7.060837282,IMD GRID MODEL
Andhra Pradesh,Krishna,03-10-2024,2024,10,1.599906316,IMD GRID MODEL
Andhra Pradesh,Krishna,04-10-2024,2024,10,0.497563431,IMD GRID MODEL
Andhra Pradesh,Krishna,05-10-2024,2024,10,2.679430126,IMD GRID MODEL
Andhra Pradesh,Krishna,09-10-2024,2024,10,1.891197537,IMD GRID MODEL
Andhra Pradesh,Krishna,12-10-2024,2024,10,3.075687148,IMD GRID MODEL
Andhra Pradesh,Krishna,17-10-2024,2024,10,8.986467481,IMD GRID MODEL
Andhra Pradesh,Krishna,21-10-2024,2024,10,5.660553314,IMD GRID MODEL
Andhra Pradesh,Krishna,25-10-2024,2024,10,0.151042958,IMD GRID MODEL
Andhra Pradesh,Krishna,26-10-2024,2024,10,0.625877193,IMD GRID MODEL
Andhra Pradesh,Krishna,30-10-2024,2024,10,0.192305566,IMD GRID MODEL
Andhra Pradesh,Krishna,31-10-2024,2024,10,4.061212024,IMD GRID MODEL
Andhra Pradesh,Krishna,02-11-2024,2024,11,5.058544389,IMD GRID MODEL
Andhra Pradesh,Krishna,08-11-2024,2024,11,0.875381852,IMD GRID MODEL
Andhra Pradesh,Krishna,10-11-2024,2024,11,0.46589391,IMD GRID MODEL
Andhra Pradesh,Krishna,14-11-2024,2024,11,0.386182217,IMD GRID MODEL
Andhra Pradesh,Krishna,19-11-2024,2024,11,0,IMD GRID MODEL
Andhra Pradesh,Krishna,21-11-2024,2024,11,0.000202253,IMD GRID MODEL
Andhra Pradesh,Krishna,23-11-2024,2024,11,0,IMD GRID MODEL
Andhra Pradesh,Krishna,28-11-2024,2024,11,0,IMD GRID MODEL
Andhra Pradesh,Krishna,18-12-2024,2024,12,0.469976209,IMD GRID MODEL
Andhra Pradesh,Krishna,24-12-2024,2024,12,1.642209834,IMD GRID MODEL
Andhra Pradesh,Krishna,28-12-2024,2024,12,3.95E-05,IMD GRID MODEL
Andhra Pradesh,Krishna,29-12-2024,2024,12,0,IMD GRID MODEL
Andhra Pradesh,Visakhapatanam,09-10-2024,2024,10,0.036123592,IMD GRID MODEL
Andhra Pradesh,Visakhapatanam,18-10-2024,2024,10,8.697519059,IMD GRID MODEL
Andhra Pradesh,Visakhapatanam,24-10-2024,2024,10,1.39E-05,IMD GRID MODEL
Andhra Pradesh,Visakhapatanam,29-10-2024,2024,10,0.053529564,IMD GRID MODEL
Andhra Pradesh,Visakhapatanam,08-11-2024,2024,11,0.593834231,IMD GRID MODEL
Andhra Pradesh,Visakhapatanam,12-11-2024,2024,11,0.225758151,IMD GRID MODEL
Andhra Pradesh,Visakhapatanam,13-11-2024,2024,11,1.16949814,IMD GRID MODEL
Andhra Pradesh,Visakhapatanam,14-11-2024,2024,11,0.53862489,IMD GRID MODEL
Andhra Pradesh,Visakhapatanam,25-11-2024,2024,11,0.017420168,IMD GRID MODEL
Andhra Pradesh,Visakhapatanam,26-11-2024,2024,11,0.010227468,IMD GRID MODEL
Andhra Pradesh,Visakhapatanam,02-12-2024,2024,12,1.256695293,IMD GRID MODEL
Andhra Pradesh,Visakhapatanam,18-12-2024,2024,12,1.275561127,IMD GRID MODEL
Andhra Pradesh,Visakhapatanam,23-12-2024,2024,12,0.001257792,IMD GRID MODEL
Andhra Pradesh,Visakhapatanam,25-12-2024,2024,12,5.952394948,IMD GRID MODEL
Andhra Pradesh,Visakhapatanam,27-12-2024,2024,12,0,IMD GRID MODEL
Andhra Pradesh,Visakhapatanam,29-12-2024,2024,12,0.223258491,IMD GRID MODEL
Andhra Pradesh,Visakhapatanam,30-12-2024,2024,12,0,IMD GRID MODEL
Andhra Pradesh,Visakhapatanam,31-12-2024,2024,12,7.79E-05,IMD GRID MODEL
Andhra Pradesh,Vizianagaram,13-01-2024,2024,1,0,IMD GRID MODEL
Andhra Pradesh,Vizianagaram,27-01-2024,2024,1,0.09813701,IMD GRID MODEL
Andhra Pradesh,Vizianagaram,28-01-2024,2024,1,0,IMD GRID MODEL
Andhra Pradesh,Vizianagaram,30-01-2024,2024,1,0,IMD GRID MODEL
Andhra Pradesh,Vizianagaram,04-02-2024,2024,2,0,IMD GRID MODEL
Andhra Pradesh,Vizianagaram,06-02-2024,2024,2,0,IMD GRID MODEL
Andhra Pradesh,Vizianagaram,08-02-2024,2024,2,0.024223165,IMD GRID MODEL
Andhra Pradesh,Vizianagaram,09-02-2024,2024,2,0.004184383,IMD GRID MODEL
Andhra Pradesh,Vizianagaram,11-02-2024,2024,2,0,IMD GRID MODEL
Andhra Pradesh,Vizianagaram,12-02-2024,2024,2,0.001123995,IMD GRID MODEL
Andhra Pradesh,Vizianagaram,19-02-2024,2024,2,0,IMD GRID MODEL
Andhra Pradesh,Vizianagaram,22-02-2024,2024,2,0,IMD GRID MODEL
Andhra Pradesh,Vizianagaram,24-02-2024,2024,2,0.001059429,IMD GRID MODEL
Andhra Pradesh,Vizianagaram,26-02-2024,2024,2,0.000234924,IMD GRID MODEL
Andhra Pradesh,Vizianagaram,04-03-2024,2024,3,0,IMD GRID MODEL
Andhra Pradesh,Vizianagaram,06-03-2024,2024,3,0.001177857,IMD GRID MODEL
Andhra Pradesh,Vizianagaram,12-03-2024,2024,3,0,IMD GRID MODEL
Andhra Pradesh,Vizianagaram,13-03-2024,2024,3,0.000344617,IMD GRID MODEL
Andhra Pradesh,Vizianagaram,19-03-2024,2024,3,0.047205742,IMD GRID MODEL
Andhra Pradesh,Vizianagaram,31-03-2024,2024,3,0.000349752,IMD GRID MODEL
Andhra Pradesh,Vizianagaram,02-04-2024,2024,4,8.86E-05,IMD GRID MODEL
Andhra Pradesh,Vizianagaram,09-04-2024,2024,4,0.08029334,IMD GRID MODEL
Andhra Pradesh,Vizianagaram,10-04-2024,2024,4,0.000667838,IMD GRID MODEL
Andhra Pradesh,Vizianagaram,11-04-2024,2024,4,0.002133282,IMD GRID MODEL
Andhra Pradesh,Vizianagaram,17-04-2024,2024,4,0,IMD GRID MODEL
Andhra Pradesh,Vizianagaram,23-04-2024,2024,4,0.56395962,IMD GRID MODEL
Andhra Pradesh,Vizianagaram,24-04-2024,2024,4,0.206304271,IMD GRID MODEL
Andhra Pradesh,Vizianagaram,07-05-2024,2024,5,14.61212347,IMD GRID MODEL
Andhra Pradesh,Vizianagaram,10-05-2024,2024,5,16.25062823,IMD GRID MODEL
Andhra Pradesh,Vizianagaram,17-05-2024,2024,5,1.436786144,IMD GRID MODEL
Andhra Pradesh,Vizianagaram,22-05-2024,2024,5,6.507595184,IMD GRID MODEL
Andhra Pradesh,Vizianagaram,23-05-2024,2024,5,0.560063169,IMD GRID MODEL
Andhra Pradesh,Vizianagaram,28-05-2024,2024,5,0,IMD GRID MODEL
Andhra Pradesh,Vizianagaram,03-06-2024,2024,6,26.96273045,IMD GRID MODEL
Andhra Pradesh,Vizianagaram,07-06-2024,2024,6,0.689505717,IMD GRID MODEL
Andhra Pradesh,Vizianagaram,08-06-2024,2024,6,0.005788639,IMD GRID MODEL
Andhra Pradesh,Vizianagaram,12-06-2024,2024,6,0.622604318,IMD GRID MODEL
Andhra Pradesh,Vizianagaram,13-06-2024,2024,6,0.334685242,IMD GRID MODEL
Andhra Pradesh,Vizianagaram,18-06-2024,2024,6,0.809499573,IMD GRID MODEL
Andhra Pradesh,Vizianagaram,09-07-2024,2024,7,5.435338039,IMD GRID MODEL
Andhra Pradesh,Vizianagaram,16-07-2024,2024,7,4.847521477,IMD GRID MODEL
Andhra Pradesh,Vizianagaram,17-07-2024,2024,7,15.73424605,IMD GRID MODEL
Andhra Pradesh,Vizianagaram,24-07-2024,2024,7,10.98544423,IMD GRID MODEL
Andhra Pradesh,Vizianagaram,31-07-2024,2024,7,2.412679106,IMD GRID MODEL
Andhra Pradesh,Vizianagaram,02-08-2024,2024,8,6.027301785,IMD GRID MODEL
Andhra Pradesh,Vizianagaram,05-08-2024,2024,8,0.759710751,IMD GRID MODEL
Andhra Pradesh,Vizianagaram,06-08-2024,2024,8,0.872633845,IMD GRID MODEL
Andhra Pradesh,Vizianagaram,12-08-2024,2024,8,6.587482262,IMD GRID MODEL
Andhra Pradesh,Vizianagaram,21-08-2024,2024,8,9.746749922,IMD GRID MODEL
Andhra Pradesh,Vizianagaram,24-08-2024,2024,8,5.607344342,IMD GRID MODEL
Andhra Pradesh,Vizianagaram,27-08-2024,2024,8,5.996704444,IMD GRID MODEL
Andhra Pradesh,Vizianagaram,29-08-2024,2024,8,9.053988383,IMD GRID MODEL
Andhra Pradesh,Vizianagaram,01-09-2024,2024,9,7.635059823,IMD GRID MODEL
Andhra Pradesh,Vizianagaram,02-09-2024,2024,9,2.166533761,IMD GRID MODEL
Andhra Pradesh,Vizianagaram,03-09-2024,2024,9,14.71249046,IMD GRID MODEL
Andhra Pradesh,Vizianagaram,04-09-2024,2024,9,13.81604858,IMD GRID MODEL
Andhra Pradesh,Vizianagaram,07-09-2024,2024,9,13.98141967,IMD GRID MODEL
Andhra Pradesh,Vizianagaram,21-09-2024,2024,9,10.27487844,IMD GRID MODEL
Andhra Pradesh,Vizianagaram,22-09-2024,2024,9,10.33367908,IMD GRID MODEL
Andhra Pradesh,Vizianagaram,26-09-2024,2024,9,13.0154965,IMD GRID MODEL
Andhra Pradesh,Vizianagaram,29-09-2024,2024,9,9.738538395,IMD GRID MODEL
Andhra Pradesh,Vizianagaram,30-09-2024,2024,9,9.218700115,IMD GRID MODEL
Andhra Pradesh,Vizianagaram,01-10-2024,2024,10,7.619066399,IMD GRID MODEL
Andhra Pradesh,Vizianagaram,08-10-2024,2024,10,5.351608145,IMD GRID MODEL
Andhra Pradesh,Vizianagaram,09-10-2024,2024,10,0.474399946,IMD GRID MODEL
Andhra Pradesh,Vizianagaram,15-10-2024,2024,10,1.038180451,IMD GRID MODEL
Andhra Pradesh,Vizianagaram,20-10-2024,2024,10,7.612640238,IMD GRID MODEL
Andhra Pradesh,Vizianagaram,22-10-2024,2024,10,0.073973255,IMD GRID MODEL
Andhra Pradesh,Vizianagaram,23-10-2024,2024,10,0.001399548,IMD GRID MODEL
Andhra Pradesh,Vizianagaram,30-10-2024,2024,10,5.19680779,IMD GRID MODEL
Andhra Pradesh,Vizianagaram,10-11-2024,2024,11,0.442242769,IMD GRID MODEL
Andhra Pradesh,Vizianagaram,19-11-2024,2024,11,0,IMD GRID MODEL
Andhra Pradesh,Vizianagaram,21-11-2024,2024,11,0,IMD GRID MODEL
Andhra Pradesh,Vizianagaram,23-11-2024,2024,11,0,IMD GRID MODEL
Andhra Pradesh,Vizianagaram,25-11-2024,2024,11,0.005446543,IMD GRID MODEL
Andhra Pradesh,Vizianagaram,27-11-2024,2024,11,5.87E-05,IMD GRID MODEL
Andhra Pradesh,Vizianagaram,28-11-2024,2024,11,0,IMD GRID MODEL
Andhra Pradesh,Vizianagaram,29-11-2024,2024,11,0.015058458,IMD GRID MODEL
Andhra Pradesh,Vizianagaram,04-12-2024,2024,12,0.014779297,IMD GRID MODEL
Andhra Pradesh,Vizianagaram,16-12-2024,2024,12,0.000269065,IMD GRID MODEL
Andhra Pradesh,Vizianagaram,30-12-2024,2024,12,0,IMD GRID MODEL
Andhra Pradesh,West Godavari,05-01-2024,2024,1,0,IMD GRID MODEL
Andhra Pradesh,West Godavari,06-01-2024,2024,1,0.163367458,IMD GRID MODEL
Andhra Pradesh,West Godavari,12-01-2024,2024,1,0,IMD GRID MODEL
Andhra Pradesh,West Godavari,17-01-2024,2024,1,0,IMD GRID MODEL
Andhra Pradesh,West Godavari,29-01-2024,2024,1,0,IMD GRID MODEL
Andhra Pradesh,West Godavari,31-01-2024,2024,1,0,IMD GRID MODEL
Andhra Pradesh,West Godavari,07-02-2024,2024,2,0,IMD GRID MODEL
Andhra Pradesh,West Godavari,13-02-2024,2024,2,0,IMD GRID MODEL
Andhra Pradesh,West Godavari,20-02-2024,2024,2,0,IMD GRID MODEL
Andhra Pradesh,West Godavari,21-02-2024,2024,2,0,IMD GRID MODEL
Andhra Pradesh,West Godavari,22-02-2024,2024,2,0,IMD GRID MODEL
Andhra Pradesh,West Godavari,23-02-2024,2024,2,0,IMD GRID MODEL
Andhra Pradesh,West Godavari,04-03-2024,2024,3,0,IMD GRID MODEL
Andhra Pradesh,West Godavari,06-03-2024,2024,3,0,IMD GRID MODEL
Andhra Pradesh,West Godavari,07-03-2024,2024,3,0.001221181,IMD GRID MODEL
Andhra Pradesh,West Godavari,08-03-2024,2024,3,0,IMD GRID MODEL
Andhra Pradesh,West Godavari,12-03-2024,2024,3,5.47E-05,IMD GRID MODEL
Andhra Pradesh,West Godavari,13-03-2024,2024,3,0,IMD GRID MODEL
Andhra Pradesh,West Godavari,14-03-2024,2024,3,0.119385428,IMD GRID MODEL
Andhra Pradesh,West Godavari,21-03-2024,2024,3,4.543135978,IMD GRID MODEL
Andhra Pradesh,West Godavari,22-03-2024,2024,3,0,IMD GRID MODEL
Andhra Pradesh,West Godavari,24-03-2024,2024,3,0,IMD GRID MODEL
Andhra Pradesh,West Godavari,26-03-2024,2024,3,0,IMD GRID MODEL
Andhra Pradesh,West Godavari,27-03-2024,2024,3,0,IMD GRID MODEL
Andhra Pradesh,West Godavari,28-03-2024,2024,3,0,IMD GRID MODEL
Andhra Pradesh,West Godavari,01-04-2024,2024,4,0.055467987,IMD GRID MODEL
Andhra Pradesh,West Godavari,05-04-2024,2024,4,0,IMD GRID MODEL
Andhra Pradesh,West Godavari,06-04-2024,2024,4,0,IMD GRID MODEL
Andhra Pradesh,West Godavari,07-04-2024,2024,4,7.53E-06,IMD GRID MODEL
Andhra Pradesh,West Godavari,08-04-2024,2024,4,0,IMD GRID MODEL
Andhra Pradesh,West Godavari,09-04-2024,2024,4,0,IMD GRID MODEL
Andhra Pradesh,West Godavari,10-04-2024,2024,4,0,IMD GRID MODEL
Andhra Pradesh,West Godavari,17-04-2024,2024,4,0,IMD GRID MODEL
Andhra Pradesh,West Godavari,25-04-2024,2024,4,0,IMD GRID MODEL
Andhra Pradesh,West Godavari,06-05-2024,2024,5,0.110377292,IMD GRID MODEL
Andhra Pradesh,West Godavari,12-05-2024,2024,5,0.007996848,IMD GRID MODEL
Andhra Pradesh,West Godavari,20-05-2024,2024,5,7.677491422,IMD GRID MODEL
Andhra Pradesh,West Godavari,31-05-2024,2024,5,4.29E-06,IMD GRID MODEL
Andhra Pradesh,West Godavari,03-06-2024,2024,6,6.925744269,IMD GRID MODEL
Andhra Pradesh,West Godavari,04-06-2024,2024,6,0.000207453,IMD GRID MODEL
Andhra Pradesh,West Godavari,08-06-2024,2024,6,1.930960623,IMD GRID MODEL
Andhra Pradesh,West Godavari,18-06-2024,2024,6,0.000387227,IMD GRID MODEL
Andhra Pradesh,West Godavari,27-06-2024,2024,6,17.83603165,IMD GRID MODEL
Andhra Pradesh,West Godavari,07-07-2024,2024,7,22.26207363,IMD GRID MODEL
Andhra Pradesh,West Godavari,13-07-2024,2024,7,1.203553741,IMD GRID MODEL
Andhra Pradesh,West Godavari,21-07-2024,2024,7,12.64081954,IMD GRID MODEL
Andhra Pradesh,West Godavari,22-07-2024,2024,7,15.42963317,IMD GRID MODEL
Andhra Pradesh,West Godavari,23-07-2024,2024,7,2.520743049,IMD GRID MODEL
Andhra Pradesh,West Godavari,27-07-2024,2024,7,20.29647726,IMD GRID MODEL
Andhra Pradesh,West Godavari,01-08-2024,2024,8,13.06841153,IMD GRID MODEL
Andhra Pradesh,West Godavari,02-08-2024,2024,8,8.94607544,IMD GRID MODEL
Andhra Pradesh,West Godavari,06-08-2024,2024,8,14.55559653,IMD GRID MODEL
Andhra Pradesh,West Godavari,12-08-2024,2024,8,1.823466807,IMD GRID MODEL
Andhra Pradesh,West Godavari,16-08-2024,2024,8,4.833392698,IMD GRID MODEL
Andhra Pradesh,West Godavari,27-08-2024,2024,8,12.83151366,IMD GRID MODEL
Andhra Pradesh,West Godavari,16-09-2024,2024,9,0.70907977,IMD GRID MODEL
Andhra Pradesh,West Godavari,20-09-2024,2024,9,9.864879938,IMD GRID MODEL
Andhra Pradesh,West Godavari,22-09-2024,2024,9,12.42763301,IMD GRID MODEL
Andhra Pradesh,West Godavari,25-09-2024,2024,9,19.32373151,IMD GRID MODEL
Andhra Pradesh,West Godavari,26-09-2024,2024,9,16.77824463,IMD GRID MODEL
Andhra Pradesh,West Godavari,15-10-2024,2024,10,4.711337817,IMD GRID MODEL
Andhra Pradesh,West Godavari,19-10-2024,2024,10,10.22546077,IMD GRID MODEL
Andhra Pradesh,West Godavari,13-11-2024,2024,11,0.468520824,IMD GRID MODEL
Andhra Pradesh,West Godavari,16-11-2024,2024,11,0.056670838,IMD GRID MODEL
Andhra Pradesh,West Godavari,22-11-2024,2024,11,0,IMD GRID MODEL
Andhra Pradesh,West Godavari,14-12-2024,2024,12,0.039765856,IMD GRID MODEL
Andhra Pradesh,West Godavari,16-12-2024,2024,12,0.12172871,IMD GRID MODEL
Andhra Pradesh,Anantapur,01-05-2024,2024,5,0.018790583,IMD GRID MODEL
Andhra Pradesh,Anantapur,05-05-2024,2024,5,2.28E-05,IMD GRID MODEL
Andhra Pradesh,Anantapur,07-05-2024,2024,5,0.799877247,IMD GRID MODEL
Andhra Pradesh,Anantapur,10-05-2024,2024,5,5.757002721,IMD GRID MODEL
Andhra Pradesh,Anantapur,13-05-2024,2024,5,9.517105677,IMD GRID MODEL
Andhra Pradesh,Anantapur,26-05-2024,2024,5,0.053184184,IMD GRID MODEL
Andhra Pradesh,Anantapur,29-05-2024,2024,5,0.148818227,IMD GRID MODEL
Andhra Pradesh,Anantapur,04-06-2024,2024,6,0.252067718,IMD GRID MODEL
Andhra Pradesh,Anantapur,15-06-2024,2024,6,0.446181999,IMD GRID MODEL
Andhra Pradesh,Anantapur,17-06-2024,2024,6,1.933982446,IMD GRID MODEL
Andhra Pradesh,Anantapur,26-06-2024,2024,6,1.2421113,IMD GRID MODEL
Andhra Pradesh,Anantapur,03-07-2024,2024,7,0.55095273,IMD GRID MODEL
Andhra Pradesh,Anantapur,04-07-2024,2024,7,1.082343821,IMD GRID MODEL
Andhra Pradesh,Anantapur,06-07-2024,2024,7,6.992037716,IMD GRID MODEL
Andhra Pradesh,Anantapur,15-07-2024,2024,7,3.288698359,IMD GRID MODEL
Andhra Pradesh,Anantapur,27-07-2024,2024,7,2.802450881,IMD GRID MODEL
Andhra Pradesh,Anantapur,29-07-2024,2024,7,0.000931492,IMD GRID MODEL
Andhra Pradesh,Anantapur,04-08-2024,2024,8,1.432692035,IMD GRID MODEL
Andhra Pradesh,Anantapur,06-08-2024,2024,8,0.157369988,IMD GRID MODEL
Andhra Pradesh,Anantapur,08-08-2024,2024,8,2.898021099,IMD GRID MODEL
Andhra Pradesh,Anantapur,09-08-2024,2024,8,6.42519291,IMD GRID MODEL
Andhra Pradesh,Anantapur,13-08-2024,2024,8,18.22680808,IMD GRID MODEL
Andhra Pradesh,Anantapur,24-08-2024,2024,8,1.069757728,IMD GRID MODEL
Andhra Pradesh,Anantapur,29-08-2024,2024,8,0.871675698,IMD GRID MODEL
Andhra Pradesh,Anantapur,04-09-2024,2024,9,0.366465106,IMD GRID MODEL
Andhra Pradesh,Anantapur,10-09-2024,2024,9,0.032951838,IMD GRID MODEL
Andhra Pradesh,Anantapur,12-09-2024,2024,9,0.026105227,IMD GRID MODEL
Andhra Pradesh,Anantapur,17-09-2024,2024,9,0.01748632,IMD GRID MODEL
Andhra Pradesh,Anantapur,27-09-2024,2024,9,2.626994738,IMD GRID MODEL
Andhra Pradesh,Anantapur,02-10-2024,2024,10,4.190431039,IMD GRID MODEL
Andhra Pradesh,Anantapur,09-10-2024,2024,10,0.936150737,IMD GRID MODEL
Andhra Pradesh,Anantapur,10-10-2024,2024,10,0.933898314,IMD GRID MODEL
Andhra Pradesh,Anantapur,12-10-2024,2024,10,3.38689106,IMD GRID MODEL
Andhra Pradesh,Anantapur,23-10-2024,2024,10,2.978866029,IMD GRID MODEL
Andhra Pradesh,Anantapur,27-10-2024,2024,10,0,IMD GRID MODEL
Andhra Pradesh,Anantapur,05-11-2024,2024,11,0.073904249,IMD GRID MODEL
Andhra Pradesh,Anantapur,07-11-2024,2024,11,0.745761003,IMD GRID MODEL
Andhra Pradesh,Anantapur,08-11-2024,2024,11,2.155576664,IMD GRID MODEL
Andhra Pradesh,Anantapur,09-11-2024,2024,11,0.557182199,IMD GRID MODEL
Andhra Pradesh,Anantapur,11-11-2024,2024,11,0.350527226,IMD GRID MODEL
Andhra Pradesh,Anantapur,20-11-2024,2024,11,0,IMD GRID MODEL
Andhra Pradesh,Anantapur,21-11-2024,2024,11,0,IMD GRID MODEL
Andhra Pradesh,Anantapur,01-12-2024,2024,12,2.416640506,IMD GRID MODEL
Andhra Pradesh,Anantapur,24-12-2024,2024,12,0,IMD GRID MODEL
Andhra Pradesh,Anantapur,25-12-2024,2024,12,1.05E-05,IMD GRID MODEL
Andhra Pradesh,Anantapur,27-12-2024,2024,12,2.366159752,IMD GRID MODEL
Andhra Pradesh,Chittoor,02-01-2024,2024,1,0,IMD GRID MODEL
Andhra Pradesh,Chittoor,06-01-2024,2024,1,6.33E-05,IMD GRID MODEL
Andhra Pradesh,Chittoor,07-01-2024,2024,1,0.015452812,IMD GRID MODEL
Andhra Pradesh,Chittoor,11-01-2024,2024,1,0,IMD GRID MODEL
Andhra Pradesh,Chittoor,14-01-2024,2024,1,0,IMD GRID MODEL
Andhra Pradesh,Chittoor,19-01-2024,2024,1,0,IMD GRID MODEL
Andhra Pradesh,Chittoor,22-01-2024,2024,1,0,IMD GRID MODEL
Andhra Pradesh,Chittoor,29-01-2024,2024,1,0,IMD GRID MODEL
Andhra Pradesh,Chittoor,12-02-2024,2024,2,0,IMD GRID MODEL
Andhra Pradesh,Chittoor,26-02-2024,2024,2,0,IMD GRID MODEL
Andhra Pradesh,Chittoor,02-03-2024,2024,3,0,IMD GRID MODEL
Andhra Pradesh,Chittoor,08-03-2024,2024,3,0,IMD GRID MODEL
Andhra Pradesh,Chittoor,10-03-2024,2024,3,0,IMD GRID MODEL
Andhra Pradesh,Chittoor,12-03-2024,2024,3,0.000276377,IMD GRID MODEL
Andhra Pradesh,Chittoor,17-03-2024,2024,3,0,IMD GRID MODEL
Andhra Pradesh,Chittoor,18-03-2024,2024,3,0,IMD GRID MODEL
Andhra Pradesh,Chittoor,22-03-2024,2024,3,0.002714407,IMD GRID MODEL
Andhra Pradesh,Chittoor,23-03-2024,2024,3,0,IMD GRID MODEL
Andhra Pradesh,Chittoor,24-03-2024,2024,3,0,IMD GRID MODEL
Andhra Pradesh,Chittoor,31-03-2024,2024,3,0,IMD GRID MODEL
Andhra Pradesh,Chittoor,01-04-2024,2024,4,0.150371015,IMD GRID MODEL
Andhra Pradesh,Chittoor,08-04-2024,2024,4,0.001263852,IMD GRID MODEL
Andhra Pradesh,Chittoor,14-04-2024,2024,4,0.022280979,IMD GRID MODEL
Andhra Pradesh,Chittoor,15-04-2024,2024,4,0,IMD GRID MODEL
Andhra Pradesh,Chittoor,26-04-2024,2024,4,0,IMD GRID MODEL
Andhra Pradesh,Chittoor,03-05-2024,2024,5,4.716271759,IMD GRID MODEL
Andhra Pradesh,Chittoor,18-05-2024,2024,5,2.864282264,IMD GRID MODEL
Andhra Pradesh,Chittoor,20-05-2024,2024,5,1.13330622,IMD GRID MODEL
Andhra Pradesh,Chittoor,24-05-2024,2024,5,0.045826137,IMD GRID MODEL
Andhra Pradesh,Chittoor,31-05-2024,2024,5,1.452586622,IMD GRID MODEL
Andhra Pradesh,Chittoor,04-06-2024,2024,6,0.855928254,IMD GRID MODEL
Andhra Pradesh,Chittoor,05-06-2024,2024,6,4.721393407,IMD GRID MODEL
Andhra Pradesh,Chittoor,12-06-2024,2024,6,3.314361604,IMD GRID MODEL
Andhra Pradesh,Chittoor,14-06-2024,2024,6,1.838385731,IMD GRID MODEL
Andhra Pradesh,Chittoor,21-06-2024,2024,6,2.252263987,IMD GRID MODEL
Andhra Pradesh,Chittoor,25-06-2024,2024,6,0.229601336,IMD GRID MODEL
Andhra Pradesh,Chittoor,02-07-2024,2024,7,8.945683956,IMD GRID MODEL
Andhra Pradesh,Chittoor,21-07-2024,2024,7,1.103769253,IMD GRID MODEL
Andhra Pradesh,Chittoor,06-08-2024,2024,8,7.464067197,IMD GRID MODEL
Andhra Pradesh,Chittoor,10-08-2024,2024,8,7.177945261,IMD GRID MODEL
Andhra Pradesh,Chittoor,20-08-2024,2024,8,3.867888149,IMD GRID MODEL
Andhra Pradesh,Chittoor,30-08-2024,2024,8,8.351011,IMD GRID MODEL
Andhra Pradesh,Chittoor,01-09-2024,2024,9,0.343699126,IMD GRID MODEL
Andhra Pradesh,Chittoor,04-09-2024,2024,9,0.266112145,IMD GRID MODEL
Andhra Pradesh,Chittoor,07-09-2024,2024,9,1.745829581,IMD GRID MODEL
Andhra Pradesh,Chittoor,08-09-2024,2024,9,0,IMD GRID MODEL
Andhra Pradesh,Chittoor,15-09-2024,2024,9,0.024857765,IMD GRID MODEL
Andhra Pradesh,Chittoor,23-09-2024,2024,9,9.069881611,IMD GRID MODEL
Andhra Pradesh,Chittoor,28-09-2024,2024,9,11.30380479,IMD GRID MODEL
Andhra Pradesh,Chittoor,09-10-2024,2024,10,1.31365586,IMD GRID MODEL
Andhra Pradesh,Chittoor,14-10-2024,2024,10,16.27200442,IMD GRID MODEL
Andhra Pradesh,Chittoor,18-10-2024,2024,10,13.62058272,IMD GRID MODEL
Andhra Pradesh,Chittoor,21-10-2024,2024,10,2.793168829,IMD GRID MODEL
Andhra Pradesh,Chittoor,12-11-2024,2024,11,2.186931156,IMD GRID MODEL
Andhra Pradesh,Chittoor,17-11-2024,2024,11,7.173763215,IMD GRID MODEL
Andhra Pradesh,Chittoor,21-11-2024,2024,11,0.028374045,IMD GRID MODEL
Andhra Pradesh,Chittoor,22-11-2024,2024,11,8.38E-05,IMD GRID MODEL
Andhra Pradesh,Chittoor,29-11-2024,2024,11,0.415044034,IMD GRID MODEL
Andhra Pradesh,Chittoor,01-12-2024,2024,12,45.64208015,IMD GRID MODEL
Andhra Pradesh,Chittoor,05-12-2024,2024,12,8.19356525,IMD GRID MODEL
Andhra Pradesh,Chittoor,09-12-2024,2024,12,0,IMD GRID MODEL
Andhra Pradesh,Chittoor,12-12-2024,2024,12,14.15251292,IMD GRID MODEL
Andhra Pradesh,Chittoor,14-12-2024,2024,12,0.118618412,IMD GRID MODEL
Andhra Pradesh,Chittoor,16-12-2024,2024,12,0.00286535,IMD GRID MODEL
Andhra Pradesh,East Godavari,15-01-2024,2024,1,0,IMD GRID MODEL
Andhra Pradesh,East Godavari,24-01-2024,2024,1,0,IMD GRID MODEL
Andhra Pradesh,East Godavari,05-02-2024,2024,2,0,IMD GRID MODEL
Andhra Pradesh,East Godavari,07-02-2024,2024,2,0,IMD GRID MODEL
Andhra Pradesh,East Godavari,10-02-2024,2024,2,0,IMD GRID MODEL
Andhra Pradesh,East Godavari,17-02-2024,2024,2,0,IMD GRID MODEL
Andhra Pradesh,East Godavari,01-03-2024,2024,3,0.099182283,IMD GRID MODEL
Andhra Pradesh,East Godavari,04-03-2024,2024,3,0,IMD GRID MODEL
Andhra Pradesh,East Godavari,08-03-2024,2024,3,0,IMD GRID MODEL
Andhra Pradesh,East Godavari,15-03-2024,2024,3,0,IMD GRID MODEL
Andhra Pradesh,East Godavari,16-03-2024,2024,3,9.75E-05,IMD GRID MODEL
Andhra Pradesh,East Godavari,19-03-2024,2024,3,0.040072659,IMD GRID MODEL
Andhra Pradesh,East Godavari,24-03-2024,2024,3,0.322182441,IMD GRID MODEL
Andhra Pradesh,East Godavari,30-03-2024,2024,3,0,IMD GRID MODEL
Andhra Pradesh,East Godavari,09-04-2024,2024,4,8.95E-05,IMD GRID MODEL
Andhra Pradesh,East Godavari,10-04-2024,2024,4,0,IMD GRID MODEL
Andhra Pradesh,East Godavari,13-04-2024,2024,4,0.190450036,IMD GRID MODEL
Andhra Pradesh,East Godavari,14-04-2024,2024,4,0.366012361,IMD GRID MODEL
Andhra Pradesh,East Godavari,19-04-2024,2024,4,0.152517576,IMD GRID MODEL
Andhra Pradesh,East Godavari,22-04-2024,2024,4,3.145506482,IMD GRID MODEL
Andhra Pradesh,East Godavari,25-04-2024,2024,4,0.022874795,IMD GRID MODEL
Andhra Pradesh,East Godavari,27-04-2024,2024,4,0.00303206,IMD GRID MODEL
Andhra Pradesh,East Godavari,03-05-2024,2024,5,0.006623384,IMD GRID MODEL
Andhra Pradesh,East Godavari,07-05-2024,2024,5,0.02261209,IMD GRID MODEL
Andhra Pradesh,East Godavari,12-05-2024,2024,5,1.21296435,IMD GRID MODEL
Andhra Pradesh,East Godavari,15-05-2024,2024,5,8.519608796,IMD GRID MODEL
Andhra Pradesh,East Godavari,19-05-2024,2024,5,4.6973266,IMD GRID MODEL
Andhra Pradesh,East Godavari,20-05-2024,2024,5,2.867120987,IMD GRID MODEL
Andhra Pradesh,East Godavari,23-05-2024,2024,5,1.666720059,IMD GRID MODEL
Andhra Pradesh,East Godavari,25-05-2024,2024,5,16.52666783,IMD GRID MODEL
Andhra Pradesh,East Godavari,31-05-2024,2024,5,0.027251661,IMD GRID MODEL
Andhra Pradesh,East Godavari,01-06-2024,2024,6,13.2526837,IMD GRID MODEL
Andhra Pradesh,East Godavari,03-06-2024,2024,6,23.41730972,IMD GRID MODEL
Andhra Pradesh,East Godavari,13-06-2024,2024,6,1.46898177,IMD GRID MODEL
Andhra Pradesh,East Godavari,15-06-2024,2024,6,3.720496496,IMD GRID MODEL
Andhra Pradesh,East Godavari,17-06-2024,2024,6,3.260885539,IMD GRID MODEL
Andhra Pradesh,East Godavari,23-06-2024,2024,6,22.00161371,IMD GRID MODEL
Andhra Pradesh,East Godavari,24-06-2024,2024,6,6.066232182,IMD GRID MODEL
Andhra Pradesh,East Godavari,25-06-2024,2024,6,3.690111341,IMD GRID MODEL
Andhra Pradesh,East Godavari,26-06-2024,2024,6,3.767792377,IMD GRID MODEL
Andhra Pradesh,East Godavari,30-06-2024,2024,6,24.72410249,IMD GRID MODEL
Andhra Pradesh,East Godavari,02-07-2024,2024,7,0.764740084,IMD GRID MODEL
Andhra Pradesh,East Godavari,03-07-2024,2024,7,6.797682292,IMD GRID MODEL
Andhra Pradesh,East Godavari,09-07-2024,2024,7,5.028350421,IMD GRID MODEL
Andhra Pradesh,East Godavari,15-07-2024,2024,7,7.374905154,IMD GRID MODEL
Andhra Pradesh,SPSR Nellore,16-07-2024,2024,7,0.421368649,IMD GRID MODEL
Andhra Pradesh,SPSR Nellore,17-07-2024,2024,7,3.01307054,IMD GRID MODEL
Andhra Pradesh,SPSR Nellore,18-07-2024,2024,7,4.639371351,IMD GRID MODEL
Andhra Pradesh,SPSR Nellore,28-07-2024,2024,7,0.0847098,IMD GRID MODEL
Andhra Pradesh,SPSR Nellore,09-08-2024,2024,8,0.236333781,IMD GRID MODEL
Andhra Pradesh,SPSR Nellore,17-08-2024,2024,8,2.978044235,IMD GRID MODEL
Andhra Pradesh,SPSR Nellore,21-08-2024,2024,8,1.846640484,IMD GRID MODEL
Andhra Pradesh,SPSR Nellore,24-08-2024,2024,8,2.199892476,IMD GRID MODEL
Andhra Pradesh,SPSR Nellore,31-08-2024,2024,8,12.08352852,IMD GRID MODEL
Andhra Pradesh,SPSR Nellore,11-09-2024,2024,9,0.270953263,IMD GRID MODEL
Andhra Pradesh,SPSR Nellore,13-09-2024,2024,9,0.072658233,IMD GRID MODEL
Andhra Pradesh,SPSR Nellore,17-09-2024,2024,9,0.094184534,IMD GRID MODEL
Andhra Pradesh,SPSR Nellore,20-09-2024,2024,9,2.293358377,IMD GRID MODEL
Andhra Pradesh,SPSR Nellore,26-09-2024,2024,9,6.219367913,IMD GRID MODEL
Andhra Pradesh,SPSR Nellore,28-09-2024,2024,9,2.063595095,IMD GRID MODEL
Andhra Pradesh,SPSR Nellore,29-09-2024,2024,9,0.260096913,IMD GRID MODEL
Andhra Pradesh,SPSR Nellore,07-10-2024,2024,10,0.477973551,IMD GRID MODEL
Andhra Pradesh,SPSR Nellore,11-10-2024,2024,10,1.649557566,IMD GRID MODEL
Andhra Pradesh,SPSR Nellore,12-10-2024,2024,10,2.377694815,IMD GRID MODEL
Andhra Pradesh,SPSR Nellore,13-10-2024,2024,10,1.994110484,IMD GRID MODEL
Andhra Pradesh,SPSR Nellore,14-10-2024,2024,10,22.22234463,IMD GRID MODEL
Andhra Pradesh,SPSR Nellore,15-10-2024,2024,10,23.59269279,IMD GRID MODEL
Andhra Pradesh,SPSR Nellore,17-10-2024,2024,10,15.14910574,IMD GRID MODEL
Andhra Pradesh,SPSR Nellore,23-10-2024,2024,10,0.111109098,IMD GRID MODEL
Andhra Pradesh,SPSR Nellore,30-10-2024,2024,10,0.208192117,IMD GRID MODEL
Andhra Pradesh,SPSR Nellore,03-11-2024,2024,11,0.333796934,IMD GRID MODEL
Andhra Pradesh,SPSR Nellore,23-11-2024,2024,11,0.012998934,IMD GRID MODEL
Andhra Pradesh,SPSR Nellore,26-11-2024,2024,11,1.874880965,IMD GRID MODEL
Andhra Pradesh,SPSR Nellore,06-12-2024,2024,12,1.048306024,IMD GRID MODEL
Andhra Pradesh,SPSR Nellore,07-12-2024,2024,12,0.128415866,IMD GRID MODEL
Andhra Pradesh,SPSR Nellore,09-12-2024,2024,12,0.000337179,IMD GRID MODEL
Andhra Pradesh,SPSR Nellore,10-12-2024,2024,12,0,IMD GRID MODEL
Andhra Pradesh,SPSR Nellore,16-12-2024,2024,12,0.107491125,IMD GRID MODEL
Andhra Pradesh,SPSR Nellore,23-12-2024,2024,12,3.16E-05,IMD GRID MODEL
Andhra Pradesh,SPSR Nellore,28-12-2024,2024,12,0.029541491,IMD GRID MODEL
Andhra Pradesh,SPSR Nellore,30-12-2024,2024,12,1.57E-05,IMD GRID MODEL
Andhra Pradesh,SPSR Nellore,31-12-2024,2024,12,0,IMD GRID MODEL
Andhra Pradesh,Srikakulam,02-01-2024,2024,1,0,IMD GRID MODEL
Andhra Pradesh,Srikakulam,05-01-2024,2024,1,0.000586584,IMD GRID MODEL
Andhra Pradesh,Srikakulam,07-01-2024,2024,1,0,IMD GRID MODEL
Andhra Pradesh,Srikakulam,24-01-2024,2024,1,0,IMD GRID MODEL
Andhra Pradesh,Srikakulam,06-02-2024,2024,2,0,IMD GRID MODEL
Andhra Pradesh,Srikakulam,10-02-2024,2024,2,0,IMD GRID MODEL
Andhra Pradesh,Srikakulam,12-02-2024,2024,2,0,IMD GRID MODEL
Andhra Pradesh,Srikakulam,13-02-2024,2024,2,0,IMD GRID MODEL
Andhra Pradesh,Srikakulam,17-02-2024,2024,2,0.00175809,IMD GRID MODEL
Andhra Pradesh,Srikakulam,18-02-2024,2024,2,1.28E-05,IMD GRID MODEL
Andhra Pradesh,Srikakulam,22-02-2024,2024,2,0,IMD GRID MODEL
Andhra Pradesh,Srikakulam,24-02-2024,2024,2,0.003095898,IMD GRID MODEL
Andhra Pradesh,Srikakulam,26-02-2024,2024,2,0.00692953,IMD GRID MODEL
Andhra Pradesh,Srikakulam,08-03-2024,2024,3,0.394013176,IMD GRID MODEL
Andhra Pradesh,Srikakulam,11-03-2024,2024,3,0.196892927,IMD GRID MODEL
Andhra Pradesh,Srikakulam,14-03-2024,2024,3,0.272245538,IMD GRID MODEL
Andhra Pradesh,Srikakulam,02-04-2024,2024,4,1.29E-06,IMD GRID MODEL
Andhra Pradesh,Srikakulam,15-04-2024,2024,4,0,IMD GRID MODEL
Andhra Pradesh,Srikakulam,21-04-2024,2024,4,1.602944793,IMD GRID MODEL
Andhra Pradesh,Srikakulam,22-04-2024,2024,4,1.49770693,IMD GRID MODEL
Andhra Pradesh,Srikakulam,24-04-2024,2024,4,0.001090491,IMD GRID MODEL
Andhra Pradesh,Srikakulam,26-04-2024,2024,4,0.033873488,IMD GRID MODEL
Andhra Pradesh,Srikakulam,04-05-2024,2024,5,0,IMD GRID MODEL
Andhra Pradesh,Srikakulam,21-05-2024,2024,5,1.518673801,IMD GRID MODEL
Andhra Pradesh,Srikakulam,03-06-2024,2024,6,69.38746943,IMD GRID MODEL
Andhra Pradesh,Srikakulam,09-06-2024,2024,6,1.61E-06,IMD GRID MODEL
Andhra Pradesh,Srikakulam,13-06-2024,2024,6,0.780454953,IMD GRID MODEL
Andhra Pradesh,Srikakulam,14-06-2024,2024,6,0.000794618,IMD GRID MODEL
Andhra Pradesh,Srikakulam,29-06-2024,2024,6,0.640284973,IMD GRID MODEL
Andhra Pradesh,Srikakulam,04-07-2024,2024,7,0.016947217,IMD GRID MODEL
Andhra Pradesh,Srikakulam,09-07-2024,2024,7,1.654731067,IMD GRID MODEL
Andhra Pradesh,Srikakulam,16-07-2024,2024,7,3.042514293,IMD GRID MODEL
Andhra Pradesh,Srikakulam,22-07-2024,2024,7,1.783745263,IMD GRID MODEL
Andhra Pradesh,Srikakulam,05-08-2024,2024,8,3.952826808,IMD GRID MODEL
Andhra Pradesh,Srikakulam,06-08-2024,2024,8,2.429745749,IMD GRID MODEL
Andhra Pradesh,Srikakulam,07-08-2024,2024,8,19.88750819,IMD GRID MODEL
Andhra Pradesh,Srikakulam,10-08-2024,2024,8,2.784597023,IMD GRID MODEL
Andhra Pradesh,Srikakulam,13-08-2024,2024,8,0.50711763,IMD GRID MODEL
Andhra Pradesh,Srikakulam,24-08-2024,2024,8,2.734264214,IMD GRID MODEL
Andhra Pradesh,Srikakulam,27-08-2024,2024,8,3.744089767,IMD GRID MODEL
Andhra Pradesh,Srikakulam,28-08-2024,2024,8,11.2623149,IMD GRID MODEL
Andhra Pradesh,Srikakulam,30-08-2024,2024,8,8.812313456,IMD GRID MODEL
Andhra Pradesh,Srikakulam,31-08-2024,2024,8,9.483364971,IMD GRID MODEL
Andhra Pradesh,Srikakulam,01-09-2024,2024,9,7.276653551,IMD GRID MODEL
Andhra Pradesh,Srikakulam,03-09-2024,2024,9,6.722125133,IMD GRID MODEL
Andhra Pradesh,Srikakulam,11-09-2024,2024,9,2.433591757,IMD GRID MODEL
Andhra Pradesh,Srikakulam,15-09-2024,2024,9,0.228820169,IMD GRID MODEL
Andhra Pradesh,Srikakulam,30-09-2024,2024,9,5.720097724,IMD GRID MODEL
Andhra Pradesh,Srikakulam,03-10-2024,2024,10,0.123140714,IMD GRID MODEL
Andhra Pradesh,Srikakulam,06-10-2024,2024,10,1.397701585,IMD GRID MODEL
Andhra Pradesh,Srikakulam,08-10-2024,2024,10,1.297419245,IMD GRID MODEL
Andhra Pradesh,Srikakulam,25-10-2024,2024,10,0.395568055,IMD GRID MODEL
Andhra Pradesh,Srikakulam,01-11-2024,2024,11,0,IMD GRID MODEL
Andhra Pradesh,Srikakulam,02-11-2024,2024,11,2.142417603,IMD GRID MODEL
Andhra Pradesh,Srikakulam,07-11-2024,2024,11,0.265534949,IMD GRID MODEL
Andhra Pradesh,Srikakulam,08-11-2024,2024,11,0.222751259,IMD GRID MODEL
Andhra Pradesh,Srikakulam,09-11-2024,2024,11,0.25270571,IMD GRID MODEL
Andhra Pradesh,Srikakulam,14-11-2024,2024,11,0,IMD GRID MODEL
Andhra Pradesh,Srikakulam,21-11-2024,2024,11,0,IMD GRID MODEL
Andhra Pradesh,Srikakulam,24-11-2024,2024,11,0,IMD GRID MODEL
Andhra Pradesh,Srikakulam,04-12-2024,2024,12,0.037612112,IMD GRID MODEL
Andhra Pradesh,Srikakulam,17-12-2024,2024,12,0,IMD GRID MODEL
Andhra Pradesh,Srikakulam,20-12-2024,2024,12,10.94086973,IMD GRID MODEL
Andhra Pradesh,Srikakulam,22-12-2024,2024,12,4.645960869,IMD GRID MODEL
Andhra Pradesh,Srikakulam,24-12-2024,2024,12,1.049630359,IMD GRID MODEL
Andhra Pradesh,Srikakulam,31-12-2024,2024,12,1.28E-05,IMD GRID MODEL
Andhra Pradesh,Visakhapatanam,01-01-2024,2024,1,0,IMD GRID MODEL
Andhra Pradesh,Visakhapatanam,03-01-2024,2024,1,0,IMD GRID MODEL
Andhra Pradesh,Visakhapatanam,06-01-2024,2024,1,0.006012725,IMD GRID MODEL
Andhra Pradesh,Visakhapatanam,08-01-2024,2024,1,0.17039527,IMD GRID MODEL
Andhra Pradesh,Visakhapatanam,16-01-2024,2024,1,0,IMD GRID MODEL
Andhra Pradesh,Visakhapatanam,17-01-2024,2024,1,0,IMD GRID MODEL
Andhra Pradesh,Visakhapatanam,29-01-2024,2024,1,0,IMD GRID MODEL
Andhra Pradesh,Visakhapatanam,13-02-2024,2024,2,0,IMD GRID MODEL
Andhra Pradesh,Visakhapatanam,14-02-2024,2024,2,0.006299928,IMD GRID MODEL
Andhra Pradesh,Visakhapatanam,06-03-2024,2024,3,0,IMD GRID MODEL
Andhra Pradesh,Visakhapatanam,07-03-2024,2024,3,0,IMD GRID MODEL
Andhra Pradesh,Visakhapatanam,12-03-2024,2024,3,0,IMD GRID MODEL
Andhra Pradesh,Visakhapatanam,24-03-2024,2024,3,0.137971466,IMD GRID MODEL
Andhra Pradesh,Visakhapatanam,06-04-2024,2024,4,0,IMD GRID MODEL
Andhra Pradesh,Visakhapatanam,14-04-2024,2024,4,3.021621366,IMD GRID MODEL
Andhra Pradesh,Visakhapatanam,21-04-2024,2024,4,2.333346319,IMD GRID MODEL
Andhra Pradesh,Visakhapatanam,24-04-2024,2024,4,0.203258955,IMD GRID MODEL
Andhra Pradesh,Visakhapatanam,25-04-2024,2024,4,1.511385801,IMD GRID MODEL
Andhra Pradesh,Visakhapatanam,02-05-2024,2024,5,2.09E-05,IMD GRID MODEL
Andhra Pradesh,Visakhapatanam,13-05-2024,2024,5,1.72815709,IMD GRID MODEL
Andhra Pradesh,Visakhapatanam,17-05-2024,2024,5,4.329508975,IMD GRID MODEL
Andhra Pradesh,Visakhapatanam,18-05-2024,2024,5,1.744867959,IMD GRID MODEL
Andhra Pradesh,Visakhapatanam,21-05-2024,2024,5,2.199133192,IMD GRID MODEL
Andhra Pradesh,Visakhapatanam,23-05-2024,2024,5,0.516181184,IMD GRID MODEL
Andhra Pradesh,Visakhapatanam,13-06-2024,2024,6,1.921326333,IMD GRID MODEL
Andhra Pradesh,Visakhapatanam,24-06-2024,2024,6,2.458750309,IMD GRID MODEL
Andhra Pradesh,Visakhapatanam,25-06-2024,2024,6,5.915985686,IMD GRID MODEL
Andhra Pradesh,Visakhapatanam,30-06-2024,2024,6,3.892921283,IMD GRID MODEL
Andhra Pradesh,Visakhapatanam,02-07-2024,2024,7,0.612062936,IMD GRID MODEL
Andhra Pradesh,Visakhapatanam,06-07-2024,2024,7,0.285040547,IMD GRID MODEL
Andhra Pradesh,Visakhapatanam,07-07-2024,2024,7,0.512040881,IMD GRID MODEL
Andhra Pradesh,Visakhapatanam,13-07-2024,2024,7,2.180440114,IMD GRID MODEL
Andhra Pradesh,Visakhapatanam,15-07-2024,2024,7,16.23258002,IMD GRID MODEL
Andhra Pradesh,Visakhapatanam,16-07-2024,2024,7,5.792813427,IMD GRID MODEL
Andhra Pradesh,Visakhapatanam,25-07-2024,2024,7,3.169339157,IMD GRID MODEL
Andhra Pradesh,Visakhapatanam,29-07-2024,2024,7,0.286136986,IMD GRID MODEL
Andhra Pradesh,Visakhapatanam,31-07-2024,2024,7,1.869527217,IMD GRID MODEL
Andhra Pradesh,Visakhapatanam,02-08-2024,2024,8,4.592411023,IMD GRID MODEL
Andhra Pradesh,Visakhapatanam,03-08-2024,2024,8,2.174486706,IMD GRID MODEL
Andhra Pradesh,Visakhapatanam,04-08-2024,2024,8,6.606303226,IMD GRID MODEL
Andhra Pradesh,Visakhapatanam,05-08-2024,2024,8,0.449138813,IMD GRID MODEL
Andhra Pradesh,Visakhapatanam,16-08-2024,2024,8,5.492386676,IMD GRID MODEL
Andhra Pradesh,Visakhapatanam,23-08-2024,2024,8,8.28145997,IMD GRID MODEL
Andhra Pradesh,Visakhapatanam,28-08-2024,2024,8,18.56173393,IMD GRID MODEL
Andhra Pradesh,Visakhapatanam,01-09-2024,2024,9,5.218068792,IMD GRID MODEL
Andhra Pradesh,Visakhapatanam,08-09-2024,2024,9,0,IMD GRID MODEL
Andhra Pradesh,Visakhapatanam,09-09-2024,2024,9,4.814156185,IMD GRID MODEL
Andhra Pradesh,Visakhapatanam,10-09-2024,2024,9,1.408297865,IMD GRID MODEL
Andhra Pradesh,Visakhapatanam,27-09-2024,2024,9,9.911068585,IMD GRID MODEL
Andhra Pradesh,Anantapur,05-01-2024,2024,1,0.018768798,IMD GRID MODEL
Andhra Pradesh,Anantapur,13-01-2024,2024,1,0,IMD GRID MODEL
Andhra Pradesh,Anantapur,14-01-2024,2024,1,0,IMD GRID MODEL
Andhra Pradesh,Anantapur,19-01-2024,2024,1,0,IMD GRID MODEL
Andhra Pradesh,Anantapur,27-01-2024,2024,1,0,IMD GRID MODEL
Andhra Pradesh,Anantapur,29-01-2024,2024,1,0,IMD GRID MODEL
Andhra Pradesh,Anantapur,02-02-2024,2024,2,0.031803508,IMD GRID MODEL
Andhra Pradesh,Anantapur,12-02-2024,2024,2,0,IMD GRID MODEL
Andhra Pradesh,Anantapur,17-02-2024,2024,2,0,IMD GRID MODEL
Andhra Pradesh,Anantapur,21-02-2024,2024,2,0.003291975,IMD GRID MODEL
Andhra Pradesh,Anantapur,26-02-2024,2024,2,0,IMD GRID MODEL
Andhra Pradesh,Anantapur,06-03-2024,2024,3,0,IMD GRID MODEL
Andhra Pradesh,Anantapur,11-03-2024,2024,3,0,IMD GRID MODEL
Andhra Pradesh,Anantapur,21-03-2024,2024,3,0,IMD GRID MODEL
Andhra Pradesh,Anantapur,26-03-2024,2024,3,0,IMD GRID MODEL
Andhra Pradesh,Anantapur,29-03-2024,2024,3,0,IMD GRID MODEL
Andhra Pradesh,Anantapur,31-03-2024,2024,3,0,IMD GRID MODEL
Andhra Pradesh,Anantapur,05-04-2024,2024,4,0,IMD GRID MODEL
Andhra Pradesh,Anantapur,18-04-2024,2024,4,0.018751398,IMD GRID MODEL
Andhra Pradesh,Anantapur,19-04-2024,2024,4,0.830389257,IMD GRID MODEL
Andhra Pradesh,Anantapur,21-04-2024,2024,4,0.533076185,IMD GRID MODEL
Andhra Pradesh,Anantapur,26-04-2024,2024,4,0,IMD GRID MODEL
Andhra Pradesh,West Godavari,18-12-2024,2024,12,1.074035412,IMD GRID MODEL
Andhra Pradesh,West Godavari,21-12-2024,2024,12,1.351121024,IMD GRID MODEL
Andhra Pradesh,West Godavari,28-12-2024,2024,12,3.49E-05,IMD GRID MODEL
Andhra Pradesh,West Godavari,29-12-2024,2024,12,0,IMD GRID MODEL
Andhra Pradesh,Y.S.R.,03-01-2024,2024,1,0.010701881,IMD GRID MODEL
Andhra Pradesh,Y.S.R.,06-01-2024,2024,1,0.003300953,IMD GRID MODEL
Andhra Pradesh,Y.S.R.,07-01-2024,2024,1,9.75E-05,IMD GRID MODEL
Andhra Pradesh,Y.S.R.,08-01-2024,2024,1,0.169301704,IMD GRID MODEL
Andhra Pradesh,Y.S.R.,14-01-2024,2024,1,0,IMD GRID MODEL
Andhra Pradesh,Y.S.R.,22-01-2024,2024,1,0,IMD GRID MODEL
Andhra Pradesh,Y.S.R.,24-01-2024,2024,1,0,IMD GRID MODEL
Andhra Pradesh,Y.S.R.,02-02-2024,2024,2,0.120971432,IMD GRID MODEL
Andhra Pradesh,Y.S.R.,12-02-2024,2024,2,0,IMD GRID MODEL
Andhra Pradesh,Y.S.R.,13-02-2024,2024,2,0.004672735,IMD GRID MODEL
Andhra Pradesh,Y.S.R.,15-02-2024,2024,2,0,IMD GRID MODEL
Andhra Pradesh,Y.S.R.,24-02-2024,2024,2,0,IMD GRID MODEL
Andhra Pradesh,Y.S.R.,01-03-2024,2024,3,0,IMD GRID MODEL
Andhra Pradesh,Y.S.R.,02-03-2024,2024,3,0,IMD GRID MODEL
Andhra Pradesh,Y.S.R.,03-03-2024,2024,3,0,IMD GRID MODEL
Andhra Pradesh,Y.S.R.,26-03-2024,2024,3,0,IMD GRID MODEL
Andhra Pradesh,Y.S.R.,29-03-2024,2024,3,0,IMD GRID MODEL
Andhra Pradesh,Y.S.R.,30-03-2024,2024,3,0,IMD GRID MODEL
Andhra Pradesh,Y.S.R.,31-03-2024,2024,3,0,IMD GRID MODEL
Andhra Pradesh,Y.S.R.,02-04-2024,2024,4,0.000603524,IMD GRID MODEL
Andhra Pradesh,Y.S.R.,18-04-2024,2024,4,0.009047084,IMD GRID MODEL
Andhra Pradesh,Y.S.R.,24-04-2024,2024,4,0,IMD GRID MODEL
Andhra Pradesh,Y.S.R.,28-04-2024,2024,4,0,IMD GRID MODEL
Andhra Pradesh,Y.S.R.,07-05-2024,2024,5,7.939648366,IMD GRID MODEL
Andhra Pradesh,Y.S.R.,18-05-2024,2024,5,2.907707138,IMD GRID MODEL
Andhra Pradesh,Y.S.R.,19-05-2024,2024,5,9.394198771,IMD GRID MODEL
Andhra Pradesh,Y.S.R.,20-05-2024,2024,5,1.553838323,IMD GRID MODEL
Andhra Pradesh,Y.S.R.,24-05-2024,2024,5,0.031697536,IMD GRID MODEL
Andhra Pradesh,Y.S.R.,25-05-2024,2024,5,0.756042653,IMD GRID MODEL
Andhra Pradesh,Y.S.R.,30-05-2024,2024,5,0,IMD GRID MODEL
Andhra Pradesh,Y.S.R.,04-06-2024,2024,6,0.380064468,IMD GRID MODEL
Andhra Pradesh,Y.S.R.,08-06-2024,2024,6,16.92536005,IMD GRID MODEL
Andhra Pradesh,Y.S.R.,21-06-2024,2024,6,1.54E-05,IMD GRID MODEL
Andhra Pradesh,Y.S.R.,24-06-2024,2024,6,2.431653149,IMD GRID MODEL
Andhra Pradesh,Y.S.R.,26-06-2024,2024,6,3.218706849,IMD GRID MODEL
Andhra Pradesh,Y.S.R.,03-07-2024,2024,7,0.171841851,IMD GRID MODEL
Andhra Pradesh,Y.S.R.,04-07-2024,2024,7,2.469921028,IMD GRID MODEL
Andhra Pradesh,Y.S.R.,06-07-2024,2024,7,13.57539343,IMD GRID MODEL
Andhra Pradesh,Y.S.R.,14-07-2024,2024,7,2.147199628,IMD GRID MODEL
Andhra Pradesh,Y.S.R.,18-07-2024,2024,7,2.336151351,IMD GRID MODEL
Andhra Pradesh,Y.S.R.,23-07-2024,2024,7,0.26577058,IMD GRID MODEL
Andhra Pradesh,Y.S.R.,27-07-2024,2024,7,3.184492414,IMD GRID MODEL
Andhra Pradesh,Y.S.R.,28-07-2024,2024,7,0.013893888,IMD GRID MODEL
Andhra Pradesh,Y.S.R.,10-08-2024,2024,8,2.338303507,IMD GRID MODEL
Andhra Pradesh,Y.S.R.,18-08-2024,2024,8,2.61178832,IMD GRID MODEL
Andhra Pradesh,Y.S.R.,26-08-2024,2024,8,0.21795879,IMD GRID MODEL
Andhra Pradesh,Y.S.R.,27-08-2024,2024,8,1.449513006,IMD GRID MODEL
Andhra Pradesh,Y.S.R.,04-09-2024,2024,9,0.351192965,IMD GRID MODEL
Andhra Pradesh,Y.S.R.,07-09-2024,2024,9,1.791571798,IMD GRID MODEL
Andhra Pradesh,Y.S.R.,20-09-2024,2024,9,1.786149574,IMD GRID MODEL
Andhra Pradesh,Y.S.R.,25-09-2024,2024,9,6.181036444,IMD GRID MODEL
Andhra Pradesh,Y.S.R.,27-09-2024,2024,9,4.625304216,IMD GRID MODEL
Andhra Pradesh,Y.S.R.,28-09-2024,2024,9,3.946921845,IMD GRID MODEL
Andhra Pradesh,Y.S.R.,14-10-2024,2024,10,11.74246238,IMD GRID MODEL
Andhra Pradesh,Y.S.R.,21-10-2024,2024,10,2.174622938,IMD GRID MODEL
Andhra Pradesh,Y.S.R.,31-10-2024,2024,10,2.036994756,IMD GRID MODEL
Andhra Pradesh,Y.S.R.,03-11-2024,2024,11,0.559339766,IMD GRID MODEL
Andhra Pradesh,Y.S.R.,17-11-2024,2024,11,2.330239788,IMD GRID MODEL
Andhra Pradesh,Y.S.R.,19-11-2024,2024,11,0,IMD GRID MODEL
Andhra Pradesh,Y.S.R.,24-11-2024,2024,11,0.042183189,IMD GRID MODEL
Andhra Pradesh,Y.S.R.,25-11-2024,2024,11,0.02537508,IMD GRID MODEL
Andhra Pradesh,Y.S.R.,28-11-2024,2024,11,0.00474132,IMD GRID MODEL
Andhra Pradesh,Y.S.R.,30-11-2024,2024,11,2.31890983,IMD GRID MODEL
Andhra Pradesh,Y.S.R.,02-12-2024,2024,12,15.46101959,IMD GRID MODEL
Andhra Pradesh,Y.S.R.,10-12-2024,2024,12,0,IMD GRID MODEL
Andhra Pradesh,Y.S.R.,12-12-2024,2024,12,1.956003127,IMD GRID MODEL
Andhra Pradesh,Y.S.R.,16-12-2024,2024,12,0.017052628,IMD GRID MODEL
Andhra Pradesh,Y.S.R.,18-12-2024,2024,12,0.845493008,IMD GRID MODEL
Andhra Pradesh,Y.S.R.,19-12-2024,2024,12,0.704234724,IMD GRID MODEL
Andhra Pradesh,Y.S.R.,23-12-2024,2024,12,0,IMD GRID MODEL
Andhra Pradesh,Y.S.R.,31-12-2024,2024,12,0,IMD GRID MODEL
Andhra Pradesh,Guntur,05-12-2024,2024,12,0.261941672,IMD GRID MODEL
Andhra Pradesh,Guntur,10-12-2024,2024,12,0.000351542,IMD GRID MODEL
Andhra Pradesh,Guntur,24-12-2024,2024,12,0.646355262,IMD GRID MODEL
Andhra Pradesh,Krishna,09-01-2024,2024,1,0.021570961,IMD GRID MODEL
Andhra Pradesh,Krishna,13-01-2024,2024,1,0,IMD GRID MODEL
Andhra Pradesh,Krishna,20-01-2024,2024,1,0.023746824,IMD GRID MODEL
Andhra Pradesh,Krishna,31-01-2024,2024,1,0,IMD GRID MODEL
Andhra Pradesh,Krishna,01-02-2024,2024,2,0,IMD GRID MODEL
Andhra Pradesh,Krishna,03-02-2024,2024,2,9.39E-05,IMD GRID MODEL
Andhra Pradesh,Krishna,10-02-2024,2024,2,0,IMD GRID MODEL
Andhra Pradesh,Krishna,14-02-2024,2024,2,0,IMD GRID MODEL
Andhra Pradesh,Krishna,19-02-2024,2024,2,0,IMD GRID MODEL
Andhra Pradesh,Krishna,21-02-2024,2024,2,0,IMD GRID MODEL
Andhra Pradesh,Krishna,24-02-2024,2024,2,0.069891638,IMD GRID MODEL
Andhra Pradesh,Krishna,26-02-2024,2024,2,0,IMD GRID MODEL
Andhra Pradesh,Krishna,29-02-2024,2024,2,0,IMD GRID MODEL
Andhra Pradesh,Krishna,01-03-2024,2024,3,0,IMD GRID MODEL
Andhra Pradesh,Krishna,02-03-2024,2024,3,0,IMD GRID MODEL
Andhra Pradesh,Krishna,09-03-2024,2024,3,2.14E-06,IMD GRID MODEL
Andhra Pradesh,Krishna,14-03-2024,2024,3,0.013630325,IMD GRID MODEL
Andhra Pradesh,Krishna,16-03-2024,2024,3,0.004354128,IMD GRID MODEL
Andhra Pradesh,Krishna,18-03-2024,2024,3,0.000137167,IMD GRID MODEL
Andhra Pradesh,Krishna,27-03-2024,2024,3,0,IMD GRID MODEL
Andhra Pradesh,Krishna,02-04-2024,2024,4,0,IMD GRID MODEL
Andhra Pradesh,Krishna,04-04-2024,2024,4,0.031920981,IMD GRID MODEL
Andhra Pradesh,Krishna,05-04-2024,2024,4,0,IMD GRID MODEL
Andhra Pradesh,Krishna,06-04-2024,2024,4,0,IMD GRID MODEL
Andhra Pradesh,Krishna,09-04-2024,2024,4,0,IMD GRID MODEL
Andhra Pradesh,Krishna,11-04-2024,2024,4,0,IMD GRID MODEL
Andhra Pradesh,Krishna,15-04-2024,2024,4,0,IMD GRID MODEL
Andhra Pradesh,Krishna,22-04-2024,2024,4,0.004959354,IMD GRID MODEL
Andhra Pradesh,Krishna,23-04-2024,2024,4,0,IMD GRID MODEL
Andhra Pradesh,Krishna,24-04-2024,2024,4,2.40E-05,IMD GRID MODEL
Andhra Pradesh,Krishna,02-05-2024,2024,5,0.003355806,IMD GRID MODEL
Andhra Pradesh,Krishna,09-05-2024,2024,5,0,IMD GRID MODEL
Andhra Pradesh,Krishna,14-05-2024,2024,5,0.297706629,IMD GRID MODEL
Andhra Pradesh,Krishna,18-05-2024,2024,5,3.806209899,IMD GRID MODEL
Andhra Pradesh,Krishna,20-05-2024,2024,5,4.861689951,IMD GRID MODEL
Andhra Pradesh,Krishna,21-05-2024,2024,5,1.01671791,IMD GRID MODEL
Andhra Pradesh,Krishna,24-05-2024,2024,5,2.108750914,IMD GRID MODEL
Andhra Pradesh,Krishna,27-05-2024,2024,5,0,IMD GRID MODEL
Andhra Pradesh,Krishna,31-05-2024,2024,5,0,IMD GRID MODEL
Andhra Pradesh,Krishna,06-06-2024,2024,6,40.2891565,IMD GRID MODEL
Andhra Pradesh,Krishna,11-06-2024,2024,6,3.785498442,IMD GRID MODEL
Andhra Pradesh,Krishna,12-06-2024,2024,6,0.704939084,IMD GRID MODEL
Andhra Pradesh,Krishna,13-06-2024,2024,6,0.073337738,IMD GRID MODEL
Andhra Pradesh,Krishna,18-06-2024,2024,6,0.388326813,IMD GRID MODEL
Andhra Pradesh,Krishna,23-06-2024,2024,6,9.456424609,IMD GRID MODEL
Andhra Pradesh,Krishna,25-06-2024,2024,6,2.950515234,IMD GRID MODEL
Andhra Pradesh,Krishna,29-06-2024,2024,6,6.896003499,IMD GRID MODEL
Andhra Pradesh,Krishna,04-07-2024,2024,7,0.349490964,IMD GRID MODEL
Andhra Pradesh,Krishna,05-07-2024,2024,7,13.98019241,IMD GRID MODEL
Andhra Pradesh,Krishna,19-07-2024,2024,7,33.86454816,IMD GRID MODEL
Andhra Pradesh,Krishna,21-07-2024,2024,7,13.53927411,IMD GRID MODEL
Andhra Pradesh,Krishna,24-07-2024,2024,7,3.022259171,IMD GRID MODEL
Andhra Pradesh,Krishna,29-07-2024,2024,7,7.110233241,IMD GRID MODEL
Andhra Pradesh,Krishna,30-07-2024,2024,7,6.243266948,IMD GRID MODEL
Andhra Pradesh,Krishna,04-08-2024,2024,8,8.184705855,IMD GRID MODEL
Andhra Pradesh,Krishna,08-08-2024,2024,8,14.22393554,IMD GRID MODEL
Andhra Pradesh,Krishna,15-08-2024,2024,8,2.78409114,IMD GRID MODEL
Andhra Pradesh,Krishna,16-08-2024,2024,8,4.121024753,IMD GRID MODEL
Andhra Pradesh,Krishna,19-08-2024,2024,8,1.44611958,IMD GRID MODEL
Andhra Pradesh,Krishna,21-08-2024,2024,8,5.187148378,IMD GRID MODEL
Andhra Pradesh,Krishna,25-08-2024,2024,8,7.971415015,IMD GRID MODEL
Andhra Pradesh,Krishna,26-08-2024,2024,8,4.020930069,IMD GRID MODEL
Andhra Pradesh,Krishna,28-08-2024,2024,8,4.648402662,IMD GRID MODEL
Andhra Pradesh,Krishna,29-08-2024,2024,8,12.85387849,IMD GRID MODEL
Andhra Pradesh,Krishna,05-09-2024,2024,9,10.88063735,IMD GRID MODEL
Andhra Pradesh,Krishna,07-09-2024,2024,9,10.608929,IMD GRID MODEL
Andhra Pradesh,Krishna,13-09-2024,2024,9,0.524038162,IMD GRID MODEL
Andhra Pradesh,Krishna,17-09-2024,2024,9,0.442661893,IMD GRID MODEL
Andhra Pradesh,Krishna,27-09-2024,2024,9,6.573382551,IMD GRID MODEL
Andhra Pradesh,Krishna,01-10-2024,2024,10,0.750294544,IMD GRID MODEL
Andhra Pradesh,Krishna,08-10-2024,2024,10,4.10110083,IMD GRID MODEL
Andhra Pradesh,Krishna,16-10-2024,2024,10,6.98672452,IMD GRID MODEL
Andhra Pradesh,Krishna,28-10-2024,2024,10,0,IMD GRID MODEL
Andhra Pradesh,Krishna,03-11-2024,2024,11,1.744148214,IMD GRID MODEL
Andhra Pradesh,Krishna,15-11-2024,2024,11,1.207950003,IMD GRID MODEL
Andhra Pradesh,Krishna,16-11-2024,2024,11,0.092154693,IMD GRID MODEL
Andhra Pradesh,Krishna,30-11-2024,2024,11,0.991584732,IMD GRID MODEL
Andhra Pradesh,Krishna,01-12-2024,2024,12,4.165196431,IMD GRID MODEL
Andhra Pradesh,Krishna,03-12-2024,2024,12,0.184404381,IMD GRID MODEL
Andhra Pradesh,Krishna,05-12-2024,2024,12,0.08400805,IMD GRID MODEL
Andhra Pradesh,Krishna,06-12-2024,2024,12,0.004801248,IMD GRID MODEL
Andhra Pradesh,Krishna,07-12-2024,2024,12,0.039679115,IMD GRID MODEL
Andhra Pradesh,Krishna,10-12-2024,2024,12,0.037619696,IMD GRID MODEL
Andhra Pradesh,Krishna,12-12-2024,2024,12,0.023819706,IMD GRID MODEL
Andhra Pradesh,Krishna,14-12-2024,2024,12,0.002023297,IMD GRID MODEL
Andhra Pradesh,Krishna,17-12-2024,2024,12,0.011281552,IMD GRID MODEL
Andhra Pradesh,Krishna,23-12-2024,2024,12,0,IMD GRID MODEL
Andhra Pradesh,Krishna,26-12-2024,2024,12,1.092972873,IMD GRID MODEL
Andhra Pradesh,Kurnool,04-01-2024,2024,1,0.016507118,IMD GRID MODEL
Andhra Pradesh,Kurnool,16-01-2024,2024,1,4.15E-06,IMD GRID MODEL
Andhra Pradesh,Kurnool,18-01-2024,2024,1,0,IMD GRID MODEL
Andhra Pradesh,Kurnool,22-01-2024,2024,1,0,IMD GRID MODEL
Andhra Pradesh,Kurnool,29-01-2024,2024,1,0.000252143,IMD GRID MODEL
Andhra Pradesh,Kurnool,03-02-2024,2024,2,0,IMD GRID MODEL
Andhra Pradesh,Kurnool,07-02-2024,2024,2,0,IMD GRID MODEL
Andhra Pradesh,Kurnool,18-02-2024,2024,2,0.008046108,IMD GRID MODEL
Andhra Pradesh,Kurnool,21-02-2024,2024,2,0,IMD GRID MODEL
Andhra Pradesh,Kurnool,23-02-2024,2024,2,0,IMD GRID MODEL
Andhra Pradesh,Kurnool,28-02-2024,2024,2,3.97E-05,IMD GRID MODEL
Andhra Pradesh,Kurnool,29-02-2024,2024,2,0,IMD GRID MODEL
Andhra Pradesh,Kurnool,10-03-2024,2024,3,0,IMD GRID MODEL
Andhra Pradesh,Kurnool,13-03-2024,2024,3,0,IMD GRID MODEL
Andhra Pradesh,Kurnool,16-03-2024,2024,3,0.002948717,IMD GRID MODEL
Andhra Pradesh,Kurnool,24-03-2024,2024,3,0.031712464,IMD GRID MODEL
Andhra Pradesh,Kurnool,25-03-2024,2024,3,0.000594612,IMD GRID MODEL
Andhra Pradesh,Kurnool,27-03-2024,2024,3,0,IMD GRID MODEL
Andhra Pradesh,Kurnool,04-04-2024,2024,4,0.028681984,IMD GRID MODEL
Andhra Pradesh,Kurnool,05-04-2024,2024,4,0,IMD GRID MODEL
Andhra Pradesh,Kurnool,17-04-2024,2024,4,0,IMD GRID MODEL
Andhra Pradesh,Kurnool,10-05-2024,2024,5,9.063933937,IMD GRID MODEL
Andhra Pradesh,Kurnool,16-05-2024,2024,5,0.014144259,IMD GRID MODEL
Andhra Pradesh,Kurnool,20-05-2024,2024,5,1.665660696,IMD GRID MODEL
Andhra Pradesh,Kurnool,23-05-2024,2024,5,3.85E-07,IMD GRID MODEL
Andhra Pradesh,Kurnool,25-05-2024,2024,5,7.57670606,IMD GRID MODEL
Andhra Pradesh,Kurnool,04-06-2024,2024,6,1.385269462,IMD GRID MODEL
Andhra Pradesh,Kurnool,09-06-2024,2024,6,6.574446801,IMD GRID MODEL
Andhra Pradesh,Kurnool,11-06-2024,2024,6,8.159930086,IMD GRID MODEL
Andhra Pradesh,Kurnool,12-06-2024,2024,6,14.18885925,IMD GRID MODEL
Andhra Pradesh,Kurnool,16-06-2024,2024,6,0.002261922,IMD GRID MODEL
Andhra Pradesh,Kurnool,18-06-2024,2024,6,7.832309051,IMD GRID MODEL
Andhra Pradesh,Kurnool,19-06-2024,2024,6,6.503398705,IMD GRID MODEL
Andhra Pradesh,Kurnool,21-06-2024,2024,6,0,IMD GRID MODEL
Andhra Pradesh,Kurnool,24-06-2024,2024,6,0.211871819,IMD GRID MODEL
Andhra Pradesh,Kurnool,25-06-2024,2024,6,0.159363408,IMD GRID MODEL
Andhra Pradesh,Kurnool,27-06-2024,2024,6,0.761799222,IMD GRID MODEL
Andhra Pradesh,Kurnool,08-07-2024,2024,7,1.231211849,IMD GRID MODEL
Andhra Pradesh,Kurnool,28-07-2024,2024,7,0.071273025,IMD GRID MODEL
Andhra Pradesh,Kurnool,08-08-2024,2024,8,2.656412176,IMD GRID MODEL
Andhra Pradesh,Kurnool,16-08-2024,2024,8,9.619960632,IMD GRID MODEL
Andhra Pradesh,Kurnool,25-08-2024,2024,8,4.013309184,IMD GRID MODEL
Andhra Pradesh,Kurnool,30-08-2024,2024,8,21.24659835,IMD GRID MODEL
Andhra Pradesh,Kurnool,31-08-2024,2024,8,44.42839046,IMD GRID MODEL
Andhra Pradesh,Kurnool,03-09-2024,2024,9,7.726861868,IMD GRID MODEL
Andhra Pradesh,Kurnool,09-09-2024,2024,9,1.65238365,IMD GRID MODEL
Andhra Pradesh,Kurnool,11-09-2024,2024,9,0.051674212,IMD GRID MODEL
Andhra Pradesh,Kurnool,12-09-2024,2024,9,0.051702888,IMD GRID MODEL
Andhra Pradesh,Kurnool,15-09-2024,2024,9,0.003147853,IMD GRID MODEL
Andhra Pradesh,Kurnool,16-09-2024,2024,9,0,IMD GRID MODEL
Andhra Pradesh,Kurnool,28-09-2024,2024,9,0.346230048,IMD GRID MODEL
Andhra Pradesh,Kurnool,16-10-2024,2024,10,12.54756369,IMD GRID MODEL
Andhra Pradesh,Kurnool,19-10-2024,2024,10,8.439290552,IMD GRID MODEL
Andhra Pradesh,Kurnool,22-10-2024,2024,10,1.511590217,IMD GRID MODEL
Andhra Pradesh,Kurnool,24-10-2024,2024,10,1.730099931,IMD GRID MODEL
Andhra Pradesh,Kurnool,26-10-2024,2024,10,0.463093974,IMD GRID MODEL
Andhra Pradesh,Kurnool,29-10-2024,2024,10,0.001639212,IMD GRID MODEL
Andhra Pradesh,Kurnool,31-10-2024,2024,10,0.525715747,IMD GRID MODEL
Andhra Pradesh,Kurnool,02-11-2024,2024,11,0.029027365,IMD GRID MODEL
Andhra Pradesh,Kurnool,04-11-2024,2024,11,0.003818339,IMD GRID MODEL
Andhra Pradesh,Kurnool,16-11-2024,2024,11,1.374012405,IMD GRID MODEL
Andhra Pradesh,Kurnool,18-11-2024,2024,11,0.08331923,IMD GRID MODEL
Andhra Pradesh,Kurnool,19-11-2024,2024,11,0,IMD GRID MODEL
Andhra Pradesh,Kurnool,21-11-2024,2024,11,0,IMD GRID MODEL
Andhra Pradesh,Kurnool,24-11-2024,2024,11,0,IMD GRID MODEL
Andhra Pradesh,Kurnool,03-12-2024,2024,12,4.111345791,IMD GRID MODEL
Andhra Pradesh,Kurnool,05-12-2024,2024,12,2.948685734,IMD GRID MODEL
Andhra Pradesh,Kurnool,15-12-2024,2024,12,0,IMD GRID MODEL
Andhra Pradesh,Kurnool,18-12-2024,2024,12,0.474955288,IMD GRID MODEL
Andhra Pradesh,Kurnool,21-12-2024,2024,12,0,IMD GRID MODEL
Andhra Pradesh,Kurnool,24-12-2024,2024,12,0,IMD GRID MODEL
Andhra Pradesh,Kurnool,25-12-2024,2024,12,0.006067431,IMD GRID MODEL
Andhra Pradesh,Kurnool,30-12-2024,2024,12,0,IMD GRID MODEL
Andhra Pradesh,Kurnool,31-12-2024,2024,12,0,IMD GRID MODEL
Andhra Pradesh,Prakasam,13-01-2024,2024,1,0,IMD GRID MODEL
Andhra Pradesh,Prakasam,15-01-2024,2024,1,0,IMD GRID MODEL
Andhra Pradesh,Prakasam,17-01-2024,2024,1,0,IMD GRID MODEL
Andhra Pradesh,Prakasam,21-01-2024,2024,1,0,IMD GRID MODEL
Andhra Pradesh,Prakasam,24-01-2024,2024,1,0,IMD GRID MODEL
Andhra Pradesh,Prakasam,28-01-2024,2024,1,0,IMD GRID MODEL
Andhra Pradesh,Prakasam,01-02-2024,2024,2,0,IMD GRID MODEL
Andhra Pradesh,Prakasam,03-02-2024,2024,2,0.002143725,IMD GRID MODEL
Andhra Pradesh,Prakasam,07-02-2024,2024,2,0,IMD GRID MODEL
Andhra Pradesh,Prakasam,08-02-2024,2024,2,0,IMD GRID MODEL
Andhra Pradesh,Prakasam,14-02-2024,2024,2,0,IMD GRID MODEL
Andhra Pradesh,Prakasam,16-02-2024,2024,2,0.061405948,IMD GRID MODEL
Andhra Pradesh,Prakasam,17-02-2024,2024,2,0,IMD GRID MODEL
Andhra Pradesh,Srikakulam,02-09-2024,2024,9,1.953339596,IMD GRID MODEL
Andhra Pradesh,Srikakulam,05-09-2024,2024,9,11.75703531,IMD GRID MODEL
Andhra Pradesh,Srikakulam,10-09-2024,2024,9,2.484631549,IMD GRID MODEL
Andhra Pradesh,Srikakulam,21-09-2024,2024,9,5.789872904,IMD GRID MODEL
Andhra Pradesh,Srikakulam,25-09-2024,2024,9,13.71799446,IMD GRID MODEL
Andhra Pradesh,Srikakulam,27-09-2024,2024,9,5.088280149,IMD GRID MODEL
Andhra Pradesh,Srikakulam,01-10-2024,2024,10,4.595728409,IMD GRID MODEL
Andhra Pradesh,Srikakulam,02-10-2024,2024,10,4.757366807,IMD GRID MODEL
Andhra Pradesh,Srikakulam,13-10-2024,2024,10,0.000423231,IMD GRID MODEL
Andhra Pradesh,Srikakulam,22-10-2024,2024,10,0.000205729,IMD GRID MODEL
Andhra Pradesh,Srikakulam,23-10-2024,2024,10,0.01332903,IMD GRID MODEL
Andhra Pradesh,Srikakulam,26-10-2024,2024,10,2.060328374,IMD GRID MODEL
Andhra Pradesh,Srikakulam,27-10-2024,2024,10,1.02E-06,IMD GRID MODEL
Andhra Pradesh,Srikakulam,31-10-2024,2024,10,0.000347453,IMD GRID MODEL
Andhra Pradesh,Srikakulam,04-11-2024,2024,11,0,IMD GRID MODEL
Andhra Pradesh,Srikakulam,10-11-2024,2024,11,0.771942553,IMD GRID MODEL
Andhra Pradesh,Srikakulam,13-11-2024,2024,11,0.229946841,IMD GRID MODEL
Andhra Pradesh,Srikakulam,19-11-2024,2024,11,0,IMD GRID MODEL
Andhra Pradesh,Srikakulam,25-11-2024,2024,11,0.017281876,IMD GRID MODEL
Andhra Pradesh,Srikakulam,01-12-2024,2024,12,3.950623273,IMD GRID MODEL
Andhra Pradesh,Srikakulam,02-12-2024,2024,12,4.932173537,IMD GRID MODEL
Andhra Pradesh,Srikakulam,06-12-2024,2024,12,5.94E-07,IMD GRID MODEL
Andhra Pradesh,Srikakulam,10-12-2024,2024,12,8.14E-06,IMD GRID MODEL
Andhra Pradesh,Srikakulam,13-12-2024,2024,12,0,IMD GRID MODEL
Andhra Pradesh,Srikakulam,16-12-2024,2024,12,0.003835536,IMD GRID MODEL
Andhra Pradesh,Srikakulam,21-12-2024,2024,12,30.9822503,IMD GRID MODEL
Andhra Pradesh,Srikakulam,25-12-2024,2024,12,5.930228791,IMD GRID MODEL
Andhra Pradesh,Srikakulam,26-12-2024,2024,12,3.991900303,IMD GRID MODEL
Andhra Pradesh,Visakhapatanam,04-01-2024,2024,1,0.118591539,IMD GRID MODEL
Andhra Pradesh,Visakhapatanam,09-01-2024,2024,1,0.004186333,IMD GRID MODEL
Andhra Pradesh,Visakhapatanam,13-01-2024,2024,1,0,IMD GRID MODEL
Andhra Pradesh,Visakhapatanam,21-01-2024,2024,1,0,IMD GRID MODEL
Andhra Pradesh,Visakhapatanam,24-01-2024,2024,1,0.0063322,IMD GRID MODEL
Andhra Pradesh,Visakhapatanam,03-02-2024,2024,2,0.171648956,IMD GRID MODEL
Andhra Pradesh,Visakhapatanam,05-02-2024,2024,2,0,IMD GRID MODEL
Andhra Pradesh,Visakhapatanam,09-02-2024,2024,2,0,IMD GRID MODEL
Andhra Pradesh,Visakhapatanam,19-02-2024,2024,2,0,IMD GRID MODEL
Andhra Pradesh,Visakhapatanam,22-02-2024,2024,2,0,IMD GRID MODEL
Andhra Pradesh,Visakhapatanam,25-02-2024,2024,2,6.93E-05,IMD GRID MODEL
Andhra Pradesh,Visakhapatanam,29-02-2024,2024,2,0.020850311,IMD GRID MODEL
Andhra Pradesh,Visakhapatanam,05-03-2024,2024,3,0,IMD GRID MODEL
Andhra Pradesh,Visakhapatanam,08-03-2024,2024,3,0.019147436,IMD GRID MODEL
Andhra Pradesh,Visakhapatanam,10-03-2024,2024,3,0.011191271,IMD GRID MODEL
Andhra Pradesh,Visakhapatanam,23-03-2024,2024,3,0.001258655,IMD GRID MODEL
Andhra Pradesh,Visakhapatanam,26-03-2024,2024,3,0.001238604,IMD GRID MODEL
Andhra Pradesh,Visakhapatanam,27-03-2024,2024,3,6.57E-05,IMD GRID MODEL
Andhra Pradesh,Visakhapatanam,30-03-2024,2024,3,0.042691436,IMD GRID MODEL
Andhra Pradesh,Visakhapatanam,01-04-2024,2024,4,0.311777379,IMD GRID MODEL
Andhra Pradesh,Visakhapatanam,02-04-2024,2024,4,0,IMD GRID MODEL
Andhra Pradesh,Visakhapatanam,05-04-2024,2024,4,0,IMD GRID MODEL
Andhra Pradesh,Visakhapatanam,07-04-2024,2024,4,0.004397721,IMD GRID MODEL
Andhra Pradesh,Visakhapatanam,12-04-2024,2024,4,0.240776256,IMD GRID MODEL
Andhra Pradesh,Visakhapatanam,18-04-2024,2024,4,0.023013776,IMD GRID MODEL
Andhra Pradesh,Visakhapatanam,27-04-2024,2024,4,3.121060615,IMD GRID MODEL
Andhra Pradesh,Visakhapatanam,03-05-2024,2024,5,0.161671347,IMD GRID MODEL
Andhra Pradesh,Visakhapatanam,06-05-2024,2024,5,2.22E-07,IMD GRID MODEL
Andhra Pradesh,Visakhapatanam,09-05-2024,2024,5,1.780091103,IMD GRID MODEL
Andhra Pradesh,Visakhapatanam,11-05-2024,2024,5,7.173619252,IMD GRID MODEL
Andhra Pradesh,Visakhapatanam,12-05-2024,2024,5,2.343992625,IMD GRID MODEL
Andhra Pradesh,Visakhapatanam,15-05-2024,2024,5,6.043626156,IMD GRID MODEL
Andhra Pradesh,Visakhapatanam,16-05-2024,2024,5,3.193507247,IMD GRID MODEL
Andhra Pradesh,Visakhapatanam,25-05-2024,2024,5,13.36470826,IMD GRID MODEL
Andhra Pradesh,Visakhapatanam,26-05-2024,2024,5,5.357677126,IMD GRID MODEL
Andhra Pradesh,Visakhapatanam,03-06-2024,2024,6,36.68719065,IMD GRID MODEL
Andhra Pradesh,Visakhapatanam,06-06-2024,2024,6,127.7208206,IMD GRID MODEL
Andhra Pradesh,Visakhapatanam,07-06-2024,2024,6,2.556994403,IMD GRID MODEL
Andhra Pradesh,Visakhapatanam,09-06-2024,2024,6,0.070641558,IMD GRID MODEL
Andhra Pradesh,Visakhapatanam,18-06-2024,2024,6,0.858312079,IMD GRID MODEL
Andhra Pradesh,Visakhapatanam,21-06-2024,2024,6,0.155650734,IMD GRID MODEL
Andhra Pradesh,Visakhapatanam,17-07-2024,2024,7,4.29953826,IMD GRID MODEL
Andhra Pradesh,Visakhapatanam,20-07-2024,2024,7,65.4178345,IMD GRID MODEL
Andhra Pradesh,Visakhapatanam,01-08-2024,2024,8,6.245201692,IMD GRID MODEL
Andhra Pradesh,Visakhapatanam,07-08-2024,2024,8,7.535235209,IMD GRID MODEL
Andhra Pradesh,Visakhapatanam,09-08-2024,2024,8,2.436699593,IMD GRID MODEL
Andhra Pradesh,Visakhapatanam,13-08-2024,2024,8,3.396081254,IMD GRID MODEL
Andhra Pradesh,Visakhapatanam,21-08-2024,2024,8,4.199898683,IMD GRID MODEL
Andhra Pradesh,Visakhapatanam,27-08-2024,2024,8,2.366069594,IMD GRID MODEL
Andhra Pradesh,Visakhapatanam,29-08-2024,2024,8,10.72236738,IMD GRID MODEL
Andhra Pradesh,Visakhapatanam,03-09-2024,2024,9,10.92414923,IMD GRID MODEL
Andhra Pradesh,Visakhapatanam,04-09-2024,2024,9,22.00844251,IMD GRID MODEL
Andhra Pradesh,Visakhapatanam,16-09-2024,2024,9,0.336829033,IMD GRID MODEL
Andhra Pradesh,Visakhapatanam,20-09-2024,2024,9,14.56378949,IMD GRID MODEL
Andhra Pradesh,Visakhapatanam,22-09-2024,2024,9,9.640415361,IMD GRID MODEL
Andhra Pradesh,Visakhapatanam,23-09-2024,2024,9,16.56304305,IMD GRID MODEL
Andhra Pradesh,Visakhapatanam,24-09-2024,2024,9,14.64828949,IMD GRID MODEL
Andhra Pradesh,Visakhapatanam,26-09-2024,2024,9,12.76427897,IMD GRID MODEL
Andhra Pradesh,Visakhapatanam,29-09-2024,2024,9,8.152105995,IMD GRID MODEL
Andhra Pradesh,Visakhapatanam,01-10-2024,2024,10,5.740942468,IMD GRID MODEL
Andhra Pradesh,Visakhapatanam,05-10-2024,2024,10,8.445790056,IMD GRID MODEL
Andhra Pradesh,Visakhapatanam,06-10-2024,2024,10,5.817984659,IMD GRID MODEL
Andhra Pradesh,Visakhapatanam,11-10-2024,2024,10,1.547059117,IMD GRID MODEL
Andhra Pradesh,Visakhapatanam,15-10-2024,2024,10,1.778083715,IMD GRID MODEL
Andhra Pradesh,Visakhapatanam,17-10-2024,2024,10,6.782580615,IMD GRID MODEL
Andhra Pradesh,Visakhapatanam,26-10-2024,2024,10,2.751722143,IMD GRID MODEL
Andhra Pradesh,Visakhapatanam,07-11-2024,2024,11,0.606718596,IMD GRID MODEL
Andhra Pradesh,Visakhapatanam,15-11-2024,2024,11,0.161232869,IMD GRID MODEL
Andhra Pradesh,Visakhapatanam,18-11-2024,2024,11,0,IMD GRID MODEL
Andhra Pradesh,Visakhapatanam,19-11-2024,2024,11,0.01521911,IMD GRID MODEL
Andhra Pradesh,Visakhapatanam,20-11-2024,2024,11,0,IMD GRID MODEL
Andhra Pradesh,Visakhapatanam,24-11-2024,2024,11,0,IMD GRID MODEL
Andhra Pradesh,Visakhapatanam,28-11-2024,2024,11,0,IMD GRID MODEL
Andhra Pradesh,Visakhapatanam,30-11-2024,2024,11,5.208923072,IMD GRID MODEL
Andhra Pradesh,Visakhapatanam,07-12-2024,2024,12,0.00799979,IMD GRID MODEL
Andhra Pradesh,Visakhapatanam,10-12-2024,2024,12,0.000233177,IMD GRID MODEL
Andhra Pradesh,Visakhapatanam,13-12-2024,2024,12,0.068219555,IMD GRID MODEL
Andhra Pradesh,Visakhapatanam,14-12-2024,2024,12,0.007566709,IMD GRID MODEL
Andhra Pradesh,Visakhapatanam,16-12-2024,2024,12,0,IMD GRID MODEL
Andhra Pradesh,Visakhapatanam,21-12-2024,2024,12,11.83212876,IMD GRID MODEL
Andhra Pradesh,Visakhapatanam,24-12-2024,2024,12,1.075972996,IMD GRID MODEL
Andhra Pradesh,Vizianagaram,02-01-2024,2024,1,0,IMD GRID MODEL
Andhra Pradesh,Vizianagaram,03-01-2024,2024,1,0,IMD GRID MODEL
Andhra Pradesh,Vizianagaram,04-01-2024,2024,1,0.507656278,IMD GRID MODEL
Andhra Pradesh,Vizianagaram,05-01-2024,2024,1,0,IMD GRID MODEL
Andhra Pradesh,Vizianagaram,06-01-2024,2024,1,0,IMD GRID MODEL
Andhra Pradesh,Vizianagaram,07-01-2024,2024,1,0,IMD GRID MODEL
Andhra Pradesh,Vizianagaram,20-01-2024,2024,1,0,IMD GRID MODEL
Andhra Pradesh,Vizianagaram,23-01-2024,2024,1,0.320836999,IMD GRID MODEL
Andhra Pradesh,Vizianagaram,02-02-2024,2024,2,0.242223019,IMD GRID MODEL
Andhra Pradesh,Vizianagaram,14-02-2024,2024,2,0,IMD GRID MODEL
Andhra Pradesh,Vizianagaram,29-02-2024,2024,2,0.002554364,IMD GRID MODEL
Andhra Pradesh,Vizianagaram,08-03-2024,2024,3,0.14931157,IMD GRID MODEL
Andhra Pradesh,Vizianagaram,09-03-2024,2024,3,3.316421782,IMD GRID MODEL
Andhra Pradesh,Vizianagaram,10-03-2024,2024,3,0.418621111,IMD GRID MODEL
Andhra Pradesh,Vizianagaram,14-03-2024,2024,3,0.234559446,IMD GRID MODEL
Andhra Pradesh,Vizianagaram,22-03-2024,2024,3,0.108172149,IMD GRID MODEL
Andhra Pradesh,Vizianagaram,23-03-2024,2024,3,0,IMD GRID MODEL
Andhra Pradesh,Vizianagaram,26-03-2024,2024,3,0.067679262,IMD GRID MODEL
Andhra Pradesh,Vizianagaram,06-04-2024,2024,4,0.003926108,IMD GRID MODEL
Andhra Pradesh,Vizianagaram,22-04-2024,2024,4,2.611852752,IMD GRID MODEL
Andhra Pradesh,Vizianagaram,01-05-2024,2024,5,0.111083422,IMD GRID MODEL
Andhra Pradesh,Vizianagaram,09-05-2024,2024,5,0.056045837,IMD GRID MODEL
Andhra Pradesh,Vizianagaram,11-05-2024,2024,5,4.014988873,IMD GRID MODEL
Andhra Pradesh,Vizianagaram,14-05-2024,2024,5,3.186643891,IMD GRID MODEL
Andhra Pradesh,Vizianagaram,16-05-2024,2024,5,1.221285858,IMD GRID MODEL
Andhra Pradesh,Vizianagaram,18-05-2024,2024,5,0.427784178,IMD GRID MODEL
Andhra Pradesh,Vizianagaram,19-05-2024,2024,5,10.9884336,IMD GRID MODEL
Andhra Pradesh,Vizianagaram,24-05-2024,2024,5,0.004135325,IMD GRID MODEL
Andhra Pradesh,Vizianagaram,26-05-2024,2024,5,1.737381398,IMD GRID MODEL
Andhra Pradesh,Vizianagaram,27-05-2024,2024,5,0,IMD GRID MODEL
Andhra Pradesh,Vizianagaram,30-05-2024,2024,5,0,IMD GRID MODEL
Andhra Pradesh,Vizianagaram,19-06-2024,2024,6,0.37978394,IMD GRID MODEL
Andhra Pradesh,Vizianagaram,20-06-2024,2024,6,1.761471276,IMD GRID MODEL
Andhra Pradesh,Vizianagaram,25-06-2024,2024,6,6.533944117,IMD GRID MODEL
Andhra Pradesh,Vizianagaram,26-06-2024,2024,6,12.55925682,IMD GRID MODEL
Andhra Pradesh,Vizianagaram,27-06-2024,2024,6,25.92354011,IMD GRID MODEL
Andhra Pradesh,Vizianagaram,30-06-2024,2024,6,1.924200592,IMD GRID MODEL
Andhra Pradesh,Vizianagaram,02-07-2024,2024,7,0.365266156,IMD GRID MODEL
Andhra Pradesh,Vizianagaram,05-07-2024,2024,7,0.485034785,IMD GRID MODEL
Andhra Pradesh,Vizianagaram,07-07-2024,2024,7,4.85841505,IMD GRID MODEL
Andhra Pradesh,Vizianagaram,14-07-2024,2024,7,9.244174344,IMD GRID MODEL
Andhra Pradesh,Vizianagaram,18-07-2024,2024,7,8.980611449,IMD GRID MODEL
Andhra Pradesh,Vizianagaram,20-07-2024,2024,7,45.46166908,IMD GRID MODEL
Andhra Pradesh,Vizianagaram,21-07-2024,2024,7,1.301825014,IMD GRID MODEL
Andhra Pradesh,Vizianagaram,25-07-2024,2024,7,0.114983127,IMD GRID MODEL
Andhra Pradesh,Vizianagaram,08-08-2024,2024,8,6.082908217,IMD GRID MODEL
Andhra Pradesh,Vizianagaram,09-08-2024,2024,8,3.250524447,IMD GRID MODEL
Andhra Pradesh,Vizianagaram,16-08-2024,2024,8,6.901982769,IMD GRID MODEL
Andhra Pradesh,Vizianagaram,17-08-2024,2024,8,9.291248708,IMD GRID MODEL
Andhra Pradesh,Vizianagaram,20-08-2024,2024,8,4.38411747,IMD GRID MODEL
Andhra Pradesh,Vizianagaram,26-08-2024,2024,8,1.867088379,IMD GRID MODEL
Andhra Pradesh,Vizianagaram,30-08-2024,2024,8,17.27740212,IMD GRID MODEL
Andhra Pradesh,Vizianagaram,05-09-2024,2024,9,23.32493315,IMD GRID MODEL
Andhra Pradesh,Vizianagaram,06-09-2024,2024,9,17.81256345,IMD GRID MODEL
Andhra Pradesh,Vizianagaram,11-09-2024,2024,9,2.325279993,IMD GRID MODEL
Andhra Pradesh,Vizianagaram,15-09-2024,2024,9,0.132290099,IMD GRID MODEL
Andhra Pradesh,Vizianagaram,20-09-2024,2024,9,9.476360125,IMD GRID MODEL
Andhra Pradesh,Vizianagaram,03-10-2024,2024,10,0.098340521,IMD GRID MODEL
Andhra Pradesh,Vizianagaram,07-10-2024,2024,10,7.593637264,IMD GRID MODEL
Andhra Pradesh,Vizianagaram,14-10-2024,2024,10,1.196943047,IMD GRID MODEL
Andhra Pradesh,Vizianagaram,24-10-2024,2024,10,0.000123134,IMD GRID MODEL
Andhra Pradesh,Vizianagaram,25-10-2024,2024,10,0.867894077,IMD GRID MODEL
Andhra Pradesh,Vizianagaram,27-10-2024,2024,10,0.021508784,IMD GRID MODEL
Andhra Pradesh,Prakasam,23-02-2024,2024,2,0,IMD GRID MODEL
Andhra Pradesh,Prakasam,24-02-2024,2024,2,0.009393661,IMD GRID MODEL
Andhra Pradesh,Prakasam,02-03-2024,2024,3,0,IMD GRID MODEL
Andhra Pradesh,Prakasam,16-03-2024,2024,3,0.000541053,IMD GRID MODEL
Andhra Pradesh,Prakasam,21-03-2024,2024,3,0.041898397,IMD GRID MODEL
Andhra Pradesh,Prakasam,30-03-2024,2024,3,0,IMD GRID MODEL
Andhra Pradesh,Prakasam,03-04-2024,2024,4,0,IMD GRID MODEL
Andhra Pradesh,Prakasam,04-04-2024,2024,4,0.00014551,IMD GRID MODEL
Andhra Pradesh,Prakasam,13-04-2024,2024,4,0.030435736,IMD GRID MODEL
Andhra Pradesh,Prakasam,14-04-2024,2024,4,0.02478283,IMD GRID MODEL
Andhra Pradesh,Prakasam,18-04-2024,2024,4,7.00E-05,IMD GRID MODEL
Andhra Pradesh,Prakasam,25-04-2024,2024,4,0,IMD GRID MODEL
Andhra Pradesh,Prakasam,10-05-2024,2024,5,0.134271833,IMD GRID MODEL
Andhra Pradesh,Prakasam,15-05-2024,2024,5,0.811648031,IMD GRID MODEL
Andhra Pradesh,Prakasam,18-05-2024,2024,5,4.178265958,IMD GRID MODEL
Andhra Pradesh,Prakasam,23-05-2024,2024,5,0,IMD GRID MODEL
Andhra Pradesh,Prakasam,26-05-2024,2024,5,0.315621986,IMD GRID MODEL
Andhra Pradesh,Prakasam,29-05-2024,2024,5,0,IMD GRID MODEL
Andhra Pradesh,Prakasam,15-06-2024,2024,6,0.451674812,IMD GRID MODEL
Andhra Pradesh,Prakasam,18-06-2024,2024,6,0.745916374,IMD GRID MODEL
Andhra Pradesh,Prakasam,26-06-2024,2024,6,1.131197803,IMD GRID MODEL
Andhra Pradesh,Prakasam,05-07-2024,2024,7,0.2038474,IMD GRID MODEL
Andhra Pradesh,Prakasam,20-07-2024,2024,7,23.12315345,IMD GRID MODEL
Andhra Pradesh,Prakasam,23-07-2024,2024,7,0.424705059,IMD GRID MODEL
Andhra Pradesh,Prakasam,31-07-2024,2024,7,0.683101235,IMD GRID MODEL
Andhra Pradesh,Prakasam,02-08-2024,2024,8,0.918541327,IMD GRID MODEL
Andhra Pradesh,Prakasam,09-08-2024,2024,8,0.324299596,IMD GRID MODEL
Andhra Pradesh,Prakasam,13-08-2024,2024,8,8.006487459,IMD GRID MODEL
Andhra Pradesh,Prakasam,18-08-2024,2024,8,1.841063996,IMD GRID MODEL
Andhra Pradesh,Prakasam,03-09-2024,2024,9,3.430187709,IMD GRID MODEL
Andhra Pradesh,Prakasam,06-09-2024,2024,9,7.228585395,IMD GRID MODEL
Andhra Pradesh,Prakasam,09-09-2024,2024,9,1.229694576,IMD GRID MODEL
Andhra Pradesh,Prakasam,11-09-2024,2024,9,0.085162951,IMD GRID MODEL
Andhra Pradesh,Prakasam,14-09-2024,2024,9,0.01172192,IMD GRID MODEL
Andhra Pradesh,Prakasam,20-09-2024,2024,9,3.235377005,IMD GRID MODEL
Andhra Pradesh,Prakasam,21-09-2024,2024,9,7.500144163,IMD GRID MODEL
Andhra Pradesh,Prakasam,26-09-2024,2024,9,9.505843571,IMD GRID MODEL
Andhra Pradesh,Prakasam,05-10-2024,2024,10,2.217251029,IMD GRID MODEL
Andhra Pradesh,Prakasam,09-10-2024,2024,10,2.635376828,IMD GRID MODEL
Andhra Pradesh,Prakasam,12-10-2024,2024,10,10.36561567,IMD GRID MODEL
Andhra Pradesh,Prakasam,13-10-2024,2024,10,4.632376159,IMD GRID MODEL
Andhra Pradesh,Prakasam,14-10-2024,2024,10,11.00942014,IMD GRID MODEL
Andhra Pradesh,Prakasam,16-10-2024,2024,10,13.86266538,IMD GRID MODEL
Andhra Pradesh,Prakasam,19-10-2024,2024,10,9.889059783,IMD GRID MODEL
Andhra Pradesh,Prakasam,25-10-2024,2024,10,0.03268131,IMD GRID MODEL
Andhra Pradesh,Prakasam,02-11-2024,2024,11,0.472248263,IMD GRID MODEL
Andhra Pradesh,Prakasam,03-11-2024,2024,11,0.078907996,IMD GRID MODEL
Andhra Pradesh,Prakasam,07-11-2024,2024,11,1.635569884,IMD GRID MODEL
Andhra Pradesh,Prakasam,08-11-2024,2024,11,2.285970469,IMD GRID MODEL
Andhra Pradesh,Prakasam,15-11-2024,2024,11,12.00446547,IMD GRID MODEL
Andhra Pradesh,Prakasam,27-11-2024,2024,11,0.091356398,IMD GRID MODEL
Andhra Pradesh,Prakasam,30-11-2024,2024,11,1.787653248,IMD GRID MODEL
Andhra Pradesh,Prakasam,03-12-2024,2024,12,10.2829115,IMD GRID MODEL
Andhra Pradesh,Prakasam,19-12-2024,2024,12,0.519767739,IMD GRID MODEL
Andhra Pradesh,Prakasam,24-12-2024,2024,12,0.061244349,IMD GRID MODEL
Andhra Pradesh,Prakasam,30-12-2024,2024,12,0,IMD GRID MODEL
Andhra Pradesh,SPSR Nellore,07-01-2024,2024,1,0.022595294,IMD GRID MODEL
Andhra Pradesh,SPSR Nellore,16-01-2024,2024,1,0,IMD GRID MODEL
Andhra Pradesh,SPSR Nellore,17-01-2024,2024,1,0,IMD GRID MODEL
Andhra Pradesh,SPSR Nellore,22-01-2024,2024,1,0,IMD GRID MODEL
Andhra Pradesh,SPSR Nellore,23-01-2024,2024,1,0,IMD GRID MODEL
Andhra Pradesh,SPSR Nellore,24-01-2024,2024,1,0,IMD GRID MODEL
Andhra Pradesh,SPSR Nellore,31-01-2024,2024,1,0,IMD GRID MODEL
Andhra Pradesh,SPSR Nellore,08-02-2024,2024,2,0,IMD GRID MODEL
Andhra Pradesh,SPSR Nellore,14-02-2024,2024,2,0,IMD GRID MODEL
Andhra Pradesh,SPSR Nellore,20-02-2024,2024,2,0,IMD GRID MODEL
Andhra Pradesh,SPSR Nellore,23-02-2024,2024,2,0,IMD GRID MODEL
Andhra Pradesh,SPSR Nellore,26-02-2024,2024,2,0,IMD GRID MODEL
Andhra Pradesh,SPSR Nellore,28-02-2024,2024,2,0,IMD GRID MODEL
Andhra Pradesh,SPSR Nellore,02-03-2024,2024,3,0,IMD GRID MODEL
Andhra Pradesh,SPSR Nellore,11-03-2024,2024,3,0,IMD GRID MODEL
Andhra Pradesh,SPSR Nellore,22-03-2024,2024,3,0,IMD GRID MODEL
Andhra Pradesh,SPSR Nellore,24-03-2024,2024,3,0,IMD GRID MODEL
Andhra Pradesh,SPSR Nellore,27-03-2024,2024,3,0,IMD GRID MODEL
Andhra Pradesh,SPSR Nellore,28-03-2024,2024,3,0,IMD GRID MODEL
Andhra Pradesh,SPSR Nellore,29-03-2024,2024,3,0,IMD GRID MODEL
Andhra Pradesh,SPSR Nellore,30-03-2024,2024,3,0,IMD GRID MODEL
Andhra Pradesh,SPSR Nellore,08-04-2024,2024,4,0,IMD GRID MODEL
Andhra Pradesh,SPSR Nellore,11-04-2024,2024,4,0,IMD GRID MODEL
Andhra Pradesh,SPSR Nellore,16-04-2024,2024,4,0,IMD GRID MODEL
Andhra Pradesh,SPSR Nellore,27-04-2024,2024,4,0,IMD GRID MODEL
Andhra Pradesh,SPSR Nellore,04-05-2024,2024,5,0.041568209,IMD GRID MODEL
Andhra Pradesh,SPSR Nellore,14-05-2024,2024,5,9.446805446,IMD GRID MODEL
Andhra Pradesh,SPSR Nellore,17-05-2024,2024,5,2.736627188,IMD GRID MODEL
Andhra Pradesh,SPSR Nellore,21-05-2024,2024,5,0.167793747,IMD GRID MODEL
Andhra Pradesh,SPSR Nellore,03-06-2024,2024,6,7.55628993,IMD GRID MODEL
Andhra Pradesh,SPSR Nellore,04-06-2024,2024,6,4.751724621,IMD GRID MODEL
Andhra Pradesh,SPSR Nellore,07-06-2024,2024,6,4.089079035,IMD GRID MODEL
Andhra Pradesh,SPSR Nellore,12-06-2024,2024,6,12.13149255,IMD GRID MODEL
Andhra Pradesh,SPSR Nellore,13-06-2024,2024,6,4.792317135,IMD GRID MODEL
Andhra Pradesh,SPSR Nellore,15-06-2024,2024,6,0.323789052,IMD GRID MODEL
Andhra Pradesh,SPSR Nellore,21-06-2024,2024,6,0.018190708,IMD GRID MODEL
Andhra Pradesh,SPSR Nellore,23-06-2024,2024,6,1.695742195,IMD GRID MODEL
Andhra Pradesh,SPSR Nellore,24-06-2024,2024,6,10.06394964,IMD GRID MODEL
Andhra Pradesh,SPSR Nellore,07-07-2024,2024,7,5.256145131,IMD GRID MODEL
Andhra Pradesh,SPSR Nellore,09-07-2024,2024,7,5.105031427,IMD GRID MODEL
Andhra Pradesh,SPSR Nellore,13-07-2024,2024,7,1.469317906,IMD GRID MODEL
Andhra Pradesh,SPSR Nellore,19-07-2024,2024,7,10.22587162,IMD GRID MODEL
Andhra Pradesh,SPSR Nellore,21-07-2024,2024,7,3.382858264,IMD GRID MODEL
Andhra Pradesh,SPSR Nellore,23-07-2024,2024,7,0.032096843,IMD GRID MODEL
Andhra Pradesh,SPSR Nellore,07-08-2024,2024,8,15.0017756,IMD GRID MODEL
Andhra Pradesh,SPSR Nellore,11-08-2024,2024,8,0.504928986,IMD GRID MODEL
Andhra Pradesh,SPSR Nellore,15-08-2024,2024,8,3.215958037,IMD GRID MODEL
Andhra Pradesh,SPSR Nellore,16-08-2024,2024,8,3.628505587,IMD GRID MODEL
Andhra Pradesh,SPSR Nellore,22-08-2024,2024,8,3.747857837,IMD GRID MODEL
Andhra Pradesh,SPSR Nellore,06-09-2024,2024,9,5.311223687,IMD GRID MODEL
Andhra Pradesh,SPSR Nellore,15-09-2024,2024,9,0.050989438,IMD GRID MODEL
Andhra Pradesh,SPSR Nellore,16-09-2024,2024,9,0.016794113,IMD GRID MODEL
Andhra Pradesh,SPSR Nellore,22-09-2024,2024,9,5.322682294,IMD GRID MODEL
Andhra Pradesh,SPSR Nellore,23-09-2024,2024,9,13.78887135,IMD GRID MODEL
Andhra Pradesh,SPSR Nellore,25-09-2024,2024,9,3.782629281,IMD GRID MODEL
Andhra Pradesh,SPSR Nellore,02-10-2024,2024,10,2.482350857,IMD GRID MODEL
Andhra Pradesh,SPSR Nellore,05-10-2024,2024,10,3.567464056,IMD GRID MODEL
Andhra Pradesh,SPSR Nellore,08-10-2024,2024,10,0.755330887,IMD GRID MODEL
Andhra Pradesh,SPSR Nellore,19-10-2024,2024,10,9.189246875,IMD GRID MODEL
Andhra Pradesh,SPSR Nellore,20-10-2024,2024,10,15.4619906,IMD GRID MODEL
Andhra Pradesh,SPSR Nellore,25-10-2024,2024,10,0,IMD GRID MODEL
Andhra Pradesh,SPSR Nellore,27-10-2024,2024,10,0.235476439,IMD GRID MODEL
Andhra Pradesh,SPSR Nellore,08-11-2024,2024,11,10.50979896,IMD GRID MODEL
Andhra Pradesh,SPSR Nellore,14-11-2024,2024,11,24.56036863,IMD GRID MODEL
Andhra Pradesh,SPSR Nellore,15-11-2024,2024,11,8.795394594,IMD GRID MODEL
Andhra Pradesh,SPSR Nellore,22-11-2024,2024,11,0.002383256,IMD GRID MODEL
Andhra Pradesh,SPSR Nellore,03-12-2024,2024,12,9.577551215,IMD GRID MODEL
Andhra Pradesh,SPSR Nellore,11-12-2024,2024,12,0.045077534,IMD GRID MODEL
Andhra Pradesh,SPSR Nellore,13-12-2024,2024,12,17.02944969,IMD GRID MODEL
Andhra Pradesh,SPSR Nellore,14-12-2024,2024,12,0.018256411,IMD GRID MODEL
Andhra Pradesh,SPSR Nellore,19-12-2024,2024,12,2.051692613,IMD GRID MODEL
Andhra Pradesh,SPSR Nellore,27-12-2024,2024,12,6.632865979,IMD GRID MODEL
Andhra Pradesh,Srikakulam,03-01-2024,2024,1,0,IMD GRID MODEL
Andhra Pradesh,Srikakulam,13-01-2024,2024,1,0,IMD GRID MODEL
Andhra Pradesh,Srikakulam,14-01-2024,2024,1,0,IMD GRID MODEL
Andhra Pradesh,Srikakulam,18-01-2024,2024,1,0,IMD GRID MODEL
Andhra Pradesh,Srikakulam,19-01-2024,2024,1,0,IMD GRID MODEL
Andhra Pradesh,Srikakulam,30-01-2024,2024,1,0,IMD GRID MODEL
Andhra Pradesh,Srikakulam,01-02-2024,2024,2,1.02E-06,IMD GRID MODEL
Andhra Pradesh,Srikakulam,02-02-2024,2024,2,0.173975636,IMD GRID MODEL
Andhra Pradesh,Srikakulam,04-02-2024,2024,2,0,IMD GRID MODEL
Andhra Pradesh,Srikakulam,14-02-2024,2024,2,0,IMD GRID MODEL
Andhra Pradesh,Srikakulam,02-03-2024,2024,3,0,IMD GRID MODEL
Andhra Pradesh,Srikakulam,07-03-2024,2024,3,0.009201688,IMD GRID MODEL
Andhra Pradesh,Srikakulam,12-03-2024,2024,3,7.05E-05,IMD GRID MODEL
Andhra Pradesh,Srikakulam,15-03-2024,2024,3,0.009722338,IMD GRID MODEL
Andhra Pradesh,Srikakulam,24-03-2024,2024,3,0.044469519,IMD GRID MODEL
Andhra Pradesh,Srikakulam,03-04-2024,2024,4,1.01E-07,IMD GRID MODEL
Andhra Pradesh,Srikakulam,07-04-2024,2024,4,0.092628214,IMD GRID MODEL
Andhra Pradesh,Srikakulam,08-04-2024,2024,4,0.098566753,IMD GRID MODEL
Andhra Pradesh,Srikakulam,12-04-2024,2024,4,0.001277852,IMD GRID MODEL
Andhra Pradesh,Srikakulam,14-04-2024,2024,4,0.667680383,IMD GRID MODEL
Andhra Pradesh,Srikakulam,20-04-2024,2024,4,0.018275474,IMD GRID MODEL
Andhra Pradesh,Srikakulam,25-04-2024,2024,4,1.903954869,IMD GRID MODEL
Andhra Pradesh,Srikakulam,05-05-2024,2024,5,4.59E-07,IMD GRID MODEL
Andhra Pradesh,Srikakulam,09-05-2024,2024,5,0.029627316,IMD GRID MODEL
Andhra Pradesh,Srikakulam,13-05-2024,2024,5,0.093144015,IMD GRID MODEL
Andhra Pradesh,Srikakulam,24-05-2024,2024,5,8.55E-05,IMD GRID MODEL
Andhra Pradesh,Srikakulam,25-05-2024,2024,5,1.517897222,IMD GRID MODEL
Andhra Pradesh,Srikakulam,27-05-2024,2024,5,0,IMD GRID MODEL
Andhra Pradesh,Srikakulam,01-06-2024,2024,6,17.49805055,IMD GRID MODEL
Andhra Pradesh,Srikakulam,11-06-2024,2024,6,7.03E-05,IMD GRID MODEL
Andhra Pradesh,Srikakulam,15-06-2024,2024,6,6.35083552,IMD GRID MODEL
Andhra Pradesh,Srikakulam,23-06-2024,2024,6,1.210685692,IMD GRID MODEL
Andhra Pradesh,Srikakulam,24-06-2024,2024,6,0.013844142,IMD GRID MODEL
Andhra Pradesh,Srikakulam,25-06-2024,2024,6,0.370141035,IMD GRID MODEL
Andhra Pradesh,Srikakulam,30-06-2024,2024,6,0.656866308,IMD GRID MODEL
Andhra Pradesh,Srikakulam,02-07-2024,2024,7,0.187417579,IMD GRID MODEL
Andhra Pradesh,Srikakulam,02-08-2024,2024,8,3.568756449,IMD GRID MODEL
Andhra Pradesh,Srikakulam,03-08-2024,2024,8,2.287469986,IMD GRID MODEL
Andhra Pradesh,Srikakulam,20-08-2024,2024,8,2.397272788,IMD GRID MODEL
Andhra Pradesh,Vizianagaram,07-12-2024,2024,12,1.77E-06,IMD GRID MODEL
Andhra Pradesh,Vizianagaram,08-12-2024,2024,12,0.446620146,IMD GRID MODEL
Andhra Pradesh,Vizianagaram,09-12-2024,2024,12,0.392212024,IMD GRID MODEL
Andhra Pradesh,Vizianagaram,14-12-2024,2024,12,0,IMD GRID MODEL
Andhra Pradesh,Vizianagaram,15-12-2024,2024,12,0.00378072,IMD GRID MODEL
Andhra Pradesh,Vizianagaram,18-12-2024,2024,12,2.573511644,IMD GRID MODEL
Andhra Pradesh,Vizianagaram,23-12-2024,2024,12,0.005204041,IMD GRID MODEL
Andhra Pradesh,Vizianagaram,25-12-2024,2024,12,15.34274646,IMD GRID MODEL
Andhra Pradesh,West Godavari,10-01-2024,2024,1,0.056092197,IMD GRID MODEL
Andhra Pradesh,West Godavari,16-01-2024,2024,1,0,IMD GRID MODEL
Andhra Pradesh,West Godavari,19-01-2024,2024,1,0,IMD GRID MODEL
Andhra Pradesh,West Godavari,22-01-2024,2024,1,0,IMD GRID MODEL
Andhra Pradesh,West Godavari,08-02-2024,2024,2,0,IMD GRID MODEL
Andhra Pradesh,West Godavari,12-02-2024,2024,2,0,IMD GRID MODEL
Andhra Pradesh,West Godavari,14-02-2024,2024,2,1.24E-05,IMD GRID MODEL
Andhra Pradesh,West Godavari,19-02-2024,2024,2,0,IMD GRID MODEL
Andhra Pradesh,West Godavari,25-02-2024,2024,2,0.00017494,IMD GRID MODEL
Andhra Pradesh,West Godavari,26-02-2024,2024,2,0,IMD GRID MODEL
Andhra Pradesh,West Godavari,05-03-2024,2024,3,0,IMD GRID MODEL
Andhra Pradesh,West Godavari,16-03-2024,2024,3,0.002304848,IMD GRID MODEL
Andhra Pradesh,West Godavari,17-03-2024,2024,3,0.000254635,IMD GRID MODEL
Andhra Pradesh,West Godavari,18-03-2024,2024,3,0.001588382,IMD GRID MODEL
Andhra Pradesh,West Godavari,29-03-2024,2024,3,0.15391108,IMD GRID MODEL
Andhra Pradesh,West Godavari,11-04-2024,2024,4,0.036410513,IMD GRID MODEL
Andhra Pradesh,West Godavari,12-04-2024,2024,4,0.007506631,IMD GRID MODEL
Andhra Pradesh,West Godavari,16-04-2024,2024,4,0,IMD GRID MODEL
Andhra Pradesh,West Godavari,20-04-2024,2024,4,0.003006628,IMD GRID MODEL
Andhra Pradesh,West Godavari,22-04-2024,2024,4,0.424679445,IMD GRID MODEL
Andhra Pradesh,West Godavari,01-05-2024,2024,5,0,IMD GRID MODEL
Andhra Pradesh,West Godavari,03-05-2024,2024,5,0,IMD GRID MODEL
Andhra Pradesh,West Godavari,07-05-2024,2024,5,0.007647076,IMD GRID MODEL
Andhra Pradesh,West Godavari,08-05-2024,2024,5,17.34696822,IMD GRID MODEL
Andhra Pradesh,West Godavari,10-05-2024,2024,5,7.098411668,IMD GRID MODEL
Andhra Pradesh,West Godavari,11-05-2024,2024,5,7.110425711,IMD GRID MODEL
Andhra Pradesh,West Godavari,17-05-2024,2024,5,3.123455181,IMD GRID MODEL
Andhra Pradesh,West Godavari,21-05-2024,2024,5,1.599161871,IMD GRID MODEL
Andhra Pradesh,West Godavari,27-05-2024,2024,5,0,IMD GRID MODEL
Andhra Pradesh,West Godavari,28-05-2024,2024,5,0,IMD GRID MODEL
Andhra Pradesh,West Godavari,29-05-2024,2024,5,0,IMD GRID MODEL
Andhra Pradesh,West Godavari,30-05-2024,2024,5,0,IMD GRID MODEL
Andhra Pradesh,West Godavari,06-06-2024,2024,6,35.22867581,IMD GRID MODEL
Andhra Pradesh,West Godavari,12-06-2024,2024,6,0.221841705,IMD GRID MODEL
Andhra Pradesh,West Godavari,13-06-2024,2024,6,0.034587865,IMD GRID MODEL
Andhra Pradesh,West Godavari,15-06-2024,2024,6,5.938107896,IMD GRID MODEL
Andhra Pradesh,West Godavari,21-06-2024,2024,6,0.382624776,IMD GRID MODEL
Andhra Pradesh,West Godavari,24-06-2024,2024,6,5.469899619,IMD GRID MODEL
Andhra Pradesh,West Godavari,26-06-2024,2024,6,0.435710492,IMD GRID MODEL
Andhra Pradesh,West Godavari,30-06-2024,2024,6,29.75544945,IMD GRID MODEL
Andhra Pradesh,West Godavari,03-07-2024,2024,7,4.32839591,IMD GRID MODEL
Andhra Pradesh,West Godavari,09-07-2024,2024,7,4.624639669,IMD GRID MODEL
Andhra Pradesh,West Godavari,29-07-2024,2024,7,4.616867041,IMD GRID MODEL
Andhra Pradesh,West Godavari,30-07-2024,2024,7,13.24086155,IMD GRID MODEL
Andhra Pradesh,West Godavari,03-08-2024,2024,8,5.627898206,IMD GRID MODEL
Andhra Pradesh,West Godavari,04-08-2024,2024,8,14.88110765,IMD GRID MODEL
Andhra Pradesh,West Godavari,09-08-2024,2024,8,6.344425028,IMD GRID MODEL
Andhra Pradesh,West Godavari,02-09-2024,2024,9,1.173686264,IMD GRID MODEL
Andhra Pradesh,West Godavari,08-09-2024,2024,9,0.387705593,IMD GRID MODEL
Andhra Pradesh,West Godavari,10-09-2024,2024,9,4.971818588,IMD GRID MODEL
Andhra Pradesh,West Godavari,11-09-2024,2024,9,0.38615331,IMD GRID MODEL
Andhra Pradesh,West Godavari,13-09-2024,2024,9,0.9686657,IMD GRID MODEL
Andhra Pradesh,West Godavari,17-09-2024,2024,9,0.860872828,IMD GRID MODEL
Andhra Pradesh,West Godavari,19-09-2024,2024,9,0.463209456,IMD GRID MODEL
Andhra Pradesh,West Godavari,29-09-2024,2024,9,3.187131631,IMD GRID MODEL
Andhra Pradesh,West Godavari,30-09-2024,2024,9,2.923597913,IMD GRID MODEL
Andhra Pradesh,West Godavari,08-10-2024,2024,10,7.177495581,IMD GRID MODEL
Andhra Pradesh,West Godavari,11-10-2024,2024,10,14.19495127,IMD GRID MODEL
Andhra Pradesh,West Godavari,13-10-2024,2024,10,4.578308085,IMD GRID MODEL
Andhra Pradesh,West Godavari,24-10-2024,2024,10,0.039862537,IMD GRID MODEL
Andhra Pradesh,West Godavari,29-10-2024,2024,10,0.049484093,IMD GRID MODEL
Andhra Pradesh,West Godavari,05-11-2024,2024,11,0.001503557,IMD GRID MODEL
Andhra Pradesh,West Godavari,06-11-2024,2024,11,0.047464771,IMD GRID MODEL
Andhra Pradesh,West Godavari,10-11-2024,2024,11,0.59204713,IMD GRID MODEL
Andhra Pradesh,West Godavari,15-11-2024,2024,11,0.172357538,IMD GRID MODEL
Andhra Pradesh,West Godavari,18-11-2024,2024,11,0,IMD GRID MODEL
Andhra Pradesh,West Godavari,28-11-2024,2024,11,0,IMD GRID MODEL
Andhra Pradesh,West Godavari,29-11-2024,2024,11,0.019150313,IMD GRID MODEL
Andhra Pradesh,West Godavari,30-11-2024,2024,11,1.474109668,IMD GRID MODEL
Andhra Pradesh,West Godavari,13-12-2024,2024,12,0.186526043,IMD GRID MODEL
Andhra Pradesh,West Godavari,15-12-2024,2024,12,0.018664246,IMD GRID MODEL
Andhra Pradesh,West Godavari,23-12-2024,2024,12,0,IMD GRID MODEL
Andhra Pradesh,West Godavari,24-12-2024,2024,12,2.024916706,IMD GRID MODEL
Andhra Pradesh,Y.S.R.,10-01-2024,2024,1,1.54E-05,IMD GRID MODEL
Andhra Pradesh,Y.S.R.,12-01-2024,2024,1,0,IMD GRID MODEL
Andhra Pradesh,Y.S.R.,21-01-2024,2024,1,0,IMD GRID MODEL
Andhra Pradesh,Y.S.R.,31-01-2024,2024,1,0,IMD GRID MODEL
Andhra Pradesh,Y.S.R.,08-02-2024,2024,2,0,IMD GRID MODEL
Andhra Pradesh,Y.S.R.,11-02-2024,2024,2,0.000562743,IMD GRID MODEL
Andhra Pradesh,Y.S.R.,20-02-2024,2024,2,0,IMD GRID MODEL
Andhra Pradesh,Y.S.R.,21-02-2024,2024,2,0.003808466,IMD GRID MODEL
Andhra Pradesh,Y.S.R.,23-02-2024,2024,2,0.002255146,IMD GRID MODEL
Andhra Pradesh,Y.S.R.,25-02-2024,2024,2,0,IMD GRID MODEL
Andhra Pradesh,Y.S.R.,28-02-2024,2024,2,0,IMD GRID MODEL
Andhra Pradesh,Y.S.R.,05-03-2024,2024,3,0,IMD GRID MODEL
Andhra Pradesh,Y.S.R.,10-03-2024,2024,3,0,IMD GRID MODEL
Andhra Pradesh,Y.S.R.,15-03-2024,2024,3,0,IMD GRID MODEL
Andhra Pradesh,Y.S.R.,19-03-2024,2024,3,0,IMD GRID MODEL
Andhra Pradesh,Y.S.R.,28-03-2024,2024,3,0,IMD GRID MODEL
Andhra Pradesh,Y.S.R.,07-04-2024,2024,4,0.003142807,IMD GRID MODEL
Andhra Pradesh,Y.S.R.,08-04-2024,2024,4,0.000402802,IMD GRID MODEL
Andhra Pradesh,Y.S.R.,09-04-2024,2024,4,0,IMD GRID MODEL
Andhra Pradesh,Y.S.R.,20-04-2024,2024,4,0.023375248,IMD GRID MODEL
Andhra Pradesh,Y.S.R.,21-04-2024,2024,4,0.071676431,IMD GRID MODEL
Andhra Pradesh,Y.S.R.,22-04-2024,2024,4,0.002963313,IMD GRID MODEL
Andhra Pradesh,Y.S.R.,26-04-2024,2024,4,0,IMD GRID MODEL
Andhra Pradesh,Y.S.R.,27-04-2024,2024,4,0,IMD GRID MODEL
Andhra Pradesh,Y.S.R.,02-05-2024,2024,5,0.0002681,IMD GRID MODEL
Andhra Pradesh,Y.S.R.,05-05-2024,2024,5,0.003489225,IMD GRID MODEL
Andhra Pradesh,Y.S.R.,10-05-2024,2024,5,0.85953655,IMD GRID MODEL
Andhra Pradesh,Y.S.R.,13-05-2024,2024,5,0.19788774,IMD GRID MODEL
Andhra Pradesh,Y.S.R.,15-05-2024,2024,5,0.096350657,IMD GRID MODEL
Andhra Pradesh,Y.S.R.,03-06-2024,2024,6,6.967809388,IMD GRID MODEL
Andhra Pradesh,Y.S.R.,19-06-2024,2024,6,3.29548783,IMD GRID MODEL
Andhra Pradesh,Y.S.R.,27-06-2024,2024,6,1.447040713,IMD GRID MODEL
Andhra Pradesh,Y.S.R.,31-07-2024,2024,7,0.072074748,IMD GRID MODEL
Andhra Pradesh,Y.S.R.,03-08-2024,2024,8,0.431338816,IMD GRID MODEL
Andhra Pradesh,Y.S.R.,07-08-2024,2024,8,24.36753463,IMD GRID MODEL
Andhra Pradesh,Y.S.R.,16-08-2024,2024,8,8.226671664,IMD GRID MODEL
Andhra Pradesh,Y.S.R.,20-08-2024,2024,8,2.513686623,IMD GRID MODEL
Andhra Pradesh,Y.S.R.,21-08-2024,2024,8,3.478340888,IMD GRID MODEL
Andhra Pradesh,Y.S.R.,29-08-2024,2024,8,4.943893532,IMD GRID MODEL
Andhra Pradesh,Y.S.R.,03-09-2024,2024,9,1.306693815,IMD GRID MODEL
Andhra Pradesh,Y.S.R.,10-09-2024,2024,9,0.069093863,IMD GRID MODEL
Andhra Pradesh,Y.S.R.,11-09-2024,2024,9,0.041518828,IMD GRID MODEL
Andhra Pradesh,Y.S.R.,16-09-2024,2024,9,0.029713464,IMD GRID MODEL
Andhra Pradesh,Y.S.R.,18-09-2024,2024,9,0.02293202,IMD GRID MODEL
Andhra Pradesh,Y.S.R.,29-09-2024,2024,9,1.092788964,IMD GRID MODEL
Andhra Pradesh,Y.S.R.,05-10-2024,2024,10,9.113486933,IMD GRID MODEL
Andhra Pradesh,Y.S.R.,06-10-2024,2024,10,2.394133396,IMD GRID MODEL
Andhra Pradesh,Y.S.R.,09-10-2024,2024,10,0.372313776,IMD GRID MODEL
Andhra Pradesh,Y.S.R.,16-10-2024,2024,10,18.55366882,IMD GRID MODEL
Andhra Pradesh,Y.S.R.,18-10-2024,2024,10,12.24660105,IMD GRID MODEL
Andhra Pradesh,Y.S.R.,20-10-2024,2024,10,12.29948278,IMD GRID MODEL
Andhra Pradesh,Y.S.R.,22-10-2024,2024,10,9.662328699,IMD GRID MODEL
Andhra Pradesh,Y.S.R.,24-10-2024,2024,10,1.82277543,IMD GRID MODEL
Andhra Pradesh,Y.S.R.,26-10-2024,2024,10,0.943693301,IMD GRID MODEL
Andhra Pradesh,Y.S.R.,29-10-2024,2024,10,0.034728844,IMD GRID MODEL
Andhra Pradesh,Y.S.R.,30-10-2024,2024,10,0.727957204,IMD GRID MODEL
Andhra Pradesh,Y.S.R.,04-11-2024,2024,11,0.458226977,IMD GRID MODEL
Andhra Pradesh,Y.S.R.,11-11-2024,2024,11,0.811661003,IMD GRID MODEL
Andhra Pradesh,Y.S.R.,15-11-2024,2024,11,9.801105613,IMD GRID MODEL
Andhra Pradesh,Y.S.R.,20-11-2024,2024,11,0,IMD GRID MODEL
Andhra Pradesh,Y.S.R.,01-12-2024,2024,12,15.59372639,IMD GRID MODEL
Andhra Pradesh,Y.S.R.,08-12-2024,2024,12,0.143379118,IMD GRID MODEL
Andhra Pradesh,Y.S.R.,13-12-2024,2024,12,15.42645302,IMD GRID MODEL
Andhra Pradesh,Y.S.R.,15-12-2024,2024,12,0,IMD GRID MODEL
Andhra Pradesh,Y.S.R.,24-12-2024,2024,12,0,IMD GRID MODEL
Andhra Pradesh,Anantapur,08-01-2024,2024,1,0.003445918,IMD GRID MODEL
Andhra Pradesh,Anantapur,09-01-2024,2024,1,0.826702352,IMD GRID MODEL
Andhra Pradesh,Anantapur,18-01-2024,2024,1,0,IMD GRID MODEL
Andhra Pradesh,Anantapur,30-01-2024,2024,1,0,IMD GRID MODEL
Andhra Pradesh,Anantapur,05-02-2024,2024,2,0,IMD GRID MODEL
Andhra Pradesh,Anantapur,11-02-2024,2024,2,0.000776416,IMD GRID MODEL
Andhra Pradesh,Anantapur,14-02-2024,2024,2,7.32E-05,IMD GRID MODEL
Andhra Pradesh,Anantapur,18-02-2024,2024,2,0.000305841,IMD GRID MODEL
Andhra Pradesh,Anantapur,23-02-2024,2024,2,0.004660182,IMD GRID MODEL
Andhra Pradesh,Anantapur,25-02-2024,2024,2,5.43E-05,IMD GRID MODEL
Andhra Pradesh,Anantapur,27-02-2024,2024,2,0,IMD GRID MODEL
Andhra Pradesh,Anantapur,02-03-2024,2024,3,0,IMD GRID MODEL
Andhra Pradesh,Anantapur,05-03-2024,2024,3,0.00132049,IMD GRID MODEL
Andhra Pradesh,Anantapur,07-03-2024,2024,3,0.000477435,IMD GRID MODEL
Andhra Pradesh,Anantapur,08-03-2024,2024,3,0,IMD GRID MODEL
Andhra Pradesh,Anantapur,09-03-2024,2024,3,0,IMD GRID MODEL
Andhra Pradesh,Anantapur,20-03-2024,2024,3,0,IMD GRID MODEL
Andhra Pradesh,Anantapur,23-03-2024,2024,3,0,IMD GRID MODEL
Andhra Pradesh,Anantapur,30-03-2024,2024,3,0,IMD GRID MODEL
Andhra Pradesh,Anantapur,03-04-2024,2024,4,1.49E-05,IMD GRID MODEL
Andhra Pradesh,Anantapur,04-04-2024,2024,4,0.101621146,IMD GRID MODEL
Andhra Pradesh,Anantapur,07-04-2024,2024,4,0.00727441,IMD GRID MODEL
Andhra Pradesh,Anantapur,13-04-2024,2024,4,0.106443013,IMD GRID MODEL
Andhra Pradesh,Anantapur,17-04-2024,2024,4,0,IMD GRID MODEL
Andhra Pradesh,Anantapur,24-04-2024,2024,4,0.000156163,IMD GRID MODEL
Andhra Pradesh,Anantapur,25-04-2024,2024,4,0.000562191,IMD GRID MODEL
Andhra Pradesh,Anantapur,09-05-2024,2024,5,0.005021821,IMD GRID MODEL
Andhra Pradesh,Anantapur,12-05-2024,2024,5,0.061322195,IMD GRID MODEL
Andhra Pradesh,Anantapur,14-05-2024,2024,5,1.222593653,IMD GRID MODEL
Andhra Pradesh,Anantapur,19-05-2024,2024,5,7.565627432,IMD GRID MODEL
Andhra Pradesh,Anantapur,21-05-2024,2024,5,18.16174515,IMD GRID MODEL
Andhra Pradesh,Anantapur,22-05-2024,2024,5,1.743026144,IMD GRID MODEL
Andhra Pradesh,Anantapur,23-05-2024,2024,5,0.00106466,IMD GRID MODEL
Andhra Pradesh,Anantapur,30-05-2024,2024,5,0,IMD GRID MODEL
Andhra Pradesh,Anantapur,31-05-2024,2024,5,0,IMD GRID MODEL
Andhra Pradesh,Anantapur,03-06-2024,2024,6,18.76818507,IMD GRID MODEL
Andhra Pradesh,Anantapur,11-06-2024,2024,6,8.127694886,IMD GRID MODEL
Andhra Pradesh,Anantapur,28-06-2024,2024,6,0.454982529,IMD GRID MODEL
Andhra Pradesh,Anantapur,30-06-2024,2024,6,1.200207291,IMD GRID MODEL
Andhra Pradesh,Anantapur,02-07-2024,2024,7,1.468958905,IMD GRID MODEL
Andhra Pradesh,Anantapur,05-07-2024,2024,7,0.300768609,IMD GRID MODEL
Andhra Pradesh,Anantapur,08-07-2024,2024,7,0.415491098,IMD GRID MODEL
Andhra Pradesh,Anantapur,14-07-2024,2024,7,2.750226568,IMD GRID MODEL
Andhra Pradesh,Anantapur,17-07-2024,2024,7,0.5130782,IMD GRID MODEL
Andhra Pradesh,Anantapur,18-07-2024,2024,7,0.611021694,IMD GRID MODEL
Andhra Pradesh,Anantapur,21-07-2024,2024,7,1.610437406,IMD GRID MODEL
Andhra Pradesh,Anantapur,22-07-2024,2024,7,2.284808302,IMD GRID MODEL
Andhra Pradesh,Anantapur,11-08-2024,2024,8,0.272542775,IMD GRID MODEL
Andhra Pradesh,Anantapur,12-08-2024,2024,8,1.47282264,IMD GRID MODEL
Andhra Pradesh,Anantapur,14-08-2024,2024,8,8.489387572,IMD GRID MODEL
Andhra Pradesh,Anantapur,21-08-2024,2024,8,4.964601921,IMD GRID MODEL
Andhra Pradesh,Anantapur,23-08-2024,2024,8,1.781437801,IMD GRID MODEL
Andhra Pradesh,Anantapur,01-09-2024,2024,9,1.062442535,IMD GRID MODEL
Andhra Pradesh,Anantapur,02-09-2024,2024,9,2.380343131,IMD GRID MODEL
Andhra Pradesh,Anantapur,07-09-2024,2024,9,2.246170492,IMD GRID MODEL
Andhra Pradesh,Anantapur,09-09-2024,2024,9,0.35964579,IMD GRID MODEL
Andhra Pradesh,Anantapur,18-09-2024,2024,9,0.00864766,IMD GRID MODEL
Andhra Pradesh,Anantapur,21-09-2024,2024,9,4.355701588,IMD GRID MODEL
Andhra Pradesh,Anantapur,25-09-2024,2024,9,4.47662208,IMD GRID MODEL
Andhra Pradesh,Anantapur,28-09-2024,2024,9,3.50380954,IMD GRID MODEL
Andhra Pradesh,Anantapur,04-10-2024,2024,10,13.42916263,IMD GRID MODEL
Andhra Pradesh,Anantapur,07-10-2024,2024,10,3.792190711,IMD GRID MODEL
Andhra Pradesh,Anantapur,08-10-2024,2024,10,0.027865051,IMD GRID MODEL
Andhra Pradesh,Anantapur,14-10-2024,2024,10,7.823073915,IMD GRID MODEL
Andhra Pradesh,Anantapur,22-10-2024,2024,10,38.8959952,IMD GRID MODEL
Andhra Pradesh,Anantapur,28-10-2024,2024,10,0,IMD GRID MODEL
Andhra Pradesh,Anantapur,29-10-2024,2024,10,0.041255129,IMD GRID MODEL
Andhra Pradesh,Anantapur,30-10-2024,2024,10,0.340102292,IMD GRID MODEL
Andhra Pradesh,Anantapur,31-10-2024,2024,10,0.750378897,IMD GRID MODEL
Andhra Pradesh,Anantapur,14-11-2024,2024,11,0.028734676,IMD GRID MODEL
Andhra Pradesh,Anantapur,16-11-2024,2024,11,4.01939447,IMD GRID MODEL
Andhra Pradesh,Anantapur,19-11-2024,2024,11,0,IMD GRID MODEL
Andhra Pradesh,Anantapur,22-11-2024,2024,11,0.000217786,IMD GRID MODEL
Andhra Pradesh,Anantapur,23-11-2024,2024,11,0,IMD GRID MODEL
Andhra Pradesh,Anantapur,27-11-2024,2024,11,0.178097285,IMD GRID MODEL
Andhra Pradesh,Anantapur,30-11-2024,2024,11,0.394287475,IMD GRID MODEL
Andhra Pradesh,Anantapur,02-12-2024,2024,12,4.663144636,IMD GRID MODEL
Andhra Pradesh,Anantapur,03-12-2024,2024,12,13.17961421,IMD GRID MODEL
Andhra Pradesh,Anantapur,05-12-2024,2024,12,1.284823587,IMD GRID MODEL
Andhra Pradesh,Anantapur,11-12-2024,2024,12,0.002134919,IMD GRID MODEL
Andhra Pradesh,Anantapur,13-12-2024,2024,12,1.674477847,IMD GRID MODEL
Andhra Pradesh,Anantapur,19-12-2024,2024,12,0.00330571,IMD GRID MODEL
Andhra Pradesh,Anantapur,20-12-2024,2024,12,1.070758248,IMD GRID MODEL
Andhra Pradesh,Anantapur,23-12-2024,2024,12,2.01E-06,IMD GRID MODEL
Andhra Pradesh,Anantapur,26-12-2024,2024,12,0.226771627,IMD GRID MODEL
Andhra Pradesh,Anantapur,29-12-2024,2024,12,0,IMD GRID MODEL
Andhra Pradesh,Chittoor,01-01-2024,2024,1,0.307713621,IMD GRID MODEL
Andhra Pradesh,Chittoor,13-01-2024,2024,1,0,IMD GRID MODEL
Andhra Pradesh,Chittoor,17-01-2024,2024,1,0,IMD GRID MODEL
Andhra Pradesh,Chittoor,18-01-2024,2024,1,0,IMD GRID MODEL
Andhra Pradesh,Chittoor,21-01-2024,2024,1,0,IMD GRID MODEL
Andhra Pradesh,Chittoor,01-02-2024,2024,2,0,IMD GRID MODEL
Andhra Pradesh,Chittoor,06-02-2024,2024,2,5.38E-06,IMD GRID MODEL
Andhra Pradesh,Chittoor,08-02-2024,2024,2,0.000363504,IMD GRID MODEL
Andhra Pradesh,Chittoor,10-02-2024,2024,2,0,IMD GRID MODEL
Andhra Pradesh,Chittoor,11-02-2024,2024,2,2.69E-06,IMD GRID MODEL
Andhra Pradesh,Chittoor,13-02-2024,2024,2,0,IMD GRID MODEL
Andhra Pradesh,Chittoor,14-02-2024,2024,2,0,IMD GRID MODEL
Andhra Pradesh,Chittoor,17-02-2024,2024,2,0,IMD GRID MODEL
Andhra Pradesh,Chittoor,22-02-2024,2024,2,0,IMD GRID MODEL
Andhra Pradesh,Chittoor,23-02-2024,2024,2,0,IMD GRID MODEL
Andhra Pradesh,Chittoor,24-02-2024,2024,2,0,IMD GRID MODEL
Andhra Pradesh,Chittoor,03-03-2024,2024,3,0,IMD GRID MODEL
Andhra Pradesh,Chittoor,06-03-2024,2024,3,0,IMD GRID MODEL
Andhra Pradesh,Chittoor,19-03-2024,2024,3,3.65E-05,IMD GRID MODEL
Andhra Pradesh,Chittoor,20-03-2024,2024,3,0,IMD GRID MODEL
Andhra Pradesh,Chittoor,29-03-2024,2024,3,0,IMD GRID MODEL
Andhra Pradesh,Chittoor,04-04-2024,2024,4,0.002802771,IMD GRID MODEL
Andhra Pradesh,Chittoor,06-04-2024,2024,4,7.10E-06,IMD GRID MODEL
Andhra Pradesh,Chittoor,09-04-2024,2024,4,0,IMD GRID MODEL
Andhra Pradesh,Chittoor,13-04-2024,2024,4,0.060094931,IMD GRID MODEL
Andhra Pradesh,Chittoor,16-04-2024,2024,4,0,IMD GRID MODEL
Andhra Pradesh,Chittoor,18-04-2024,2024,4,2.69E-06,IMD GRID MODEL
Andhra Pradesh,Chittoor,24-04-2024,2024,4,0.000197326,IMD GRID MODEL
Andhra Pradesh,Chittoor,25-04-2024,2024,4,0,IMD GRID MODEL
Andhra Pradesh,Chittoor,29-04-2024,2024,4,0.000842794,IMD GRID MODEL
Andhra Pradesh,Chittoor,02-05-2024,2024,5,0,IMD GRID MODEL
Andhra Pradesh,Chittoor,05-05-2024,2024,5,1.924731673,IMD GRID MODEL
Andhra Pradesh,Chittoor,09-05-2024,2024,5,0.019939671,IMD GRID MODEL
Andhra Pradesh,Chittoor,11-05-2024,2024,5,0.168714321,IMD GRID MODEL
Andhra Pradesh,Chittoor,15-05-2024,2024,5,0.281743206,IMD GRID MODEL
Andhra Pradesh,Chittoor,16-05-2024,2024,5,0.895709042,IMD GRID MODEL
Andhra Pradesh,Chittoor,22-05-2024,2024,5,1.702959829,IMD GRID MODEL
Andhra Pradesh,Chittoor,23-05-2024,2024,5,1.138320794,IMD GRID MODEL
Andhra Pradesh,Chittoor,28-05-2024,2024,5,0.122447656,IMD GRID MODEL
Andhra Pradesh,Chittoor,29-05-2024,2024,5,0.44859553,IMD GRID MODEL
Andhra Pradesh,Chittoor,03-06-2024,2024,6,6.162096981,IMD GRID MODEL
Andhra Pradesh,Chittoor,06-06-2024,2024,6,21.43041243,IMD GRID MODEL
Andhra Pradesh,Chittoor,20-06-2024,2024,6,13.67497635,IMD GRID MODEL
Andhra Pradesh,Chittoor,27-06-2024,2024,6,0.674113575,IMD GRID MODEL
Andhra Pradesh,Chittoor,29-06-2024,2024,6,0.099042143,IMD GRID MODEL
Andhra Pradesh,Chittoor,01-07-2024,2024,7,6.388920611,IMD GRID MODEL
Andhra Pradesh,Chittoor,13-07-2024,2024,7,1.140289158,IMD GRID MODEL
Andhra Pradesh,Chittoor,17-07-2024,2024,7,1.874895534,IMD GRID MODEL
Andhra Pradesh,Chittoor,18-07-2024,2024,7,3.386718217,IMD GRID MODEL
Andhra Pradesh,Chittoor,23-07-2024,2024,7,6.96E-05,IMD GRID MODEL
Andhra Pradesh,Chittoor,24-07-2024,2024,7,0.710793645,IMD GRID MODEL
Andhra Pradesh,Chittoor,25-07-2024,2024,7,0.008932931,IMD GRID MODEL
Andhra Pradesh,Chittoor,27-07-2024,2024,7,1.79785908,IMD GRID MODEL
Andhra Pradesh,Chittoor,30-07-2024,2024,7,8.267624047,IMD GRID MODEL
Andhra Pradesh,Chittoor,31-07-2024,2024,7,0.04017967,IMD GRID MODEL
Andhra Pradesh,Chittoor,01-08-2024,2024,8,1.751048167,IMD GRID MODEL
Andhra Pradesh,Chittoor,04-08-2024,2024,8,4.5595312,IMD GRID MODEL
Andhra Pradesh,Chittoor,05-08-2024,2024,8,5.936755562,IMD GRID MODEL
Andhra Pradesh,Chittoor,08-08-2024,2024,8,0.586348162,IMD GRID MODEL
Andhra Pradesh,Chittoor,09-08-2024,2024,8,3.450160682,IMD GRID MODEL
Andhra Pradesh,Chittoor,16-08-2024,2024,8,8.500074699,IMD GRID MODEL
Andhra Pradesh,Chittoor,18-08-2024,2024,8,5.56680934,IMD GRID MODEL
Andhra Pradesh,Chittoor,19-08-2024,2024,8,5.961664083,IMD GRID MODEL
Andhra Pradesh,Chittoor,22-08-2024,2024,8,2.555174343,IMD GRID MODEL
Andhra Pradesh,Chittoor,27-08-2024,2024,8,10.01617199,IMD GRID MODEL
Andhra Pradesh,Chittoor,29-08-2024,2024,8,2.983441823,IMD GRID MODEL
Andhra Pradesh,Chittoor,13-09-2024,2024,9,0.24042666,IMD GRID MODEL
Andhra Pradesh,Chittoor,16-09-2024,2024,9,0.033431747,IMD GRID MODEL
Andhra Pradesh,Chittoor,18-09-2024,2024,9,0.157689138,IMD GRID MODEL
Andhra Pradesh,Chittoor,20-09-2024,2024,9,1.618562865,IMD GRID MODEL
Andhra Pradesh,Chittoor,21-09-2024,2024,9,4.505997024,IMD GRID MODEL
Andhra Pradesh,Chittoor,25-09-2024,2024,9,6.994903251,IMD GRID MODEL
Andhra Pradesh,Chittoor,27-09-2024,2024,9,7.17711803,IMD GRID MODEL
Andhra Pradesh,Chittoor,30-09-2024,2024,9,0.308688241,IMD GRID MODEL
Andhra Pradesh,Chittoor,02-10-2024,2024,10,6.608134458,IMD GRID MODEL
Andhra Pradesh,Chittoor,07-10-2024,2024,10,6.512666399,IMD GRID MODEL
Andhra Pradesh,Chittoor,23-10-2024,2024,10,3.557557235,IMD GRID MODEL
Andhra Pradesh,Chittoor,25-10-2024,2024,10,0,IMD GRID MODEL
Andhra Pradesh,Chittoor,26-10-2024,2024,10,0.218410081,IMD GRID MODEL
Andhra Pradesh,Chittoor,29-10-2024,2024,10,0.003863565,IMD GRID MODEL
Andhra Pradesh,Chittoor,31-10-2024,2024,10,2.224355589,IMD GRID MODEL
Andhra Pradesh,Chittoor,18-11-2024,2024,11,0.400732415,IMD GRID MODEL
Andhra Pradesh,Chittoor,25-11-2024,2024,11,0.037428656,IMD GRID MODEL
Andhra Pradesh,Chittoor,02-12-2024,2024,12,21.72066847,IMD GRID MODEL
Andhra Pradesh,Chittoor,03-12-2024,2024,12,19.90751941,IMD GRID MODEL
Andhra Pradesh,Chittoor,04-12-2024,2024,12,0.909426424,IMD GRID MODEL
Andhra Pradesh,Chittoor,07-12-2024,2024,12,0.03955418,IMD GRID MODEL
Andhra Pradesh,Chittoor,10-12-2024,2024,12,0,IMD GRID MODEL
Andhra Pradesh,Chittoor,19-12-2024,2024,12,0.903266578,IMD GRID MODEL
Andhra Pradesh,Chittoor,20-12-2024,2024,12,1.853557211,IMD GRID MODEL
Andhra Pradesh,Chittoor,23-12-2024,2024,12,0,IMD GRID MODEL
Andhra Pradesh,Chittoor,28-12-2024,2024,12,5.740668538,IMD GRID MODEL
Andhra Pradesh,Chittoor,29-12-2024,2024,12,0.009415758,IMD GRID MODEL
Andhra Pradesh,Chittoor,30-12-2024,2024,12,0,IMD GRID MODEL
Andhra Pradesh,East Godavari,01-01-2024,2024,1,0,IMD GRID MODEL
Andhra Pradesh,East Godavari,02-01-2024,2024,1,0,IMD GRID MODEL
Andhra Pradesh,East Godavari,11-01-2024,2024,1,4.69E-05,IMD GRID MODEL
Andhra Pradesh,East Godavari,16-01-2024,2024,1,0,IMD GRID MODEL
Andhra Pradesh,East Godavari,21-01-2024,2024,1,0,IMD GRID MODEL
Andhra Pradesh,East Godavari,27-01-2024,2024,1,0.08743385,IMD GRID MODEL
Andhra Pradesh,East Godavari,03-02-2024,2024,2,0.070797201,IMD GRID MODEL
Andhra Pradesh,East Godavari,09-02-2024,2024,2,0,IMD GRID MODEL
Andhra Pradesh,East Godavari,12-02-2024,2024,2,0,IMD GRID MODEL
Andhra Pradesh,East Godavari,16-02-2024,2024,2,0.015678639,IMD GRID MODEL
Andhra Pradesh,East Godavari,28-02-2024,2024,2,0,IMD GRID MODEL
Andhra Pradesh,East Godavari,02-03-2024,2024,3,0.013463384,IMD GRID MODEL
Andhra Pradesh,East Godavari,03-03-2024,2024,3,0,IMD GRID MODEL
Andhra Pradesh,East Godavari,05-03-2024,2024,3,0,IMD GRID MODEL
Andhra Pradesh,East Godavari,07-03-2024,2024,3,0,IMD GRID MODEL
Andhra Pradesh,East Godavari,10-03-2024,2024,3,5.04E-06,IMD GRID MODEL
Andhra Pradesh,East Godavari,17-03-2024,2024,3,0.004937087,IMD GRID MODEL
Andhra Pradesh,East Godavari,28-03-2024,2024,3,4.88E-06,IMD GRID MODEL
Andhra Pradesh,East Godavari,29-03-2024,2024,3,0.000107094,IMD GRID MODEL
Andhra Pradesh,East Godavari,06-04-2024,2024,4,0,IMD GRID MODEL
Andhra Pradesh,East Godavari,17-04-2024,2024,4,0,IMD GRID MODEL
Andhra Pradesh,East Godavari,26-04-2024,2024,4,0.282684817,IMD GRID MODEL
Andhra Pradesh,East Godavari,11-05-2024,2024,5,7.00515871,IMD GRID MODEL
Andhra Pradesh,East Godavari,16-05-2024,2024,5,6.342009741,IMD GRID MODEL
Andhra Pradesh,East Godavari,17-05-2024,2024,5,3.416781197,IMD GRID MODEL
Andhra Pradesh,East Godavari,24-05-2024,2024,5,2.57565802,IMD GRID MODEL
Andhra Pradesh,East Godavari,29-05-2024,2024,5,0,IMD GRID MODEL
Andhra Pradesh,East Godavari,04-06-2024,2024,6,0.065199874,IMD GRID MODEL
Andhra Pradesh,East Godavari,06-06-2024,2024,6,21.57743279,IMD GRID MODEL
Andhra Pradesh,East Godavari,14-06-2024,2024,6,0.139807204,IMD GRID MODEL
Andhra Pradesh,East Godavari,16-06-2024,2024,6,1.431804272,IMD GRID MODEL
Andhra Pradesh,East Godavari,18-06-2024,2024,6,0.005909401,IMD GRID MODEL
Andhra Pradesh,East Godavari,21-06-2024,2024,6,0.466672055,IMD GRID MODEL
Andhra Pradesh,East Godavari,29-06-2024,2024,6,8.499372172,IMD GRID MODEL
Andhra Pradesh,East Godavari,24-07-2024,2024,7,5.708553925,IMD GRID MODEL
Andhra Pradesh,East Godavari,02-08-2024,2024,8,7.895227759,IMD GRID MODEL
Andhra Pradesh,East Godavari,03-08-2024,2024,8,5.802311418,IMD GRID MODEL
Andhra Pradesh,East Godavari,04-08-2024,2024,8,11.05937029,IMD GRID MODEL
Andhra Pradesh,East Godavari,05-08-2024,2024,8,3.274363822,IMD GRID MODEL
Andhra Pradesh,East Godavari,08-08-2024,2024,8,35.93628215,IMD GRID MODEL
Andhra Pradesh,East Godavari,11-08-2024,2024,8,3.844582352,IMD GRID MODEL
Andhra Pradesh,East Godavari,15-08-2024,2024,8,3.798406668,IMD GRID MODEL
Andhra Pradesh,East Godavari,23-08-2024,2024,8,13.76877832,IMD GRID MODEL
Andhra Pradesh,East Godavari,01-09-2024,2024,9,5.40961059,IMD GRID MODEL
Andhra Pradesh,East Godavari,02-09-2024,2024,9,1.353231027,IMD GRID MODEL
Andhra Pradesh,East Godavari,07-09-2024,2024,9,16.91482164,IMD GRID MODEL
Andhra Pradesh,East Godavari,08-09-2024,2024,9,0.80115307,IMD GRID MODEL
Andhra Pradesh,East Godavari,12-09-2024,2024,9,1.407392251,IMD GRID MODEL
Andhra Pradesh,East Godavari,17-09-2024,2024,9,0.972143362,IMD GRID MODEL
Andhra Pradesh,East Godavari,18-09-2024,2024,9,0.037485456,IMD GRID MODEL
Andhra Pradesh,East Godavari,22-09-2024,2024,9,10.51059951,IMD GRID MODEL
Andhra Pradesh,East Godavari,04-10-2024,2024,10,0.588699098,IMD GRID MODEL
Andhra Pradesh,East Godavari,08-10-2024,2024,10,4.303070807,IMD GRID MODEL
Andhra Pradesh,East Godavari,14-10-2024,2024,10,6.22284774,IMD GRID MODEL
Andhra Pradesh,East Godavari,19-10-2024,2024,10,9.690238869,IMD GRID MODEL
Andhra Pradesh,East Godavari,27-10-2024,2024,10,0.392350762,IMD GRID MODEL
Andhra Pradesh,East Godavari,28-10-2024,2024,10,0.009472539,IMD GRID MODEL
Andhra Pradesh,East Godavari,06-11-2024,2024,11,0.216644254,IMD GRID MODEL
Andhra Pradesh,East Godavari,09-11-2024,2024,11,0.726064227,IMD GRID MODEL
Andhra Pradesh,East Godavari,12-11-2024,2024,11,0.844683864,IMD GRID MODEL
Andhra Pradesh,East Godavari,14-11-2024,2024,11,0.373778209,IMD GRID MODEL
Andhra Pradesh,East Godavari,24-11-2024,2024,11,0,IMD GRID MODEL
Andhra Pradesh,East Godavari,02-12-2024,2024,12,7.783359399,IMD GRID MODEL
Andhra Pradesh,East Godavari,03-12-2024,2024,12,3.433139726,IMD GRID MODEL
Andhra Pradesh,East Godavari,08-12-2024,2024,12,0,IMD GRID MODEL
Andhra Pradesh,East Godavari,09-12-2024,2024,12,0.016278219,IMD GRID MODEL
Andhra Pradesh,East Godavari,10-12-2024,2024,12,0.000609019,IMD GRID MODEL
Andhra Pradesh,East Godavari,12-12-2024,2024,12,0.005660947,IMD GRID MODEL
Andhra Pradesh,East Godavari,21-12-2024,2024,12,1.174195313,IMD GRID MODEL
Andhra Pradesh,East Godavari,24-12-2024,2024,12,1.007442631,IMD GRID MODEL
Andhra Pradesh,East Godavari,26-12-2024,2024,12,0.19890835,IMD GRID MODEL
Andhra Pradesh,East Godavari,28-12-2024,2024,12,6.23E-08,IMD GRID MODEL
Andhra Pradesh,Guntur,18-01-2024,2024,1,0,IMD GRID MODEL
Andhra Pradesh,Guntur,19-01-2024,2024,1,1.91E-07,IMD GRID MODEL
Andhra Pradesh,Guntur,27-01-2024,2024,1,0.210059781,IMD GRID MODEL
Andhra Pradesh,Guntur,29-01-2024,2024,1,0,IMD GRID MODEL
Andhra Pradesh,Guntur,01-02-2024,2024,2,0,IMD GRID MODEL
Andhra Pradesh,Guntur,02-02-2024,2024,2,0.236020384,IMD GRID MODEL
Andhra Pradesh,Guntur,17-02-2024,2024,2,0,IMD GRID MODEL
Andhra Pradesh,Guntur,18-02-2024,2024,2,0.014031628,IMD GRID MODEL
Andhra Pradesh,Guntur,23-02-2024,2024,2,0,IMD GRID MODEL
Andhra Pradesh,Guntur,24-02-2024,2024,2,0.211756516,IMD GRID MODEL
Andhra Pradesh,Guntur,03-03-2024,2024,3,0,IMD GRID MODEL
Andhra Pradesh,Guntur,10-03-2024,2024,3,0.007094291,IMD GRID MODEL
Andhra Pradesh,Guntur,24-03-2024,2024,3,0,IMD GRID MODEL
Andhra Pradesh,Guntur,29-03-2024,2024,3,0,IMD GRID MODEL
Andhra Pradesh,Guntur,04-04-2024,2024,4,0,IMD GRID MODEL
Andhra Pradesh,Guntur,14-04-2024,2024,4,0.01696648,IMD GRID MODEL
Andhra Pradesh,Guntur,20-04-2024,2024,4,0.807728216,IMD GRID MODEL
Andhra Pradesh,Guntur,22-04-2024,2024,4,0.028927906,IMD GRID MODEL
Andhra Pradesh,Guntur,23-04-2024,2024,4,0.000219735,IMD GRID MODEL
Andhra Pradesh,Guntur,28-04-2024,2024,4,0,IMD GRID MODEL
Andhra Pradesh,Guntur,04-05-2024,2024,5,0.001180087,IMD GRID MODEL
Andhra Pradesh,Guntur,06-05-2024,2024,5,0.837531102,IMD GRID MODEL
Andhra Pradesh,Guntur,08-05-2024,2024,5,25.16373006,IMD GRID MODEL
Andhra Pradesh,Guntur,09-05-2024,2024,5,0,IMD GRID MODEL
Andhra Pradesh,Guntur,10-05-2024,2024,5,2.139937441,IMD GRID MODEL
Andhra Pradesh,Guntur,12-05-2024,2024,5,0.037763586,IMD GRID MODEL
Andhra Pradesh,Guntur,14-05-2024,2024,5,1.548128688,IMD GRID MODEL
Andhra Pradesh,Guntur,27-05-2024,2024,5,0,IMD GRID MODEL
Andhra Pradesh,Guntur,28-05-2024,2024,5,0,IMD GRID MODEL
Andhra Pradesh,Guntur,29-05-2024,2024,5,0,IMD GRID MODEL
Andhra Pradesh,Guntur,01-06-2024,2024,6,0.007895852,IMD GRID MODEL
Andhra Pradesh,Guntur,07-06-2024,2024,6,6.237988343,IMD GRID MODEL
Andhra Pradesh,Guntur,14-06-2024,2024,6,6.878329429,IMD GRID MODEL
Andhra Pradesh,Guntur,18-06-2024,2024,6,3.817212065,IMD GRID MODEL
Andhra Pradesh,Guntur,23-06-2024,2024,6,1.004091974,IMD GRID MODEL
Andhra Pradesh,Guntur,02-07-2024,2024,7,1.28378551,IMD GRID MODEL
Andhra Pradesh,Guntur,04-07-2024,2024,7,0.409594114,IMD GRID MODEL
Andhra Pradesh,Guntur,07-07-2024,2024,7,2.248394546,IMD GRID MODEL
Andhra Pradesh,Guntur,08-07-2024,2024,7,0.603424778,IMD GRID MODEL
Andhra Pradesh,Guntur,14-07-2024,2024,7,0.364756111,IMD GRID MODEL
Andhra Pradesh,Guntur,15-07-2024,2024,7,2.613759355,IMD GRID MODEL
Andhra Pradesh,Guntur,19-07-2024,2024,7,20.52876578,IMD GRID MODEL
Andhra Pradesh,Guntur,20-07-2024,2024,7,38.67179729,IMD GRID MODEL
Andhra Pradesh,Guntur,21-07-2024,2024,7,9.548247334,IMD GRID MODEL
Andhra Pradesh,Guntur,29-07-2024,2024,7,2.73948713,IMD GRID MODEL
Andhra Pradesh,Guntur,31-07-2024,2024,7,11.78628951,IMD GRID MODEL
Andhra Pradesh,Guntur,01-08-2024,2024,8,5.704836652,IMD GRID MODEL
Andhra Pradesh,Guntur,02-08-2024,2024,8,2.75641898,IMD GRID MODEL
Andhra Pradesh,Guntur,04-08-2024,2024,8,3.647981624,IMD GRID MODEL
Andhra Pradesh,Guntur,15-08-2024,2024,8,3.505497273,IMD GRID MODEL
Andhra Pradesh,Guntur,23-08-2024,2024,8,6.728311137,IMD GRID MODEL
Andhra Pradesh,Guntur,06-09-2024,2024,9,13.80449652,IMD GRID MODEL
Andhra Pradesh,Guntur,14-09-2024,2024,9,0.104851566,IMD GRID MODEL
Andhra Pradesh,Guntur,25-09-2024,2024,9,9.598022132,IMD GRID MODEL
Andhra Pradesh,Guntur,11-10-2024,2024,10,19.79018113,IMD GRID MODEL
Andhra Pradesh,Guntur,15-10-2024,2024,10,9.591420982,IMD GRID MODEL
Andhra Pradesh,Guntur,16-10-2024,2024,10,11.38327712,IMD GRID MODEL
Andhra Pradesh,Guntur,19-10-2024,2024,10,9.881864131,IMD GRID MODEL
Andhra Pradesh,Guntur,20-10-2024,2024,10,15.46328584,IMD GRID MODEL
Andhra Pradesh,Guntur,23-10-2024,2024,10,1.802193711,IMD GRID MODEL
Andhra Pradesh,Guntur,28-10-2024,2024,10,0,IMD GRID MODEL
Andhra Pradesh,Guntur,30-10-2024,2024,10,0.000736859,IMD GRID MODEL
Andhra Pradesh,Guntur,03-11-2024,2024,11,0.921818968,IMD GRID MODEL
Andhra Pradesh,Guntur,13-11-2024,2024,11,1.555297221,IMD GRID MODEL
Andhra Pradesh,Guntur,15-11-2024,2024,11,1.137689124,IMD GRID MODEL
Andhra Pradesh,Guntur,16-11-2024,2024,11,0.007261353,IMD GRID MODEL
Andhra Pradesh,Guntur,17-11-2024,2024,11,2.72E-08,IMD GRID MODEL
Andhra Pradesh,Guntur,18-11-2024,2024,11,3.75E-06,IMD GRID MODEL
Andhra Pradesh,Guntur,20-11-2024,2024,11,0,IMD GRID MODEL
Andhra Pradesh,Guntur,01-12-2024,2024,12,2.278809977,IMD GRID MODEL
Andhra Pradesh,Vizianagaram,01-08-2024,2024,8,5.509701812,IMD GRID MODEL
Andhra Pradesh,Vizianagaram,04-08-2024,2024,8,4.93482479,IMD GRID MODEL
Andhra Pradesh,Vizianagaram,10-08-2024,2024,8,3.982997792,IMD GRID MODEL
Andhra Pradesh,Vizianagaram,11-08-2024,2024,8,2.221417223,IMD GRID MODEL
Andhra Pradesh,Vizianagaram,14-08-2024,2024,8,12.93713396,IMD GRID MODEL
Andhra Pradesh,Vizianagaram,15-08-2024,2024,8,7.665510929,IMD GRID MODEL
Andhra Pradesh,Vizianagaram,18-08-2024,2024,8,6.933808137,IMD GRID MODEL
Andhra Pradesh,Vizianagaram,19-08-2024,2024,8,5.485569012,IMD GRID MODEL
Andhra Pradesh,Vizianagaram,22-08-2024,2024,8,11.08266356,IMD GRID MODEL
Andhra Pradesh,Vizianagaram,12-09-2024,2024,9,0.617829275,IMD GRID MODEL
Andhra Pradesh,Vizianagaram,14-09-2024,2024,9,5.95276547,IMD GRID MODEL
Andhra Pradesh,Vizianagaram,16-09-2024,2024,9,1.371649791,IMD GRID MODEL
Andhra Pradesh,Vizianagaram,18-09-2024,2024,9,4.213992272,IMD GRID MODEL
Andhra Pradesh,Vizianagaram,23-09-2024,2024,9,17.79615552,IMD GRID MODEL
Andhra Pradesh,Vizianagaram,25-09-2024,2024,9,10.98318508,IMD GRID MODEL
Andhra Pradesh,Vizianagaram,28-09-2024,2024,9,4.21244799,IMD GRID MODEL
Andhra Pradesh,Vizianagaram,04-10-2024,2024,10,0.087557926,IMD GRID MODEL
Andhra Pradesh,Vizianagaram,12-10-2024,2024,10,0.267769752,IMD GRID MODEL
Andhra Pradesh,Vizianagaram,17-10-2024,2024,10,8.032294947,IMD GRID MODEL
Andhra Pradesh,Vizianagaram,28-10-2024,2024,10,11.17178639,IMD GRID MODEL
Andhra Pradesh,Vizianagaram,29-10-2024,2024,10,0.336056502,IMD GRID MODEL
Andhra Pradesh,Vizianagaram,31-10-2024,2024,10,0.002148363,IMD GRID MODEL
Andhra Pradesh,Vizianagaram,02-11-2024,2024,11,4.890935765,IMD GRID MODEL
Andhra Pradesh,Vizianagaram,03-11-2024,2024,11,0.002504283,IMD GRID MODEL
Andhra Pradesh,Vizianagaram,06-11-2024,2024,11,0.183820561,IMD GRID MODEL
Andhra Pradesh,Vizianagaram,11-11-2024,2024,11,0.770107474,IMD GRID MODEL
Andhra Pradesh,Vizianagaram,13-11-2024,2024,11,0.014283266,IMD GRID MODEL
Andhra Pradesh,Vizianagaram,16-11-2024,2024,11,8.21E-05,IMD GRID MODEL
Andhra Pradesh,Vizianagaram,17-11-2024,2024,11,0,IMD GRID MODEL
Andhra Pradesh,Vizianagaram,20-11-2024,2024,11,0,IMD GRID MODEL
Andhra Pradesh,Vizianagaram,24-11-2024,2024,11,0,IMD GRID MODEL
Andhra Pradesh,Vizianagaram,26-11-2024,2024,11,0,IMD GRID MODEL
Andhra Pradesh,Vizianagaram,30-11-2024,2024,11,7.369922571,IMD GRID MODEL
Andhra Pradesh,Vizianagaram,11-12-2024,2024,12,0.010622687,IMD GRID MODEL
Andhra Pradesh,Vizianagaram,12-12-2024,2024,12,0,IMD GRID MODEL
Andhra Pradesh,Vizianagaram,24-12-2024,2024,12,2.647625233,IMD GRID MODEL
Andhra Pradesh,Vizianagaram,26-12-2024,2024,12,7.462830199,IMD GRID MODEL
Andhra Pradesh,Vizianagaram,31-12-2024,2024,12,0.000291766,IMD GRID MODEL
Andhra Pradesh,West Godavari,01-01-2024,2024,1,0,IMD GRID MODEL
Andhra Pradesh,West Godavari,04-01-2024,2024,1,0,IMD GRID MODEL
Andhra Pradesh,West Godavari,08-01-2024,2024,1,0.000236712,IMD GRID MODEL
Andhra Pradesh,West Godavari,15-01-2024,2024,1,0.103235611,IMD GRID MODEL
Andhra Pradesh,West Godavari,30-01-2024,2024,1,0.0001523,IMD GRID MODEL
Andhra Pradesh,West Godavari,03-02-2024,2024,2,0.041925159,IMD GRID MODEL
Andhra Pradesh,West Godavari,09-02-2024,2024,2,0,IMD GRID MODEL
Andhra Pradesh,West Godavari,11-02-2024,2024,2,0,IMD GRID MODEL
Andhra Pradesh,West Godavari,28-02-2024,2024,2,0,IMD GRID MODEL
Andhra Pradesh,West Godavari,29-02-2024,2024,2,0,IMD GRID MODEL
Andhra Pradesh,West Godavari,01-03-2024,2024,3,0.001550286,IMD GRID MODEL
Andhra Pradesh,West Godavari,02-03-2024,2024,3,0.000630136,IMD GRID MODEL
Andhra Pradesh,West Godavari,03-03-2024,2024,3,0,IMD GRID MODEL
Andhra Pradesh,West Godavari,10-03-2024,2024,3,1.20E-05,IMD GRID MODEL
Andhra Pradesh,West Godavari,11-03-2024,2024,3,1.17694263,IMD GRID MODEL
Andhra Pradesh,West Godavari,23-03-2024,2024,3,0,IMD GRID MODEL
Andhra Pradesh,West Godavari,30-03-2024,2024,3,0,IMD GRID MODEL
Andhra Pradesh,West Godavari,03-04-2024,2024,4,1.94E-06,IMD GRID MODEL
Andhra Pradesh,West Godavari,13-04-2024,2024,4,0.014636366,IMD GRID MODEL
Andhra Pradesh,West Godavari,14-04-2024,2024,4,0.028262878,IMD GRID MODEL
Andhra Pradesh,West Godavari,15-04-2024,2024,4,0,IMD GRID MODEL
Andhra Pradesh,West Godavari,21-04-2024,2024,4,8.00E-05,IMD GRID MODEL
Andhra Pradesh,West Godavari,23-04-2024,2024,4,0,IMD GRID MODEL
Andhra Pradesh,West Godavari,26-04-2024,2024,4,0.019547553,IMD GRID MODEL
Andhra Pradesh,West Godavari,29-04-2024,2024,4,0,IMD GRID MODEL
Andhra Pradesh,West Godavari,30-04-2024,2024,4,0.000419475,IMD GRID MODEL
Andhra Pradesh,West Godavari,04-05-2024,2024,5,1.451045526,IMD GRID MODEL
Andhra Pradesh,West Godavari,05-05-2024,2024,5,1.120882265,IMD GRID MODEL
Andhra Pradesh,West Godavari,19-05-2024,2024,5,2.372094373,IMD GRID MODEL
Andhra Pradesh,West Godavari,22-05-2024,2024,5,0.868680316,IMD GRID MODEL
Andhra Pradesh,West Godavari,07-06-2024,2024,6,8.375780482,IMD GRID MODEL
Andhra Pradesh,West Godavari,10-06-2024,2024,6,0.002529728,IMD GRID MODEL
Andhra Pradesh,West Godavari,16-06-2024,2024,6,0.661450159,IMD GRID MODEL
Andhra Pradesh,West Godavari,17-06-2024,2024,6,2.354254318,IMD GRID MODEL
Andhra Pradesh,West Godavari,20-06-2024,2024,6,7.663043061,IMD GRID MODEL
Andhra Pradesh,West Godavari,23-06-2024,2024,6,47.15044835,IMD GRID MODEL
Andhra Pradesh,West Godavari,28-06-2024,2024,6,12.40701355,IMD GRID MODEL
Andhra Pradesh,West Godavari,29-06-2024,2024,6,10.55620333,IMD GRID MODEL
Andhra Pradesh,West Godavari,01-07-2024,2024,7,11.42212046,IMD GRID MODEL
Andhra Pradesh,West Godavari,06-07-2024,2024,7,14.23958215,IMD GRID MODEL
Andhra Pradesh,West Godavari,08-07-2024,2024,7,2.675034676,IMD GRID MODEL
Andhra Pradesh,West Godavari,16-07-2024,2024,7,1.22666994,IMD GRID MODEL
Andhra Pradesh,West Godavari,17-07-2024,2024,7,6.218872897,IMD GRID MODEL
Andhra Pradesh,West Godavari,20-07-2024,2024,7,52.88077686,IMD GRID MODEL
Andhra Pradesh,West Godavari,25-07-2024,2024,7,0.033693919,IMD GRID MODEL
Andhra Pradesh,West Godavari,08-08-2024,2024,8,37.69659968,IMD GRID MODEL
Andhra Pradesh,West Godavari,10-08-2024,2024,8,6.877604433,IMD GRID MODEL
Andhra Pradesh,West Godavari,13-08-2024,2024,8,0.75414644,IMD GRID MODEL
Andhra Pradesh,West Godavari,17-08-2024,2024,8,4.031661165,IMD GRID MODEL
Andhra Pradesh,West Godavari,18-08-2024,2024,8,4.182974849,IMD GRID MODEL
Andhra Pradesh,West Godavari,21-08-2024,2024,8,7.391134285,IMD GRID MODEL
Andhra Pradesh,West Godavari,28-08-2024,2024,8,10.69703942,IMD GRID MODEL
Andhra Pradesh,West Godavari,30-08-2024,2024,8,49.344171,IMD GRID MODEL
Andhra Pradesh,West Godavari,03-09-2024,2024,9,9.357402555,IMD GRID MODEL
Andhra Pradesh,West Godavari,07-09-2024,2024,9,17.42167296,IMD GRID MODEL
Andhra Pradesh,West Godavari,21-09-2024,2024,9,8.456859707,IMD GRID MODEL
Andhra Pradesh,West Godavari,23-09-2024,2024,9,16.2913688,IMD GRID MODEL
Andhra Pradesh,West Godavari,24-09-2024,2024,9,17.99849408,IMD GRID MODEL
Andhra Pradesh,West Godavari,28-09-2024,2024,9,8.882471929,IMD GRID MODEL
Andhra Pradesh,West Godavari,02-10-2024,2024,10,6.552370767,IMD GRID MODEL
Andhra Pradesh,West Godavari,03-10-2024,2024,10,1.299901036,IMD GRID MODEL
Andhra Pradesh,West Godavari,07-10-2024,2024,10,7.537830963,IMD GRID MODEL
Andhra Pradesh,West Godavari,10-10-2024,2024,10,9.596827036,IMD GRID MODEL
Andhra Pradesh,West Godavari,20-10-2024,2024,10,8.192861635,IMD GRID MODEL
Andhra Pradesh,West Godavari,23-10-2024,2024,10,3.75090173,IMD GRID MODEL
Andhra Pradesh,West Godavari,31-10-2024,2024,10,6.200997221,IMD GRID MODEL
Andhra Pradesh,West Godavari,03-11-2024,2024,11,0.830771149,IMD GRID MODEL
Andhra Pradesh,West Godavari,04-11-2024,2024,11,0.604307144,IMD GRID MODEL
Andhra Pradesh,West Godavari,17-11-2024,2024,11,0,IMD GRID MODEL
Andhra Pradesh,West Godavari,21-11-2024,2024,11,0,IMD GRID MODEL
Andhra Pradesh,West Godavari,23-11-2024,2024,11,0,IMD GRID MODEL
Andhra Pradesh,West Godavari,06-12-2024,2024,12,0.008305522,IMD GRID MODEL
Andhra Pradesh,West Godavari,22-12-2024,2024,12,0,IMD GRID MODEL
Andhra Pradesh,West Godavari,27-12-2024,2024,12,3.60E-05,IMD GRID MODEL
Andhra Pradesh,West Godavari,31-12-2024,2024,12,0.001211003,IMD GRID MODEL
Andhra Pradesh,Y.S.R.,11-01-2024,2024,1,0.000591111,IMD GRID MODEL
Andhra Pradesh,Y.S.R.,16-01-2024,2024,1,0,IMD GRID MODEL
Andhra Pradesh,Y.S.R.,18-01-2024,2024,1,0,IMD GRID MODEL
Andhra Pradesh,Y.S.R.,20-01-2024,2024,1,0.010853433,IMD GRID MODEL
Andhra Pradesh,Y.S.R.,28-01-2024,2024,1,0,IMD GRID MODEL
Andhra Pradesh,Y.S.R.,05-02-2024,2024,2,0,IMD GRID MODEL
Andhra Pradesh,Y.S.R.,10-02-2024,2024,2,0,IMD GRID MODEL
Andhra Pradesh,Y.S.R.,26-02-2024,2024,2,0,IMD GRID MODEL
Andhra Pradesh,Y.S.R.,27-02-2024,2024,2,0,IMD GRID MODEL
Andhra Pradesh,Y.S.R.,07-03-2024,2024,3,0.000704787,IMD GRID MODEL
Andhra Pradesh,Y.S.R.,13-03-2024,2024,3,0,IMD GRID MODEL
Andhra Pradesh,Y.S.R.,14-03-2024,2024,3,0.034848349,IMD GRID MODEL
Andhra Pradesh,Y.S.R.,16-03-2024,2024,3,0,IMD GRID MODEL
Andhra Pradesh,Y.S.R.,18-03-2024,2024,3,0,IMD GRID MODEL
Andhra Pradesh,Y.S.R.,01-04-2024,2024,4,0.067504963,IMD GRID MODEL
Andhra Pradesh,Y.S.R.,10-04-2024,2024,4,0,IMD GRID MODEL
Andhra Pradesh,Y.S.R.,12-04-2024,2024,4,0.146783055,IMD GRID MODEL
Andhra Pradesh,Y.S.R.,15-04-2024,2024,4,0,IMD GRID MODEL
Andhra Pradesh,Y.S.R.,16-04-2024,2024,4,0,IMD GRID MODEL
Andhra Pradesh,Y.S.R.,17-04-2024,2024,4,0,IMD GRID MODEL
Andhra Pradesh,Y.S.R.,19-04-2024,2024,4,0.010400685,IMD GRID MODEL
Andhra Pradesh,Y.S.R.,25-04-2024,2024,4,0,IMD GRID MODEL
Andhra Pradesh,Y.S.R.,01-05-2024,2024,5,0.002037464,IMD GRID MODEL
Andhra Pradesh,Y.S.R.,09-05-2024,2024,5,0.002109864,IMD GRID MODEL
Andhra Pradesh,Y.S.R.,12-05-2024,2024,5,0.197950741,IMD GRID MODEL
Andhra Pradesh,Y.S.R.,14-05-2024,2024,5,3.792541726,IMD GRID MODEL
Andhra Pradesh,Y.S.R.,16-05-2024,2024,5,0.037778838,IMD GRID MODEL
Andhra Pradesh,Y.S.R.,21-05-2024,2024,5,3.467244381,IMD GRID MODEL
Andhra Pradesh,Y.S.R.,27-05-2024,2024,5,0.091319571,IMD GRID MODEL
Andhra Pradesh,Y.S.R.,29-05-2024,2024,5,0.075260407,IMD GRID MODEL
Andhra Pradesh,Y.S.R.,01-06-2024,2024,6,0,IMD GRID MODEL
Andhra Pradesh,Y.S.R.,07-06-2024,2024,6,6.280433135,IMD GRID MODEL
Andhra Pradesh,Y.S.R.,09-06-2024,2024,6,5.918904469,IMD GRID MODEL
Andhra Pradesh,Y.S.R.,10-06-2024,2024,6,2.173550693,IMD GRID MODEL
Andhra Pradesh,Y.S.R.,14-06-2024,2024,6,1.781521127,IMD GRID MODEL
Andhra Pradesh,Y.S.R.,17-06-2024,2024,6,0.008818889,IMD GRID MODEL
Andhra Pradesh,Y.S.R.,22-06-2024,2024,6,0.797161072,IMD GRID MODEL
Andhra Pradesh,Y.S.R.,23-06-2024,2024,6,2.899003715,IMD GRID MODEL
Andhra Pradesh,Y.S.R.,28-06-2024,2024,6,0.889800799,IMD GRID MODEL
Andhra Pradesh,Y.S.R.,29-06-2024,2024,6,0.614759318,IMD GRID MODEL
Andhra Pradesh,Y.S.R.,30-06-2024,2024,6,2.132626175,IMD GRID MODEL
Andhra Pradesh,Y.S.R.,07-07-2024,2024,7,2.348019629,IMD GRID MODEL
Andhra Pradesh,Y.S.R.,08-07-2024,2024,7,1.848675208,IMD GRID MODEL
Andhra Pradesh,Y.S.R.,15-07-2024,2024,7,6.914077872,IMD GRID MODEL
Andhra Pradesh,Y.S.R.,16-07-2024,2024,7,1.085060799,IMD GRID MODEL
Andhra Pradesh,Y.S.R.,20-07-2024,2024,7,11.00277457,IMD GRID MODEL
Andhra Pradesh,Y.S.R.,21-07-2024,2024,7,1.366642177,IMD GRID MODEL
Andhra Pradesh,Y.S.R.,29-07-2024,2024,7,0.019590741,IMD GRID MODEL
Andhra Pradesh,Y.S.R.,01-08-2024,2024,8,0.448481425,IMD GRID MODEL
Andhra Pradesh,Y.S.R.,02-08-2024,2024,8,0.440790768,IMD GRID MODEL
Andhra Pradesh,Y.S.R.,04-08-2024,2024,8,1.721328619,IMD GRID MODEL
Andhra Pradesh,Y.S.R.,06-08-2024,2024,8,0.543854685,IMD GRID MODEL
Andhra Pradesh,Y.S.R.,08-08-2024,2024,8,2.031943484,IMD GRID MODEL
Andhra Pradesh,Y.S.R.,11-08-2024,2024,8,0.477206761,IMD GRID MODEL
Andhra Pradesh,Y.S.R.,19-08-2024,2024,8,2.588126923,IMD GRID MODEL
Andhra Pradesh,Y.S.R.,25-08-2024,2024,8,0.127592181,IMD GRID MODEL
Andhra Pradesh,Y.S.R.,30-08-2024,2024,8,16.56976094,IMD GRID MODEL
Andhra Pradesh,Y.S.R.,02-09-2024,2024,9,1.671526502,IMD GRID MODEL
Andhra Pradesh,Y.S.R.,05-09-2024,2024,9,2.420765134,IMD GRID MODEL
Andhra Pradesh,Y.S.R.,14-09-2024,2024,9,0.030348117,IMD GRID MODEL
Andhra Pradesh,Y.S.R.,15-09-2024,2024,9,0,IMD GRID MODEL
Andhra Pradesh,Y.S.R.,23-09-2024,2024,9,14.77830041,IMD GRID MODEL
Andhra Pradesh,Y.S.R.,26-09-2024,2024,9,5.494064972,IMD GRID MODEL
Andhra Pradesh,Y.S.R.,04-10-2024,2024,10,9.554113757,IMD GRID MODEL
Andhra Pradesh,Y.S.R.,17-10-2024,2024,10,10.52340771,IMD GRID MODEL
Andhra Pradesh,Y.S.R.,25-10-2024,2024,10,0,IMD GRID MODEL
Andhra Pradesh,Y.S.R.,28-10-2024,2024,10,0,IMD GRID MODEL
Andhra Pradesh,Y.S.R.,01-11-2024,2024,11,0.022943251,IMD GRID MODEL
Andhra Pradesh,Y.S.R.,08-11-2024,2024,11,3.9252799,IMD GRID MODEL
Andhra Pradesh,Y.S.R.,09-11-2024,2024,11,1.369056968,IMD GRID MODEL
Andhra Pradesh,Y.S.R.,12-11-2024,2024,11,0.69546957,IMD GRID MODEL
Andhra Pradesh,Y.S.R.,18-11-2024,2024,11,1.510104344,IMD GRID MODEL
Andhra Pradesh,Y.S.R.,14-12-2024,2024,12,0.178238478,IMD GRID MODEL
Andhra Pradesh,Y.S.R.,17-12-2024,2024,12,0.001251536,IMD GRID MODEL
Andhra Pradesh,Kurnool,18-05-2024,2024,5,10.80966045,IMD GRID MODEL
Andhra Pradesh,Kurnool,21-05-2024,2024,5,2.018402225,IMD GRID MODEL
Andhra Pradesh,Kurnool,24-05-2024,2024,5,0.102542185,IMD GRID MODEL
Andhra Pradesh,Kurnool,26-05-2024,2024,5,0.139175197,IMD GRID MODEL
Andhra Pradesh,Kurnool,30-05-2024,2024,5,0,IMD GRID MODEL
Andhra Pradesh,Kurnool,31-05-2024,2024,5,0,IMD GRID MODEL
Andhra Pradesh,Kurnool,06-06-2024,2024,6,15.15140839,IMD GRID MODEL
Andhra Pradesh,Kurnool,10-06-2024,2024,6,3.008908248,IMD GRID MODEL
Andhra Pradesh,Kurnool,17-06-2024,2024,6,0.005005478,IMD GRID MODEL
Andhra Pradesh,Kurnool,23-06-2024,2024,6,0.74006108,IMD GRID MODEL
Andhra Pradesh,Kurnool,29-06-2024,2024,6,0.200946483,IMD GRID MODEL
Andhra Pradesh,Kurnool,30-06-2024,2024,6,1.310258506,IMD GRID MODEL
Andhra Pradesh,Kurnool,05-07-2024,2024,7,0.137034121,IMD GRID MODEL
Andhra Pradesh,Kurnool,06-07-2024,2024,7,2.306707903,IMD GRID MODEL
Andhra Pradesh,Kurnool,07-07-2024,2024,7,0.799219829,IMD GRID MODEL
Andhra Pradesh,Kurnool,09-07-2024,2024,7,11.72129557,IMD GRID MODEL
Andhra Pradesh,Kurnool,15-07-2024,2024,7,6.510613197,IMD GRID MODEL
Andhra Pradesh,Kurnool,16-07-2024,2024,7,6.604418216,IMD GRID MODEL
Andhra Pradesh,Kurnool,18-07-2024,2024,7,0.576971685,IMD GRID MODEL
Andhra Pradesh,Kurnool,29-07-2024,2024,7,0.133059953,IMD GRID MODEL
Andhra Pradesh,Kurnool,07-08-2024,2024,8,22.81650194,IMD GRID MODEL
Andhra Pradesh,Kurnool,12-08-2024,2024,8,3.123331956,IMD GRID MODEL
Andhra Pradesh,Kurnool,18-08-2024,2024,8,2.965991089,IMD GRID MODEL
Andhra Pradesh,Kurnool,19-08-2024,2024,8,2.292205945,IMD GRID MODEL
Andhra Pradesh,Kurnool,21-08-2024,2024,8,8.602623702,IMD GRID MODEL
Andhra Pradesh,Kurnool,28-08-2024,2024,8,0.242425138,IMD GRID MODEL
Andhra Pradesh,Kurnool,06-09-2024,2024,9,4.405616831,IMD GRID MODEL
Andhra Pradesh,Kurnool,07-09-2024,2024,9,2.166251246,IMD GRID MODEL
Andhra Pradesh,Kurnool,24-09-2024,2024,9,7.671731113,IMD GRID MODEL
Andhra Pradesh,Kurnool,30-09-2024,2024,9,0.835248242,IMD GRID MODEL
Andhra Pradesh,Kurnool,08-10-2024,2024,10,0.081553318,IMD GRID MODEL
Andhra Pradesh,Kurnool,09-10-2024,2024,10,0.4696714,IMD GRID MODEL
Andhra Pradesh,Kurnool,23-10-2024,2024,10,1.774414897,IMD GRID MODEL
Andhra Pradesh,Kurnool,28-10-2024,2024,10,0,IMD GRID MODEL
Andhra Pradesh,Kurnool,30-10-2024,2024,10,0.00016929,IMD GRID MODEL
Andhra Pradesh,Kurnool,05-11-2024,2024,11,-0.006689433,IMD GRID MODEL
Andhra Pradesh,Kurnool,07-11-2024,2024,11,0.634274812,IMD GRID MODEL
Andhra Pradesh,Kurnool,09-11-2024,2024,11,0.298943304,IMD GRID MODEL
Andhra Pradesh,Kurnool,10-11-2024,2024,11,0.223657545,IMD GRID MODEL
Andhra Pradesh,Kurnool,23-11-2024,2024,11,0,IMD GRID MODEL
Andhra Pradesh,Kurnool,25-11-2024,2024,11,0.041634382,IMD GRID MODEL
Andhra Pradesh,Kurnool,26-11-2024,2024,11,0.011506135,IMD GRID MODEL
Andhra Pradesh,Kurnool,28-11-2024,2024,11,0,IMD GRID MODEL
Andhra Pradesh,Kurnool,02-12-2024,2024,12,0.695859405,IMD GRID MODEL
Andhra Pradesh,Kurnool,04-12-2024,2024,12,2.661986908,IMD GRID MODEL
Andhra Pradesh,Kurnool,06-12-2024,2024,12,2.565174518,IMD GRID MODEL
Andhra Pradesh,Kurnool,07-12-2024,2024,12,0.272288613,IMD GRID MODEL
Andhra Pradesh,Kurnool,09-12-2024,2024,12,0.016758985,IMD GRID MODEL
Andhra Pradesh,Kurnool,14-12-2024,2024,12,0,IMD GRID MODEL
Andhra Pradesh,Kurnool,16-12-2024,2024,12,0.000538268,IMD GRID MODEL
Andhra Pradesh,Kurnool,29-12-2024,2024,12,0,IMD GRID MODEL
Andhra Pradesh,Prakasam,01-01-2024,2024,1,0.040416137,IMD GRID MODEL
Andhra Pradesh,Prakasam,04-01-2024,2024,1,0.020546184,IMD GRID MODEL
Andhra Pradesh,Prakasam,06-01-2024,2024,1,0,IMD GRID MODEL
Andhra Pradesh,Prakasam,07-01-2024,2024,1,0,IMD GRID MODEL
Andhra Pradesh,Prakasam,08-01-2024,2024,1,0.009434751,IMD GRID MODEL
Andhra Pradesh,Prakasam,19-01-2024,2024,1,0,IMD GRID MODEL
Andhra Pradesh,Prakasam,22-01-2024,2024,1,0,IMD GRID MODEL
Andhra Pradesh,Prakasam,30-01-2024,2024,1,0,IMD GRID MODEL
Andhra Pradesh,Prakasam,31-01-2024,2024,1,0,IMD GRID MODEL
Andhra Pradesh,Prakasam,10-02-2024,2024,2,0,IMD GRID MODEL
Andhra Pradesh,Prakasam,11-02-2024,2024,2,0,IMD GRID MODEL
Andhra Pradesh,Prakasam,15-02-2024,2024,2,0,IMD GRID MODEL
Andhra Pradesh,Prakasam,09-03-2024,2024,3,0,IMD GRID MODEL
Andhra Pradesh,Prakasam,11-03-2024,2024,3,0,IMD GRID MODEL
Andhra Pradesh,Prakasam,17-03-2024,2024,3,0,IMD GRID MODEL
Andhra Pradesh,Prakasam,23-03-2024,2024,3,0,IMD GRID MODEL
Andhra Pradesh,Prakasam,25-03-2024,2024,3,0,IMD GRID MODEL
Andhra Pradesh,Prakasam,05-04-2024,2024,4,0,IMD GRID MODEL
Andhra Pradesh,Prakasam,09-04-2024,2024,4,0,IMD GRID MODEL
Andhra Pradesh,Prakasam,17-04-2024,2024,4,0,IMD GRID MODEL
Andhra Pradesh,Prakasam,19-04-2024,2024,4,0.016650205,IMD GRID MODEL
Andhra Pradesh,Prakasam,22-04-2024,2024,4,0.0156299,IMD GRID MODEL
Andhra Pradesh,Prakasam,28-04-2024,2024,4,0,IMD GRID MODEL
Andhra Pradesh,Prakasam,07-05-2024,2024,5,3.332285848,IMD GRID MODEL
Andhra Pradesh,Prakasam,14-05-2024,2024,5,4.808512203,IMD GRID MODEL
Andhra Pradesh,Prakasam,20-05-2024,2024,5,1.421620463,IMD GRID MODEL
Andhra Pradesh,Prakasam,27-05-2024,2024,5,-0.004033332,IMD GRID MODEL
Andhra Pradesh,Prakasam,07-06-2024,2024,6,5.797073519,IMD GRID MODEL
Andhra Pradesh,Prakasam,10-06-2024,2024,6,2.847063681,IMD GRID MODEL
Andhra Pradesh,Prakasam,12-06-2024,2024,6,3.847928492,IMD GRID MODEL
Andhra Pradesh,Prakasam,17-06-2024,2024,6,0.038675354,IMD GRID MODEL
Andhra Pradesh,Prakasam,24-06-2024,2024,6,0.238245421,IMD GRID MODEL
Andhra Pradesh,Prakasam,28-06-2024,2024,6,9.602963888,IMD GRID MODEL
Andhra Pradesh,Prakasam,01-07-2024,2024,7,21.57448396,IMD GRID MODEL
Andhra Pradesh,Prakasam,22-07-2024,2024,7,7.891756113,IMD GRID MODEL
Andhra Pradesh,Prakasam,24-07-2024,2024,7,1.625232035,IMD GRID MODEL
Andhra Pradesh,Prakasam,28-07-2024,2024,7,0.426145342,IMD GRID MODEL
Andhra Pradesh,Prakasam,29-07-2024,2024,7,0.119701336,IMD GRID MODEL
Andhra Pradesh,Prakasam,03-08-2024,2024,8,0.59853421,IMD GRID MODEL
Andhra Pradesh,Prakasam,07-08-2024,2024,8,10.46008353,IMD GRID MODEL
Andhra Pradesh,Prakasam,14-08-2024,2024,8,1.729973839,IMD GRID MODEL
Andhra Pradesh,Prakasam,21-08-2024,2024,8,9.617966837,IMD GRID MODEL
Andhra Pradesh,Prakasam,23-08-2024,2024,8,4.432965586,IMD GRID MODEL
Andhra Pradesh,Prakasam,26-08-2024,2024,8,0.532009478,IMD GRID MODEL
Andhra Pradesh,Prakasam,29-08-2024,2024,8,9.484903308,IMD GRID MODEL
Andhra Pradesh,Prakasam,31-08-2024,2024,8,62.06842182,IMD GRID MODEL
Andhra Pradesh,Prakasam,05-09-2024,2024,9,4.754504054,IMD GRID MODEL
Andhra Pradesh,Prakasam,07-09-2024,2024,9,3.734451594,IMD GRID MODEL
Andhra Pradesh,Prakasam,10-09-2024,2024,9,0.355098383,IMD GRID MODEL
Andhra Pradesh,Prakasam,23-09-2024,2024,9,17.2298837,IMD GRID MODEL
Andhra Pradesh,Prakasam,30-09-2024,2024,9,0.469306172,IMD GRID MODEL
Andhra Pradesh,Prakasam,01-10-2024,2024,10,0.119513279,IMD GRID MODEL
Andhra Pradesh,Prakasam,04-10-2024,2024,10,3.281429474,IMD GRID MODEL
Andhra Pradesh,Prakasam,10-10-2024,2024,10,4.498371555,IMD GRID MODEL
Andhra Pradesh,Prakasam,24-10-2024,2024,10,0.044385076,IMD GRID MODEL
Andhra Pradesh,Prakasam,26-10-2024,2024,10,0.994531904,IMD GRID MODEL
Andhra Pradesh,Prakasam,04-11-2024,2024,11,0.095946896,IMD GRID MODEL
Andhra Pradesh,Prakasam,09-11-2024,2024,11,1.589026382,IMD GRID MODEL
Andhra Pradesh,Prakasam,14-11-2024,2024,11,10.40193826,IMD GRID MODEL
Andhra Pradesh,Prakasam,11-12-2024,2024,12,0.013268113,IMD GRID MODEL
Andhra Pradesh,Prakasam,13-12-2024,2024,12,0.333603063,IMD GRID MODEL
Andhra Pradesh,Prakasam,21-12-2024,2024,12,0.012773403,IMD GRID MODEL
Andhra Pradesh,Prakasam,22-12-2024,2024,12,0.390075737,IMD GRID MODEL
Andhra Pradesh,Prakasam,26-12-2024,2024,12,2.797204506,IMD GRID MODEL
Andhra Pradesh,Prakasam,27-12-2024,2024,12,9.993460987,IMD GRID MODEL
Andhra Pradesh,Prakasam,29-12-2024,2024,12,0,IMD GRID MODEL
Andhra Pradesh,SPSR Nellore,02-01-2024,2024,1,0,IMD GRID MODEL
Andhra Pradesh,SPSR Nellore,04-01-2024,2024,1,0.367561114,IMD GRID MODEL
Andhra Pradesh,SPSR Nellore,05-01-2024,2024,1,0.207687039,IMD GRID MODEL
Andhra Pradesh,SPSR Nellore,13-01-2024,2024,1,0,IMD GRID MODEL
Andhra Pradesh,SPSR Nellore,18-01-2024,2024,1,0,IMD GRID MODEL
Andhra Pradesh,SPSR Nellore,20-01-2024,2024,1,0,IMD GRID MODEL
Andhra Pradesh,SPSR Nellore,27-01-2024,2024,1,0.585571801,IMD GRID MODEL
Andhra Pradesh,SPSR Nellore,30-01-2024,2024,1,0.012375767,IMD GRID MODEL
Andhra Pradesh,SPSR Nellore,01-02-2024,2024,2,0,IMD GRID MODEL
Andhra Pradesh,SPSR Nellore,07-02-2024,2024,2,0,IMD GRID MODEL
Andhra Pradesh,SPSR Nellore,09-02-2024,2024,2,0,IMD GRID MODEL
Andhra Pradesh,SPSR Nellore,11-02-2024,2024,2,0,IMD GRID MODEL
Andhra Pradesh,SPSR Nellore,15-02-2024,2024,2,0,IMD GRID MODEL
Andhra Pradesh,SPSR Nellore,21-02-2024,2024,2,0.000115391,IMD GRID MODEL
Andhra Pradesh,SPSR Nellore,04-03-2024,2024,3,0,IMD GRID MODEL
Andhra Pradesh,SPSR Nellore,05-03-2024,2024,3,0,IMD GRID MODEL
Andhra Pradesh,SPSR Nellore,07-03-2024,2024,3,0,IMD GRID MODEL
Andhra Pradesh,SPSR Nellore,15-03-2024,2024,3,0,IMD GRID MODEL
Andhra Pradesh,SPSR Nellore,16-03-2024,2024,3,0,IMD GRID MODEL
Andhra Pradesh,SPSR Nellore,26-03-2024,2024,3,0,IMD GRID MODEL
Andhra Pradesh,SPSR Nellore,01-04-2024,2024,4,0.019737474,IMD GRID MODEL
Andhra Pradesh,SPSR Nellore,02-04-2024,2024,4,0,IMD GRID MODEL
Andhra Pradesh,SPSR Nellore,05-04-2024,2024,4,0,IMD GRID MODEL
Andhra Pradesh,SPSR Nellore,06-04-2024,2024,4,0,IMD GRID MODEL
Andhra Pradesh,SPSR Nellore,28-04-2024,2024,4,0,IMD GRID MODEL
Andhra Pradesh,SPSR Nellore,07-05-2024,2024,5,4.165441667,IMD GRID MODEL
Andhra Pradesh,SPSR Nellore,15-05-2024,2024,5,0.527311479,IMD GRID MODEL
Andhra Pradesh,SPSR Nellore,20-05-2024,2024,5,0.119914104,IMD GRID MODEL
Andhra Pradesh,SPSR Nellore,24-05-2024,2024,5,0.000115391,IMD GRID MODEL
Andhra Pradesh,SPSR Nellore,27-05-2024,2024,5,0.090653577,IMD GRID MODEL
Andhra Pradesh,SPSR Nellore,29-05-2024,2024,5,0,IMD GRID MODEL
Andhra Pradesh,SPSR Nellore,06-06-2024,2024,6,9.594888592,IMD GRID MODEL
Andhra Pradesh,SPSR Nellore,14-06-2024,2024,6,0.046067609,IMD GRID MODEL
Andhra Pradesh,SPSR Nellore,22-06-2024,2024,6,0.256036052,IMD GRID MODEL
Andhra Pradesh,SPSR Nellore,25-06-2024,2024,6,1.591239882,IMD GRID MODEL
Andhra Pradesh,SPSR Nellore,04-07-2024,2024,7,5.354415331,IMD GRID MODEL
Andhra Pradesh,SPSR Nellore,22-07-2024,2024,7,4.150252057,IMD GRID MODEL
Andhra Pradesh,SPSR Nellore,25-07-2024,2024,7,0.00611335,IMD GRID MODEL
Andhra Pradesh,SPSR Nellore,27-07-2024,2024,7,1.328725898,IMD GRID MODEL
Andhra Pradesh,SPSR Nellore,02-08-2024,2024,8,1.261586894,IMD GRID MODEL
Andhra Pradesh,SPSR Nellore,03-08-2024,2024,8,0.909203196,IMD GRID MODEL
Andhra Pradesh,SPSR Nellore,06-08-2024,2024,8,1.261646517,IMD GRID MODEL
Andhra Pradesh,SPSR Nellore,08-08-2024,2024,8,1.355141649,IMD GRID MODEL
Andhra Pradesh,SPSR Nellore,10-08-2024,2024,8,1.018621163,IMD GRID MODEL
Andhra Pradesh,SPSR Nellore,27-08-2024,2024,8,4.498190854,IMD GRID MODEL
Andhra Pradesh,SPSR Nellore,03-09-2024,2024,9,2.155180055,IMD GRID MODEL
Andhra Pradesh,SPSR Nellore,07-09-2024,2024,9,3.544813476,IMD GRID MODEL
Andhra Pradesh,SPSR Nellore,08-09-2024,2024,9,0.095767555,IMD GRID MODEL
Andhra Pradesh,SPSR Nellore,12-09-2024,2024,9,0.025768261,IMD GRID MODEL
Andhra Pradesh,SPSR Nellore,18-09-2024,2024,9,0.04270666,IMD GRID MODEL
Andhra Pradesh,SPSR Nellore,19-09-2024,2024,9,0.083833879,IMD GRID MODEL
Andhra Pradesh,SPSR Nellore,24-09-2024,2024,9,7.807558857,IMD GRID MODEL
Andhra Pradesh,SPSR Nellore,30-09-2024,2024,9,0.218054173,IMD GRID MODEL
Andhra Pradesh,SPSR Nellore,04-10-2024,2024,10,4.216478138,IMD GRID MODEL
Andhra Pradesh,SPSR Nellore,09-10-2024,2024,10,1.57938199,IMD GRID MODEL
Andhra Pradesh,SPSR Nellore,18-10-2024,2024,10,14.65726857,IMD GRID MODEL
Andhra Pradesh,SPSR Nellore,24-10-2024,2024,10,0.256798878,IMD GRID MODEL
Andhra Pradesh,SPSR Nellore,28-10-2024,2024,10,0,IMD GRID MODEL
Andhra Pradesh,SPSR Nellore,01-11-2024,2024,11,0.130407435,IMD GRID MODEL
Andhra Pradesh,SPSR Nellore,02-11-2024,2024,11,2.362625173,IMD GRID MODEL
Andhra Pradesh,SPSR Nellore,06-11-2024,2024,11,1.06819684,IMD GRID MODEL
Andhra Pradesh,SPSR Nellore,07-11-2024,2024,11,7.709249042,IMD GRID MODEL
Andhra Pradesh,SPSR Nellore,19-11-2024,2024,11,0,IMD GRID MODEL
Andhra Pradesh,SPSR Nellore,21-11-2024,2024,11,0,IMD GRID MODEL
Andhra Pradesh,SPSR Nellore,27-11-2024,2024,11,2.936098983,IMD GRID MODEL
Andhra Pradesh,SPSR Nellore,28-11-2024,2024,11,0.167146551,IMD GRID MODEL
Andhra Pradesh,SPSR Nellore,30-11-2024,2024,11,20.09948745,IMD GRID MODEL
Andhra Pradesh,SPSR Nellore,04-12-2024,2024,12,5.859768456,IMD GRID MODEL
Andhra Pradesh,SPSR Nellore,05-12-2024,2024,12,13.44760115,IMD GRID MODEL
Andhra Pradesh,SPSR Nellore,12-12-2024,2024,12,8.075487842,IMD GRID MODEL
Andhra Pradesh,SPSR Nellore,17-12-2024,2024,12,0.166880067,IMD GRID MODEL
Andhra Pradesh,SPSR Nellore,18-12-2024,2024,12,0.290246022,IMD GRID MODEL
Andhra Pradesh,SPSR Nellore,21-12-2024,2024,12,0.556432476,IMD GRID MODEL
Andhra Pradesh,Srikakulam,01-01-2024,2024,1,0,IMD GRID MODEL
Andhra Pradesh,Srikakulam,08-01-2024,2024,1,0,IMD GRID MODEL
Andhra Pradesh,Srikakulam,10-01-2024,2024,1,0,IMD GRID MODEL
Andhra Pradesh,Srikakulam,11-01-2024,2024,1,0,IMD GRID MODEL
Andhra Pradesh,Srikakulam,16-01-2024,2024,1,0.000694906,IMD GRID MODEL
Andhra Pradesh,Srikakulam,17-01-2024,2024,1,0,IMD GRID MODEL
Andhra Pradesh,Srikakulam,20-01-2024,2024,1,0,IMD GRID MODEL
Andhra Pradesh,Srikakulam,22-01-2024,2024,1,0.000744667,IMD GRID MODEL
Andhra Pradesh,Srikakulam,28-01-2024,2024,1,0,IMD GRID MODEL
Andhra Pradesh,Srikakulam,07-02-2024,2024,2,0,IMD GRID MODEL
Andhra Pradesh,Srikakulam,08-02-2024,2024,2,0.060154394,IMD GRID MODEL
Andhra Pradesh,Srikakulam,09-02-2024,2024,2,0.000173954,IMD GRID MODEL
Andhra Pradesh,Srikakulam,16-02-2024,2024,2,0.00014369,IMD GRID MODEL
Andhra Pradesh,Srikakulam,19-02-2024,2024,2,0,IMD GRID MODEL
Andhra Pradesh,Srikakulam,21-02-2024,2024,2,0,IMD GRID MODEL
Andhra Pradesh,Srikakulam,23-02-2024,2024,2,0,IMD GRID MODEL
Andhra Pradesh,Srikakulam,28-02-2024,2024,2,4.35E-05,IMD GRID MODEL
Andhra Pradesh,Srikakulam,29-02-2024,2024,2,0.052261676,IMD GRID MODEL
Andhra Pradesh,Srikakulam,01-03-2024,2024,3,0,IMD GRID MODEL
Andhra Pradesh,Srikakulam,03-03-2024,2024,3,0,IMD GRID MODEL
Andhra Pradesh,Srikakulam,09-03-2024,2024,3,1.606091569,IMD GRID MODEL
Andhra Pradesh,Srikakulam,10-03-2024,2024,3,0.111065132,IMD GRID MODEL
Andhra Pradesh,Srikakulam,13-03-2024,2024,3,6.95E-05,IMD GRID MODEL
Andhra Pradesh,Srikakulam,23-03-2024,2024,3,0,IMD GRID MODEL
Andhra Pradesh,Srikakulam,25-03-2024,2024,3,4.35E-05,IMD GRID MODEL
Andhra Pradesh,Srikakulam,05-04-2024,2024,4,0.023921694,IMD GRID MODEL
Andhra Pradesh,Srikakulam,06-04-2024,2024,4,1.28E-05,IMD GRID MODEL
Andhra Pradesh,Srikakulam,10-04-2024,2024,4,0,IMD GRID MODEL
Andhra Pradesh,Srikakulam,11-04-2024,2024,4,0,IMD GRID MODEL
Andhra Pradesh,Srikakulam,13-04-2024,2024,4,0.062603316,IMD GRID MODEL
Andhra Pradesh,Srikakulam,19-04-2024,2024,4,0,IMD GRID MODEL
Andhra Pradesh,Srikakulam,27-04-2024,2024,4,0.151376313,IMD GRID MODEL
Andhra Pradesh,Srikakulam,28-04-2024,2024,4,0.00494095,IMD GRID MODEL
Andhra Pradesh,Srikakulam,29-04-2024,2024,4,1.54975142,IMD GRID MODEL
Andhra Pradesh,Srikakulam,30-04-2024,2024,4,0.805117666,IMD GRID MODEL
Andhra Pradesh,Srikakulam,06-05-2024,2024,5,0,IMD GRID MODEL
Andhra Pradesh,Srikakulam,14-05-2024,2024,5,1.196946378,IMD GRID MODEL
Andhra Pradesh,Srikakulam,20-05-2024,2024,5,7.593417879,IMD GRID MODEL
Andhra Pradesh,Srikakulam,31-05-2024,2024,5,0.006117415,IMD GRID MODEL
Andhra Pradesh,Srikakulam,12-06-2024,2024,6,0.049150978,IMD GRID MODEL
Andhra Pradesh,Srikakulam,17-06-2024,2024,6,8.507283251,IMD GRID MODEL
Andhra Pradesh,Srikakulam,19-06-2024,2024,6,0.29152454,IMD GRID MODEL
Andhra Pradesh,Srikakulam,14-07-2024,2024,7,2.991603241,IMD GRID MODEL
Andhra Pradesh,Srikakulam,18-07-2024,2024,7,7.974028023,IMD GRID MODEL
Andhra Pradesh,Srikakulam,20-07-2024,2024,7,32.53648853,IMD GRID MODEL
Andhra Pradesh,Srikakulam,24-07-2024,2024,7,5.276096383,IMD GRID MODEL
Andhra Pradesh,Srikakulam,26-07-2024,2024,7,4.287481154,IMD GRID MODEL
Andhra Pradesh,Srikakulam,31-07-2024,2024,7,0.406536858,IMD GRID MODEL
Andhra Pradesh,Srikakulam,08-08-2024,2024,8,1.318530299,IMD GRID MODEL
Andhra Pradesh,Srikakulam,11-08-2024,2024,8,0.090814093,IMD GRID MODEL
Andhra Pradesh,Srikakulam,16-08-2024,2024,8,3.391193626,IMD GRID MODEL
Andhra Pradesh,Srikakulam,17-08-2024,2024,8,4.447614194,IMD GRID MODEL
Andhra Pradesh,Srikakulam,19-08-2024,2024,8,2.62471302,IMD GRID MODEL
Andhra Pradesh,Srikakulam,21-08-2024,2024,8,5.272624765,IMD GRID MODEL
Andhra Pradesh,Chittoor,28-02-2024,2024,2,0,IMD GRID MODEL
Andhra Pradesh,Chittoor,05-03-2024,2024,3,0,IMD GRID MODEL
Andhra Pradesh,Chittoor,11-03-2024,2024,3,0,IMD GRID MODEL
Andhra Pradesh,Chittoor,13-03-2024,2024,3,0,IMD GRID MODEL
Andhra Pradesh,Chittoor,28-03-2024,2024,3,0,IMD GRID MODEL
Andhra Pradesh,Chittoor,30-03-2024,2024,3,0,IMD GRID MODEL
Andhra Pradesh,Chittoor,05-04-2024,2024,4,0,IMD GRID MODEL
Andhra Pradesh,Chittoor,07-04-2024,2024,4,0,IMD GRID MODEL
Andhra Pradesh,Chittoor,10-04-2024,2024,4,0,IMD GRID MODEL
Andhra Pradesh,Chittoor,11-04-2024,2024,4,0.024552351,IMD GRID MODEL
Andhra Pradesh,Chittoor,19-04-2024,2024,4,0.002265715,IMD GRID MODEL
Andhra Pradesh,Chittoor,27-04-2024,2024,4,0,IMD GRID MODEL
Andhra Pradesh,Chittoor,06-05-2024,2024,5,0.00252433,IMD GRID MODEL
Andhra Pradesh,Chittoor,14-05-2024,2024,5,4.394007906,IMD GRID MODEL
Andhra Pradesh,Chittoor,19-05-2024,2024,5,15.12022021,IMD GRID MODEL
Andhra Pradesh,Chittoor,27-05-2024,2024,5,0.424112866,IMD GRID MODEL
Andhra Pradesh,Chittoor,01-06-2024,2024,6,0.044831233,IMD GRID MODEL
Andhra Pradesh,Chittoor,08-06-2024,2024,6,13.63261197,IMD GRID MODEL
Andhra Pradesh,Chittoor,09-06-2024,2024,6,0.869582667,IMD GRID MODEL
Andhra Pradesh,Chittoor,13-06-2024,2024,6,8.178222065,IMD GRID MODEL
Andhra Pradesh,Chittoor,16-06-2024,2024,6,0.070008248,IMD GRID MODEL
Andhra Pradesh,Chittoor,17-06-2024,2024,6,3.033718008,IMD GRID MODEL
Andhra Pradesh,Chittoor,23-06-2024,2024,6,0.348887407,IMD GRID MODEL
Andhra Pradesh,Chittoor,05-07-2024,2024,7,2.05481173,IMD GRID MODEL
Andhra Pradesh,Chittoor,07-07-2024,2024,7,2.169568291,IMD GRID MODEL
Andhra Pradesh,Chittoor,14-07-2024,2024,7,1.872142515,IMD GRID MODEL
Andhra Pradesh,Chittoor,14-08-2024,2024,8,2.592219118,IMD GRID MODEL
Andhra Pradesh,Chittoor,26-08-2024,2024,8,1.307627256,IMD GRID MODEL
Andhra Pradesh,Chittoor,28-08-2024,2024,8,1.643075651,IMD GRID MODEL
Andhra Pradesh,Chittoor,11-09-2024,2024,9,0.086886404,IMD GRID MODEL
Andhra Pradesh,Chittoor,12-09-2024,2024,9,0.050264483,IMD GRID MODEL
Andhra Pradesh,Chittoor,14-09-2024,2024,9,0.033780866,IMD GRID MODEL
Andhra Pradesh,Chittoor,19-09-2024,2024,9,0.052312651,IMD GRID MODEL
Andhra Pradesh,Chittoor,22-09-2024,2024,9,8.401340111,IMD GRID MODEL
Andhra Pradesh,Chittoor,03-10-2024,2024,10,14.94587863,IMD GRID MODEL
Andhra Pradesh,Chittoor,04-10-2024,2024,10,13.33644084,IMD GRID MODEL
Andhra Pradesh,Chittoor,05-10-2024,2024,10,13.66915211,IMD GRID MODEL
Andhra Pradesh,Chittoor,06-10-2024,2024,10,4.510362789,IMD GRID MODEL
Andhra Pradesh,Chittoor,08-10-2024,2024,10,4.116046276,IMD GRID MODEL
Andhra Pradesh,Chittoor,11-10-2024,2024,10,1.02899245,IMD GRID MODEL
Andhra Pradesh,Chittoor,15-10-2024,2024,10,22.54423787,IMD GRID MODEL
Andhra Pradesh,Chittoor,20-10-2024,2024,10,9.136294981,IMD GRID MODEL
Andhra Pradesh,Chittoor,22-10-2024,2024,10,7.613492411,IMD GRID MODEL
Andhra Pradesh,Chittoor,24-10-2024,2024,10,6.345738755,IMD GRID MODEL
Andhra Pradesh,Chittoor,28-10-2024,2024,10,0.116239372,IMD GRID MODEL
Andhra Pradesh,Chittoor,30-10-2024,2024,10,1.643903072,IMD GRID MODEL
Andhra Pradesh,Chittoor,02-11-2024,2024,11,8.211857863,IMD GRID MODEL
Andhra Pradesh,Chittoor,03-11-2024,2024,11,1.676368016,IMD GRID MODEL
Andhra Pradesh,Chittoor,04-11-2024,2024,11,3.228794323,IMD GRID MODEL
Andhra Pradesh,Chittoor,05-11-2024,2024,11,0.772594799,IMD GRID MODEL
Andhra Pradesh,Chittoor,06-11-2024,2024,11,0.307282662,IMD GRID MODEL
Andhra Pradesh,Chittoor,19-11-2024,2024,11,0,IMD GRID MODEL
Andhra Pradesh,Chittoor,24-11-2024,2024,11,0.003272408,IMD GRID MODEL
Andhra Pradesh,Chittoor,26-11-2024,2024,11,0.201044589,IMD GRID MODEL
Andhra Pradesh,Chittoor,28-11-2024,2024,11,0.054516528,IMD GRID MODEL
Andhra Pradesh,Chittoor,08-12-2024,2024,12,0.060348944,IMD GRID MODEL
Andhra Pradesh,Chittoor,22-12-2024,2024,12,0.233204518,IMD GRID MODEL
Andhra Pradesh,East Godavari,03-01-2024,2024,1,0,IMD GRID MODEL
Andhra Pradesh,East Godavari,07-01-2024,2024,1,0,IMD GRID MODEL
Andhra Pradesh,East Godavari,08-01-2024,2024,1,0.00038438,IMD GRID MODEL
Andhra Pradesh,East Godavari,10-01-2024,2024,1,0.00624619,IMD GRID MODEL
Andhra Pradesh,East Godavari,12-01-2024,2024,1,0,IMD GRID MODEL
Andhra Pradesh,East Godavari,17-01-2024,2024,1,0,IMD GRID MODEL
Andhra Pradesh,East Godavari,18-01-2024,2024,1,0,IMD GRID MODEL
Andhra Pradesh,East Godavari,19-01-2024,2024,1,0,IMD GRID MODEL
Andhra Pradesh,East Godavari,20-01-2024,2024,1,0.006768171,IMD GRID MODEL
Andhra Pradesh,East Godavari,22-01-2024,2024,1,0,IMD GRID MODEL
Andhra Pradesh,East Godavari,28-01-2024,2024,1,0,IMD GRID MODEL
Andhra Pradesh,East Godavari,01-02-2024,2024,2,0.002839523,IMD GRID MODEL
Andhra Pradesh,East Godavari,02-02-2024,2024,2,0.269144671,IMD GRID MODEL
Andhra Pradesh,East Godavari,04-02-2024,2024,2,0,IMD GRID MODEL
Andhra Pradesh,East Godavari,06-02-2024,2024,2,0,IMD GRID MODEL
Andhra Pradesh,East Godavari,13-02-2024,2024,2,0,IMD GRID MODEL
Andhra Pradesh,East Godavari,14-02-2024,2024,2,0.005459206,IMD GRID MODEL
Andhra Pradesh,East Godavari,15-02-2024,2024,2,8.51E-05,IMD GRID MODEL
Andhra Pradesh,East Godavari,21-02-2024,2024,2,0,IMD GRID MODEL
Andhra Pradesh,East Godavari,26-02-2024,2024,2,0,IMD GRID MODEL
Andhra Pradesh,East Godavari,29-02-2024,2024,2,0,IMD GRID MODEL
Andhra Pradesh,East Godavari,11-03-2024,2024,3,0.016956185,IMD GRID MODEL
Andhra Pradesh,East Godavari,13-03-2024,2024,3,0,IMD GRID MODEL
Andhra Pradesh,East Godavari,21-03-2024,2024,3,5.319059417,IMD GRID MODEL
Andhra Pradesh,East Godavari,27-03-2024,2024,3,0,IMD GRID MODEL
Andhra Pradesh,East Godavari,07-04-2024,2024,4,0,IMD GRID MODEL
Andhra Pradesh,East Godavari,12-04-2024,2024,4,0.16256163,IMD GRID MODEL
Andhra Pradesh,East Godavari,23-04-2024,2024,4,0.044408632,IMD GRID MODEL
Andhra Pradesh,East Godavari,28-04-2024,2024,4,0.022539617,IMD GRID MODEL
Andhra Pradesh,East Godavari,01-05-2024,2024,5,0.001035202,IMD GRID MODEL
Andhra Pradesh,East Godavari,02-05-2024,2024,5,0,IMD GRID MODEL
Andhra Pradesh,East Godavari,04-05-2024,2024,5,0.90225169,IMD GRID MODEL
Andhra Pradesh,East Godavari,05-05-2024,2024,5,0.11652359,IMD GRID MODEL
Andhra Pradesh,East Godavari,09-05-2024,2024,5,0.000257404,IMD GRID MODEL
Andhra Pradesh,East Godavari,13-05-2024,2024,5,0.620557313,IMD GRID MODEL
Andhra Pradesh,East Godavari,22-05-2024,2024,5,3.696787649,IMD GRID MODEL
Andhra Pradesh,East Godavari,30-05-2024,2024,5,0,IMD GRID MODEL
Andhra Pradesh,East Godavari,12-06-2024,2024,6,1.31945156,IMD GRID MODEL
Andhra Pradesh,East Godavari,19-06-2024,2024,6,6.473434771,IMD GRID MODEL
Andhra Pradesh,East Godavari,04-07-2024,2024,7,2.160131558,IMD GRID MODEL
Andhra Pradesh,East Godavari,08-07-2024,2024,7,3.98502288,IMD GRID MODEL
Andhra Pradesh,East Godavari,16-07-2024,2024,7,1.141582916,IMD GRID MODEL
Andhra Pradesh,East Godavari,17-07-2024,2024,7,12.52877406,IMD GRID MODEL
Andhra Pradesh,East Godavari,23-07-2024,2024,7,11.96519807,IMD GRID MODEL
Andhra Pradesh,East Godavari,26-07-2024,2024,7,3.624634462,IMD GRID MODEL
Andhra Pradesh,East Godavari,13-08-2024,2024,8,0.394219108,IMD GRID MODEL
Andhra Pradesh,East Godavari,14-08-2024,2024,8,4.632343996,IMD GRID MODEL
Andhra Pradesh,East Godavari,16-08-2024,2024,8,4.956656374,IMD GRID MODEL
Andhra Pradesh,East Godavari,17-08-2024,2024,8,5.37379757,IMD GRID MODEL
Andhra Pradesh,East Godavari,20-08-2024,2024,8,2.82930293,IMD GRID MODEL
Andhra Pradesh,East Godavari,25-08-2024,2024,8,15.14398626,IMD GRID MODEL
Andhra Pradesh,East Godavari,31-08-2024,2024,8,18.92158621,IMD GRID MODEL
Andhra Pradesh,East Godavari,03-09-2024,2024,9,7.665153501,IMD GRID MODEL
Andhra Pradesh,East Godavari,10-09-2024,2024,9,5.263288662,IMD GRID MODEL
Andhra Pradesh,East Godavari,13-09-2024,2024,9,0.859187653,IMD GRID MODEL
Andhra Pradesh,East Godavari,14-09-2024,2024,9,1.100454451,IMD GRID MODEL
Andhra Pradesh,East Godavari,16-09-2024,2024,9,0.421150535,IMD GRID MODEL
Andhra Pradesh,East Godavari,19-09-2024,2024,9,1.410888562,IMD GRID MODEL
Andhra Pradesh,East Godavari,23-09-2024,2024,9,16.86131727,IMD GRID MODEL
Andhra Pradesh,East Godavari,24-09-2024,2024,9,16.09944886,IMD GRID MODEL
Andhra Pradesh,East Godavari,25-09-2024,2024,9,16.18336974,IMD GRID MODEL
Andhra Pradesh,East Godavari,29-09-2024,2024,9,4.948549931,IMD GRID MODEL
Andhra Pradesh,East Godavari,30-09-2024,2024,9,3.897809773,IMD GRID MODEL
Andhra Pradesh,East Godavari,07-10-2024,2024,10,6.868919996,IMD GRID MODEL
Andhra Pradesh,East Godavari,13-10-2024,2024,10,3.521808909,IMD GRID MODEL
Andhra Pradesh,East Godavari,26-10-2024,2024,10,1.982204228,IMD GRID MODEL
Andhra Pradesh,East Godavari,30-10-2024,2024,10,1.350664918,IMD GRID MODEL
Andhra Pradesh,East Godavari,10-11-2024,2024,11,0.775517983,IMD GRID MODEL
Andhra Pradesh,East Godavari,11-11-2024,2024,11,0.845552368,IMD GRID MODEL
Andhra Pradesh,East Godavari,19-11-2024,2024,11,0.000610378,IMD GRID MODEL
Andhra Pradesh,East Godavari,23-11-2024,2024,11,0,IMD GRID MODEL
Andhra Pradesh,East Godavari,07-12-2024,2024,12,0.000274403,IMD GRID MODEL
Andhra Pradesh,East Godavari,14-12-2024,2024,12,0.018800376,IMD GRID MODEL
Andhra Pradesh,Guntur,01-01-2024,2024,1,0.005195026,IMD GRID MODEL
Andhra Pradesh,Guntur,03-01-2024,2024,1,0,IMD GRID MODEL
Andhra Pradesh,Guntur,04-01-2024,2024,1,0,IMD GRID MODEL
Andhra Pradesh,Guntur,05-01-2024,2024,1,2.26E-05,IMD GRID MODEL
Andhra Pradesh,Guntur,31-01-2024,2024,1,0,IMD GRID MODEL
Andhra Pradesh,Guntur,05-02-2024,2024,2,0,IMD GRID MODEL
Andhra Pradesh,Guntur,06-02-2024,2024,2,0.012756606,IMD GRID MODEL
Andhra Pradesh,Guntur,07-02-2024,2024,2,0,IMD GRID MODEL
Andhra Pradesh,Guntur,08-02-2024,2024,2,0,IMD GRID MODEL
Andhra Pradesh,Guntur,14-02-2024,2024,2,0,IMD GRID MODEL
Andhra Pradesh,Guntur,02-03-2024,2024,3,0,IMD GRID MODEL
Andhra Pradesh,Guntur,22-03-2024,2024,3,0,IMD GRID MODEL
Andhra Pradesh,Guntur,30-03-2024,2024,3,0,IMD GRID MODEL
Andhra Pradesh,Guntur,06-04-2024,2024,4,0.002103175,IMD GRID MODEL
Andhra Pradesh,Guntur,07-04-2024,2024,4,0.00033241,IMD GRID MODEL
Andhra Pradesh,Guntur,08-04-2024,2024,4,0.002542644,IMD GRID MODEL
Andhra Pradesh,Guntur,09-04-2024,2024,4,0,IMD GRID MODEL
Andhra Pradesh,Guntur,16-04-2024,2024,4,0,IMD GRID MODEL
Andhra Pradesh,Guntur,24-04-2024,2024,4,0.01235007,IMD GRID MODEL
Andhra Pradesh,Guntur,26-04-2024,2024,4,0.000753376,IMD GRID MODEL
Andhra Pradesh,Guntur,27-04-2024,2024,4,0.000596423,IMD GRID MODEL
Andhra Pradesh,Guntur,01-05-2024,2024,5,0,IMD GRID MODEL
Andhra Pradesh,Guntur,11-05-2024,2024,5,1.942630416,IMD GRID MODEL
Andhra Pradesh,Guntur,13-05-2024,2024,5,2.321350442,IMD GRID MODEL
Andhra Pradesh,Guntur,16-05-2024,2024,5,0.277190227,IMD GRID MODEL
Andhra Pradesh,Guntur,21-05-2024,2024,5,5.312554508,IMD GRID MODEL
Andhra Pradesh,Guntur,22-05-2024,2024,5,0.712310592,IMD GRID MODEL
Andhra Pradesh,Guntur,23-05-2024,2024,5,0,IMD GRID MODEL
Andhra Pradesh,Guntur,24-05-2024,2024,5,2.491403435,IMD GRID MODEL
Andhra Pradesh,Guntur,30-05-2024,2024,5,0,IMD GRID MODEL
Andhra Pradesh,Guntur,06-06-2024,2024,6,13.19844148,IMD GRID MODEL
Andhra Pradesh,Guntur,08-06-2024,2024,6,9.690908042,IMD GRID MODEL
Andhra Pradesh,Guntur,19-06-2024,2024,6,12.39685674,IMD GRID MODEL
Andhra Pradesh,Guntur,22-06-2024,2024,6,3.558249118,IMD GRID MODEL
Andhra Pradesh,Guntur,24-06-2024,2024,6,2.97009062,IMD GRID MODEL
Andhra Pradesh,Guntur,01-07-2024,2024,7,10.60670089,IMD GRID MODEL
Andhra Pradesh,Guntur,27-07-2024,2024,7,1.224050423,IMD GRID MODEL
Andhra Pradesh,Guntur,05-08-2024,2024,8,0.171090326,IMD GRID MODEL
Andhra Pradesh,Guntur,10-08-2024,2024,8,3.450528539,IMD GRID MODEL
Andhra Pradesh,Guntur,12-08-2024,2024,8,0.069106212,IMD GRID MODEL
Andhra Pradesh,Guntur,13-08-2024,2024,8,5.121118576,IMD GRID MODEL
Andhra Pradesh,Guntur,16-08-2024,2024,8,4.959646509,IMD GRID MODEL
Andhra Pradesh,Guntur,18-08-2024,2024,8,1.926519855,IMD GRID MODEL
Andhra Pradesh,Guntur,24-08-2024,2024,8,3.598348017,IMD GRID MODEL
Andhra Pradesh,Srikakulam,22-08-2024,2024,8,8.082313687,IMD GRID MODEL
Andhra Pradesh,Srikakulam,06-09-2024,2024,9,9.764124792,IMD GRID MODEL
Andhra Pradesh,Srikakulam,07-09-2024,2024,9,10.23811191,IMD GRID MODEL
Andhra Pradesh,Srikakulam,16-09-2024,2024,9,1.453362895,IMD GRID MODEL
Andhra Pradesh,Srikakulam,20-09-2024,2024,9,5.090799578,IMD GRID MODEL
Andhra Pradesh,Srikakulam,28-09-2024,2024,9,1.413627908,IMD GRID MODEL
Andhra Pradesh,Srikakulam,29-09-2024,2024,9,4.15624536,IMD GRID MODEL
Andhra Pradesh,Srikakulam,12-10-2024,2024,10,0.503893536,IMD GRID MODEL
Andhra Pradesh,Srikakulam,15-10-2024,2024,10,0.665383232,IMD GRID MODEL
Andhra Pradesh,Srikakulam,19-10-2024,2024,10,11.25446452,IMD GRID MODEL
Andhra Pradesh,Srikakulam,30-10-2024,2024,10,1.720125389,IMD GRID MODEL
Andhra Pradesh,Srikakulam,11-11-2024,2024,11,0.8032662,IMD GRID MODEL
Andhra Pradesh,Srikakulam,16-11-2024,2024,11,0,IMD GRID MODEL
Andhra Pradesh,Srikakulam,22-11-2024,2024,11,2.03E-06,IMD GRID MODEL
Andhra Pradesh,Srikakulam,28-11-2024,2024,11,0,IMD GRID MODEL
Andhra Pradesh,Srikakulam,03-12-2024,2024,12,0.304450913,IMD GRID MODEL
Andhra Pradesh,Srikakulam,05-12-2024,2024,12,0,IMD GRID MODEL
Andhra Pradesh,Srikakulam,08-12-2024,2024,12,0.060057413,IMD GRID MODEL
Andhra Pradesh,Srikakulam,09-12-2024,2024,12,0.02770843,IMD GRID MODEL
Andhra Pradesh,Srikakulam,11-12-2024,2024,12,0.127926832,IMD GRID MODEL
Andhra Pradesh,Srikakulam,15-12-2024,2024,12,0.000892764,IMD GRID MODEL
Andhra Pradesh,Srikakulam,30-12-2024,2024,12,0,IMD GRID MODEL
Andhra Pradesh,Visakhapatanam,12-01-2024,2024,1,0,IMD GRID MODEL
Andhra Pradesh,Visakhapatanam,27-01-2024,2024,1,0.057785538,IMD GRID MODEL
Andhra Pradesh,Visakhapatanam,28-01-2024,2024,1,0,IMD GRID MODEL
Andhra Pradesh,Visakhapatanam,31-01-2024,2024,1,0,IMD GRID MODEL
Andhra Pradesh,Visakhapatanam,02-02-2024,2024,2,0.608482395,IMD GRID MODEL
Andhra Pradesh,Visakhapatanam,12-02-2024,2024,2,0,IMD GRID MODEL
Andhra Pradesh,Visakhapatanam,16-02-2024,2024,2,0.005224044,IMD GRID MODEL
Andhra Pradesh,Visakhapatanam,01-03-2024,2024,3,0.006279428,IMD GRID MODEL
Andhra Pradesh,Visakhapatanam,02-03-2024,2024,3,0.00100722,IMD GRID MODEL
Andhra Pradesh,Visakhapatanam,04-03-2024,2024,3,0,IMD GRID MODEL
Andhra Pradesh,Visakhapatanam,13-03-2024,2024,3,4.04E-05,IMD GRID MODEL
Andhra Pradesh,Visakhapatanam,18-03-2024,2024,3,0.004583238,IMD GRID MODEL
Andhra Pradesh,Visakhapatanam,19-03-2024,2024,3,0.003511216,IMD GRID MODEL
Andhra Pradesh,Visakhapatanam,20-03-2024,2024,3,0.827082925,IMD GRID MODEL
Andhra Pradesh,Visakhapatanam,25-03-2024,2024,3,0.007212975,IMD GRID MODEL
Andhra Pradesh,Visakhapatanam,28-03-2024,2024,3,0.004872728,IMD GRID MODEL
Andhra Pradesh,Visakhapatanam,03-04-2024,2024,4,0,IMD GRID MODEL
Andhra Pradesh,Visakhapatanam,10-04-2024,2024,4,0.000488148,IMD GRID MODEL
Andhra Pradesh,Visakhapatanam,11-04-2024,2024,4,0.182489001,IMD GRID MODEL
Andhra Pradesh,Visakhapatanam,19-04-2024,2024,4,0.534132545,IMD GRID MODEL
Andhra Pradesh,Visakhapatanam,22-04-2024,2024,4,8.771121611,IMD GRID MODEL
Andhra Pradesh,Visakhapatanam,29-04-2024,2024,4,2.479783309,IMD GRID MODEL
Andhra Pradesh,Visakhapatanam,30-04-2024,2024,4,0.979663118,IMD GRID MODEL
Andhra Pradesh,Visakhapatanam,08-05-2024,2024,5,4.958869911,IMD GRID MODEL
Andhra Pradesh,Visakhapatanam,22-05-2024,2024,5,1.537859139,IMD GRID MODEL
Andhra Pradesh,Visakhapatanam,24-05-2024,2024,5,0.197340804,IMD GRID MODEL
Andhra Pradesh,Visakhapatanam,08-06-2024,2024,6,0.683936051,IMD GRID MODEL
Andhra Pradesh,Visakhapatanam,10-06-2024,2024,6,1.198902255,IMD GRID MODEL
Andhra Pradesh,Visakhapatanam,16-06-2024,2024,6,14.73898417,IMD GRID MODEL
Andhra Pradesh,Visakhapatanam,27-06-2024,2024,6,28.75038481,IMD GRID MODEL
Andhra Pradesh,Visakhapatanam,28-06-2024,2024,6,12.5188753,IMD GRID MODEL
Andhra Pradesh,Visakhapatanam,03-07-2024,2024,7,5.953268912,IMD GRID MODEL
Andhra Pradesh,Visakhapatanam,18-07-2024,2024,7,4.666777914,IMD GRID MODEL
Andhra Pradesh,Visakhapatanam,24-07-2024,2024,7,9.625502467,IMD GRID MODEL
Andhra Pradesh,Visakhapatanam,26-07-2024,2024,7,16.9742607,IMD GRID MODEL
Andhra Pradesh,Visakhapatanam,28-07-2024,2024,7,4.466693166,IMD GRID MODEL
Andhra Pradesh,Visakhapatanam,08-08-2024,2024,8,4.742110228,IMD GRID MODEL
Andhra Pradesh,Visakhapatanam,14-08-2024,2024,8,8.151889862,IMD GRID MODEL
Andhra Pradesh,Visakhapatanam,15-08-2024,2024,8,5.608831187,IMD GRID MODEL
Andhra Pradesh,Visakhapatanam,18-08-2024,2024,8,6.916873937,IMD GRID MODEL
Andhra Pradesh,Visakhapatanam,22-08-2024,2024,8,12.94599358,IMD GRID MODEL
Andhra Pradesh,Visakhapatanam,24-08-2024,2024,8,10.99853197,IMD GRID MODEL
Andhra Pradesh,Visakhapatanam,25-08-2024,2024,8,5.028323763,IMD GRID MODEL
Andhra Pradesh,Visakhapatanam,30-08-2024,2024,8,18.530778,IMD GRID MODEL
Andhra Pradesh,Visakhapatanam,05-09-2024,2024,9,20.79317982,IMD GRID MODEL
Andhra Pradesh,Visakhapatanam,12-09-2024,2024,9,0.487018793,IMD GRID MODEL
Andhra Pradesh,Visakhapatanam,17-09-2024,2024,9,1.781396516,IMD GRID MODEL
Andhra Pradesh,Visakhapatanam,19-09-2024,2024,9,5.71005564,IMD GRID MODEL
Andhra Pradesh,Visakhapatanam,03-10-2024,2024,10,0.328385886,IMD GRID MODEL
Andhra Pradesh,Visakhapatanam,04-10-2024,2024,10,0.386599213,IMD GRID MODEL
Andhra Pradesh,Visakhapatanam,10-10-2024,2024,10,0.497117361,IMD GRID MODEL
Andhra Pradesh,Visakhapatanam,13-10-2024,2024,10,1.42910991,IMD GRID MODEL
Andhra Pradesh,Visakhapatanam,21-10-2024,2024,10,6.07624605,IMD GRID MODEL
Andhra Pradesh,Visakhapatanam,23-10-2024,2024,10,0.059925379,IMD GRID MODEL
Andhra Pradesh,Visakhapatanam,25-10-2024,2024,10,1.185131143,IMD GRID MODEL
Andhra Pradesh,Visakhapatanam,30-10-2024,2024,10,3.580297022,IMD GRID MODEL
Andhra Pradesh,Visakhapatanam,31-10-2024,2024,10,0.40171678,IMD GRID MODEL
Andhra Pradesh,Visakhapatanam,01-11-2024,2024,11,0.078632994,IMD GRID MODEL
Andhra Pradesh,Visakhapatanam,06-11-2024,2024,11,0.249857733,IMD GRID MODEL
Andhra Pradesh,Visakhapatanam,10-11-2024,2024,11,0.547702303,IMD GRID MODEL
Andhra Pradesh,Visakhapatanam,11-11-2024,2024,11,0.890967373,IMD GRID MODEL
Andhra Pradesh,Visakhapatanam,16-11-2024,2024,11,0.001357678,IMD GRID MODEL
Andhra Pradesh,Visakhapatanam,21-11-2024,2024,11,0,IMD GRID MODEL
Andhra Pradesh,Visakhapatanam,22-11-2024,2024,11,0,IMD GRID MODEL
Andhra Pradesh,Visakhapatanam,27-11-2024,2024,11,0.053172915,IMD GRID MODEL
Andhra Pradesh,Visakhapatanam,06-12-2024,2024,12,0.812876873,IMD GRID MODEL
Andhra Pradesh,Visakhapatanam,12-12-2024,2024,12,0,IMD GRID MODEL
Andhra Pradesh,Visakhapatanam,22-12-2024,2024,12,0.725605507,IMD GRID MODEL
Andhra Pradesh,Visakhapatanam,26-12-2024,2024,12,1.801728302,IMD GRID MODEL
Andhra Pradesh,Visakhapatanam,28-12-2024,2024,12,0,IMD GRID MODEL
Andhra Pradesh,Vizianagaram,09-01-2024,2024,1,0.000113832,IMD GRID MODEL
Andhra Pradesh,Vizianagaram,11-01-2024,2024,1,3.85E-06,IMD GRID MODEL
Andhra Pradesh,Vizianagaram,16-01-2024,2024,1,0,IMD GRID MODEL
Andhra Pradesh,Vizianagaram,19-01-2024,2024,1,0.000287314,IMD GRID MODEL
Andhra Pradesh,Vizianagaram,21-01-2024,2024,1,0,IMD GRID MODEL
Andhra Pradesh,Vizianagaram,22-01-2024,2024,1,0,IMD GRID MODEL
Andhra Pradesh,Vizianagaram,07-02-2024,2024,2,0,IMD GRID MODEL
Andhra Pradesh,Vizianagaram,15-02-2024,2024,2,0,IMD GRID MODEL
Andhra Pradesh,Vizianagaram,18-02-2024,2024,2,0.000539836,IMD GRID MODEL
Andhra Pradesh,Vizianagaram,27-02-2024,2024,2,0.004874439,IMD GRID MODEL
Andhra Pradesh,Vizianagaram,01-03-2024,2024,3,0,IMD GRID MODEL
Andhra Pradesh,Vizianagaram,03-03-2024,2024,3,0,IMD GRID MODEL
Andhra Pradesh,Vizianagaram,18-03-2024,2024,3,0.008637931,IMD GRID MODEL
Andhra Pradesh,Vizianagaram,20-03-2024,2024,3,19.48877067,IMD GRID MODEL
Andhra Pradesh,Vizianagaram,25-03-2024,2024,3,4.12E-05,IMD GRID MODEL
Andhra Pradesh,Vizianagaram,27-03-2024,2024,3,0.00012457,IMD GRID MODEL
Andhra Pradesh,Vizianagaram,01-04-2024,2024,4,0.746124086,IMD GRID MODEL
Andhra Pradesh,Vizianagaram,07-04-2024,2024,4,0.001091227,IMD GRID MODEL
Andhra Pradesh,Vizianagaram,12-04-2024,2024,4,0.009720139,IMD GRID MODEL
Andhra Pradesh,Vizianagaram,15-04-2024,2024,4,0,IMD GRID MODEL
Andhra Pradesh,Vizianagaram,16-04-2024,2024,4,0,IMD GRID MODEL
Andhra Pradesh,Vizianagaram,19-04-2024,2024,4,0.001317228,IMD GRID MODEL
Andhra Pradesh,Vizianagaram,20-04-2024,2024,4,0.211369206,IMD GRID MODEL
Andhra Pradesh,Vizianagaram,21-04-2024,2024,4,1.191869028,IMD GRID MODEL
Andhra Pradesh,Vizianagaram,28-04-2024,2024,4,0.491910794,IMD GRID MODEL
Andhra Pradesh,Vizianagaram,03-05-2024,2024,5,0.125237687,IMD GRID MODEL
Andhra Pradesh,Vizianagaram,05-05-2024,2024,5,0.000113832,IMD GRID MODEL
Andhra Pradesh,Vizianagaram,08-05-2024,2024,5,2.685127778,IMD GRID MODEL
Andhra Pradesh,Vizianagaram,12-05-2024,2024,5,0.074209518,IMD GRID MODEL
Andhra Pradesh,Vizianagaram,13-05-2024,2024,5,0.720506575,IMD GRID MODEL
Andhra Pradesh,Vizianagaram,29-05-2024,2024,5,0,IMD GRID MODEL
Andhra Pradesh,Vizianagaram,01-06-2024,2024,6,24.91731981,IMD GRID MODEL
Andhra Pradesh,Vizianagaram,05-06-2024,2024,6,5.075118091,IMD GRID MODEL
Andhra Pradesh,Vizianagaram,06-06-2024,2024,6,13.58741666,IMD GRID MODEL
Andhra Pradesh,Vizianagaram,22-06-2024,2024,6,11.02968098,IMD GRID MODEL
Andhra Pradesh,Vizianagaram,28-06-2024,2024,6,17.56875768,IMD GRID MODEL
Andhra Pradesh,Vizianagaram,03-07-2024,2024,7,0.299816402,IMD GRID MODEL
Andhra Pradesh,Vizianagaram,06-07-2024,2024,7,9.910728139,IMD GRID MODEL
Andhra Pradesh,Vizianagaram,27-07-2024,2024,7,10.98495892,IMD GRID MODEL
Andhra Pradesh,Vizianagaram,29-07-2024,2024,7,0.025803223,IMD GRID MODEL
Andhra Pradesh,Vizianagaram,30-07-2024,2024,7,2.540573449,IMD GRID MODEL
Andhra Pradesh,Anantapur,01-01-2024,2024,1,0.143165298,IMD GRID MODEL
Andhra Pradesh,Anantapur,04-01-2024,2024,1,0.016232368,IMD GRID MODEL
Andhra Pradesh,Anantapur,07-01-2024,2024,1,0.002190768,IMD GRID MODEL
Andhra Pradesh,Anantapur,10-01-2024,2024,1,0.001434047,IMD GRID MODEL
Andhra Pradesh,Anantapur,17-01-2024,2024,1,0,IMD GRID MODEL
Andhra Pradesh,Anantapur,20-01-2024,2024,1,0,IMD GRID MODEL
Andhra Pradesh,Anantapur,28-01-2024,2024,1,0,IMD GRID MODEL
Andhra Pradesh,Anantapur,04-02-2024,2024,2,0,IMD GRID MODEL
Andhra Pradesh,Anantapur,06-02-2024,2024,2,0.001754248,IMD GRID MODEL
Andhra Pradesh,Anantapur,19-02-2024,2024,2,0,IMD GRID MODEL
Andhra Pradesh,Anantapur,28-02-2024,2024,2,0,IMD GRID MODEL
Andhra Pradesh,Anantapur,29-02-2024,2024,2,8.98E-05,IMD GRID MODEL
Andhra Pradesh,Anantapur,10-03-2024,2024,3,0,IMD GRID MODEL
Andhra Pradesh,Anantapur,12-03-2024,2024,3,0.0012133,IMD GRID MODEL
Andhra Pradesh,Anantapur,15-03-2024,2024,3,0,IMD GRID MODEL
Andhra Pradesh,Anantapur,16-03-2024,2024,3,6.51E-05,IMD GRID MODEL
Andhra Pradesh,Anantapur,18-03-2024,2024,3,0,IMD GRID MODEL
Andhra Pradesh,Anantapur,22-03-2024,2024,3,0,IMD GRID MODEL
Andhra Pradesh,Anantapur,06-04-2024,2024,4,0.006296342,IMD GRID MODEL
Andhra Pradesh,Anantapur,11-04-2024,2024,4,0.106322851,IMD GRID MODEL
Andhra Pradesh,Anantapur,12-04-2024,2024,4,0.114536034,IMD GRID MODEL
Andhra Pradesh,Anantapur,22-04-2024,2024,4,7.61E-05,IMD GRID MODEL
Andhra Pradesh,Anantapur,23-04-2024,2024,4,0.183453139,IMD GRID MODEL
Andhra Pradesh,Anantapur,27-04-2024,2024,4,0,IMD GRID MODEL
Andhra Pradesh,Anantapur,02-05-2024,2024,5,0.00029521,IMD GRID MODEL
Andhra Pradesh,Anantapur,04-05-2024,2024,5,0.421610859,IMD GRID MODEL
Andhra Pradesh,Anantapur,06-05-2024,2024,5,0,IMD GRID MODEL
Andhra Pradesh,Anantapur,15-05-2024,2024,5,1.351952993,IMD GRID MODEL
Andhra Pradesh,Anantapur,17-05-2024,2024,5,1.834965071,IMD GRID MODEL
Andhra Pradesh,Anantapur,02-06-2024,2024,6,16.59802823,IMD GRID MODEL
Andhra Pradesh,Anantapur,05-06-2024,2024,6,3.393459513,IMD GRID MODEL
Andhra Pradesh,Anantapur,06-06-2024,2024,6,15.14799123,IMD GRID MODEL
Andhra Pradesh,Anantapur,07-06-2024,2024,6,12.55627812,IMD GRID MODEL
Andhra Pradesh,Anantapur,10-06-2024,2024,6,2.553735649,IMD GRID MODEL
Andhra Pradesh,Anantapur,16-06-2024,2024,6,0.000856076,IMD GRID MODEL
Andhra Pradesh,Anantapur,18-06-2024,2024,6,5.340484184,IMD GRID MODEL
Andhra Pradesh,Anantapur,19-06-2024,2024,6,6.892728887,IMD GRID MODEL
Andhra Pradesh,Anantapur,22-06-2024,2024,6,0.604812997,IMD GRID MODEL
Andhra Pradesh,Anantapur,25-07-2024,2024,7,0.000322606,IMD GRID MODEL
Andhra Pradesh,Anantapur,03-08-2024,2024,8,0.40858178,IMD GRID MODEL
Andhra Pradesh,Anantapur,10-08-2024,2024,8,2.770694085,IMD GRID MODEL
Andhra Pradesh,Anantapur,17-08-2024,2024,8,11.05659449,IMD GRID MODEL
Andhra Pradesh,Anantapur,18-08-2024,2024,8,3.461973824,IMD GRID MODEL
Andhra Pradesh,Anantapur,22-08-2024,2024,8,1.942003102,IMD GRID MODEL
Andhra Pradesh,Anantapur,25-08-2024,2024,8,0.191460587,IMD GRID MODEL
Andhra Pradesh,Anantapur,31-08-2024,2024,8,14.34084173,IMD GRID MODEL
Andhra Pradesh,Anantapur,03-09-2024,2024,9,0.909966849,IMD GRID MODEL
Andhra Pradesh,Anantapur,13-09-2024,2024,9,0.19581141,IMD GRID MODEL
Andhra Pradesh,Anantapur,20-09-2024,2024,9,0.656549433,IMD GRID MODEL
Andhra Pradesh,Anantapur,22-09-2024,2024,9,9.034046334,IMD GRID MODEL
Andhra Pradesh,Anantapur,23-09-2024,2024,9,7.757066643,IMD GRID MODEL
Andhra Pradesh,Anantapur,26-09-2024,2024,9,3.161652238,IMD GRID MODEL
Andhra Pradesh,Anantapur,06-10-2024,2024,10,5.575658716,IMD GRID MODEL
Andhra Pradesh,Anantapur,11-10-2024,2024,10,11.04065707,IMD GRID MODEL
Andhra Pradesh,Anantapur,15-10-2024,2024,10,15.83394874,IMD GRID MODEL
Andhra Pradesh,Anantapur,16-10-2024,2024,10,19.33700671,IMD GRID MODEL
Andhra Pradesh,Anantapur,17-10-2024,2024,10,13.12844814,IMD GRID MODEL
Andhra Pradesh,Anantapur,19-10-2024,2024,10,9.314747787,IMD GRID MODEL
Andhra Pradesh,Anantapur,20-10-2024,2024,10,1.195468217,IMD GRID MODEL
Andhra Pradesh,Anantapur,25-10-2024,2024,10,0,IMD GRID MODEL
Andhra Pradesh,Anantapur,01-11-2024,2024,11,1.45473267,IMD GRID MODEL
Andhra Pradesh,Anantapur,02-11-2024,2024,11,0.149063816,IMD GRID MODEL
Andhra Pradesh,Anantapur,13-11-2024,2024,11,1.365796722,IMD GRID MODEL
Andhra Pradesh,Anantapur,28-11-2024,2024,11,0,IMD GRID MODEL
Andhra Pradesh,Anantapur,06-12-2024,2024,12,0.846547735,IMD GRID MODEL
Andhra Pradesh,Anantapur,21-12-2024,2024,12,0.000258439,IMD GRID MODEL
Andhra Pradesh,Chittoor,03-01-2024,2024,1,0.001806788,IMD GRID MODEL
Andhra Pradesh,Chittoor,05-01-2024,2024,1,0.274727136,IMD GRID MODEL
Andhra Pradesh,Chittoor,12-01-2024,2024,1,0,IMD GRID MODEL
Andhra Pradesh,Chittoor,24-01-2024,2024,1,0,IMD GRID MODEL
Andhra Pradesh,Chittoor,31-01-2024,2024,1,0,IMD GRID MODEL
Andhra Pradesh,Chittoor,02-02-2024,2024,2,0.716320839,IMD GRID MODEL
Andhra Pradesh,Chittoor,19-02-2024,2024,2,0,IMD GRID MODEL
Andhra Pradesh,Chittoor,25-02-2024,2024,2,0,IMD GRID MODEL
Andhra Pradesh,Guntur,27-08-2024,2024,8,2.646893474,IMD GRID MODEL
Andhra Pradesh,Guntur,31-08-2024,2024,8,77.08621645,IMD GRID MODEL
Andhra Pradesh,Guntur,01-09-2024,2024,9,14.39274458,IMD GRID MODEL
Andhra Pradesh,Guntur,07-09-2024,2024,9,9.277123167,IMD GRID MODEL
Andhra Pradesh,Guntur,09-09-2024,2024,9,2.419370759,IMD GRID MODEL
Andhra Pradesh,Guntur,15-09-2024,2024,9,0.077043405,IMD GRID MODEL
Andhra Pradesh,Guntur,19-09-2024,2024,9,0.207759063,IMD GRID MODEL
Andhra Pradesh,Guntur,22-09-2024,2024,9,12.30985354,IMD GRID MODEL
Andhra Pradesh,Guntur,27-09-2024,2024,9,7.112620945,IMD GRID MODEL
Andhra Pradesh,Guntur,01-10-2024,2024,10,0.53722452,IMD GRID MODEL
Andhra Pradesh,Guntur,04-10-2024,2024,10,1.257552163,IMD GRID MODEL
Andhra Pradesh,Guntur,10-10-2024,2024,10,6.238243799,IMD GRID MODEL
Andhra Pradesh,Guntur,12-10-2024,2024,10,6.784381262,IMD GRID MODEL
Andhra Pradesh,Guntur,14-10-2024,2024,10,7.040570327,IMD GRID MODEL
Andhra Pradesh,Guntur,18-10-2024,2024,10,10.8840451,IMD GRID MODEL
Andhra Pradesh,Guntur,01-11-2024,2024,11,0.030474658,IMD GRID MODEL
Andhra Pradesh,Guntur,06-11-2024,2024,11,0.051495337,IMD GRID MODEL
Andhra Pradesh,Guntur,09-11-2024,2024,11,1.282960084,IMD GRID MODEL
Andhra Pradesh,Guntur,22-11-2024,2024,11,0.054968756,IMD GRID MODEL
Andhra Pradesh,Guntur,24-11-2024,2024,11,0.000276864,IMD GRID MODEL
Andhra Pradesh,Guntur,28-11-2024,2024,11,0,IMD GRID MODEL
Andhra Pradesh,Guntur,29-11-2024,2024,11,0.047832013,IMD GRID MODEL
Andhra Pradesh,Guntur,12-12-2024,2024,12,0.001740006,IMD GRID MODEL
Andhra Pradesh,Guntur,16-12-2024,2024,12,0.008845388,IMD GRID MODEL
Andhra Pradesh,Guntur,17-12-2024,2024,12,0.001690603,IMD GRID MODEL
Andhra Pradesh,Guntur,20-12-2024,2024,12,0.251130943,IMD GRID MODEL
Andhra Pradesh,Guntur,23-12-2024,2024,12,0,IMD GRID MODEL
Andhra Pradesh,Guntur,31-12-2024,2024,12,6.21E-05,IMD GRID MODEL
Andhra Pradesh,Krishna,02-01-2024,2024,1,0,IMD GRID MODEL
Andhra Pradesh,Krishna,03-01-2024,2024,1,0,IMD GRID MODEL
Andhra Pradesh,Krishna,04-01-2024,2024,1,0,IMD GRID MODEL
Andhra Pradesh,Krishna,08-01-2024,2024,1,0.002219635,IMD GRID MODEL
Andhra Pradesh,Krishna,10-01-2024,2024,1,0.002468029,IMD GRID MODEL
Andhra Pradesh,Krishna,14-01-2024,2024,1,0,IMD GRID MODEL
Andhra Pradesh,Krishna,23-01-2024,2024,1,0,IMD GRID MODEL
Andhra Pradesh,Krishna,28-01-2024,2024,1,0,IMD GRID MODEL
Andhra Pradesh,Krishna,04-02-2024,2024,2,0,IMD GRID MODEL
Andhra Pradesh,Krishna,08-02-2024,2024,2,0,IMD GRID MODEL
Andhra Pradesh,Krishna,13-02-2024,2024,2,0,IMD GRID MODEL
Andhra Pradesh,Krishna,20-02-2024,2024,2,0,IMD GRID MODEL
Andhra Pradesh,Krishna,03-03-2024,2024,3,0,IMD GRID MODEL
Andhra Pradesh,Krishna,12-03-2024,2024,3,0.005369384,IMD GRID MODEL
Andhra Pradesh,Krishna,25-03-2024,2024,3,0,IMD GRID MODEL
Andhra Pradesh,Krishna,26-03-2024,2024,3,0,IMD GRID MODEL
Andhra Pradesh,Krishna,01-04-2024,2024,4,0.301766613,IMD GRID MODEL
Andhra Pradesh,Krishna,13-04-2024,2024,4,-0.000789675,IMD GRID MODEL
Andhra Pradesh,Krishna,18-04-2024,2024,4,0.049711532,IMD GRID MODEL
Andhra Pradesh,Krishna,21-04-2024,2024,4,0.000346714,IMD GRID MODEL
Andhra Pradesh,Krishna,25-04-2024,2024,4,0,IMD GRID MODEL
Andhra Pradesh,Krishna,03-05-2024,2024,5,0,IMD GRID MODEL
Andhra Pradesh,Krishna,05-05-2024,2024,5,0.113162904,IMD GRID MODEL
Andhra Pradesh,Krishna,06-05-2024,2024,5,1.858837689,IMD GRID MODEL
Andhra Pradesh,Krishna,13-05-2024,2024,5,1.377195465,IMD GRID MODEL
Andhra Pradesh,Krishna,23-05-2024,2024,5,0.000233784,IMD GRID MODEL
Andhra Pradesh,Krishna,30-05-2024,2024,5,0,IMD GRID MODEL
Andhra Pradesh,Krishna,03-06-2024,2024,6,21.84624184,IMD GRID MODEL
Andhra Pradesh,Krishna,05-06-2024,2024,6,0.076904206,IMD GRID MODEL
Andhra Pradesh,Krishna,09-06-2024,2024,6,0.793678502,IMD GRID MODEL
Andhra Pradesh,Krishna,15-06-2024,2024,6,3.693114181,IMD GRID MODEL
Andhra Pradesh,Krishna,16-06-2024,2024,6,0.782052724,IMD GRID MODEL
Andhra Pradesh,Krishna,17-06-2024,2024,6,2.362967112,IMD GRID MODEL
Andhra Pradesh,Krishna,19-06-2024,2024,6,13.94036386,IMD GRID MODEL
Andhra Pradesh,Krishna,27-06-2024,2024,6,17.29786834,IMD GRID MODEL
Andhra Pradesh,Krishna,28-06-2024,2024,6,13.99853598,IMD GRID MODEL
Andhra Pradesh,Krishna,01-07-2024,2024,7,10.98276663,IMD GRID MODEL
Andhra Pradesh,Krishna,06-07-2024,2024,7,11.54609087,IMD GRID MODEL
Andhra Pradesh,Krishna,14-07-2024,2024,7,0.540636572,IMD GRID MODEL
Andhra Pradesh,Krishna,17-07-2024,2024,7,2.242661916,IMD GRID MODEL
Andhra Pradesh,Krishna,06-08-2024,2024,8,13.74199315,IMD GRID MODEL
Andhra Pradesh,Krishna,09-08-2024,2024,8,0.368074952,IMD GRID MODEL
Andhra Pradesh,Krishna,10-08-2024,2024,8,5.686593071,IMD GRID MODEL
Andhra Pradesh,Krishna,13-08-2024,2024,8,0.034777346,IMD GRID MODEL
Andhra Pradesh,Krishna,18-08-2024,2024,8,2.244545393,IMD GRID MODEL
Andhra Pradesh,Krishna,20-08-2024,2024,8,1.760526097,IMD GRID MODEL
Andhra Pradesh,Krishna,23-08-2024,2024,8,9.108895698,IMD GRID MODEL
Andhra Pradesh,Krishna,01-09-2024,2024,9,5.613217866,IMD GRID MODEL
Andhra Pradesh,Krishna,04-09-2024,2024,9,32.17392129,IMD GRID MODEL
Andhra Pradesh,Krishna,08-09-2024,2024,9,0,IMD GRID MODEL
Andhra Pradesh,Krishna,09-09-2024,2024,9,3.096194355,IMD GRID MODEL
Andhra Pradesh,Krishna,11-09-2024,2024,9,0.221012924,IMD GRID MODEL
Andhra Pradesh,Krishna,14-09-2024,2024,9,0.589292711,IMD GRID MODEL
Andhra Pradesh,Krishna,18-09-2024,2024,9,0.143750688,IMD GRID MODEL
Andhra Pradesh,Krishna,19-09-2024,2024,9,0.309547969,IMD GRID MODEL
Andhra Pradesh,Krishna,22-09-2024,2024,9,11.75023877,IMD GRID MODEL
Andhra Pradesh,Krishna,28-09-2024,2024,9,7.937575324,IMD GRID MODEL
Andhra Pradesh,Krishna,14-10-2024,2024,10,6.885054286,IMD GRID MODEL
Andhra Pradesh,Krishna,20-10-2024,2024,10,9.496278825,IMD GRID MODEL
Andhra Pradesh,Krishna,24-10-2024,2024,10,0.001989319,IMD GRID MODEL
Andhra Pradesh,Krishna,29-10-2024,2024,10,0.00198188,IMD GRID MODEL
Andhra Pradesh,Krishna,09-11-2024,2024,11,0.63694616,IMD GRID MODEL
Andhra Pradesh,Krishna,17-11-2024,2024,11,5.31E-05,IMD GRID MODEL
Andhra Pradesh,Krishna,20-11-2024,2024,11,0,IMD GRID MODEL
Andhra Pradesh,Krishna,22-11-2024,2024,11,0,IMD GRID MODEL
Andhra Pradesh,Krishna,24-11-2024,2024,11,0,IMD GRID MODEL
Andhra Pradesh,Krishna,29-11-2024,2024,11,0.019369962,IMD GRID MODEL
Andhra Pradesh,Krishna,15-12-2024,2024,12,3.73E-05,IMD GRID MODEL
Andhra Pradesh,Krishna,21-12-2024,2024,12,0.142772746,IMD GRID MODEL
Andhra Pradesh,Krishna,22-12-2024,2024,12,0.000451908,IMD GRID MODEL
Andhra Pradesh,Krishna,30-12-2024,2024,12,4.00E-05,IMD GRID MODEL
Andhra Pradesh,Kurnool,02-01-2024,2024,1,0,IMD GRID MODEL
Andhra Pradesh,Kurnool,03-01-2024,2024,1,2.95E-05,IMD GRID MODEL
Andhra Pradesh,Kurnool,12-01-2024,2024,1,0,IMD GRID MODEL
Andhra Pradesh,Kurnool,19-01-2024,2024,1,0,IMD GRID MODEL
Andhra Pradesh,Kurnool,21-01-2024,2024,1,0,IMD GRID MODEL
Andhra Pradesh,Kurnool,28-01-2024,2024,1,0,IMD GRID MODEL
Andhra Pradesh,Kurnool,30-01-2024,2024,1,0.000343776,IMD GRID MODEL
Andhra Pradesh,Kurnool,05-02-2024,2024,2,0,IMD GRID MODEL
Andhra Pradesh,Kurnool,06-02-2024,2024,2,5.90E-05,IMD GRID MODEL
Andhra Pradesh,Kurnool,09-02-2024,2024,2,0,IMD GRID MODEL
Andhra Pradesh,Kurnool,11-02-2024,2024,2,2.95E-05,IMD GRID MODEL
Andhra Pradesh,Kurnool,12-02-2024,2024,2,0,IMD GRID MODEL
Andhra Pradesh,Kurnool,16-02-2024,2024,2,0.000694013,IMD GRID MODEL
Andhra Pradesh,Kurnool,19-02-2024,2024,2,0,IMD GRID MODEL
Andhra Pradesh,Kurnool,20-02-2024,2024,2,0,IMD GRID MODEL
Andhra Pradesh,Kurnool,01-03-2024,2024,3,0,IMD GRID MODEL
Andhra Pradesh,Kurnool,03-03-2024,2024,3,0,IMD GRID MODEL
Andhra Pradesh,Kurnool,04-03-2024,2024,3,0,IMD GRID MODEL
Andhra Pradesh,Kurnool,29-03-2024,2024,3,0,IMD GRID MODEL
Andhra Pradesh,Kurnool,01-04-2024,2024,4,0.452442869,IMD GRID MODEL
Andhra Pradesh,Kurnool,06-04-2024,2024,4,0.000145459,IMD GRID MODEL
Andhra Pradesh,Kurnool,09-04-2024,2024,4,0,IMD GRID MODEL
Andhra Pradesh,Kurnool,10-04-2024,2024,4,1.15E-06,IMD GRID MODEL
Andhra Pradesh,Kurnool,13-04-2024,2024,4,0.173573037,IMD GRID MODEL
Andhra Pradesh,Kurnool,21-04-2024,2024,4,3.157968935,IMD GRID MODEL
Andhra Pradesh,Kurnool,23-04-2024,2024,4,0.134985209,IMD GRID MODEL
Andhra Pradesh,Kurnool,24-04-2024,2024,4,0.000798921,IMD GRID MODEL
Andhra Pradesh,Kurnool,25-04-2024,2024,4,0,IMD GRID MODEL
Andhra Pradesh,Kurnool,26-04-2024,2024,4,4.15E-06,IMD GRID MODEL
Andhra Pradesh,Kurnool,27-04-2024,2024,4,0,IMD GRID MODEL
Andhra Pradesh,Kurnool,28-04-2024,2024,4,0,IMD GRID MODEL
Andhra Pradesh,Kurnool,01-05-2024,2024,5,0.00043965,IMD GRID MODEL
Andhra Pradesh,Kurnool,03-05-2024,2024,5,0.001018539,IMD GRID MODEL
