State,District,Date,Year,Month,Avg_rainfall,Agency_name
Andhra Pradesh,Visakhapatanam,2022-05-06,2022,05,8.95729823,IMD GRID MODEL
Andhra Pradesh,Visakhapatanam,2022-05-13,2022,05,1.424100074,IMD GRID MODEL
Andhra Pradesh,Visakhapatanam,2022-05-23,2022,05,0.156827619,IMD GRID MODEL
Andhra Pradesh,Visakhapatanam,2022-05-26,2022,05,0.0,IMD GRID MODEL
Andhra Pradesh,Visakhapatanam,2022-05-31,2022,05,0.0,IMD GRID MODEL
Andhra Pradesh,Visakhapatanam,2022-06-01,2022,06,0.000500227,IMD GRID MODEL
Andhra Pradesh,Visakhapatanam,2022-06-13,2022,06,10.47010242,IMD GRID MODEL
Andhra Pradesh,Visakhapatanam,2022-06-18,2022,06,1.362475311,IMD GRID MODEL
Andhra Pradesh,Visakhapatanam,2022-06-22,2022,06,1.341540399,IMD GRID MODEL
Andhra Pradesh,Visakhapatanam,2022-06-24,2022,06,8.062859879,IMD GRID MODEL
Andhra Pradesh,Visakhapatanam,2022-07-01,2022,07,1.150255473,IMD GRID MODEL
Andhra Pradesh,Visakhapatanam,2022-07-02,2022,07,17.05000498,IMD GRID MODEL
Andhra Pradesh,Visakhapatanam,2022-07-10,2022,07,5.476637567,IMD GRID MODEL
Andhra Pradesh,Visakhapatanam,2022-07-16,2022,07,1.909342682,IMD GRID MODEL
Andhra Pradesh,Visakhapatanam,2022-07-17,2022,07,4.141925336,IMD GRID MODEL
Andhra Pradesh,Visakhapatanam,2022-07-22,2022,07,2.387628102,IMD GRID MODEL
Andhra Pradesh,Visakhapatanam,2022-10-14,2022,10,2.0473895259,IMD GRID MODEL
Andhra Pradesh,Visakhapatanam,2022-10-16,2022,10,11.151052347,IMD GRID MODEL
Andhra Pradesh,Visakhapatanam,2022-10-21,2022,10,0.3045790686,IMD GRID MODEL
Andhra Pradesh,Visakhapatanam,2022-10-17,2022,10,0.2493796133,IMD GRID MODEL
Andhra Pradesh,Visakhapatanam,2022-10-24,2022,10,0.0,IMD GRID MODEL
Andhra Pradesh,Visakhapatanam,2022-10-25,2022,10,0.0,IMD GRID MODEL
Andhra Pradesh,Visakhapatanam,2022-11-07,2022,11,0.0,IMD GRID MODEL
Andhra Pradesh,Visakhapatanam,2022-11-19,2022,11,0.1842060668,IMD GRID MODEL
Andhra Pradesh,Visakhapatanam,2022-11-22,2022,11,0.0007433317,IMD GRID MODEL
Andhra Pradesh,Visakhapatanam,2022-11-26,2022,11,0.8681626273,IMD GRID MODEL
Andhra Pradesh,Visakhapatanam,2022-11-28,2022,11,0.0,IMD GRID MODEL
Andhra Pradesh,Visakhapatanam,2022-12-07,2022,12,0.0,IMD GRID MODEL
Andhra Pradesh,Visakhapatanam,2022-12-08,2022,12,0.0,IMD GRID MODEL
Andhra Pradesh,Visakhapatanam,2022-12-13,2022,12,0.1231825912,IMD GRID MODEL
Andhra Pradesh,Visakhapatanam,2022-12-18,2022,12,0.0,IMD GRID MODEL
Andhra Pradesh,Vishakhapatnam,2022-08-01,2022,08,7.831048009,IMD GRID MODEL
Andhra Pradesh,Vishakhapatnam,2022-08-08,2022,08,11.50716268,IMD GRID MODEL
Andhra Pradesh,Vishakhapatnam,2022-08-10,2022,08,3.257187,IMD GRID MODEL
Andhra Pradesh,Vishakhapatnam,2022-08-17,2022,08,1.44762797,IMD GRID MODEL
Andhra Pradesh,Vishakhapatnam,2022-08-18,2022,08,0.629098298,IMD GRID MODEL
Andhra Pradesh,Vishakhapatnam,2022-08-21,2022,08,1.272982596,IMD GRID MODEL
Andhra Pradesh,Vishakhapatnam,2022-09-01,2022,09,5.905461933,IMD GRID MODEL
Andhra Pradesh,Vishakhapatnam,2022-09-05,2022,09,4.072636136,IMD GRID MODEL
Andhra Pradesh,Vishakhapatnam,2022-09-12,2022,09,5.466946359,IMD GRID MODEL
Andhra Pradesh,Vishakhapatnam,2022-09-14,2022,09,1.425956907,IMD GRID MODEL
Andhra Pradesh,Vishakhapatnam,2022-09-16,2022,09,0.850004173,IMD GRID MODEL
Andhra Pradesh,Vishakhapatnam,2022-09-17,2022,09,0.038186079,IMD GRID MODEL
Andhra Pradesh,Vishakhapatnam,2022-09-18,2022,09,0.540724671,IMD GRID MODEL
Andhra Pradesh,Vishakhapatnam,2022-09-27,2022,09,2.604320615,IMD GRID MODEL
Andhra Pradesh,Vishakhapatnam,2022-10-03,2022,10,13.23018938,IMD GRID MODEL
Andhra Pradesh,Vishakhapatnam,2022-10-05,2022,10,11.00024995,IMD GRID MODEL
Andhra Pradesh,Vishakhapatnam,2022-10-08,2022,10,17.43374279,IMD GRID MODEL
Andhra Pradesh,Vishakhapatnam,2022-10-13,2022,10,5.099403831,IMD GRID MODEL
Andhra Pradesh,Vizianagaram,2022-01-06,2022,01,0.0,IMD GRID MODEL
Andhra Pradesh,Vizianagaram,2022-01-14,2022,01,27.19215744,IMD GRID MODEL
Andhra Pradesh,Vizianagaram,2022-01-15,2022,01,7.776858411,IMD GRID MODEL
Andhra Pradesh,Vizianagaram,2022-01-18,2022,01,0.0,IMD GRID MODEL
Andhra Pradesh,Vizianagaram,2022-01-21,2022,01,0.0,IMD GRID MODEL
Andhra Pradesh,Vizianagaram,2022-01-26,2022,01,0.0,IMD GRID MODEL
Andhra Pradesh,Vizianagaram,2022-01-30,2022,01,0.0,IMD GRID MODEL
Andhra Pradesh,Vizianagaram,2022-02-05,2022,02,0.0,IMD GRID MODEL
Andhra Pradesh,Vizianagaram,2022-02-06,2022,02,0.0,IMD GRID MODEL
Andhra Pradesh,Vizianagaram,2022-02-07,2022,02,0.0,IMD GRID MODEL
Andhra Pradesh,Vizianagaram,2022-02-09,2022,02,0.0,IMD GRID MODEL
Andhra Pradesh,Vizianagaram,2022-02-16,2022,02,0.0,IMD GRID MODEL
Andhra Pradesh,Vizianagaram,2022-02-19,2022,02,0.0,IMD GRID MODEL
Andhra Pradesh,Vizianagaram,2022-02-28,2022,02,0.0,IMD GRID MODEL
Andhra Pradesh,Vizianagaram,2022-03-06,2022,03,0.0,IMD GRID MODEL
Andhra Pradesh,Vizianagaram,2022-03-07,2022,03,0.0,IMD GRID MODEL
Andhra Pradesh,Vizianagaram,2022-03-11,2022,03,0.0,IMD GRID MODEL
Andhra Pradesh,Vizianagaram,2022-03-13,2022,03,0.0,IMD GRID MODEL
Andhra Pradesh,Vizianagaram,2022-03-17,2022,03,0.0,IMD GRID MODEL
Andhra Pradesh,Vizianagaram,2022-03-18,2022,03,0.0,IMD GRID MODEL
Andhra Pradesh,Vizianagaram,2022-03-21,2022,03,0.0,IMD GRID MODEL
Andhra Pradesh,Vizianagaram,2022-03-25,2022,03,0.0,IMD GRID MODEL
Andhra Pradesh,Vizianagaram,2022-03-30,2022,03,0.0,IMD GRID MODEL
Andhra Pradesh,Vizianagaram,2022-04-07,2022,04,1.299151462,IMD GRID MODEL
Andhra Pradesh,Vizianagaram,2022-04-13,2022,04,0.0,IMD GRID MODEL
Andhra Pradesh,Vizianagaram,2022-04-16,2022,04,0.00093958,IMD GRID MODEL
Andhra Pradesh,Vizianagaram,2022-04-18,2022,04,0.375183467,IMD GRID MODEL
Andhra Pradesh,Vizianagaram,2022-04-19,2022,04,0.013779245,IMD GRID MODEL
Andhra Pradesh,Vizianagaram,2022-04-21,2022,04,0.0,IMD GRID MODEL
Andhra Pradesh,Vizianagaram,2022-04-23,2022,04,0.0,IMD GRID MODEL
Andhra Pradesh,Vizianagaram,2022-04-25,2022,04,0.011529722,IMD GRID MODEL
Andhra Pradesh,Vizianagaram,2022-04-28,2022,04,0.933486205,IMD GRID MODEL
Andhra Pradesh,Vizianagaram,2022-05-03,2022,05,19.98665897,IMD GRID MODEL
Andhra Pradesh,Vizianagaram,2022-05-05,2022,05,0.049876921,IMD GRID MODEL
Andhra Pradesh,Vizianagaram,2022-05-06,2022,05,9.214467756,IMD GRID MODEL
Andhra Pradesh,Vizianagaram,2022-05-07,2022,05,0.0,IMD GRID MODEL
Andhra Pradesh,Vizianagaram,2022-05-15,2022,05,0.0,IMD GRID MODEL
Andhra Pradesh,Vizianagaram,2022-05-27,2022,05,14.0676675,IMD GRID MODEL
Andhra Pradesh,Vizianagaram,2022-05-29,2022,05,1.08503913,IMD GRID MODEL
Andhra Pradesh,Vizianagaram,2022-05-31,2022,05,0.0,IMD GRID MODEL
Andhra Pradesh,Vizianagaram,2022-06-01,2022,06,0.002900894,IMD GRID MODEL
Andhra Pradesh,Vizianagaram,2022-06-04,2022,06,9.732651118,IMD GRID MODEL
Andhra Pradesh,Vizianagaram,2022-06-07,2022,06,0.541498458,IMD GRID MODEL
Andhra Pradesh,Vizianagaram,2022-06-11,2022,06,0.03841472,IMD GRID MODEL
Andhra Pradesh,Vizianagaram,2022-06-12,2022,06,0.999981354,IMD GRID MODEL
Andhra Pradesh,Vizianagaram,2022-06-13,2022,06,15.8751741,IMD GRID MODEL
Andhra Pradesh,Vizianagaram,2022-06-18,2022,06,0.981160816,IMD GRID MODEL
Andhra Pradesh,Vizianagaram,2022-07-03,2022,07,2.256763512,IMD GRID MODEL
Andhra Pradesh,Vizianagaram,2022-07-08,2022,07,6.998158303,IMD GRID MODEL
Andhra Pradesh,Vizianagaram,2022-07-10,2022,07,6.463912872,IMD GRID MODEL
Andhra Pradesh,Vizianagaram,2022-07-26,2022,07,4.695397143,IMD GRID MODEL
Andhra Pradesh,Vizianagaram,2022-07-27,2022,07,4.992223241,IMD GRID MODEL
Andhra Pradesh,Vizianagaram,2022-07-28,2022,07,0.021107401,IMD GRID MODEL
Andhra Pradesh,Vizianagaram,2022-08-11,2022,08,1.156446998,IMD GRID MODEL
Andhra Pradesh,Vizianagaram,2022-08-17,2022,08,2.53120547,IMD GRID MODEL
Andhra Pradesh,Vizianagaram,2022-08-28,2022,08,8.192314284,IMD GRID MODEL
Andhra Pradesh,Vizianagaram,2022-09-01,2022,09,2.847333061,IMD GRID MODEL
Andhra Pradesh,Vizianagaram,2022-09-09,2022,09,33.79141595,IMD GRID MODEL
Andhra Pradesh,Vizianagaram,2022-09-10,2022,09,34.49346714,IMD GRID MODEL
Andhra Pradesh,Vizianagaram,2022-09-17,2022,09,0.0,IMD GRID MODEL
Andhra Pradesh,Vizianagaram,2022-09-25,2022,09,7.387467494,IMD GRID MODEL
Andhra Pradesh,Vizianagaram,2022-09-29,2022,09,3.745850855,IMD GRID MODEL
Andhra Pradesh,Vizianagaram,2022-10-03,2022,10,11.93853619,IMD GRID MODEL
Andhra Pradesh,Vizianagaram,2022-10-06,2022,10,27.71752056,IMD GRID MODEL
Andhra Pradesh,Vizianagaram,2022-10-09,2022,10,19.3102013,IMD GRID MODEL
Andhra Pradesh,Vizianagaram,2022-10-10,2022,10,23.48346892,IMD GRID MODEL
Andhra Pradesh,Vizianagaram,2022-10-11,2022,10,3.494979693,IMD GRID MODEL
Andhra Pradesh,Vizianagaram,2022-10-14,2022,10,2.6234463125,IMD GRID MODEL
Andhra Pradesh,Vizianagaram,2022-10-27,2022,10,0.0,IMD GRID MODEL
Andhra Pradesh,Vizianagaram,2022-11-12,2022,11,0.0,IMD GRID MODEL
Andhra Pradesh,Vizianagaram,2022-11-13,2022,11,0.0,IMD GRID MODEL
Andhra Pradesh,Vizianagaram,2022-11-16,2022,11,0.0,IMD GRID MODEL
Andhra Pradesh,Vizianagaram,2022-11-25,2022,11,2.9614104672,IMD GRID MODEL
Andhra Pradesh,Vizianagaram,2022-11-26,2022,11,0.0,IMD GRID MODEL
Andhra Pradesh,Vizianagaram,2022-12-02,2022,12,0.0,IMD GRID MODEL
Andhra Pradesh,Vizianagaram,2022-12-04,2022,12,0.0,IMD GRID MODEL
Andhra Pradesh,Vizianagaram,2022-12-09,2022,12,0.0,IMD GRID MODEL
Andhra Pradesh,Vizianagaram,2022-12-17,2022,12,0.0,IMD GRID MODEL
Andhra Pradesh,Vizianagaram,2022-12-27,2022,12,0.0,IMD GRID MODEL
Andhra Pradesh,Vizianagaram,2022-12-28,2022,12,0.0,IMD GRID MODEL
Andhra Pradesh,Vizianagaram,2022-12-30,2022,12,0.0,IMD GRID MODEL
Andhra Pradesh,West Godavari,2022-01-08,2022,01,0.0,IMD GRID MODEL
Andhra Pradesh,West Godavari,2022-01-09,2022,01,0.0,IMD GRID MODEL
Andhra Pradesh,West Godavari,2022-01-17,2022,01,0.066345877,IMD GRID MODEL
Andhra Pradesh,West Godavari,2022-01-21,2022,01,0.0,IMD GRID MODEL
Andhra Pradesh,West Godavari,2022-01-24,2022,01,0.376207477,IMD GRID MODEL
Andhra Pradesh,West Godavari,2022-02-01,2022,02,0.0,IMD GRID MODEL
Andhra Pradesh,West Godavari,2022-02-10,2022,02,0.0,IMD GRID MODEL
Andhra Pradesh,West Godavari,2022-02-12,2022,02,0.0,IMD GRID MODEL
Andhra Pradesh,West Godavari,2022-02-24,2022,02,0.0,IMD GRID MODEL
Andhra Pradesh,West Godavari,2022-03-01,2022,03,0.0,IMD GRID MODEL
Andhra Pradesh,West Godavari,2022-03-07,2022,03,0.0,IMD GRID MODEL
Andhra Pradesh,West Godavari,2022-03-12,2022,03,0.0,IMD GRID MODEL
Andhra Pradesh,West Godavari,2022-03-13,2022,03,0.0,IMD GRID MODEL
Andhra Pradesh,West Godavari,2022-03-15,2022,03,0.0,IMD GRID MODEL
Andhra Pradesh,West Godavari,2022-03-21,2022,03,0.0,IMD GRID MODEL
Andhra Pradesh,West Godavari,2022-03-23,2022,03,0.04801694,IMD GRID MODEL
Andhra Pradesh,West Godavari,2022-03-25,2022,03,0.766821027,IMD GRID MODEL
Andhra Pradesh,West Godavari,2022-03-27,2022,03,0.0,IMD GRID MODEL
Andhra Pradesh,West Godavari,2022-04-02,2022,04,0.0,IMD GRID MODEL
Andhra Pradesh,West Godavari,2022-04-03,2022,04,0.0,IMD GRID MODEL
Andhra Pradesh,West Godavari,2022-04-04,2022,04,0.0,IMD GRID MODEL
Andhra Pradesh,West Godavari,2022-04-15,2022,04,0.0,IMD GRID MODEL
Andhra Pradesh,West Godavari,2022-04-22,2022,04,0.0,IMD GRID MODEL
Andhra Pradesh,West Godavari,2022-04-23,2022,04,0.0,IMD GRID MODEL
Andhra Pradesh,West Godavari,2022-04-24,2022,04,0.570631368,IMD GRID MODEL
Andhra Pradesh,West Godavari,2022-04-26,2022,04,2.177191819,IMD GRID MODEL
Andhra Pradesh,West Godavari,2022-04-27,2022,04,0.0,IMD GRID MODEL
Andhra Pradesh,West Godavari,2022-04-30,2022,04,0.0,IMD GRID MODEL
Andhra Pradesh,West Godavari,2022-05-12,2022,05,12.71385078,IMD GRID MODEL
Andhra Pradesh,West Godavari,2022-05-15,2022,05,0.0,IMD GRID MODEL
Andhra Pradesh,West Godavari,2022-05-20,2022,05,2.532772675,IMD GRID MODEL
Andhra Pradesh,West Godavari,2022-05-24,2022,05,0.0,IMD GRID MODEL
Andhra Pradesh,West Godavari,2022-06-01,2022,06,0.0,IMD GRID MODEL
Andhra Pradesh,West Godavari,2022-06-03,2022,06,0.020157411,IMD GRID MODEL
Andhra Pradesh,West Godavari,2022-06-08,2022,06,0.0,IMD GRID MODEL
Andhra Pradesh,West Godavari,2022-06-10,2022,06,0.0,IMD GRID MODEL
Andhra Pradesh,West Godavari,2022-06-12,2022,06,0.399132622,IMD GRID MODEL
Andhra Pradesh,West Godavari,2022-06-24,2022,06,2.504414407,IMD GRID MODEL
Andhra Pradesh,West Godavari,2022-06-25,2022,06,8.225866044,IMD GRID MODEL
Andhra Pradesh,West Godavari,2022-06-29,2022,06,3.751611333,IMD GRID MODEL
Andhra Pradesh,West Godavari,2022-07-01,2022,07,16.05725043,IMD GRID MODEL
Andhra Pradesh,West Godavari,2022-07-05,2022,07,23.32373715,IMD GRID MODEL
Andhra Pradesh,West Godavari,2022-07-07,2022,07,2.984668108,IMD GRID MODEL
Andhra Pradesh,West Godavari,2022-07-17,2022,07,20.35868526,IMD GRID MODEL
Andhra Pradesh,West Godavari,2022-07-18,2022,07,33.63023463,IMD GRID MODEL
Andhra Pradesh,West Godavari,2022-07-21,2022,07,0.408645191,IMD GRID MODEL
Andhra Pradesh,West Godavari,2022-07-23,2022,07,18.56490457,IMD GRID MODEL
Andhra Pradesh,West Godavari,2022-07-25,2022,07,3.771136517,IMD GRID MODEL
Andhra Pradesh,West Godavari,2022-07-28,2022,07,0.374322224,IMD GRID MODEL
Andhra Pradesh,West Godavari,2022-07-31,2022,07,11.94745122,IMD GRID MODEL
Andhra Pradesh,West Godavari,2022-08-08,2022,08,17.67923602,IMD GRID MODEL
Andhra Pradesh,West Godavari,2022-08-26,2022,08,13.37824882,IMD GRID MODEL
Andhra Pradesh,West Godavari,2022-08-29,2022,08,10.30937562,IMD GRID MODEL
Andhra Pradesh,West Godavari,2022-09-08,2022,09,30.62258746,IMD GRID MODEL
Andhra Pradesh,West Godavari,2022-09-11,2022,09,33.3142531,IMD GRID MODEL
Andhra Pradesh,West Godavari,2022-09-13,2022,09,5.677353979,IMD GRID MODEL
Andhra Pradesh,West Godavari,2022-09-17,2022,09,0.290670282,IMD GRID MODEL
Andhra Pradesh,West Godavari,2022-09-27,2022,09,10.77791456,IMD GRID MODEL
Andhra Pradesh,West Godavari,2022-09-30,2022,09,8.523629107,IMD GRID MODEL
Andhra Pradesh,West Godavari,2022-10-06,2022,10,32.42711812,IMD GRID MODEL
Andhra Pradesh,West Godavari,2022-10-09,2022,10,5.200192818,IMD GRID MODEL
Andhra Pradesh,West Godavari,2022-10-10,2022,10,20.05725575,IMD GRID MODEL
Andhra Pradesh,West Godavari,2022-10-12,2022,10,6.332396464,IMD GRID MODEL
Andhra Pradesh,West Godavari,2022-10-13,2022,10,3.652703635,IMD GRID MODEL
Andhra Pradesh,West Godavari,2022-10-20,2022,10,8.6330646985,IMD GRID MODEL
Andhra Pradesh,West Godavari,2022-10-17,2022,10,5.3222409124,IMD GRID MODEL
Andhra Pradesh,West Godavari,2022-10-23,2022,10,0.0,IMD GRID MODEL
Andhra Pradesh,West Godavari,2022-10-24,2022,10,0.0,IMD GRID MODEL
Andhra Pradesh,West Godavari,2022-10-26,2022,10,0.0,IMD GRID MODEL
Andhra Pradesh,West Godavari,2022-10-27,2022,10,0.0,IMD GRID MODEL
Andhra Pradesh,West Godavari,2022-11-08,2022,11,0.0,IMD GRID MODEL
Andhra Pradesh,West Godavari,2022-11-24,2022,11,0.009264207,IMD GRID MODEL
Andhra Pradesh,West Godavari,2022-11-25,2022,11,1.701327643,IMD GRID MODEL
Andhra Pradesh,West Godavari,2022-11-29,2022,11,0.0,IMD GRID MODEL
Andhra Pradesh,West Godavari,2022-12-03,2022,12,0.6938257961,IMD GRID MODEL
Andhra Pradesh,West Godavari,2022-12-12,2022,12,1.3050740945,IMD GRID MODEL
Andhra Pradesh,West Godavari,2022-12-20,2022,12,0.0,IMD GRID MODEL
Andhra Pradesh,West Godavari,2022-12-25,2022,12,0.0,IMD GRID MODEL
Andhra Pradesh,Y S R Kadapa,2022-08-03,2022,08,6.874226391,IMD GRID MODEL
Andhra Pradesh,Y S R Kadapa,2022-08-04,2022,08,15.58974098,IMD GRID MODEL
Andhra Pradesh,Y S R Kadapa,2022-08-06,2022,08,3.556899489,IMD GRID MODEL
Andhra Pradesh,Anantapur,2022-01-21,2022,01,0.0,IMD GRID MODEL
Andhra Pradesh,Anantapur,2022-02-09,2022,02,0.0,IMD GRID MODEL
Andhra Pradesh,Anantapur,2022-02-13,2022,02,0.0,IMD GRID MODEL
Andhra Pradesh,Anantapur,2022-03-01,2022,03,0.0,IMD GRID MODEL
Andhra Pradesh,Anantapur,2022-03-06,2022,03,0.0,IMD GRID MODEL
Andhra Pradesh,Anantapur,2022-03-28,2022,03,0.0,IMD GRID MODEL
Andhra Pradesh,Anantapur,2022-04-05,2022,04,0.0,IMD GRID MODEL
Andhra Pradesh,Anantapur,2022-04-25,2022,04,0.0,IMD GRID MODEL
Andhra Pradesh,Anantapur,2022-05-03,2022,05,0.0,IMD GRID MODEL
Andhra Pradesh,Anantapur,2022-05-31,2022,05,0.596535152,IMD GRID MODEL
Andhra Pradesh,Anantapur,2022-06-08,2022,06,0.0,IMD GRID MODEL
Andhra Pradesh,Anantapur,2022-07-21,2022,07,0.222644812,IMD GRID MODEL
Andhra Pradesh,Anantapur,2022-05-05,2022,05,0.0,IMD GRID MODEL
Andhra Pradesh,Anantapur,2022-05-06,2022,05,2.237078116,IMD GRID MODEL
Andhra Pradesh,Anantapur,2022-05-14,2022,05,6.222735879,IMD GRID MODEL
Andhra Pradesh,Anantapur,2022-03-16,2022,03,0.0,IMD GRID MODEL
Andhra Pradesh,Anantapur,2022-03-18,2022,03,0.0,IMD GRID MODEL
Andhra Pradesh,Anantapur,2022-03-19,2022,03,0.0,IMD GRID MODEL
Andhra Pradesh,Anantapur,2022-05-27,2022,05,0.083259109,IMD GRID MODEL
Andhra Pradesh,Anantapur,2022-04-02,2022,04,0.0,IMD GRID MODEL
Andhra Pradesh,Anantapur,2022-04-10,2022,04,0.0,IMD GRID MODEL
Andhra Pradesh,Anantapur,2022-06-04,2022,06,0.30469417,IMD GRID MODEL
Andhra Pradesh,Anantapur,2022-06-07,2022,06,0.0,IMD GRID MODEL
Andhra Pradesh,Anantapur,2022-06-14,2022,06,0.067186134,IMD GRID MODEL
Andhra Pradesh,Anantapur,2022-06-15,2022,06,14.49994877,IMD GRID MODEL
Andhra Pradesh,Anantapur,2022-06-16,2022,06,0.453553719,IMD GRID MODEL
Andhra Pradesh,Anantapur,2022-06-17,2022,06,33.64317462,IMD GRID MODEL
Andhra Pradesh,Anantapur,2022-06-21,2022,06,0.858090265,IMD GRID MODEL
Andhra Pradesh,Anantapur,2022-06-24,2022,06,0.0,IMD GRID MODEL
Andhra Pradesh,Anantapur,2022-06-26,2022,06,0.056851507,IMD GRID MODEL
Andhra Pradesh,Anantapur,2022-06-27,2022,06,0.017434606,IMD GRID MODEL
Andhra Pradesh,Anantapur,2022-07-01,2022,07,1.710492815,IMD GRID MODEL
Andhra Pradesh,Anantapur,2022-07-06,2022,07,7.970616746,IMD GRID MODEL
Andhra Pradesh,Anantapur,2022-04-11,2022,04,0.0,IMD GRID MODEL
Andhra Pradesh,Anantapur,2022-04-15,2022,04,0.364978616,IMD GRID MODEL
Andhra Pradesh,Anantapur,2022-04-22,2022,04,0.008470402,IMD GRID MODEL
Andhra Pradesh,Anantapur,2022-04-26,2022,04,0.42760231,IMD GRID MODEL
Andhra Pradesh,Anantapur,2022-05-04,2022,05,1.649803863,IMD GRID MODEL
Andhra Pradesh,Anantapur,2022-07-18,2022,07,1.95925787,IMD GRID MODEL
Andhra Pradesh,Anantapur,2022-07-25,2022,07,0.147707182,IMD GRID MODEL
Andhra Pradesh,Anantapur,2022-01-02,2022,01,0.0,IMD GRID MODEL
Andhra Pradesh,Anantapur,2022-01-15,2022,01,0.279112512,IMD GRID MODEL
Andhra Pradesh,Anantapur,2022-01-16,2022,01,0.0,IMD GRID MODEL
Andhra Pradesh,Anantapur,2022-01-18,2022,01,0.0,IMD GRID MODEL
Andhra Pradesh,Anantapur,2022-01-24,2022,01,0.0,IMD GRID MODEL
Andhra Pradesh,Anantapur,2022-02-01,2022,02,0.0,IMD GRID MODEL
Andhra Pradesh,Anantapur,2022-02-08,2022,02,0.0,IMD GRID MODEL
Andhra Pradesh,Anantapur,2022-02-10,2022,02,0.0,IMD GRID MODEL
Andhra Pradesh,Anantapur,2022-02-14,2022,02,0.0,IMD GRID MODEL
Andhra Pradesh,Anantapur,2022-03-03,2022,03,0.0,IMD GRID MODEL
Andhra Pradesh,Anantapur,2022-10-22,2022,10,1.1194834713,IMD GRID MODEL
Andhra Pradesh,Anantapur,2022-10-24,2022,10,0.0,IMD GRID MODEL
Andhra Pradesh,Anantapur,2022-11-03,2022,11,5.0881011696,IMD GRID MODEL
Andhra Pradesh,Anantapur,2022-11-19,2022,11,0.0,IMD GRID MODEL
Andhra Pradesh,Anantapur,2022-11-24,2022,11,2.9442963049,IMD GRID MODEL
Andhra Pradesh,Anantapur,2022-12-04,2022,12,0.0,IMD GRID MODEL
Andhra Pradesh,Anantapur,2022-12-06,2022,12,0.0,IMD GRID MODEL
Andhra Pradesh,Anantapur,2022-12-07,2022,12,0.0,IMD GRID MODEL
Andhra Pradesh,Anantapur,2022-12-09,2022,12,0.0,IMD GRID MODEL
Andhra Pradesh,Anantapur,2022-12-12,2022,12,1.4064203087,IMD GRID MODEL
Andhra Pradesh,Anantapur,2022-12-20,2022,12,0.0,IMD GRID MODEL
Andhra Pradesh,Anantapur,2022-12-26,2022,12,1.1216338424,IMD GRID MODEL
Andhra Pradesh,Anantapur,2022-12-31,2022,12,0.0,IMD GRID MODEL
Andhra Pradesh,Ananthapur,2022-07-31,2022,07,3.469508242,IMD GRID MODEL
Andhra Pradesh,Ananthapur,2022-08-02,2022,08,31.81005654,IMD GRID MODEL
Andhra Pradesh,Ananthapur,2022-08-05,2022,08,15.30095219,IMD GRID MODEL
Andhra Pradesh,Ananthapur,2022-08-06,2022,08,3.321487892,IMD GRID MODEL
Andhra Pradesh,Ananthapur,2022-08-10,2022,08,0.017040907,IMD GRID MODEL
Andhra Pradesh,Ananthapur,2022-08-11,2022,08,0.014597262,IMD GRID MODEL
Andhra Pradesh,Ananthapur,2022-08-17,2022,08,0.00881959,IMD GRID MODEL
Andhra Pradesh,Ananthapur,2022-08-26,2022,08,11.72867494,IMD GRID MODEL
Andhra Pradesh,Ananthapur,2022-08-28,2022,08,39.80919085,IMD GRID MODEL
Andhra Pradesh,Ananthapur,2022-08-31,2022,08,0.015708133,IMD GRID MODEL
Andhra Pradesh,Ananthapur,2022-09-13,2022,09,0.0,IMD GRID MODEL
Andhra Pradesh,Ananthapur,2022-09-21,2022,09,0.0,IMD GRID MODEL
Andhra Pradesh,Ananthapur,2022-09-23,2022,09,0.0,IMD GRID MODEL
Andhra Pradesh,Ananthapur,2022-09-30,2022,09,16.88695616,IMD GRID MODEL
Andhra Pradesh,Ananthapur,2022-10-03,2022,10,1.333251236,IMD GRID MODEL
Andhra Pradesh,Ananthapur,2022-10-05,2022,10,0.0,IMD GRID MODEL
Andhra Pradesh,Ananthapur,2022-10-06,2022,10,19.86454425,IMD GRID MODEL
Andhra Pradesh,Ananthapur,2022-10-12,2022,10,14.17672377,IMD GRID MODEL
Andhra Pradesh,Chittoor,2022-01-10,2022,01,0.0,IMD GRID MODEL
Andhra Pradesh,Chittoor,2022-01-19,2022,01,0.0,IMD GRID MODEL
Andhra Pradesh,Chittoor,2022-01-24,2022,01,0.615237279,IMD GRID MODEL
Andhra Pradesh,Chittoor,2022-01-27,2022,01,0.424843374,IMD GRID MODEL
Andhra Pradesh,Chittoor,2022-02-18,2022,02,0.0,IMD GRID MODEL
Andhra Pradesh,Chittoor,2022-02-24,2022,02,0.0,IMD GRID MODEL
Andhra Pradesh,Chittoor,2022-03-01,2022,03,0.0,IMD GRID MODEL
Andhra Pradesh,Chittoor,2022-03-06,2022,03,0.0,IMD GRID MODEL
Andhra Pradesh,Chittoor,2022-03-10,2022,03,0.0,IMD GRID MODEL
Andhra Pradesh,Chittoor,2022-03-13,2022,03,0.0,IMD GRID MODEL
Andhra Pradesh,Chittoor,2022-03-17,2022,03,0.0,IMD GRID MODEL
Andhra Pradesh,Chittoor,2022-03-18,2022,03,0.0,IMD GRID MODEL
Andhra Pradesh,Chittoor,2022-03-19,2022,03,0.0,IMD GRID MODEL
Andhra Pradesh,Chittoor,2022-03-22,2022,03,1.841026988,IMD GRID MODEL
Andhra Pradesh,Chittoor,2022-03-27,2022,03,0.0,IMD GRID MODEL
Andhra Pradesh,Chittoor,2022-03-30,2022,03,0.0,IMD GRID MODEL
Andhra Pradesh,Chittoor,2022-04-08,2022,04,0.0,IMD GRID MODEL
Andhra Pradesh,Chittoor,2022-04-13,2022,04,0.0,IMD GRID MODEL
Andhra Pradesh,Chittoor,2022-04-20,2022,04,0.284893878,IMD GRID MODEL
Andhra Pradesh,Chittoor,2022-04-23,2022,04,0.607623498,IMD GRID MODEL
Andhra Pradesh,Chittoor,2022-05-16,2022,05,11.17658666,IMD GRID MODEL
Andhra Pradesh,Chittoor,2022-05-19,2022,05,10.37342686,IMD GRID MODEL
Andhra Pradesh,Chittoor,2022-05-24,2022,05,0.0,IMD GRID MODEL
Andhra Pradesh,Chittoor,2022-05-25,2022,05,0.237148985,IMD GRID MODEL
Andhra Pradesh,Chittoor,2022-05-27,2022,05,5.852769743,IMD GRID MODEL
Andhra Pradesh,Chittoor,2022-05-28,2022,05,0.101575061,IMD GRID MODEL
Andhra Pradesh,Chittoor,2022-05-29,2022,05,0.0,IMD GRID MODEL
Andhra Pradesh,Chittoor,2022-06-11,2022,06,0.0,IMD GRID MODEL
Andhra Pradesh,Chittoor,2022-06-12,2022,06,0.0,IMD GRID MODEL
Andhra Pradesh,Chittoor,2022-06-13,2022,06,11.79336121,IMD GRID MODEL
Andhra Pradesh,Chittoor,2022-06-20,2022,06,29.63836761,IMD GRID MODEL
Andhra Pradesh,Chittoor,2022-06-29,2022,06,0.106110314,IMD GRID MODEL
Andhra Pradesh,Chittoor,2022-07-02,2022,07,5.861035175,IMD GRID MODEL
Andhra Pradesh,Chittoor,2022-07-09,2022,07,5.798599774,IMD GRID MODEL
Andhra Pradesh,Chittoor,2022-07-10,2022,07,3.745561189,IMD GRID MODEL
Andhra Pradesh,Chittoor,2022-07-16,2022,07,0.108189117,IMD GRID MODEL
Andhra Pradesh,Chittoor,2022-07-25,2022,07,2.125275557,IMD GRID MODEL
Andhra Pradesh,Chittoor,2022-07-27,2022,07,1.534027401,IMD GRID MODEL
Andhra Pradesh,Chittoor,2022-07-29,2022,07,0.486884691,IMD GRID MODEL
Andhra Pradesh,Chittoor,2022-07-30,2022,07,0.060973994,IMD GRID MODEL
Andhra Pradesh,Chittoor,2022-08-04,2022,08,11.96733907,IMD GRID MODEL
Andhra Pradesh,Chittoor,2022-08-07,2022,08,3.54361411,IMD GRID MODEL
Andhra Pradesh,Chittoor,2022-08-11,2022,08,0.0,IMD GRID MODEL
Andhra Pradesh,Chittoor,2022-08-28,2022,08,20.90507962,IMD GRID MODEL
Andhra Pradesh,Chittoor,2022-08-31,2022,08,0.516218359,IMD GRID MODEL
Andhra Pradesh,Chittoor,2022-09-03,2022,09,0.0,IMD GRID MODEL
Andhra Pradesh,Chittoor,2022-09-08,2022,09,15.90942878,IMD GRID MODEL
Andhra Pradesh,Chittoor,2022-09-09,2022,09,6.801277942,IMD GRID MODEL
Andhra Pradesh,Chittoor,2022-09-15,2022,09,8.255820239,IMD GRID MODEL
Andhra Pradesh,Chittoor,2022-09-21,2022,09,0.0,IMD GRID MODEL
Andhra Pradesh,Chittoor,2022-09-23,2022,09,0.0,IMD GRID MODEL
Andhra Pradesh,Chittoor,2022-09-26,2022,09,0.094678144,IMD GRID MODEL
Andhra Pradesh,Chittoor,2022-10-02,2022,10,0.543756667,IMD GRID MODEL
Andhra Pradesh,Chittoor,2022-10-18,2022,10,2.1418832148,IMD GRID MODEL
Andhra Pradesh,Chittoor,2022-10-22,2022,10,4.8743594498,IMD GRID MODEL
Andhra Pradesh,Chittoor,2022-10-27,2022,10,0.0,IMD GRID MODEL
Andhra Pradesh,Chittoor,2022-10-30,2022,10,3.7394127977,IMD GRID MODEL
Andhra Pradesh,Chittoor,2022-11-15,2022,11,6.2372437129,IMD GRID MODEL
Andhra Pradesh,Chittoor,2022-11-22,2022,11,0.8425145346,IMD GRID MODEL
Andhra Pradesh,Chittoor,2022-11-24,2022,11,13.2174505583,IMD GRID MODEL
Andhra Pradesh,Chittoor,2022-12-04,2022,12,1.5115714046,IMD GRID MODEL
Andhra Pradesh,Chittoor,2022-12-20,2022,12,0.0,IMD GRID MODEL
Andhra Pradesh,Chittoor,2022-12-22,2022,12,0.0,IMD GRID MODEL
Andhra Pradesh,Chittoor,2022-12-28,2022,12,0.2099927489,IMD GRID MODEL
Andhra Pradesh,East Godavari,2022-01-06,2022,01,0.0,IMD GRID MODEL
Andhra Pradesh,East Godavari,2022-01-07,2022,01,0.0,IMD GRID MODEL
Andhra Pradesh,East Godavari,2022-01-11,2022,01,0.0,IMD GRID MODEL
Andhra Pradesh,East Godavari,2022-01-12,2022,01,0.0,IMD GRID MODEL
Andhra Pradesh,East Godavari,2022-01-13,2022,01,4.376222315,IMD GRID MODEL
Andhra Pradesh,East Godavari,2022-01-21,2022,01,0.0,IMD GRID MODEL
Andhra Pradesh,East Godavari,2022-01-31,2022,01,0.0,IMD GRID MODEL
Andhra Pradesh,East Godavari,2022-02-02,2022,02,0.0,IMD GRID MODEL
Andhra Pradesh,East Godavari,2022-02-10,2022,02,0.0,IMD GRID MODEL
Andhra Pradesh,East Godavari,2022-02-12,2022,02,0.102855651,IMD GRID MODEL
Andhra Pradesh,East Godavari,2022-02-13,2022,02,0.0,IMD GRID MODEL
Andhra Pradesh,East Godavari,2022-02-23,2022,02,0.028947853,IMD GRID MODEL
Andhra Pradesh,East Godavari,2022-03-03,2022,03,0.0,IMD GRID MODEL
Andhra Pradesh,East Godavari,2022-03-09,2022,03,0.0,IMD GRID MODEL
Andhra Pradesh,East Godavari,2022-03-12,2022,03,0.0,IMD GRID MODEL
Andhra Pradesh,East Godavari,2022-03-14,2022,03,0.0,IMD GRID MODEL
Andhra Pradesh,East Godavari,2022-03-16,2022,03,0.0,IMD GRID MODEL
Andhra Pradesh,Prakasam,2022-09-07,2022,09,0.892413034,IMD GRID MODEL
Andhra Pradesh,Prakasam,2022-09-13,2022,09,0.110371411,IMD GRID MODEL
Andhra Pradesh,Prakasam,2022-09-16,2022,09,0.0,IMD GRID MODEL
Andhra Pradesh,Prakasam,2022-09-30,2022,09,4.065409367,IMD GRID MODEL
Andhra Pradesh,Prakasam,2022-10-10,2022,10,11.88950681,IMD GRID MODEL
Andhra Pradesh,Prakasam,2022-10-14,2022,10,5.6466614068,IMD GRID MODEL
Andhra Pradesh,Prakasam,2022-10-16,2022,10,4.2279072222,IMD GRID MODEL
Andhra Pradesh,Prakasam,2022-10-21,2022,10,2.4492858497,IMD GRID MODEL
Andhra Pradesh,Prakasam,2022-10-30,2022,10,0.1367468555,IMD GRID MODEL
Andhra Pradesh,Prakasam,2022-11-04,2022,11,0.7514853295,IMD GRID MODEL
Andhra Pradesh,Prakasam,2022-11-13,2022,11,12.5339183798,IMD GRID MODEL
Andhra Pradesh,Prakasam,2022-11-14,2022,11,2.9731570289,IMD GRID MODEL
Andhra Pradesh,Prakasam,2022-11-15,2022,11,0.5834631858,IMD GRID MODEL
Andhra Pradesh,Prakasam,2022-11-18,2022,11,0.0,IMD GRID MODEL
Andhra Pradesh,Prakasam,2022-11-19,2022,11,0.0,IMD GRID MODEL
Andhra Pradesh,Prakasam,2022-11-22,2022,11,3.1239878823,IMD GRID MODEL
Andhra Pradesh,Prakasam,2022-12-13,2022,12,16.2954843925,IMD GRID MODEL
Andhra Pradesh,Prakasam,2022-12-18,2022,12,0.0403572023,IMD GRID MODEL
Andhra Pradesh,Prakasam,2022-12-24,2022,12,0.0,IMD GRID MODEL
Andhra Pradesh,Prakasam,2022-12-29,2022,12,0.0,IMD GRID MODEL
Andhra Pradesh,SPSR Nellore,2022-01-04,2022,01,0.0,IMD GRID MODEL
Andhra Pradesh,SPSR Nellore,2022-01-08,2022,01,0.0,IMD GRID MODEL
Andhra Pradesh,SPSR Nellore,2022-01-16,2022,01,4.856690495,IMD GRID MODEL
Andhra Pradesh,SPSR Nellore,2022-01-19,2022,01,0.0,IMD GRID MODEL
Andhra Pradesh,SPSR Nellore,2022-02-02,2022,02,0.0,IMD GRID MODEL
Andhra Pradesh,SPSR Nellore,2022-02-05,2022,02,0.0,IMD GRID MODEL
Andhra Pradesh,SPSR Nellore,2022-02-06,2022,02,0.0,IMD GRID MODEL
Andhra Pradesh,SPSR Nellore,2022-02-11,2022,02,0.0,IMD GRID MODEL
Andhra Pradesh,SPSR Nellore,2022-02-12,2022,02,0.0,IMD GRID MODEL
Andhra Pradesh,SPSR Nellore,2022-02-15,2022,02,0.0,IMD GRID MODEL
Andhra Pradesh,SPSR Nellore,2022-02-20,2022,02,0.0,IMD GRID MODEL
Andhra Pradesh,SPSR Nellore,2022-02-26,2022,02,0.0,IMD GRID MODEL
Andhra Pradesh,SPSR Nellore,2022-03-01,2022,03,0.0,IMD GRID MODEL
Andhra Pradesh,SPSR Nellore,2022-03-11,2022,03,0.0,IMD GRID MODEL
Andhra Pradesh,SPSR Nellore,2022-03-14,2022,03,0.0,IMD GRID MODEL
Andhra Pradesh,SPSR Nellore,2022-03-16,2022,03,0.0,IMD GRID MODEL
Andhra Pradesh,SPSR Nellore,2022-03-21,2022,03,0.0,IMD GRID MODEL
Andhra Pradesh,SPSR Nellore,2022-03-25,2022,03,0.0,IMD GRID MODEL
Andhra Pradesh,SPSR Nellore,2022-03-31,2022,03,0.0,IMD GRID MODEL
Andhra Pradesh,SPSR Nellore,2022-04-05,2022,04,0.0,IMD GRID MODEL
Andhra Pradesh,SPSR Nellore,2022-04-09,2022,04,0.0,IMD GRID MODEL
Andhra Pradesh,SPSR Nellore,2022-04-11,2022,04,0.0,IMD GRID MODEL
Andhra Pradesh,SPSR Nellore,2022-04-12,2022,04,0.0,IMD GRID MODEL
Andhra Pradesh,SPSR Nellore,2022-04-14,2022,04,0.0,IMD GRID MODEL
Andhra Pradesh,SPSR Nellore,2022-04-23,2022,04,0.0,IMD GRID MODEL
Andhra Pradesh,SPSR Nellore,2022-05-14,2022,05,0.004772802,IMD GRID MODEL
Andhra Pradesh,SPSR Nellore,2022-06-05,2022,06,0.0,IMD GRID MODEL
Andhra Pradesh,SPSR Nellore,2022-06-10,2022,06,0.0,IMD GRID MODEL
Andhra Pradesh,SPSR Nellore,2022-06-17,2022,06,0.421514931,IMD GRID MODEL
Andhra Pradesh,SPSR Nellore,2022-06-18,2022,06,0.408160202,IMD GRID MODEL
Andhra Pradesh,SPSR Nellore,2022-06-19,2022,06,7.827663389,IMD GRID MODEL
Andhra Pradesh,SPSR Nellore,2022-06-30,2022,06,0.777201061,IMD GRID MODEL
Andhra Pradesh,SPSR Nellore,2022-07-08,2022,07,1.667418278,IMD GRID MODEL
Andhra Pradesh,SPSR Nellore,2022-07-14,2022,07,1.976473292,IMD GRID MODEL
Andhra Pradesh,SPSR Nellore,2022-07-15,2022,07,0.560164327,IMD GRID MODEL
Andhra Pradesh,SPSR Nellore,2022-07-19,2022,07,4.523163786,IMD GRID MODEL
Andhra Pradesh,SPSR Nellore,2022-07-22,2022,07,22.76412644,IMD GRID MODEL
Andhra Pradesh,SPSR Nellore,2022-07-29,2022,07,0.0,IMD GRID MODEL
Andhra Pradesh,SPSR Nellore,2022-04-13,2022,04,0.0,IMD GRID MODEL
Andhra Pradesh,SPSR Nellore,2022-10-23,2022,10,0.0,IMD GRID MODEL
Andhra Pradesh,SPSR Nellore,2022-10-26,2022,10,0.0,IMD GRID MODEL
Andhra Pradesh,SPSR Nellore,2022-10-27,2022,10,0.0,IMD GRID MODEL
Andhra Pradesh,SPSR Nellore,2022-11-02,2022,11,38.8021567213,IMD GRID MODEL
Andhra Pradesh,SPSR Nellore,2022-11-09,2022,11,0.0302277465,IMD GRID MODEL
Andhra Pradesh,SPSR Nellore,2022-11-10,2022,11,1.7408812994,IMD GRID MODEL
Andhra Pradesh,SPSR Nellore,2022-11-17,2022,11,0.0,IMD GRID MODEL
Andhra Pradesh,SPSR Nellore,2022-11-18,2022,11,0.0,IMD GRID MODEL
Andhra Pradesh,SPSR Nellore,2022-11-19,2022,11,0.0,IMD GRID MODEL
Andhra Pradesh,SPSR Nellore,2022-11-20,2022,11,0.0,IMD GRID MODEL
Andhra Pradesh,SPSR Nellore,2022-11-26,2022,11,0.004115489,IMD GRID MODEL
Andhra Pradesh,SPSR Nellore,2022-12-05,2022,12,0.0,IMD GRID MODEL
Andhra Pradesh,SPSR Nellore,2022-12-09,2022,12,4.8602055269,IMD GRID MODEL
Andhra Pradesh,SPSR Nellore,2022-12-13,2022,12,20.0862710685,IMD GRID MODEL
Andhra Pradesh,SPSR Nellore,2022-12-17,2022,12,0.0,IMD GRID MODEL
Andhra Pradesh,SPSR Nellore,2022-12-22,2022,12,0.0,IMD GRID MODEL
Andhra Pradesh,SPSR Nellore,2022-12-26,2022,12,16.0795589944,IMD GRID MODEL
Andhra Pradesh,SPSR Nellore,2022-12-27,2022,12,3.0811237508,IMD GRID MODEL
Andhra Pradesh,SPSR Nellore,2022-12-28,2022,12,0.004181263,IMD GRID MODEL
Andhra Pradesh,Srikakulam,2022-01-07,2022,01,0.0,IMD GRID MODEL
Andhra Pradesh,Srikakulam,2022-01-11,2022,01,0.0,IMD GRID MODEL
Andhra Pradesh,Srikakulam,2022-01-14,2022,01,14.31974264,IMD GRID MODEL
Andhra Pradesh,Srikakulam,2022-01-20,2022,01,0.0,IMD GRID MODEL
Andhra Pradesh,Srikakulam,2022-01-22,2022,01,0.008970438,IMD GRID MODEL
Andhra Pradesh,Srikakulam,2022-01-26,2022,01,0.0,IMD GRID MODEL
Andhra Pradesh,Srikakulam,2022-02-03,2022,02,0.0,IMD GRID MODEL
Andhra Pradesh,Srikakulam,2022-02-08,2022,02,0.0,IMD GRID MODEL
Andhra Pradesh,Srikakulam,2022-02-09,2022,02,0.0,IMD GRID MODEL
Andhra Pradesh,Srikakulam,2022-02-10,2022,02,0.0,IMD GRID MODEL
Andhra Pradesh,Srikakulam,2022-02-11,2022,02,0.0,IMD GRID MODEL
Andhra Pradesh,Srikakulam,2022-02-17,2022,02,0.0,IMD GRID MODEL
Andhra Pradesh,Srikakulam,2022-02-25,2022,02,0.0,IMD GRID MODEL
Andhra Pradesh,Srikakulam,2022-02-26,2022,02,0.0,IMD GRID MODEL
Andhra Pradesh,Srikakulam,2022-03-17,2022,03,0.0,IMD GRID MODEL
Andhra Pradesh,Srikakulam,2022-03-23,2022,03,0.0,IMD GRID MODEL
Andhra Pradesh,Srikakulam,2022-04-06,2022,04,0.0,IMD GRID MODEL
Andhra Pradesh,Srikakulam,2022-04-08,2022,04,0.0,IMD GRID MODEL
Andhra Pradesh,Srikakulam,2022-04-10,2022,04,0.0,IMD GRID MODEL
Andhra Pradesh,Srikakulam,2022-04-23,2022,04,0.0,IMD GRID MODEL
Andhra Pradesh,Srikakulam,2022-04-24,2022,04,0.0,IMD GRID MODEL
Andhra Pradesh,Srikakulam,2022-05-17,2022,05,0.0,IMD GRID MODEL
Andhra Pradesh,Srikakulam,2022-05-21,2022,05,0.0,IMD GRID MODEL
Andhra Pradesh,Srikakulam,2022-05-22,2022,05,0.061488371,IMD GRID MODEL
Andhra Pradesh,Srikakulam,2022-05-23,2022,05,1.052522652,IMD GRID MODEL
Andhra Pradesh,Srikakulam,2022-05-31,2022,05,0.0,IMD GRID MODEL
Andhra Pradesh,Srikakulam,2022-06-01,2022,06,0.0,IMD GRID MODEL
Andhra Pradesh,Srikakulam,2022-06-03,2022,06,4.56896e-05,IMD GRID MODEL
Andhra Pradesh,Srikakulam,2022-06-05,2022,06,0.0,IMD GRID MODEL
Andhra Pradesh,Srikakulam,2022-06-09,2022,06,0.0,IMD GRID MODEL
Andhra Pradesh,Srikakulam,2022-06-12,2022,06,0.101013772,IMD GRID MODEL
Andhra Pradesh,Srikakulam,2022-06-16,2022,06,0.165143387,IMD GRID MODEL
Andhra Pradesh,Srikakulam,2022-06-29,2022,06,5.601618872,IMD GRID MODEL
Andhra Pradesh,Srikakulam,2022-07-01,2022,07,0.949665529,IMD GRID MODEL
Andhra Pradesh,Srikakulam,2022-07-03,2022,07,0.858128213,IMD GRID MODEL
Andhra Pradesh,Srikakulam,2022-07-11,2022,07,0.504069628,IMD GRID MODEL
Andhra Pradesh,Srikakulam,2022-07-13,2022,07,0.904970932,IMD GRID MODEL
Andhra Pradesh,Srikakulam,2022-07-22,2022,07,5.503724546,IMD GRID MODEL
Andhra Pradesh,Srikakulam,2022-07-23,2022,07,8.797120543,IMD GRID MODEL
Andhra Pradesh,Srikakulam,2022-07-25,2022,07,2.574337101,IMD GRID MODEL
Andhra Pradesh,Srikakulam,2022-07-27,2022,07,0.689629751,IMD GRID MODEL
Andhra Pradesh,Srikakulam,2022-07-29,2022,07,0.914982112,IMD GRID MODEL
Andhra Pradesh,Srikakulam,2022-08-07,2022,08,14.01876827,IMD GRID MODEL
Andhra Pradesh,Srikakulam,2022-08-09,2022,08,24.21504531,IMD GRID MODEL
Andhra Pradesh,Srikakulam,2022-08-14,2022,08,13.74720612,IMD GRID MODEL
Andhra Pradesh,Srikakulam,2022-08-15,2022,08,11.25666895,IMD GRID MODEL
Andhra Pradesh,Srikakulam,2022-08-18,2022,08,7.251442763,IMD GRID MODEL
Andhra Pradesh,Srikakulam,2022-08-21,2022,08,0.443700307,IMD GRID MODEL
Andhra Pradesh,Srikakulam,2022-09-08,2022,09,14.68775012,IMD GRID MODEL
Andhra Pradesh,Srikakulam,2022-09-09,2022,09,23.52475167,IMD GRID MODEL
Andhra Pradesh,Srikakulam,2022-09-10,2022,09,47.4479834,IMD GRID MODEL
Andhra Pradesh,Srikakulam,2022-09-26,2022,09,6.486192587,IMD GRID MODEL
Andhra Pradesh,Srikakulam,2022-09-30,2022,09,7.818249188,IMD GRID MODEL
Andhra Pradesh,Srikakulam,2022-10-02,2022,10,2.781876934,IMD GRID MODEL
Andhra Pradesh,Srikakulam,2022-10-05,2022,10,43.24775083,IMD GRID MODEL
Andhra Pradesh,Srikakulam,2022-10-10,2022,10,22.96565498,IMD GRID MODEL
Andhra Pradesh,Srikakulam,2022-10-13,2022,10,0.757299621,IMD GRID MODEL
Andhra Pradesh,Srikakulam,2022-10-14,2022,10,4.5548807611,IMD GRID MODEL
Andhra Pradesh,Srikakulam,2022-10-18,2022,10,0.0,IMD GRID MODEL
Andhra Pradesh,Srikakulam,2022-10-20,2022,10,0.4105594982,IMD GRID MODEL
Andhra Pradesh,Srikakulam,2022-10-24,2022,10,0.0,IMD GRID MODEL
Andhra Pradesh,Srikakulam,2022-10-26,2022,10,0.0,IMD GRID MODEL
Andhra Pradesh,Srikakulam,2022-11-04,2022,11,0.1054968589,IMD GRID MODEL
Andhra Pradesh,Srikakulam,2022-11-06,2022,11,0.0,IMD GRID MODEL
Andhra Pradesh,Srikakulam,2022-11-08,2022,11,0.0,IMD GRID MODEL
Andhra Pradesh,Srikakulam,2022-11-23,2022,11,0.0,IMD GRID MODEL
Andhra Pradesh,Srikakulam,2022-11-30,2022,11,0.0,IMD GRID MODEL
Andhra Pradesh,Srikakulam,2022-12-08,2022,12,0.0,IMD GRID MODEL
Andhra Pradesh,Srikakulam,2022-12-13,2022,12,0.0,IMD GRID MODEL
Andhra Pradesh,Srikakulam,2022-12-31,2022,12,0.0,IMD GRID MODEL
Andhra Pradesh,Visakhapatanam,2022-01-08,2022,01,0.0,IMD GRID MODEL
Andhra Pradesh,Visakhapatanam,2022-01-10,2022,01,0.0,IMD GRID MODEL
Andhra Pradesh,Visakhapatanam,2022-01-15,2022,01,8.385698888,IMD GRID MODEL
Andhra Pradesh,Visakhapatanam,2022-01-20,2022,01,0.0,IMD GRID MODEL
Andhra Pradesh,Visakhapatanam,2022-01-23,2022,01,0.0,IMD GRID MODEL
Andhra Pradesh,Visakhapatanam,2022-01-28,2022,01,0.0,IMD GRID MODEL
Andhra Pradesh,Visakhapatanam,2022-01-29,2022,01,0.40049703,IMD GRID MODEL
Andhra Pradesh,Visakhapatanam,2022-02-11,2022,02,0.0,IMD GRID MODEL
Andhra Pradesh,Visakhapatanam,2022-02-15,2022,02,0.0,IMD GRID MODEL
Andhra Pradesh,Visakhapatanam,2022-02-23,2022,02,0.0,IMD GRID MODEL
Andhra Pradesh,Visakhapatanam,2022-02-24,2022,02,0.0,IMD GRID MODEL
Andhra Pradesh,Visakhapatanam,2022-02-25,2022,02,0.0,IMD GRID MODEL
Andhra Pradesh,Visakhapatanam,2022-03-02,2022,03,0.0,IMD GRID MODEL
Andhra Pradesh,Visakhapatanam,2022-03-04,2022,03,0.0,IMD GRID MODEL
Andhra Pradesh,Visakhapatanam,2022-03-23,2022,03,0.0,IMD GRID MODEL
Andhra Pradesh,Visakhapatanam,2022-03-29,2022,03,0.0,IMD GRID MODEL
Andhra Pradesh,Visakhapatanam,2022-04-07,2022,04,0.029590877,IMD GRID MODEL
Andhra Pradesh,Visakhapatanam,2022-04-16,2022,04,2.881613727,IMD GRID MODEL
Andhra Pradesh,Visakhapatanam,2022-04-20,2022,04,1.551139503,IMD GRID MODEL
Andhra Pradesh,Visakhapatanam,2022-04-22,2022,04,0.121638446,IMD GRID MODEL
Andhra Pradesh,Visakhapatanam,2022-04-25,2022,04,0.225059295,IMD GRID MODEL
Andhra Pradesh,Visakhapatanam,2022-04-30,2022,04,0.0,IMD GRID MODEL
Andhra Pradesh,East Godavari,2022-03-23,2022,03,0.179427568,IMD GRID MODEL
Andhra Pradesh,East Godavari,2022-03-28,2022,03,0.0,IMD GRID MODEL
Andhra Pradesh,East Godavari,2022-03-29,2022,03,0.0,IMD GRID MODEL
Andhra Pradesh,East Godavari,2022-03-30,2022,03,0.0,IMD GRID MODEL
Andhra Pradesh,East Godavari,2022-03-31,2022,03,0.0,IMD GRID MODEL
Andhra Pradesh,East Godavari,2022-04-02,2022,04,0.0,IMD GRID MODEL
Andhra Pradesh,East Godavari,2022-04-14,2022,04,0.0,IMD GRID MODEL
Andhra Pradesh,East Godavari,2022-04-15,2022,04,0.0,IMD GRID MODEL
Andhra Pradesh,East Godavari,2022-04-23,2022,04,0.0,IMD GRID MODEL
Andhra Pradesh,East Godavari,2022-04-27,2022,04,0.02070604,IMD GRID MODEL
Andhra Pradesh,East Godavari,2022-05-06,2022,05,11.40576303,IMD GRID MODEL
Andhra Pradesh,East Godavari,2022-05-12,2022,05,29.42358527,IMD GRID MODEL
Andhra Pradesh,East Godavari,2022-05-13,2022,05,0.000191614,IMD GRID MODEL
Andhra Pradesh,East Godavari,2022-05-16,2022,05,0.0,IMD GRID MODEL
Andhra Pradesh,East Godavari,2022-05-18,2022,05,0.028932032,IMD GRID MODEL
Andhra Pradesh,East Godavari,2022-06-18,2022,06,2.677689298,IMD GRID MODEL
Andhra Pradesh,East Godavari,2022-06-19,2022,06,0.969432352,IMD GRID MODEL
Andhra Pradesh,East Godavari,2022-06-24,2022,06,2.441331121,IMD GRID MODEL
Andhra Pradesh,East Godavari,2022-06-26,2022,06,18.41390313,IMD GRID MODEL
Andhra Pradesh,East Godavari,2022-07-02,2022,07,8.10313138,IMD GRID MODEL
Andhra Pradesh,East Godavari,2022-07-27,2022,07,16.34393184,IMD GRID MODEL
Andhra Pradesh,East Godavari,2022-07-31,2022,07,1.952272129,IMD GRID MODEL
Andhra Pradesh,East Godavari,2022-08-06,2022,08,17.26778923,IMD GRID MODEL
Andhra Pradesh,East Godavari,2022-08-10,2022,08,3.516679299,IMD GRID MODEL
Andhra Pradesh,East Godavari,2022-08-15,2022,08,5.160764491,IMD GRID MODEL
Andhra Pradesh,East Godavari,2022-08-28,2022,08,2.088408492,IMD GRID MODEL
Andhra Pradesh,East Godavari,2022-09-01,2022,09,5.096600758,IMD GRID MODEL
Andhra Pradesh,East Godavari,2022-09-03,2022,09,0.36802372,IMD GRID MODEL
Andhra Pradesh,East Godavari,2022-09-04,2022,09,6.733837231,IMD GRID MODEL
Andhra Pradesh,East Godavari,2022-09-05,2022,09,3.346562532,IMD GRID MODEL
Andhra Pradesh,East Godavari,2022-09-08,2022,09,27.61123898,IMD GRID MODEL
Andhra Pradesh,East Godavari,2022-10-07,2022,10,19.3495652,IMD GRID MODEL
Andhra Pradesh,East Godavari,2022-10-16,2022,10,13.1134330993,IMD GRID MODEL
Andhra Pradesh,East Godavari,2022-10-18,2022,10,8.6133217592,IMD GRID MODEL
Andhra Pradesh,East Godavari,2022-10-21,2022,10,0.3713619716,IMD GRID MODEL
Andhra Pradesh,East Godavari,2022-10-17,2022,10,2.7725194426,IMD GRID MODEL
Andhra Pradesh,East Godavari,2022-10-31,2022,10,0.0,IMD GRID MODEL
Andhra Pradesh,East Godavari,2022-11-01,2022,11,0.0,IMD GRID MODEL
Andhra Pradesh,East Godavari,2022-11-10,2022,11,0.0,IMD GRID MODEL
Andhra Pradesh,East Godavari,2022-11-13,2022,11,0.0,IMD GRID MODEL
Andhra Pradesh,East Godavari,2022-11-18,2022,11,0.0,IMD GRID MODEL
Andhra Pradesh,East Godavari,2022-11-19,2022,11,0.0,IMD GRID MODEL
Andhra Pradesh,East Godavari,2022-11-21,2022,11,0.1588693809,IMD GRID MODEL
Andhra Pradesh,East Godavari,2022-12-03,2022,12,1.4832315999,IMD GRID MODEL
Andhra Pradesh,East Godavari,2022-12-05,2022,12,0.0,IMD GRID MODEL
Andhra Pradesh,East Godavari,2022-12-10,2022,12,7.4502627086,IMD GRID MODEL
Andhra Pradesh,East Godavari,2022-12-13,2022,12,0.1801798343,IMD GRID MODEL
Andhra Pradesh,East Godavari,2022-12-28,2022,12,0.0,IMD GRID MODEL
Andhra Pradesh,Guntur,2022-01-01,2022,01,0.0,IMD GRID MODEL
Andhra Pradesh,Guntur,2022-01-05,2022,01,0.0,IMD GRID MODEL
Andhra Pradesh,Guntur,2022-01-07,2022,01,0.0,IMD GRID MODEL
Andhra Pradesh,Guntur,2022-01-08,2022,01,0.0,IMD GRID MODEL
Andhra Pradesh,Guntur,2022-01-11,2022,01,0.0,IMD GRID MODEL
Andhra Pradesh,Guntur,2022-01-15,2022,01,1.779732752,IMD GRID MODEL
Andhra Pradesh,Guntur,2022-01-26,2022,01,0.0,IMD GRID MODEL
Andhra Pradesh,Guntur,2022-01-30,2022,01,0.0,IMD GRID MODEL
Andhra Pradesh,Guntur,2022-02-04,2022,02,0.0,IMD GRID MODEL
Andhra Pradesh,Guntur,2022-02-10,2022,02,0.0,IMD GRID MODEL
Andhra Pradesh,Guntur,2022-02-18,2022,02,0.0,IMD GRID MODEL
Andhra Pradesh,Guntur,2022-02-19,2022,02,0.0,IMD GRID MODEL
Andhra Pradesh,Guntur,2022-02-25,2022,02,0.0,IMD GRID MODEL
Andhra Pradesh,Guntur,2022-02-24,2022,02,0.0,IMD GRID MODEL
Andhra Pradesh,Guntur,2022-03-12,2022,03,0.0,IMD GRID MODEL
Andhra Pradesh,Guntur,2022-03-13,2022,03,0.0,IMD GRID MODEL
Andhra Pradesh,Guntur,2022-03-16,2022,03,0.0,IMD GRID MODEL
Andhra Pradesh,Guntur,2022-04-05,2022,04,0.0,IMD GRID MODEL
Andhra Pradesh,Guntur,2022-04-10,2022,04,0.0,IMD GRID MODEL
Andhra Pradesh,Guntur,2022-04-12,2022,04,0.0,IMD GRID MODEL
Andhra Pradesh,Guntur,2022-04-13,2022,04,0.0,IMD GRID MODEL
Andhra Pradesh,Guntur,2022-04-16,2022,04,0.0,IMD GRID MODEL
Andhra Pradesh,Guntur,2022-04-24,2022,04,0.0,IMD GRID MODEL
Andhra Pradesh,Guntur,2022-05-01,2022,05,0.0,IMD GRID MODEL
Andhra Pradesh,Guntur,2022-05-02,2022,05,0.811441352,IMD GRID MODEL
Andhra Pradesh,Guntur,2022-05-05,2022,05,4.608369119,IMD GRID MODEL
Andhra Pradesh,Guntur,2022-05-12,2022,05,13.56968868,IMD GRID MODEL
Andhra Pradesh,Guntur,2022-05-15,2022,05,0.0,IMD GRID MODEL
Andhra Pradesh,Guntur,2022-05-17,2022,05,0.006202899,IMD GRID MODEL
Andhra Pradesh,Guntur,2022-05-22,2022,05,0.0,IMD GRID MODEL
Andhra Pradesh,Guntur,2022-05-29,2022,05,0.182377433,IMD GRID MODEL
Andhra Pradesh,Guntur,2022-06-02,2022,06,0.0,IMD GRID MODEL
Andhra Pradesh,Guntur,2022-06-04,2022,06,0.0,IMD GRID MODEL
Andhra Pradesh,Guntur,2022-06-22,2022,06,1.053007742,IMD GRID MODEL
Andhra Pradesh,Guntur,2022-06-29,2022,06,4.073373754,IMD GRID MODEL
Andhra Pradesh,Guntur,2022-07-02,2022,07,1.170364104,IMD GRID MODEL
Andhra Pradesh,Guntur,2022-07-03,2022,07,7.279135631,IMD GRID MODEL
Andhra Pradesh,Guntur,2022-07-04,2022,07,19.73876813,IMD GRID MODEL
Andhra Pradesh,Guntur,2022-07-06,2022,07,22.70066947,IMD GRID MODEL
Andhra Pradesh,Guntur,2022-07-07,2022,07,0.775706863,IMD GRID MODEL
Andhra Pradesh,Guntur,2022-07-10,2022,07,6.269692589,IMD GRID MODEL
Andhra Pradesh,Guntur,2022-07-15,2022,07,1.804967026,IMD GRID MODEL
Andhra Pradesh,Guntur,2022-07-17,2022,07,1.157326886,IMD GRID MODEL
Andhra Pradesh,Guntur,2022-07-22,2022,07,38.10767304,IMD GRID MODEL
Andhra Pradesh,Guntur,2022-07-24,2022,07,0.647713697,IMD GRID MODEL
Andhra Pradesh,Guntur,2022-07-26,2022,07,5.308258133,IMD GRID MODEL
Andhra Pradesh,Guntur,2022-07-29,2022,07,0.0,IMD GRID MODEL
Andhra Pradesh,Guntur,2022-08-03,2022,08,24.69841464,IMD GRID MODEL
Andhra Pradesh,Guntur,2022-08-04,2022,08,2.011747402,IMD GRID MODEL
Andhra Pradesh,Guntur,2022-08-08,2022,08,13.46691093,IMD GRID MODEL
Andhra Pradesh,Guntur,2022-08-18,2022,08,10.19966918,IMD GRID MODEL
Andhra Pradesh,Guntur,2022-08-19,2022,08,10.29456949,IMD GRID MODEL
Andhra Pradesh,Guntur,2022-08-25,2022,08,0.691308983,IMD GRID MODEL
Andhra Pradesh,Guntur,2022-09-01,2022,09,0.136534032,IMD GRID MODEL
Andhra Pradesh,Guntur,2022-09-09,2022,09,3.526257894,IMD GRID MODEL
Andhra Pradesh,Guntur,2022-09-13,2022,09,0.255325036,IMD GRID MODEL
Andhra Pradesh,Guntur,2022-09-16,2022,09,0.0,IMD GRID MODEL
Andhra Pradesh,Guntur,2022-09-20,2022,09,2.439638131,IMD GRID MODEL
Andhra Pradesh,Guntur,2022-09-22,2022,09,0.61011803,IMD GRID MODEL
Andhra Pradesh,Guntur,2022-09-23,2022,09,0.317619335,IMD GRID MODEL
Andhra Pradesh,Guntur,2022-09-29,2022,09,11.39758969,IMD GRID MODEL
Andhra Pradesh,Guntur,2022-10-02,2022,10,15.75714034,IMD GRID MODEL
Andhra Pradesh,Guntur,2022-10-07,2022,10,19.57724644,IMD GRID MODEL
Andhra Pradesh,Guntur,2022-10-08,2022,10,2.323264036,IMD GRID MODEL
Andhra Pradesh,Guntur,2022-10-18,2022,10,0.5958156694,IMD GRID MODEL
Andhra Pradesh,Guntur,2022-10-28,2022,10,0.0,IMD GRID MODEL
Andhra Pradesh,Guntur,2022-11-15,2022,11,0.0,IMD GRID MODEL
Andhra Pradesh,Guntur,2022-11-20,2022,11,0.0,IMD GRID MODEL
Andhra Pradesh,Guntur,2022-12-01,2022,12,0.0,IMD GRID MODEL
Andhra Pradesh,Guntur,2022-12-09,2022,12,0.1534313279,IMD GRID MODEL
Andhra Pradesh,Guntur,2022-12-10,2022,12,7.6070109005,IMD GRID MODEL
Andhra Pradesh,Guntur,2022-12-12,2022,12,6.82435561,IMD GRID MODEL
Andhra Pradesh,Guntur,2022-12-15,2022,12,0.0260576649,IMD GRID MODEL
Andhra Pradesh,Krishna,2022-01-01,2022,01,0.0,IMD GRID MODEL
Andhra Pradesh,Krishna,2022-01-04,2022,01,0.0,IMD GRID MODEL
Andhra Pradesh,Krishna,2022-01-06,2022,01,0.0,IMD GRID MODEL
Andhra Pradesh,Krishna,2022-01-08,2022,01,0.0,IMD GRID MODEL
Andhra Pradesh,Krishna,2022-01-09,2022,01,0.0,IMD GRID MODEL
Andhra Pradesh,Krishna,2022-01-10,2022,01,0.0,IMD GRID MODEL
Andhra Pradesh,Krishna,2022-01-18,2022,01,0.0,IMD GRID MODEL
Andhra Pradesh,Krishna,2022-01-19,2022,01,0.0,IMD GRID MODEL
Andhra Pradesh,Krishna,2022-01-21,2022,01,0.0,IMD GRID MODEL
Andhra Pradesh,Krishna,2022-01-27,2022,01,0.021257261,IMD GRID MODEL
Andhra Pradesh,Krishna,2022-01-28,2022,01,0.0,IMD GRID MODEL
Andhra Pradesh,Krishna,2022-02-06,2022,02,0.0,IMD GRID MODEL
Andhra Pradesh,Krishna,2022-03-11,2022,03,0.0,IMD GRID MODEL
Andhra Pradesh,Krishna,2022-03-12,2022,03,0.0,IMD GRID MODEL
Andhra Pradesh,Krishna,2022-04-06,2022,04,0.0,IMD GRID MODEL
Andhra Pradesh,Krishna,2022-04-13,2022,04,0.0,IMD GRID MODEL
Andhra Pradesh,Krishna,2022-04-22,2022,04,0.0,IMD GRID MODEL
Andhra Pradesh,Krishna,2022-04-24,2022,04,0.0,IMD GRID MODEL
Andhra Pradesh,Krishna,2022-05-14,2022,05,0.0,IMD GRID MODEL
Andhra Pradesh,Krishna,2022-05-15,2022,05,0.0,IMD GRID MODEL
Andhra Pradesh,Krishna,2022-05-16,2022,05,0.0,IMD GRID MODEL
Andhra Pradesh,Krishna,2022-05-22,2022,05,0.0,IMD GRID MODEL
Andhra Pradesh,Krishna,2022-05-24,2022,05,0.0,IMD GRID MODEL
Andhra Pradesh,Krishna,2022-05-31,2022,05,0.077335836,IMD GRID MODEL
Andhra Pradesh,Krishna,2022-06-09,2022,06,0.0,IMD GRID MODEL
Andhra Pradesh,Krishna,2022-06-15,2022,06,0.160861325,IMD GRID MODEL
Andhra Pradesh,Krishna,2022-06-24,2022,06,3.747393311,IMD GRID MODEL
Andhra Pradesh,Krishna,2022-06-26,2022,06,0.626194118,IMD GRID MODEL
Andhra Pradesh,Krishna,2022-07-04,2022,07,17.02639037,IMD GRID MODEL
Andhra Pradesh,Krishna,2022-07-08,2022,07,24.55203168,IMD GRID MODEL
Andhra Pradesh,Krishna,2022-07-13,2022,07,4.297020583,IMD GRID MODEL
Andhra Pradesh,Krishna,2022-07-15,2022,07,2.26962343,IMD GRID MODEL
Andhra Pradesh,Krishna,2022-07-17,2022,07,3.61359524,IMD GRID MODEL
Andhra Pradesh,Krishna,2022-07-24,2022,07,2.341580316,IMD GRID MODEL
Andhra Pradesh,Krishna,2022-07-26,2022,07,4.116820715,IMD GRID MODEL
Andhra Pradesh,Krishna,2022-07-27,2022,07,6.830915121,IMD GRID MODEL
Andhra Pradesh,Krishna,2022-07-30,2022,07,7.23088778,IMD GRID MODEL
Andhra Pradesh,Krishna,2022-08-02,2022,08,2.107123872,IMD GRID MODEL
Andhra Pradesh,Krishna,2022-08-06,2022,08,17.53819952,IMD GRID MODEL
Andhra Pradesh,Krishna,2022-08-08,2022,08,15.28058228,IMD GRID MODEL
Andhra Pradesh,Krishna,2022-08-15,2022,08,0.177355455,IMD GRID MODEL
Andhra Pradesh,Krishna,2022-08-20,2022,08,0.430842673,IMD GRID MODEL
Andhra Pradesh,Krishna,2022-08-21,2022,08,0.205131322,IMD GRID MODEL
Andhra Pradesh,Krishna,2022-08-22,2022,08,0.0,IMD GRID MODEL
Andhra Pradesh,Krishna,2022-08-23,2022,08,0.23406408,IMD GRID MODEL
Andhra Pradesh,Krishna,2022-08-25,2022,08,2.761133521,IMD GRID MODEL
Andhra Pradesh,Krishna,2022-08-26,2022,08,6.839151799,IMD GRID MODEL
Andhra Pradesh,Krishna,2022-09-01,2022,09,0.565967549,IMD GRID MODEL
Andhra Pradesh,Krishna,2022-09-06,2022,09,2.214880953,IMD GRID MODEL
Andhra Pradesh,Krishna,2022-09-07,2022,09,0.370758757,IMD GRID MODEL
Andhra Pradesh,Krishna,2022-09-12,2022,09,1.301354785,IMD GRID MODEL
Andhra Pradesh,Krishna,2022-09-15,2022,09,2.087454324,IMD GRID MODEL
Andhra Pradesh,Krishna,2022-09-26,2022,09,0.180965728,IMD GRID MODEL
Andhra Pradesh,Krishna,2022-10-01,2022,10,17.77889343,IMD GRID MODEL
Andhra Pradesh,Krishna,2022-10-10,2022,10,19.36900321,IMD GRID MODEL
Andhra Pradesh,Krishna,2022-10-13,2022,10,2.398527281,IMD GRID MODEL
Andhra Pradesh,Krishna,2022-10-15,2022,10,22.3718743588,IMD GRID MODEL
Andhra Pradesh,Krishna,2022-10-22,2022,10,0.1153727623,IMD GRID MODEL
Andhra Pradesh,Krishna,2022-10-23,2022,10,0.0,IMD GRID MODEL
Andhra Pradesh,Krishna,2022-10-31,2022,10,0.0,IMD GRID MODEL
Andhra Pradesh,Krishna,2022-11-04,2022,11,0.1963979158,IMD GRID MODEL
Andhra Pradesh,Krishna,2022-11-14,2022,11,0.0,IMD GRID MODEL
Andhra Pradesh,Krishna,2022-11-16,2022,11,0.0,IMD GRID MODEL
Andhra Pradesh,Krishna,2022-11-20,2022,11,0.0,IMD GRID MODEL
Andhra Pradesh,Krishna,2022-12-03,2022,12,0.6644450614,IMD GRID MODEL
Andhra Pradesh,Krishna,2022-12-04,2022,12,0.0,IMD GRID MODEL
Andhra Pradesh,Krishna,2022-12-09,2022,12,0.5546332167,IMD GRID MODEL
Andhra Pradesh,Krishna,2022-12-10,2022,12,8.3699704287,IMD GRID MODEL
Andhra Pradesh,Krishna,2022-12-20,2022,12,0.0,IMD GRID MODEL
Andhra Pradesh,Krishna,2022-12-22,2022,12,0.0,IMD GRID MODEL
Andhra Pradesh,Krishna,2022-12-28,2022,12,0.0067631886,IMD GRID MODEL
Andhra Pradesh,Krishna,2022-12-31,2022,12,0.0,IMD GRID MODEL
Andhra Pradesh,Kurnool,2022-01-02,2022,01,0.044831676,IMD GRID MODEL
Andhra Pradesh,Kurnool,2022-01-09,2022,01,0.0,IMD GRID MODEL
Andhra Pradesh,Kurnool,2022-01-14,2022,01,1.795552661,IMD GRID MODEL
Andhra Pradesh,Kurnool,2022-01-16,2022,01,0.182611584,IMD GRID MODEL
Andhra Pradesh,Kurnool,2022-01-22,2022,01,0.0,IMD GRID MODEL
Andhra Pradesh,Kurnool,2022-01-23,2022,01,0.0,IMD GRID MODEL
Andhra Pradesh,Kurnool,2022-02-02,2022,02,0.0,IMD GRID MODEL
Andhra Pradesh,Kurnool,2022-02-07,2022,02,0.0,IMD GRID MODEL
Andhra Pradesh,Kurnool,2022-02-10,2022,02,0.0,IMD GRID MODEL
Andhra Pradesh,Kurnool,2022-02-19,2022,02,0.0,IMD GRID MODEL
Andhra Pradesh,Kurnool,2022-02-23,2022,02,0.0,IMD GRID MODEL
Andhra Pradesh,Kurnool,2022-02-26,2022,02,0.0,IMD GRID MODEL
Andhra Pradesh,Kurnool,2022-03-01,2022,03,0.0,IMD GRID MODEL
Andhra Pradesh,Kurnool,2022-03-05,2022,03,0.0,IMD GRID MODEL
Andhra Pradesh,Kurnool,2022-03-19,2022,03,0.0,IMD GRID MODEL
Andhra Pradesh,Kurnool,2022-03-20,2022,03,0.726146564,IMD GRID MODEL
Andhra Pradesh,Kurnool,2022-04-29,2022,04,0.557132208,IMD GRID MODEL
Andhra Pradesh,Kurnool,2022-04-30,2022,04,0.108934039,IMD GRID MODEL
Andhra Pradesh,Kurnool,2022-05-09,2022,05,1.007344739,IMD GRID MODEL
Andhra Pradesh,Kurnool,2022-05-11,2022,05,6.11819934,IMD GRID MODEL
Andhra Pradesh,Kurnool,2022-05-13,2022,05,7.633003995,IMD GRID MODEL
Andhra Pradesh,Kurnool,2022-05-19,2022,05,15.86399039,IMD GRID MODEL
Andhra Pradesh,Kurnool,2022-05-20,2022,05,11.75597614,IMD GRID MODEL
Andhra Pradesh,Kurnool,2022-05-27,2022,05,0.079262922,IMD GRID MODEL
Andhra Pradesh,Kurnool,2022-06-09,2022,06,0.0,IMD GRID MODEL
Andhra Pradesh,Kurnool,2022-06-10,2022,06,0.0,IMD GRID MODEL
Andhra Pradesh,Kurnool,2022-06-12,2022,06,0.299289171,IMD GRID MODEL
Andhra Pradesh,Kurnool,2022-06-14,2022,06,0.255808038,IMD GRID MODEL
Andhra Pradesh,Kurnool,2022-06-15,2022,06,24.52852535,IMD GRID MODEL
Andhra Pradesh,Kurnool,2022-06-28,2022,06,2.961043892,IMD GRID MODEL
Andhra Pradesh,Kurnool,2022-07-04,2022,07,0.056494185,IMD GRID MODEL
Andhra Pradesh,Kurnool,2022-07-14,2022,07,1.376818673,IMD GRID MODEL
Andhra Pradesh,Kurnool,2022-07-20,2022,07,0.000250338,IMD GRID MODEL
Andhra Pradesh,Kurnool,2022-07-30,2022,07,5.249100809,IMD GRID MODEL
Andhra Pradesh,Kurnool,2022-08-13,2022,08,0.029732843,IMD GRID MODEL
Andhra Pradesh,Kurnool,2022-08-15,2022,08,0.447901658,IMD GRID MODEL
Andhra Pradesh,Kurnool,2022-08-17,2022,08,0.105410197,IMD GRID MODEL
Andhra Pradesh,Kurnool,2022-08-22,2022,08,0.086755673,IMD GRID MODEL
Andhra Pradesh,Kurnool,2022-08-24,2022,08,0.41839444,IMD GRID MODEL
Andhra Pradesh,Kurnool,2022-08-25,2022,08,1.700705444,IMD GRID MODEL
Andhra Pradesh,Kurnool,2022-09-06,2022,09,11.20154268,IMD GRID MODEL
Andhra Pradesh,Kurnool,2022-09-16,2022,09,0.0,IMD GRID MODEL
Andhra Pradesh,Kurnool,2022-09-19,2022,09,0.0,IMD GRID MODEL
Andhra Pradesh,Kurnool,2022-09-20,2022,09,0.000369257,IMD GRID MODEL
Andhra Pradesh,Kurnool,2022-09-22,2022,09,0.041255242,IMD GRID MODEL
Andhra Pradesh,Kurnool,2022-09-25,2022,09,0.042529215,IMD GRID MODEL
Andhra Pradesh,Kurnool,2022-10-06,2022,10,17.04841937,IMD GRID MODEL
Andhra Pradesh,Kurnool,2022-10-09,2022,10,1.839662419,IMD GRID MODEL
Andhra Pradesh,Kurnool,2022-10-14,2022,10,10.9634531791,IMD GRID MODEL
Andhra Pradesh,Kurnool,2022-10-18,2022,10,0.7434681584,IMD GRID MODEL
Andhra Pradesh,Kurnool,2022-10-19,2022,10,1.8492702359,IMD GRID MODEL
Andhra Pradesh,Kurnool,2022-10-28,2022,10,0.0,IMD GRID MODEL
Andhra Pradesh,Kurnool,2022-10-30,2022,10,0.0185989441,IMD GRID MODEL
Andhra Pradesh,Kurnool,2022-11-03,2022,11,1.8013973848,IMD GRID MODEL
Andhra Pradesh,Kurnool,2022-11-05,2022,11,0.1403860821,IMD GRID MODEL
Andhra Pradesh,Kurnool,2022-11-08,2022,11,0.0,IMD GRID MODEL
Andhra Pradesh,Kurnool,2022-11-09,2022,11,0.0,IMD GRID MODEL
Andhra Pradesh,Kurnool,2022-11-10,2022,11,0.0,IMD GRID MODEL
Andhra Pradesh,Kurnool,2022-11-11,2022,11,0.0,IMD GRID MODEL
Andhra Pradesh,Kurnool,2022-11-20,2022,11,0.0,IMD GRID MODEL
Andhra Pradesh,Kurnool,2022-11-30,2022,11,0.0,IMD GRID MODEL
Andhra Pradesh,Kurnool,2022-12-01,2022,12,0.0,IMD GRID MODEL
Andhra Pradesh,Kurnool,2022-12-10,2022,12,5.6138335647,IMD GRID MODEL
Andhra Pradesh,Kurnool,2022-12-11,2022,12,22.579999693,IMD GRID MODEL
Andhra Pradesh,Kurnool,2022-12-17,2022,12,0.0,IMD GRID MODEL
Andhra Pradesh,Kurnool,2022-12-20,2022,12,0.0,IMD GRID MODEL
Andhra Pradesh,Kurnool,2022-12-22,2022,12,0.0,IMD GRID MODEL
Andhra Pradesh,Kurnool,2022-12-30,2022,12,0.0,IMD GRID MODEL
Andhra Pradesh,Potti Sriramulu Nellore,2022-07-30,2022,07,0.107037481,IMD GRID MODEL
Andhra Pradesh,Potti Sriramulu Nellore,2022-08-09,2022,08,0.301497304,IMD GRID MODEL
Andhra Pradesh,Potti Sriramulu Nellore,2022-08-18,2022,08,3.897356954,IMD GRID MODEL
Andhra Pradesh,Potti Sriramulu Nellore,2022-08-25,2022,08,0.470455042,IMD GRID MODEL
Andhra Pradesh,Potti Sriramulu Nellore,2022-09-09,2022,09,3.738158658,IMD GRID MODEL
Andhra Pradesh,Potti Sriramulu Nellore,2022-09-25,2022,09,0.0,IMD GRID MODEL
Andhra Pradesh,Potti Sriramulu Nellore,2022-09-30,2022,09,5.432530628,IMD GRID MODEL
Andhra Pradesh,Prakasam,2022-01-07,2022,01,0.324952614,IMD GRID MODEL
Andhra Pradesh,Prakasam,2022-01-08,2022,01,0.0,IMD GRID MODEL
Andhra Pradesh,Prakasam,2022-01-16,2022,01,3.10047871,IMD GRID MODEL
Andhra Pradesh,Prakasam,2022-01-24,2022,01,0.0,IMD GRID MODEL
Andhra Pradesh,Prakasam,2022-01-30,2022,01,0.0,IMD GRID MODEL
Andhra Pradesh,Prakasam,2022-01-31,2022,01,0.0,IMD GRID MODEL
Andhra Pradesh,Prakasam,2022-02-05,2022,02,0.0,IMD GRID MODEL
Andhra Pradesh,Prakasam,2022-02-06,2022,02,0.0,IMD GRID MODEL
Andhra Pradesh,Prakasam,2022-02-12,2022,02,0.0,IMD GRID MODEL
Andhra Pradesh,Prakasam,2022-02-18,2022,02,0.0,IMD GRID MODEL
Andhra Pradesh,Prakasam,2022-02-25,2022,02,0.0,IMD GRID MODEL
Andhra Pradesh,Prakasam,2022-02-24,2022,02,0.0,IMD GRID MODEL
Andhra Pradesh,Prakasam,2022-03-05,2022,03,0.0,IMD GRID MODEL
Andhra Pradesh,Prakasam,2022-03-11,2022,03,0.0,IMD GRID MODEL
Andhra Pradesh,Prakasam,2022-03-18,2022,03,0.0,IMD GRID MODEL
Andhra Pradesh,Prakasam,2022-03-22,2022,03,0.007861714,IMD GRID MODEL
Andhra Pradesh,Prakasam,2022-03-29,2022,03,0.0,IMD GRID MODEL
Andhra Pradesh,Prakasam,2022-04-02,2022,04,0.0,IMD GRID MODEL
Andhra Pradesh,Prakasam,2022-04-03,2022,04,0.0,IMD GRID MODEL
Andhra Pradesh,Prakasam,2022-04-04,2022,04,0.0,IMD GRID MODEL
Andhra Pradesh,Prakasam,2022-04-12,2022,04,0.0,IMD GRID MODEL
Andhra Pradesh,Prakasam,2022-04-13,2022,04,0.0,IMD GRID MODEL
Andhra Pradesh,Prakasam,2022-04-14,2022,04,0.0,IMD GRID MODEL
Andhra Pradesh,Prakasam,2022-04-19,2022,04,0.0,IMD GRID MODEL
Andhra Pradesh,Prakasam,2022-04-22,2022,04,0.0,IMD GRID MODEL
Andhra Pradesh,Prakasam,2022-04-23,2022,04,0.0,IMD GRID MODEL
Andhra Pradesh,Prakasam,2022-04-24,2022,04,0.0,IMD GRID MODEL
Andhra Pradesh,Prakasam,2022-04-28,2022,04,0.0,IMD GRID MODEL
Andhra Pradesh,Prakasam,2022-05-11,2022,05,34.43891306,IMD GRID MODEL
Andhra Pradesh,Prakasam,2022-05-13,2022,05,1.542763748,IMD GRID MODEL
Andhra Pradesh,Prakasam,2022-05-20,2022,05,1.645463508,IMD GRID MODEL
Andhra Pradesh,Prakasam,2022-05-21,2022,05,0.0,IMD GRID MODEL
Andhra Pradesh,Prakasam,2022-06-07,2022,06,0.012479437,IMD GRID MODEL
Andhra Pradesh,Prakasam,2022-06-24,2022,06,1.155634612,IMD GRID MODEL
Andhra Pradesh,Prakasam,2022-06-28,2022,06,5.743620944,IMD GRID MODEL
Andhra Pradesh,Prakasam,2022-07-07,2022,07,1.303394183,IMD GRID MODEL
Andhra Pradesh,Prakasam,2022-07-09,2022,07,5.111152031,IMD GRID MODEL
Andhra Pradesh,Prakasam,2022-07-10,2022,07,2.764449036,IMD GRID MODEL
Andhra Pradesh,Prakasam,2022-08-02,2022,08,8.861143377,IMD GRID MODEL
Andhra Pradesh,Prakasam,2022-08-03,2022,08,10.45064702,IMD GRID MODEL
Andhra Pradesh,Prakasam,2022-08-09,2022,08,1.793325886,IMD GRID MODEL
Andhra Pradesh,Prakasam,2022-08-11,2022,08,0.006804482,IMD GRID MODEL
Andhra Pradesh,Y.S.R.,2022-11-25,2022,11,0.8422781483,IMD GRID MODEL
Andhra Pradesh,Y.S.R.,2022-11-26,2022,11,0.0,IMD GRID MODEL
Andhra Pradesh,Y.S.R.,2022-11-27,2022,11,4.6759940099,IMD GRID MODEL
Andhra Pradesh,Y.S.R.,2022-12-02,2022,12,0.085510948,IMD GRID MODEL
Andhra Pradesh,Y.S.R.,2022-12-05,2022,12,0.0,IMD GRID MODEL
Andhra Pradesh,Y.S.R.,2022-12-08,2022,12,0.0,IMD GRID MODEL
Andhra Pradesh,Y.S.R.,2022-12-13,2022,12,17.1892328226,IMD GRID MODEL
Andhra Pradesh,Y.S.R.,2022-12-23,2022,12,0.0,IMD GRID MODEL
Andhra Pradesh,Y.S.R.,2022-12-26,2022,12,8.1524117921,IMD GRID MODEL
Andhra Pradesh,Y.S.R.,2022-12-27,2022,12,1.046389123,IMD GRID MODEL
Andhra Pradesh,Y S R Kadapa,2022-08-30,2022,08,1.539948825,IMD GRID MODEL
Andhra Pradesh,Y S R Kadapa,2022-09-09,2022,09,2.082551676,IMD GRID MODEL
Andhra Pradesh,Y S R Kadapa,2022-09-13,2022,09,0.0,IMD GRID MODEL
Andhra Pradesh,Y S R Kadapa,2022-09-14,2022,09,0.115948138,IMD GRID MODEL
Andhra Pradesh,Y S R Kadapa,2022-10-13,2022,10,11.28421215,IMD GRID MODEL
Andhra Pradesh,Y.S.R.,2022-01-15,2022,01,5.318523321,IMD GRID MODEL
Andhra Pradesh,Y.S.R.,2022-01-16,2022,01,0.259968086,IMD GRID MODEL
Andhra Pradesh,Y.S.R.,2022-01-20,2022,01,0.0,IMD GRID MODEL
Andhra Pradesh,Y.S.R.,2022-01-22,2022,01,0.0,IMD GRID MODEL
Andhra Pradesh,Y.S.R.,2022-02-09,2022,02,0.0,IMD GRID MODEL
Andhra Pradesh,Y.S.R.,2022-02-12,2022,02,0.0,IMD GRID MODEL
Andhra Pradesh,Y.S.R.,2022-02-19,2022,02,0.0,IMD GRID MODEL
Andhra Pradesh,Y.S.R.,2022-03-03,2022,03,0.0,IMD GRID MODEL
Andhra Pradesh,Y.S.R.,2022-03-17,2022,03,0.0,IMD GRID MODEL
Andhra Pradesh,Y.S.R.,2022-03-20,2022,03,0.14367743,IMD GRID MODEL
Andhra Pradesh,Y.S.R.,2022-03-29,2022,03,0.0,IMD GRID MODEL
Andhra Pradesh,Y.S.R.,2022-03-31,2022,03,0.0,IMD GRID MODEL
Andhra Pradesh,Y.S.R.,2022-04-12,2022,04,0.0,IMD GRID MODEL
Andhra Pradesh,Y.S.R.,2022-04-16,2022,04,0.19605061,IMD GRID MODEL
Andhra Pradesh,Y.S.R.,2022-04-28,2022,04,0.0,IMD GRID MODEL
Andhra Pradesh,Y.S.R.,2022-04-29,2022,04,0.0,IMD GRID MODEL
Andhra Pradesh,Y.S.R.,2022-05-07,2022,05,9.651967272,IMD GRID MODEL
Andhra Pradesh,Y.S.R.,2022-05-10,2022,05,1.336448567,IMD GRID MODEL
Andhra Pradesh,Y.S.R.,2022-05-13,2022,05,12.16849458,IMD GRID MODEL
Andhra Pradesh,Y.S.R.,2022-05-19,2022,05,5.243488997,IMD GRID MODEL
Andhra Pradesh,Y.S.R.,2022-06-01,2022,06,2.168128764,IMD GRID MODEL
Andhra Pradesh,Y.S.R.,2022-06-04,2022,06,0.0,IMD GRID MODEL
Andhra Pradesh,Y.S.R.,2022-06-08,2022,06,0.0,IMD GRID MODEL
Andhra Pradesh,Y.S.R.,2022-06-09,2022,06,0.0,IMD GRID MODEL
Andhra Pradesh,Y.S.R.,2022-06-14,2022,06,0.03833006,IMD GRID MODEL
Andhra Pradesh,Y.S.R.,2022-06-16,2022,06,0.349444528,IMD GRID MODEL
Andhra Pradesh,Y.S.R.,2022-06-20,2022,06,14.55645436,IMD GRID MODEL
Andhra Pradesh,Y.S.R.,2022-06-25,2022,06,0.0,IMD GRID MODEL
Andhra Pradesh,Y.S.R.,2022-06-27,2022,06,0.0,IMD GRID MODEL
Andhra Pradesh,Y.S.R.,2022-06-29,2022,06,0.422966985,IMD GRID MODEL
Andhra Pradesh,Y.S.R.,2022-06-30,2022,06,0.72493089,IMD GRID MODEL
Andhra Pradesh,Y.S.R.,2022-07-04,2022,07,0.0,IMD GRID MODEL
Andhra Pradesh,Y.S.R.,2022-07-07,2022,07,1.825700635,IMD GRID MODEL
Andhra Pradesh,Y.S.R.,2022-07-14,2022,07,0.629763374,IMD GRID MODEL
Andhra Pradesh,Y.S.R.,2022-07-19,2022,07,4.02152787,IMD GRID MODEL
Andhra Pradesh,Y.S.R.,2022-07-21,2022,07,1.508444169,IMD GRID MODEL
Andhra Pradesh,Y.S.R.,2022-07-23,2022,07,0.933621375,IMD GRID MODEL
Andhra Pradesh,Y.S.R.,2022-07-27,2022,07,0.850149361,IMD GRID MODEL
Andhra Pradesh,Y.S.R.,2022-10-15,2022,10,1.3966233591,IMD GRID MODEL
Andhra Pradesh,Y.S.R.,2022-10-22,2022,10,7.9856715629,IMD GRID MODEL
Andhra Pradesh,Y.S.R.,2022-10-23,2022,10,0.0,IMD GRID MODEL
Andhra Pradesh,Y.S.R.,2022-10-30,2022,10,2.1229239961,IMD GRID MODEL
Andhra Pradesh,Y.S.R.,2022-11-01,2022,11,7.8178269671,IMD GRID MODEL
Andhra Pradesh,Y.S.R.,2022-11-05,2022,11,0.7106022375,IMD GRID MODEL
Andhra Pradesh,Y.S.R.,2022-11-06,2022,11,0.0001041656,IMD GRID MODEL
Andhra Pradesh,Y.S.R.,2022-11-13,2022,11,9.9036109847,IMD GRID MODEL
Andhra Pradesh,Y.S.R.,2022-11-16,2022,11,0.0,IMD GRID MODEL
Andhra Pradesh,West Godavari,2022-11-15,2022,11,0.0,IMD GRID MODEL
Andhra Pradesh,West Godavari,2022-11-21,2022,11,0.3325360462,IMD GRID MODEL
Andhra Pradesh,West Godavari,2022-11-30,2022,11,0.0,IMD GRID MODEL
Andhra Pradesh,West Godavari,2022-12-15,2022,12,0.0647326569,IMD GRID MODEL
Andhra Pradesh,West Godavari,2022-12-16,2022,12,0.0,IMD GRID MODEL
Andhra Pradesh,West Godavari,2022-12-21,2022,12,0.0,IMD GRID MODEL
Andhra Pradesh,West Godavari,2022-12-28,2022,12,0.0416839242,IMD GRID MODEL
Andhra Pradesh,West Godavari,2022-12-29,2022,12,0.0,IMD GRID MODEL
Andhra Pradesh,West Godavari,2022-12-31,2022,12,0.0,IMD GRID MODEL
Andhra Pradesh,Y S R Kadapa,2022-08-02,2022,08,13.59842081,IMD GRID MODEL
Andhra Pradesh,Y S R Kadapa,2022-08-11,2022,08,0.028618431,IMD GRID MODEL
Andhra Pradesh,Y S R Kadapa,2022-08-14,2022,08,0.001080167,IMD GRID MODEL
Andhra Pradesh,Y S R Kadapa,2022-08-15,2022,08,0.0032405,IMD GRID MODEL
Andhra Pradesh,Y S R Kadapa,2022-08-16,2022,08,2.336360471,IMD GRID MODEL
Andhra Pradesh,Y S R Kadapa,2022-08-24,2022,08,13.34259212,IMD GRID MODEL
Andhra Pradesh,Y S R Kadapa,2022-08-27,2022,08,8.067505374,IMD GRID MODEL
Andhra Pradesh,Y S R Kadapa,2022-08-31,2022,08,0.454201325,IMD GRID MODEL
Andhra Pradesh,Y S R Kadapa,2022-09-02,2022,09,14.67300229,IMD GRID MODEL
Andhra Pradesh,Y S R Kadapa,2022-09-03,2022,09,0.007170024,IMD GRID MODEL
Andhra Pradesh,Y S R Kadapa,2022-09-04,2022,09,0.0,IMD GRID MODEL
Andhra Pradesh,Y S R Kadapa,2022-09-11,2022,09,2.500421174,IMD GRID MODEL
Andhra Pradesh,Y S R Kadapa,2022-09-17,2022,09,0.0,IMD GRID MODEL
Andhra Pradesh,Y S R Kadapa,2022-09-20,2022,09,0.0,IMD GRID MODEL
Andhra Pradesh,Y S R Kadapa,2022-09-21,2022,09,0.0,IMD GRID MODEL
Andhra Pradesh,Y S R Kadapa,2022-09-24,2022,09,0.0,IMD GRID MODEL
Andhra Pradesh,Y S R Kadapa,2022-09-26,2022,09,2.901565257,IMD GRID MODEL
Andhra Pradesh,Y S R Kadapa,2022-10-04,2022,10,0.035652142,IMD GRID MODEL
Andhra Pradesh,Y S R Kadapa,2022-10-05,2022,10,0.416584229,IMD GRID MODEL
Andhra Pradesh,Y S R Kadapa,2022-10-08,2022,10,1.34282791,IMD GRID MODEL
Andhra Pradesh,Y S R Kadapa,2022-10-09,2022,10,4.282030787,IMD GRID MODEL
Andhra Pradesh,Y S R Kadapa,2022-10-12,2022,10,0.011176765,IMD GRID MODEL
Andhra Pradesh,Y.S.R.,2022-01-10,2022,01,0.0,IMD GRID MODEL
Andhra Pradesh,Y.S.R.,2022-01-12,2022,01,0.0,IMD GRID MODEL
Andhra Pradesh,Y.S.R.,2022-01-13,2022,01,2.224316703,IMD GRID MODEL
Andhra Pradesh,Y.S.R.,2022-01-17,2022,01,0.151920302,IMD GRID MODEL
Andhra Pradesh,Y.S.R.,2022-01-18,2022,01,0.23133363,IMD GRID MODEL
Andhra Pradesh,Y.S.R.,2022-01-19,2022,01,0.0,IMD GRID MODEL
Andhra Pradesh,Y.S.R.,2022-01-23,2022,01,0.0,IMD GRID MODEL
Andhra Pradesh,Y.S.R.,2022-01-31,2022,01,0.0,IMD GRID MODEL
Andhra Pradesh,Y.S.R.,2022-02-08,2022,02,0.0,IMD GRID MODEL
Andhra Pradesh,Y.S.R.,2022-02-11,2022,02,0.0,IMD GRID MODEL
Andhra Pradesh,Y.S.R.,2022-02-13,2022,02,0.0,IMD GRID MODEL
Andhra Pradesh,Y.S.R.,2022-02-20,2022,02,0.0,IMD GRID MODEL
Andhra Pradesh,Y.S.R.,2022-02-21,2022,02,0.0,IMD GRID MODEL
Andhra Pradesh,Y.S.R.,2022-02-22,2022,02,0.0,IMD GRID MODEL
Andhra Pradesh,Y.S.R.,2022-02-25,2022,02,0.0,IMD GRID MODEL
Andhra Pradesh,Y.S.R.,2022-03-08,2022,03,0.0,IMD GRID MODEL
Andhra Pradesh,Y.S.R.,2022-03-09,2022,03,0.0,IMD GRID MODEL
Andhra Pradesh,Y.S.R.,2022-03-10,2022,03,0.0,IMD GRID MODEL
Andhra Pradesh,Y.S.R.,2022-03-11,2022,03,0.0,IMD GRID MODEL
Andhra Pradesh,Y.S.R.,2022-03-13,2022,03,0.0,IMD GRID MODEL
Andhra Pradesh,Y.S.R.,2022-03-15,2022,03,0.0,IMD GRID MODEL
Andhra Pradesh,Y.S.R.,2022-03-19,2022,03,0.0,IMD GRID MODEL
Andhra Pradesh,Y.S.R.,2022-03-21,2022,03,0.0,IMD GRID MODEL
Andhra Pradesh,Y.S.R.,2022-03-22,2022,03,0.176493034,IMD GRID MODEL
Andhra Pradesh,Y.S.R.,2022-03-28,2022,03,0.0,IMD GRID MODEL
Andhra Pradesh,Y.S.R.,2022-04-01,2022,04,0.0,IMD GRID MODEL
Andhra Pradesh,Y.S.R.,2022-04-08,2022,04,0.0,IMD GRID MODEL
Andhra Pradesh,Y.S.R.,2022-04-11,2022,04,0.0,IMD GRID MODEL
Andhra Pradesh,Y.S.R.,2022-04-23,2022,04,0.69240436,IMD GRID MODEL
Andhra Pradesh,Y.S.R.,2022-04-27,2022,04,0.009235953,IMD GRID MODEL
Andhra Pradesh,Y.S.R.,2022-05-02,2022,05,8.464235826,IMD GRID MODEL
Andhra Pradesh,Y.S.R.,2022-05-05,2022,05,0.70248744,IMD GRID MODEL
Andhra Pradesh,Y.S.R.,2022-05-18,2022,05,2.245229466,IMD GRID MODEL
Andhra Pradesh,Y.S.R.,2022-05-24,2022,05,0.0,IMD GRID MODEL
Andhra Pradesh,Y.S.R.,2022-05-25,2022,05,0.0,IMD GRID MODEL
Andhra Pradesh,Y.S.R.,2022-05-29,2022,05,0.0,IMD GRID MODEL
Andhra Pradesh,Y.S.R.,2022-05-30,2022,05,0.0,IMD GRID MODEL
Andhra Pradesh,Y.S.R.,2022-06-02,2022,06,0.005358768,IMD GRID MODEL
Andhra Pradesh,Y.S.R.,2022-06-06,2022,06,25.52283284,IMD GRID MODEL
Andhra Pradesh,Y.S.R.,2022-06-11,2022,06,0.0,IMD GRID MODEL
Andhra Pradesh,Y.S.R.,2022-06-13,2022,06,8.92441787,IMD GRID MODEL
Andhra Pradesh,Y.S.R.,2022-06-21,2022,06,0.054118583,IMD GRID MODEL
Andhra Pradesh,Y.S.R.,2022-07-06,2022,07,6.7468261,IMD GRID MODEL
Andhra Pradesh,Y.S.R.,2022-07-29,2022,07,0.003437465,IMD GRID MODEL
Andhra Pradesh,Y.S.R.,2022-10-25,2022,10,0.0,IMD GRID MODEL
Andhra Pradesh,Y.S.R.,2022-10-26,2022,10,0.0,IMD GRID MODEL
Andhra Pradesh,Y.S.R.,2022-10-31,2022,10,0.0,IMD GRID MODEL
Andhra Pradesh,Y.S.R.,2022-11-04,2022,11,2.5733468162,IMD GRID MODEL
Andhra Pradesh,Y.S.R.,2022-11-07,2022,11,0.0404903937,IMD GRID MODEL
Andhra Pradesh,Y.S.R.,2022-11-10,2022,11,0.1019954914,IMD GRID MODEL
Andhra Pradesh,East Godavari,2022-01-16,2022,01,0.545105353,IMD GRID MODEL
Andhra Pradesh,East Godavari,2022-01-17,2022,01,0.043569629,IMD GRID MODEL
Andhra Pradesh,East Godavari,2022-01-23,2022,01,0.0,IMD GRID MODEL
Andhra Pradesh,East Godavari,2022-01-24,2022,01,0.319552378,IMD GRID MODEL
Andhra Pradesh,East Godavari,2022-02-03,2022,02,0.0,IMD GRID MODEL
Andhra Pradesh,East Godavari,2022-02-07,2022,02,0.0,IMD GRID MODEL
Andhra Pradesh,East Godavari,2022-02-11,2022,02,0.0,IMD GRID MODEL
Andhra Pradesh,East Godavari,2022-02-14,2022,02,0.0,IMD GRID MODEL
Andhra Pradesh,East Godavari,2022-02-17,2022,02,0.0,IMD GRID MODEL
Andhra Pradesh,East Godavari,2022-02-25,2022,02,0.0,IMD GRID MODEL
Andhra Pradesh,East Godavari,2022-02-27,2022,02,0.0,IMD GRID MODEL
Andhra Pradesh,East Godavari,2022-03-06,2022,03,0.0,IMD GRID MODEL
Andhra Pradesh,East Godavari,2022-03-10,2022,03,0.0,IMD GRID MODEL
Andhra Pradesh,East Godavari,2022-03-20,2022,03,0.0,IMD GRID MODEL
Andhra Pradesh,East Godavari,2022-03-24,2022,03,1.593581272,IMD GRID MODEL
Andhra Pradesh,East Godavari,2022-04-01,2022,04,0.211896325,IMD GRID MODEL
Andhra Pradesh,East Godavari,2022-04-03,2022,04,0.0,IMD GRID MODEL
Andhra Pradesh,East Godavari,2022-04-04,2022,04,0.008874017,IMD GRID MODEL
Andhra Pradesh,East Godavari,2022-04-06,2022,04,0.0,IMD GRID MODEL
Andhra Pradesh,East Godavari,2022-04-13,2022,04,0.0,IMD GRID MODEL
Andhra Pradesh,East Godavari,2022-04-18,2022,04,0.441541272,IMD GRID MODEL
Andhra Pradesh,East Godavari,2022-05-07,2022,05,1.503706125,IMD GRID MODEL
Andhra Pradesh,East Godavari,2022-05-15,2022,05,0.0,IMD GRID MODEL
Andhra Pradesh,East Godavari,2022-05-17,2022,05,0.0,IMD GRID MODEL
Andhra Pradesh,East Godavari,2022-05-19,2022,05,1.123432881,IMD GRID MODEL
Andhra Pradesh,East Godavari,2022-05-20,2022,05,2.50610732,IMD GRID MODEL
Andhra Pradesh,East Godavari,2022-05-21,2022,05,0.0,IMD GRID MODEL
Andhra Pradesh,East Godavari,2022-05-25,2022,05,24.46158953,IMD GRID MODEL
Andhra Pradesh,East Godavari,2022-05-30,2022,05,1.563716728,IMD GRID MODEL
Andhra Pradesh,East Godavari,2022-06-04,2022,06,2.216454512,IMD GRID MODEL
Andhra Pradesh,East Godavari,2022-06-07,2022,06,25.62893565,IMD GRID MODEL
Andhra Pradesh,East Godavari,2022-06-08,2022,06,0.0,IMD GRID MODEL
Andhra Pradesh,East Godavari,2022-06-10,2022,06,0.0,IMD GRID MODEL
Andhra Pradesh,East Godavari,2022-06-13,2022,06,1.612733948,IMD GRID MODEL
Andhra Pradesh,East Godavari,2022-06-20,2022,06,2.924176925,IMD GRID MODEL
Andhra Pradesh,East Godavari,2022-07-06,2022,07,23.12594996,IMD GRID MODEL
Andhra Pradesh,East Godavari,2022-07-17,2022,07,14.91411114,IMD GRID MODEL
Andhra Pradesh,East Godavari,2022-07-20,2022,07,4.691518537,IMD GRID MODEL
Andhra Pradesh,East Godavari,2022-07-24,2022,07,2.193581524,IMD GRID MODEL
Andhra Pradesh,East Godavari,2022-07-26,2022,07,3.049607955,IMD GRID MODEL
Andhra Pradesh,East Godavari,2022-08-14,2022,08,14.96522198,IMD GRID MODEL
Andhra Pradesh,East Godavari,2022-08-17,2022,08,2.630415237,IMD GRID MODEL
Andhra Pradesh,East Godavari,2022-08-18,2022,08,0.340868768,IMD GRID MODEL
Andhra Pradesh,East Godavari,2022-08-29,2022,08,12.61585625,IMD GRID MODEL
Andhra Pradesh,East Godavari,2022-08-30,2022,08,6.4470753,IMD GRID MODEL
Andhra Pradesh,East Godavari,2022-09-07,2022,09,12.49176207,IMD GRID MODEL
Andhra Pradesh,East Godavari,2022-09-17,2022,09,0.049826571,IMD GRID MODEL
Andhra Pradesh,East Godavari,2022-09-19,2022,09,12.42178504,IMD GRID MODEL
Andhra Pradesh,East Godavari,2022-09-20,2022,09,12.48659183,IMD GRID MODEL
Andhra Pradesh,East Godavari,2022-09-29,2022,09,12.10909232,IMD GRID MODEL
Andhra Pradesh,East Godavari,2022-10-01,2022,10,6.495735948,IMD GRID MODEL
Andhra Pradesh,East Godavari,2022-10-11,2022,10,21.90848228,IMD GRID MODEL
Andhra Pradesh,East Godavari,2022-10-12,2022,10,1.935252483,IMD GRID MODEL
Andhra Pradesh,East Godavari,2022-10-13,2022,10,5.611360866,IMD GRID MODEL
Andhra Pradesh,East Godavari,2022-10-14,2022,10,4.663998993,IMD GRID MODEL
Andhra Pradesh,East Godavari,2022-10-15,2022,10,39.7427794809,IMD GRID MODEL
Andhra Pradesh,East Godavari,2022-10-26,2022,10,0.0,IMD GRID MODEL
Andhra Pradesh,East Godavari,2022-10-27,2022,10,0.0,IMD GRID MODEL
Andhra Pradesh,East Godavari,2022-11-03,2022,11,0.287823909,IMD GRID MODEL
Andhra Pradesh,East Godavari,2022-11-04,2022,11,0.0654999281,IMD GRID MODEL
Andhra Pradesh,East Godavari,2022-11-05,2022,11,8.1847055727,IMD GRID MODEL
Andhra Pradesh,East Godavari,2022-11-06,2022,11,0.0,IMD GRID MODEL
Andhra Pradesh,East Godavari,2022-11-07,2022,11,0.0,IMD GRID MODEL
Andhra Pradesh,East Godavari,2022-11-08,2022,11,0.0,IMD GRID MODEL
Andhra Pradesh,East Godavari,2022-11-09,2022,11,0.0,IMD GRID MODEL
Andhra Pradesh,East Godavari,2022-11-14,2022,11,0.0,IMD GRID MODEL
Andhra Pradesh,East Godavari,2022-11-22,2022,11,0.0653538981,IMD GRID MODEL
Andhra Pradesh,East Godavari,2022-11-24,2022,11,0.1369586287,IMD GRID MODEL
Andhra Pradesh,East Godavari,2022-11-28,2022,11,0.0,IMD GRID MODEL
Andhra Pradesh,East Godavari,2022-12-01,2022,12,0.0,IMD GRID MODEL
Andhra Pradesh,East Godavari,2022-12-02,2022,12,0.1017220134,IMD GRID MODEL
Andhra Pradesh,East Godavari,2022-12-06,2022,12,0.0,IMD GRID MODEL
Andhra Pradesh,East Godavari,2022-12-19,2022,12,0.0,IMD GRID MODEL
Andhra Pradesh,East Godavari,2022-12-20,2022,12,0.0,IMD GRID MODEL
Andhra Pradesh,East Godavari,2022-12-21,2022,12,0.0,IMD GRID MODEL
Andhra Pradesh,East Godavari,2022-12-24,2022,12,0.0,IMD GRID MODEL
Andhra Pradesh,East Godavari,2022-12-25,2022,12,0.0,IMD GRID MODEL
Andhra Pradesh,East Godavari,2022-12-27,2022,12,0.0,IMD GRID MODEL
Andhra Pradesh,Guntur,2022-01-04,2022,01,0.0,IMD GRID MODEL
Andhra Pradesh,Guntur,2022-01-12,2022,01,0.0,IMD GRID MODEL
Andhra Pradesh,Guntur,2022-01-14,2022,01,17.7655257,IMD GRID MODEL
Andhra Pradesh,Guntur,2022-01-16,2022,01,1.627041923,IMD GRID MODEL
Andhra Pradesh,Guntur,2022-01-21,2022,01,0.0,IMD GRID MODEL
Andhra Pradesh,Guntur,2022-01-22,2022,01,0.0,IMD GRID MODEL
Andhra Pradesh,Guntur,2022-02-03,2022,02,0.0,IMD GRID MODEL
Andhra Pradesh,Guntur,2022-02-08,2022,02,0.0,IMD GRID MODEL
Andhra Pradesh,Guntur,2022-02-12,2022,02,0.0,IMD GRID MODEL
Andhra Pradesh,Guntur,2022-02-14,2022,02,0.0,IMD GRID MODEL
Andhra Pradesh,Guntur,2022-02-17,2022,02,0.0,IMD GRID MODEL
Andhra Pradesh,Guntur,2022-02-22,2022,02,0.0,IMD GRID MODEL
Andhra Pradesh,Guntur,2022-02-23,2022,02,0.0,IMD GRID MODEL
Andhra Pradesh,Guntur,2022-02-26,2022,02,0.0,IMD GRID MODEL
Andhra Pradesh,Guntur,2022-02-27,2022,02,0.0,IMD GRID MODEL
Andhra Pradesh,Guntur,2022-03-01,2022,03,0.0,IMD GRID MODEL
Andhra Pradesh,Guntur,2022-03-07,2022,03,0.0,IMD GRID MODEL
Andhra Pradesh,Guntur,2022-03-10,2022,03,0.0,IMD GRID MODEL
Andhra Pradesh,Guntur,2022-03-24,2022,03,0.161969821,IMD GRID MODEL
Andhra Pradesh,Guntur,2022-03-25,2022,03,0.0,IMD GRID MODEL
Andhra Pradesh,Guntur,2022-03-26,2022,03,0.0,IMD GRID MODEL
Andhra Pradesh,Guntur,2022-03-28,2022,03,0.0,IMD GRID MODEL
Andhra Pradesh,Guntur,2022-04-01,2022,04,0.0,IMD GRID MODEL
Andhra Pradesh,Guntur,2022-04-02,2022,04,0.0,IMD GRID MODEL
Andhra Pradesh,Guntur,2022-04-14,2022,04,0.0,IMD GRID MODEL
Andhra Pradesh,Guntur,2022-04-18,2022,04,0.0,IMD GRID MODEL
Andhra Pradesh,Guntur,2022-04-22,2022,04,0.0,IMD GRID MODEL
Andhra Pradesh,Guntur,2022-04-25,2022,04,0.0,IMD GRID MODEL
Andhra Pradesh,Guntur,2022-04-27,2022,04,0.0,IMD GRID MODEL
Andhra Pradesh,Guntur,2022-04-29,2022,04,0.0,IMD GRID MODEL
Andhra Pradesh,Guntur,2022-05-08,2022,05,0.0,IMD GRID MODEL
Andhra Pradesh,Guntur,2022-05-09,2022,05,1.765750711,IMD GRID MODEL
Andhra Pradesh,Guntur,2022-05-13,2022,05,0.204056727,IMD GRID MODEL
Andhra Pradesh,Guntur,2022-05-19,2022,05,1.683277811,IMD GRID MODEL
Andhra Pradesh,Guntur,2022-05-23,2022,05,0.0,IMD GRID MODEL
Andhra Pradesh,Guntur,2022-05-27,2022,05,0.436279506,IMD GRID MODEL
Andhra Pradesh,Guntur,2022-06-09,2022,06,0.0,IMD GRID MODEL
Andhra Pradesh,Guntur,2022-06-10,2022,06,0.0,IMD GRID MODEL
Andhra Pradesh,Guntur,2022-06-11,2022,06,0.156738465,IMD GRID MODEL
Andhra Pradesh,Guntur,2022-06-20,2022,06,1.827058171,IMD GRID MODEL
Andhra Pradesh,Guntur,2022-06-25,2022,06,4.041367554,IMD GRID MODEL
Andhra Pradesh,Guntur,2022-06-27,2022,06,20.31121918,IMD GRID MODEL
Andhra Pradesh,Guntur,2022-06-28,2022,06,4.880278374,IMD GRID MODEL
Andhra Pradesh,Guntur,2022-06-30,2022,06,5.588977332,IMD GRID MODEL
Andhra Pradesh,Guntur,2022-07-08,2022,07,7.827933291,IMD GRID MODEL
Andhra Pradesh,Guntur,2022-07-11,2022,07,4.389678331,IMD GRID MODEL
Andhra Pradesh,Guntur,2022-07-13,2022,07,6.914895291,IMD GRID MODEL
Andhra Pradesh,Guntur,2022-07-21,2022,07,1.446454846,IMD GRID MODEL
Andhra Pradesh,Guntur,2022-07-31,2022,07,1.430239145,IMD GRID MODEL
Andhra Pradesh,Guntur,2022-08-05,2022,08,6.034700365,IMD GRID MODEL
Andhra Pradesh,Guntur,2022-08-10,2022,08,0.40948894,IMD GRID MODEL
Andhra Pradesh,Guntur,2022-08-14,2022,08,1.625863571,IMD GRID MODEL
Andhra Pradesh,Guntur,2022-08-20,2022,08,2.439670507,IMD GRID MODEL
Andhra Pradesh,Guntur,2022-08-22,2022,08,0.0,IMD GRID MODEL
Andhra Pradesh,Guntur,2022-08-24,2022,08,1.428883164,IMD GRID MODEL
Andhra Pradesh,Guntur,2022-08-26,2022,08,9.606561396,IMD GRID MODEL
Andhra Pradesh,Guntur,2022-08-29,2022,08,10.01467148,IMD GRID MODEL
Andhra Pradesh,Guntur,2022-09-10,2022,09,17.2565147,IMD GRID MODEL
Andhra Pradesh,Guntur,2022-09-19,2022,09,2.273595844,IMD GRID MODEL
Andhra Pradesh,Guntur,2022-09-21,2022,09,1.464593008,IMD GRID MODEL
Andhra Pradesh,Guntur,2022-09-24,2022,09,0.245092635,IMD GRID MODEL
Andhra Pradesh,Guntur,2022-09-27,2022,09,7.624672697,IMD GRID MODEL
Andhra Pradesh,Guntur,2022-10-06,2022,10,41.94852383,IMD GRID MODEL
Andhra Pradesh,Guntur,2022-10-10,2022,10,13.62784778,IMD GRID MODEL
Andhra Pradesh,Guntur,2022-10-11,2022,10,9.670282303,IMD GRID MODEL
Andhra Pradesh,Guntur,2022-10-12,2022,10,3.004928986,IMD GRID MODEL
Andhra Pradesh,Guntur,2022-10-13,2022,10,1.982482181,IMD GRID MODEL
Andhra Pradesh,Guntur,2022-10-23,2022,10,0.0,IMD GRID MODEL
Andhra Pradesh,Guntur,2022-11-04,2022,11,1.5695004176,IMD GRID MODEL
Andhra Pradesh,Guntur,2022-11-07,2022,11,0.0,IMD GRID MODEL
Andhra Pradesh,Guntur,2022-11-13,2022,11,0.2126496941,IMD GRID MODEL
Andhra Pradesh,Guntur,2022-11-21,2022,11,1.3328106605,IMD GRID MODEL
Andhra Pradesh,Guntur,2022-11-25,2022,11,0.0356389054,IMD GRID MODEL
Andhra Pradesh,Guntur,2022-11-26,2022,11,2.3536976756,IMD GRID MODEL
Andhra Pradesh,Guntur,2022-11-27,2022,11,0.0,IMD GRID MODEL
Andhra Pradesh,Guntur,2022-11-29,2022,11,0.0,IMD GRID MODEL
Andhra Pradesh,Guntur,2022-12-03,2022,12,0.0048131551,IMD GRID MODEL
Andhra Pradesh,Guntur,2022-12-04,2022,12,0.0,IMD GRID MODEL
Andhra Pradesh,Guntur,2022-12-11,2022,12,21.5109423694,IMD GRID MODEL
Andhra Pradesh,Guntur,2022-12-17,2022,12,0.0,IMD GRID MODEL
Andhra Pradesh,Guntur,2022-12-18,2022,12,0.0,IMD GRID MODEL
Andhra Pradesh,Guntur,2022-12-19,2022,12,0.0,IMD GRID MODEL
Andhra Pradesh,Guntur,2022-12-22,2022,12,0.0,IMD GRID MODEL
Andhra Pradesh,Guntur,2022-12-26,2022,12,0.022398697,IMD GRID MODEL
Andhra Pradesh,Guntur,2022-12-27,2022,12,0.0,IMD GRID MODEL
Andhra Pradesh,Krishna,2022-01-22,2022,01,0.0,IMD GRID MODEL
Andhra Pradesh,Krishna,2022-01-24,2022,01,1.801439925,IMD GRID MODEL
Andhra Pradesh,Krishna,2022-01-29,2022,01,0.0,IMD GRID MODEL
Andhra Pradesh,Krishna,2022-02-02,2022,02,0.0,IMD GRID MODEL
Andhra Pradesh,Krishna,2022-02-03,2022,02,0.0,IMD GRID MODEL
Andhra Pradesh,Krishna,2022-02-11,2022,02,0.0,IMD GRID MODEL
Andhra Pradesh,Krishna,2022-02-13,2022,02,0.0,IMD GRID MODEL
Andhra Pradesh,Krishna,2022-02-15,2022,02,0.0,IMD GRID MODEL
Andhra Pradesh,Krishna,2022-02-16,2022,02,0.0,IMD GRID MODEL
Andhra Pradesh,Krishna,2022-03-02,2022,03,0.0,IMD GRID MODEL
Andhra Pradesh,Krishna,2022-03-06,2022,03,0.0,IMD GRID MODEL
Andhra Pradesh,Krishna,2022-03-19,2022,03,0.0,IMD GRID MODEL
Andhra Pradesh,Krishna,2022-03-27,2022,03,0.0,IMD GRID MODEL
Andhra Pradesh,Krishna,2022-03-31,2022,03,0.0,IMD GRID MODEL
Andhra Pradesh,Krishna,2022-04-04,2022,04,0.0,IMD GRID MODEL
Andhra Pradesh,Krishna,2022-04-10,2022,04,0.0,IMD GRID MODEL
Andhra Pradesh,Krishna,2022-04-11,2022,04,0.0,IMD GRID MODEL
Andhra Pradesh,Krishna,2022-04-14,2022,04,0.0,IMD GRID MODEL
Andhra Pradesh,Krishna,2022-04-19,2022,04,0.167330964,IMD GRID MODEL
Andhra Pradesh,Krishna,2022-04-20,2022,04,0.626358177,IMD GRID MODEL
Andhra Pradesh,Krishna,2022-04-26,2022,04,0.600583131,IMD GRID MODEL
Andhra Pradesh,Krishna,2022-05-10,2022,05,0.035355681,IMD GRID MODEL
Andhra Pradesh,Krishna,2022-05-11,2022,05,6.062819373,IMD GRID MODEL
Andhra Pradesh,Krishna,2022-05-25,2022,05,14.8736982,IMD GRID MODEL
Andhra Pradesh,Krishna,2022-05-26,2022,05,0.352906158,IMD GRID MODEL
Andhra Pradesh,Krishna,2022-05-27,2022,05,0.056164298,IMD GRID MODEL
Andhra Pradesh,Krishna,2022-06-04,2022,06,0.0,IMD GRID MODEL
Andhra Pradesh,Krishna,2022-06-05,2022,06,0.0,IMD GRID MODEL
Andhra Pradesh,Krishna,2022-06-06,2022,06,4.916758279,IMD GRID MODEL
Andhra Pradesh,Krishna,2022-06-08,2022,06,0.0,IMD GRID MODEL
Andhra Pradesh,Anantapur,2022-01-04,2022,01,0.0,IMD GRID MODEL
Andhra Pradesh,Anantapur,2022-02-22,2022,02,0.0,IMD GRID MODEL
Andhra Pradesh,Anantapur,2022-03-11,2022,03,0.0,IMD GRID MODEL
Andhra Pradesh,Anantapur,2022-03-27,2022,03,0.0,IMD GRID MODEL
Andhra Pradesh,Anantapur,2022-04-27,2022,04,0.269228282,IMD GRID MODEL
Andhra Pradesh,Anantapur,2022-04-29,2022,04,0.020459316,IMD GRID MODEL
Andhra Pradesh,Anantapur,2022-05-10,2022,05,4.971326241,IMD GRID MODEL
Andhra Pradesh,Anantapur,2022-05-07,2022,05,1.13280791,IMD GRID MODEL
Andhra Pradesh,Anantapur,2022-05-08,2022,05,0.508745102,IMD GRID MODEL
Andhra Pradesh,Anantapur,2022-05-11,2022,05,2.571111572,IMD GRID MODEL
Andhra Pradesh,Anantapur,2022-03-14,2022,03,0.0,IMD GRID MODEL
Andhra Pradesh,Anantapur,2022-05-16,2022,05,0.0148528,IMD GRID MODEL
Andhra Pradesh,Anantapur,2022-05-22,2022,05,0.000245871,IMD GRID MODEL
Andhra Pradesh,Anantapur,2022-05-24,2022,05,0.0,IMD GRID MODEL
Andhra Pradesh,Anantapur,2022-05-30,2022,05,0.0,IMD GRID MODEL
Andhra Pradesh,Anantapur,2022-04-06,2022,04,0.0,IMD GRID MODEL
Andhra Pradesh,Anantapur,2022-06-11,2022,06,0.0,IMD GRID MODEL
Andhra Pradesh,Anantapur,2022-06-20,2022,06,5.135894654,IMD GRID MODEL
Andhra Pradesh,Anantapur,2022-06-23,2022,06,1.68621572,IMD GRID MODEL
Andhra Pradesh,Anantapur,2022-06-25,2022,06,0.0,IMD GRID MODEL
Andhra Pradesh,Anantapur,2022-07-03,2022,07,0.104149026,IMD GRID MODEL
Andhra Pradesh,Anantapur,2022-04-14,2022,04,0.024636049,IMD GRID MODEL
Andhra Pradesh,Anantapur,2022-04-16,2022,04,0.112809809,IMD GRID MODEL
Andhra Pradesh,Anantapur,2022-04-30,2022,04,0.000188273,IMD GRID MODEL
Andhra Pradesh,Anantapur,2022-07-13,2022,07,0.754784931,IMD GRID MODEL
Andhra Pradesh,Anantapur,2022-07-14,2022,07,0.127302315,IMD GRID MODEL
Andhra Pradesh,Anantapur,2022-07-16,2022,07,0.112146495,IMD GRID MODEL
Andhra Pradesh,Anantapur,2022-07-24,2022,07,0.030535725,IMD GRID MODEL
Andhra Pradesh,Anantapur,2022-01-09,2022,01,0.0,IMD GRID MODEL
Andhra Pradesh,Anantapur,2022-01-11,2022,01,0.583011935,IMD GRID MODEL
Andhra Pradesh,Anantapur,2022-01-20,2022,01,0.0,IMD GRID MODEL
Andhra Pradesh,Anantapur,2022-01-22,2022,01,0.0,IMD GRID MODEL
Andhra Pradesh,Anantapur,2022-01-26,2022,01,0.205833673,IMD GRID MODEL
Andhra Pradesh,Anantapur,2022-02-12,2022,02,0.0,IMD GRID MODEL
Andhra Pradesh,Anantapur,2022-02-16,2022,02,0.0,IMD GRID MODEL
Andhra Pradesh,Anantapur,2022-02-18,2022,02,0.0,IMD GRID MODEL
Andhra Pradesh,Anantapur,2022-02-19,2022,02,0.0,IMD GRID MODEL
Andhra Pradesh,Anantapur,2022-10-15,2022,10,1.5814444897,IMD GRID MODEL
Andhra Pradesh,Anantapur,2022-10-18,2022,10,2.781793562,IMD GRID MODEL
Andhra Pradesh,Anantapur,2022-10-17,2022,10,15.1346334235,IMD GRID MODEL
Andhra Pradesh,Anantapur,2022-10-23,2022,10,0.0,IMD GRID MODEL
Andhra Pradesh,Anantapur,2022-11-09,2022,11,0.0,IMD GRID MODEL
Andhra Pradesh,Anantapur,2022-11-11,2022,11,0.0,IMD GRID MODEL
Andhra Pradesh,Anantapur,2022-11-17,2022,11,0.0,IMD GRID MODEL
Andhra Pradesh,Anantapur,2022-11-22,2022,11,0.2176629992,IMD GRID MODEL
Andhra Pradesh,Anantapur,2022-12-05,2022,12,0.0,IMD GRID MODEL
Andhra Pradesh,Anantapur,2022-12-15,2022,12,0.3836616721,IMD GRID MODEL
Andhra Pradesh,Anantapur,2022-12-18,2022,12,0.0,IMD GRID MODEL
Andhra Pradesh,Anantapur,2022-12-19,2022,12,0.0,IMD GRID MODEL
Andhra Pradesh,Anantapur,2022-12-28,2022,12,0.0,IMD GRID MODEL
Andhra Pradesh,Ananthapur,2022-08-22,2022,08,1.640167014,IMD GRID MODEL
Andhra Pradesh,Ananthapur,2022-08-25,2022,08,8.877445849,IMD GRID MODEL
Andhra Pradesh,Ananthapur,2022-09-04,2022,09,0.63513014,IMD GRID MODEL
Andhra Pradesh,Ananthapur,2022-09-05,2022,09,15.74596227,IMD GRID MODEL
Andhra Pradesh,Ananthapur,2022-09-14,2022,09,0.47793284,IMD GRID MODEL
Andhra Pradesh,Ananthapur,2022-09-15,2022,09,0.330949001,IMD GRID MODEL
Andhra Pradesh,Ananthapur,2022-09-19,2022,09,0.0,IMD GRID MODEL
Andhra Pradesh,Ananthapur,2022-09-22,2022,09,0.0,IMD GRID MODEL
Andhra Pradesh,Ananthapur,2022-09-26,2022,09,0.380116035,IMD GRID MODEL
Andhra Pradesh,Ananthapur,2022-09-27,2022,09,7.301896453,IMD GRID MODEL
Andhra Pradesh,Ananthapur,2022-10-04,2022,10,9.2e-05,IMD GRID MODEL
Andhra Pradesh,Chittoor,2022-01-03,2022,01,0.0,IMD GRID MODEL
Andhra Pradesh,Chittoor,2022-01-09,2022,01,0.0,IMD GRID MODEL
Andhra Pradesh,Chittoor,2022-01-12,2022,01,0.0,IMD GRID MODEL
Andhra Pradesh,Chittoor,2022-01-16,2022,01,1.117543374,IMD GRID MODEL
Andhra Pradesh,Chittoor,2022-01-18,2022,01,0.405414402,IMD GRID MODEL
Andhra Pradesh,Chittoor,2022-01-20,2022,01,0.0,IMD GRID MODEL
Andhra Pradesh,Chittoor,2022-01-26,2022,01,0.507623336,IMD GRID MODEL
Andhra Pradesh,Chittoor,2022-01-31,2022,01,0.0,IMD GRID MODEL
Andhra Pradesh,Chittoor,2022-02-01,2022,02,0.0,IMD GRID MODEL
Andhra Pradesh,Chittoor,2022-02-03,2022,02,0.0,IMD GRID MODEL
Andhra Pradesh,Chittoor,2022-02-10,2022,02,0.0,IMD GRID MODEL
Andhra Pradesh,Chittoor,2022-02-11,2022,02,0.0,IMD GRID MODEL
Andhra Pradesh,Chittoor,2022-02-22,2022,02,0.0,IMD GRID MODEL
Andhra Pradesh,Chittoor,2022-02-26,2022,02,0.0,IMD GRID MODEL
Andhra Pradesh,Chittoor,2022-02-27,2022,02,0.0,IMD GRID MODEL
Andhra Pradesh,Chittoor,2022-02-28,2022,02,0.0,IMD GRID MODEL
Andhra Pradesh,Chittoor,2022-03-09,2022,03,0.0,IMD GRID MODEL
Andhra Pradesh,Chittoor,2022-03-12,2022,03,0.0,IMD GRID MODEL
Andhra Pradesh,Chittoor,2022-03-28,2022,03,0.0,IMD GRID MODEL
Andhra Pradesh,Chittoor,2022-04-02,2022,04,0.0,IMD GRID MODEL
Andhra Pradesh,Chittoor,2022-04-03,2022,04,0.0,IMD GRID MODEL
Andhra Pradesh,Chittoor,2022-04-09,2022,04,8e-08,IMD GRID MODEL
Andhra Pradesh,Chittoor,2022-04-11,2022,04,0.0,IMD GRID MODEL
Andhra Pradesh,Chittoor,2022-04-15,2022,04,1.325823384,IMD GRID MODEL
Andhra Pradesh,Chittoor,2022-04-27,2022,04,0.976640081,IMD GRID MODEL
Andhra Pradesh,Chittoor,2022-04-30,2022,04,0.106743983,IMD GRID MODEL
Andhra Pradesh,Chittoor,2022-05-02,2022,05,7.563761841,IMD GRID MODEL
Andhra Pradesh,Chittoor,2022-05-03,2022,05,1.542296699,IMD GRID MODEL
Andhra Pradesh,Chittoor,2022-05-08,2022,05,0.0,IMD GRID MODEL
Andhra Pradesh,Chittoor,2022-05-10,2022,05,4.572089916,IMD GRID MODEL
Andhra Pradesh,Chittoor,2022-05-20,2022,05,0.007177489,IMD GRID MODEL
Andhra Pradesh,Chittoor,2022-05-26,2022,05,0.272421649,IMD GRID MODEL
Andhra Pradesh,Chittoor,2022-06-01,2022,06,0.349619303,IMD GRID MODEL
Andhra Pradesh,Chittoor,2022-06-02,2022,06,4.154520103,IMD GRID MODEL
Andhra Pradesh,Chittoor,2022-06-04,2022,06,0.008230016,IMD GRID MODEL
Andhra Pradesh,Chittoor,2022-06-05,2022,06,0.485231047,IMD GRID MODEL
Andhra Pradesh,Chittoor,2022-06-09,2022,06,0.0,IMD GRID MODEL
Andhra Pradesh,Chittoor,2022-06-18,2022,06,2.965894405,IMD GRID MODEL
Andhra Pradesh,Chittoor,2022-06-22,2022,06,3.444405286,IMD GRID MODEL
Andhra Pradesh,Chittoor,2022-06-23,2022,06,6.191767595,IMD GRID MODEL
Andhra Pradesh,Chittoor,2022-06-24,2022,06,0.21708383,IMD GRID MODEL
Andhra Pradesh,Chittoor,2022-06-25,2022,06,2.217473179,IMD GRID MODEL
Andhra Pradesh,Chittoor,2022-06-30,2022,06,5.945566256,IMD GRID MODEL
Andhra Pradesh,Chittoor,2022-07-06,2022,07,7.264824572,IMD GRID MODEL
Andhra Pradesh,Chittoor,2022-07-08,2022,07,3.171103537,IMD GRID MODEL
Andhra Pradesh,Chittoor,2022-07-13,2022,07,0.744349855,IMD GRID MODEL
Andhra Pradesh,Chittoor,2022-07-14,2022,07,0.360586474,IMD GRID MODEL
Andhra Pradesh,Chittoor,2022-07-15,2022,07,0.111501173,IMD GRID MODEL
Andhra Pradesh,Chittoor,2022-07-21,2022,07,11.88172826,IMD GRID MODEL
Andhra Pradesh,Chittoor,2022-07-28,2022,07,2.932441297,IMD GRID MODEL
Andhra Pradesh,Chittoor,2022-08-01,2022,08,8.663772294,IMD GRID MODEL
Andhra Pradesh,Chittoor,2022-08-26,2022,08,14.49945401,IMD GRID MODEL
Andhra Pradesh,Chittoor,2022-09-05,2022,09,3.311210919,IMD GRID MODEL
Andhra Pradesh,Chittoor,2022-09-07,2022,09,15.0533617,IMD GRID MODEL
Andhra Pradesh,Chittoor,2022-09-13,2022,09,0.0,IMD GRID MODEL
Andhra Pradesh,Chittoor,2022-09-14,2022,09,0.110554677,IMD GRID MODEL
Andhra Pradesh,Chittoor,2022-09-16,2022,09,0.942858085,IMD GRID MODEL
Andhra Pradesh,Chittoor,2022-09-30,2022,09,8.033043365,IMD GRID MODEL
Andhra Pradesh,Chittoor,2022-10-05,2022,10,0.0,IMD GRID MODEL
Andhra Pradesh,Chittoor,2022-10-06,2022,10,20.50342773,IMD GRID MODEL
Andhra Pradesh,Chittoor,2022-10-13,2022,10,8.032519487,IMD GRID MODEL
Andhra Pradesh,Chittoor,2022-10-15,2022,10,1.5328742898,IMD GRID MODEL
Andhra Pradesh,Chittoor,2022-10-16,2022,10,3.0440814466,IMD GRID MODEL
Andhra Pradesh,Chittoor,2022-10-21,2022,10,2.9714340646,IMD GRID MODEL
Andhra Pradesh,Chittoor,2022-10-23,2022,10,0.0,IMD GRID MODEL
Andhra Pradesh,Chittoor,2022-10-29,2022,10,7.1446351588,IMD GRID MODEL
Andhra Pradesh,Chittoor,2022-11-16,2022,11,0.0,IMD GRID MODEL
Andhra Pradesh,Chittoor,2022-11-20,2022,11,0.0,IMD GRID MODEL
Andhra Pradesh,Chittoor,2022-11-27,2022,11,1.3749389783,IMD GRID MODEL
Andhra Pradesh,Chittoor,2022-11-29,2022,11,0.0,IMD GRID MODEL
Andhra Pradesh,Chittoor,2022-12-02,2022,12,1.2009219345,IMD GRID MODEL
Andhra Pradesh,Chittoor,2022-12-10,2022,12,84.2761229347,IMD GRID MODEL
Andhra Pradesh,Chittoor,2022-12-23,2022,12,0.0,IMD GRID MODEL
Andhra Pradesh,Chittoor,2022-12-24,2022,12,0.0,IMD GRID MODEL
Andhra Pradesh,Chittoor,2022-12-25,2022,12,2.4464264707,IMD GRID MODEL
Andhra Pradesh,Prakasam,2022-09-01,2022,09,0.326457073,IMD GRID MODEL
Andhra Pradesh,Prakasam,2022-09-02,2022,09,9.778852394,IMD GRID MODEL
Andhra Pradesh,Prakasam,2022-09-08,2022,09,16.20843497,IMD GRID MODEL
Andhra Pradesh,Prakasam,2022-09-19,2022,09,3.278967224,IMD GRID MODEL
Andhra Pradesh,Prakasam,2022-09-21,2022,09,1.198238756,IMD GRID MODEL
Andhra Pradesh,Prakasam,2022-09-26,2022,09,8.699970251,IMD GRID MODEL
Andhra Pradesh,Prakasam,2022-09-27,2022,09,1.578566959,IMD GRID MODEL
Andhra Pradesh,Prakasam,2022-10-01,2022,10,39.87064509,IMD GRID MODEL
Andhra Pradesh,Prakasam,2022-10-04,2022,10,0.36217807,IMD GRID MODEL
Andhra Pradesh,Prakasam,2022-10-13,2022,10,1.131787397,IMD GRID MODEL
Andhra Pradesh,Prakasam,2022-10-15,2022,10,4.9680696321,IMD GRID MODEL
Andhra Pradesh,Prakasam,2022-10-18,2022,10,0.5850012263,IMD GRID MODEL
Andhra Pradesh,Prakasam,2022-10-19,2022,10,1.8111007367,IMD GRID MODEL
Andhra Pradesh,Prakasam,2022-10-27,2022,10,0.0,IMD GRID MODEL
Andhra Pradesh,Prakasam,2022-11-07,2022,11,0.0,IMD GRID MODEL
Andhra Pradesh,Prakasam,2022-11-08,2022,11,0.0,IMD GRID MODEL
Andhra Pradesh,Prakasam,2022-11-09,2022,11,0.0,IMD GRID MODEL
Andhra Pradesh,Prakasam,2022-11-10,2022,11,0.0849698241,IMD GRID MODEL
Andhra Pradesh,Prakasam,2022-11-17,2022,11,0.0,IMD GRID MODEL
Andhra Pradesh,Prakasam,2022-11-21,2022,11,1.7122713748,IMD GRID MODEL
Andhra Pradesh,Prakasam,2022-11-25,2022,11,0.5797072859,IMD GRID MODEL
Andhra Pradesh,Prakasam,2022-12-04,2022,12,0.0064275908,IMD GRID MODEL
Andhra Pradesh,Prakasam,2022-12-09,2022,12,0.0071799556,IMD GRID MODEL
Andhra Pradesh,Prakasam,2022-12-12,2022,12,30.9231426916,IMD GRID MODEL
Andhra Pradesh,Prakasam,2022-12-23,2022,12,0.0,IMD GRID MODEL
Andhra Pradesh,SPSR Nellore,2022-01-07,2022,01,0.064657734,IMD GRID MODEL
Andhra Pradesh,SPSR Nellore,2022-01-09,2022,01,0.0,IMD GRID MODEL
Andhra Pradesh,SPSR Nellore,2022-01-10,2022,01,0.0,IMD GRID MODEL
Andhra Pradesh,SPSR Nellore,2022-01-15,2022,01,3.93499294,IMD GRID MODEL
Andhra Pradesh,SPSR Nellore,2022-01-17,2022,01,8.669355429,IMD GRID MODEL
Andhra Pradesh,SPSR Nellore,2022-01-20,2022,01,0.0,IMD GRID MODEL
Andhra Pradesh,SPSR Nellore,2022-01-25,2022,01,0.182266113,IMD GRID MODEL
Andhra Pradesh,SPSR Nellore,2022-01-26,2022,01,0.649117448,IMD GRID MODEL
Andhra Pradesh,SPSR Nellore,2022-01-29,2022,01,0.0,IMD GRID MODEL
Andhra Pradesh,SPSR Nellore,2022-01-30,2022,01,0.0,IMD GRID MODEL
Andhra Pradesh,SPSR Nellore,2022-02-04,2022,02,0.0,IMD GRID MODEL
Andhra Pradesh,SPSR Nellore,2022-02-07,2022,02,0.0,IMD GRID MODEL
Andhra Pradesh,SPSR Nellore,2022-02-08,2022,02,0.0,IMD GRID MODEL
Andhra Pradesh,SPSR Nellore,2022-03-02,2022,03,0.0,IMD GRID MODEL
Andhra Pradesh,SPSR Nellore,2022-03-18,2022,03,0.0,IMD GRID MODEL
Andhra Pradesh,SPSR Nellore,2022-03-23,2022,03,0.439474427,IMD GRID MODEL
Andhra Pradesh,SPSR Nellore,2022-03-26,2022,03,0.0,IMD GRID MODEL
Andhra Pradesh,SPSR Nellore,2022-03-30,2022,03,0.0,IMD GRID MODEL
Andhra Pradesh,SPSR Nellore,2022-04-03,2022,04,0.0,IMD GRID MODEL
Andhra Pradesh,SPSR Nellore,2022-04-07,2022,04,0.0,IMD GRID MODEL
Andhra Pradesh,SPSR Nellore,2022-04-08,2022,04,0.0,IMD GRID MODEL
Andhra Pradesh,SPSR Nellore,2022-04-18,2022,04,0.0,IMD GRID MODEL
Andhra Pradesh,SPSR Nellore,2022-04-19,2022,04,0.0,IMD GRID MODEL
Andhra Pradesh,SPSR Nellore,2022-04-20,2022,04,0.0,IMD GRID MODEL
Andhra Pradesh,SPSR Nellore,2022-04-25,2022,04,0.0,IMD GRID MODEL
Andhra Pradesh,SPSR Nellore,2022-04-29,2022,04,0.0,IMD GRID MODEL
Andhra Pradesh,SPSR Nellore,2022-05-06,2022,05,0.0,IMD GRID MODEL
Andhra Pradesh,SPSR Nellore,2022-05-07,2022,05,5.189311742,IMD GRID MODEL
Andhra Pradesh,SPSR Nellore,2022-05-10,2022,05,5.00312295,IMD GRID MODEL
Andhra Pradesh,SPSR Nellore,2022-05-21,2022,05,0.0,IMD GRID MODEL
Andhra Pradesh,SPSR Nellore,2022-05-27,2022,05,1.410201712,IMD GRID MODEL
Andhra Pradesh,SPSR Nellore,2022-06-01,2022,06,0.0,IMD GRID MODEL
Andhra Pradesh,SPSR Nellore,2022-06-07,2022,06,0.0,IMD GRID MODEL
Andhra Pradesh,SPSR Nellore,2022-06-14,2022,06,0.0,IMD GRID MODEL
Andhra Pradesh,SPSR Nellore,2022-06-16,2022,06,0.308803141,IMD GRID MODEL
Andhra Pradesh,SPSR Nellore,2022-06-21,2022,06,0.923409725,IMD GRID MODEL
Andhra Pradesh,SPSR Nellore,2022-06-23,2022,06,7.617293112,IMD GRID MODEL
Andhra Pradesh,SPSR Nellore,2022-06-24,2022,06,0.0,IMD GRID MODEL
Andhra Pradesh,SPSR Nellore,2022-06-27,2022,06,0.005455304,IMD GRID MODEL
Andhra Pradesh,SPSR Nellore,2022-07-03,2022,07,0.845563586,IMD GRID MODEL
Andhra Pradesh,SPSR Nellore,2022-07-07,2022,07,0.584780891,IMD GRID MODEL
Andhra Pradesh,SPSR Nellore,2022-07-11,2022,07,0.507922834,IMD GRID MODEL
Andhra Pradesh,SPSR Nellore,2022-07-13,2022,07,0.828027413,IMD GRID MODEL
Andhra Pradesh,SPSR Nellore,2022-07-27,2022,07,2.466155486,IMD GRID MODEL
Andhra Pradesh,SPSR Nellore,2022-10-14,2022,10,0.4846336814,IMD GRID MODEL
Andhra Pradesh,SPSR Nellore,2022-10-15,2022,10,2.8027464036,IMD GRID MODEL
Andhra Pradesh,SPSR Nellore,2022-10-16,2022,10,3.2075482958,IMD GRID MODEL
Andhra Pradesh,SPSR Nellore,2022-10-22,2022,10,1.9539108154,IMD GRID MODEL
Andhra Pradesh,SPSR Nellore,2022-11-03,2022,11,16.7604649376,IMD GRID MODEL
Andhra Pradesh,SPSR Nellore,2022-11-06,2022,11,0.087810312,IMD GRID MODEL
Andhra Pradesh,SPSR Nellore,2022-11-11,2022,11,7.5734530862,IMD GRID MODEL
Andhra Pradesh,SPSR Nellore,2022-11-14,2022,11,58.3568096786,IMD GRID MODEL
Andhra Pradesh,SPSR Nellore,2022-11-21,2022,11,2.0226064612,IMD GRID MODEL
Andhra Pradesh,SPSR Nellore,2022-11-22,2022,11,1.3549372813,IMD GRID MODEL
Andhra Pradesh,SPSR Nellore,2022-12-02,2022,12,0.2445552008,IMD GRID MODEL
Andhra Pradesh,SPSR Nellore,2022-12-06,2022,12,0.0,IMD GRID MODEL
Andhra Pradesh,SPSR Nellore,2022-12-12,2022,12,34.188463796,IMD GRID MODEL
Andhra Pradesh,Srikakulam,2022-01-02,2022,01,0.0,IMD GRID MODEL
Andhra Pradesh,Srikakulam,2022-01-04,2022,01,0.0,IMD GRID MODEL
Andhra Pradesh,Srikakulam,2022-01-05,2022,01,0.0,IMD GRID MODEL
Andhra Pradesh,Srikakulam,2022-01-06,2022,01,0.0,IMD GRID MODEL
Andhra Pradesh,Srikakulam,2022-01-21,2022,01,0.0,IMD GRID MODEL
Andhra Pradesh,Srikakulam,2022-01-31,2022,01,0.0,IMD GRID MODEL
Andhra Pradesh,Srikakulam,2022-02-05,2022,02,0.0,IMD GRID MODEL
Andhra Pradesh,Srikakulam,2022-02-06,2022,02,0.0,IMD GRID MODEL
Andhra Pradesh,Srikakulam,2022-02-07,2022,02,0.0,IMD GRID MODEL
Andhra Pradesh,Srikakulam,2022-02-14,2022,02,0.0,IMD GRID MODEL
Andhra Pradesh,Srikakulam,2022-02-15,2022,02,0.0,IMD GRID MODEL
Andhra Pradesh,Srikakulam,2022-02-16,2022,02,0.0,IMD GRID MODEL
Andhra Pradesh,Srikakulam,2022-02-22,2022,02,0.0,IMD GRID MODEL
Andhra Pradesh,Srikakulam,2022-02-28,2022,02,0.0,IMD GRID MODEL
Andhra Pradesh,Srikakulam,2022-03-07,2022,03,0.0,IMD GRID MODEL
Andhra Pradesh,Srikakulam,2022-03-16,2022,03,0.0,IMD GRID MODEL
Andhra Pradesh,Srikakulam,2022-03-18,2022,03,0.0,IMD GRID MODEL
Andhra Pradesh,Srikakulam,2022-03-20,2022,03,0.0,IMD GRID MODEL
Andhra Pradesh,Srikakulam,2022-04-04,2022,04,0.0,IMD GRID MODEL
Andhra Pradesh,Srikakulam,2022-04-07,2022,04,0.496834433,IMD GRID MODEL
Andhra Pradesh,Srikakulam,2022-04-14,2022,04,0.105485026,IMD GRID MODEL
Andhra Pradesh,Srikakulam,2022-04-17,2022,04,0.134004945,IMD GRID MODEL
Andhra Pradesh,Srikakulam,2022-04-26,2022,04,0.039326297,IMD GRID MODEL
Andhra Pradesh,Srikakulam,2022-04-28,2022,04,0.0,IMD GRID MODEL
Andhra Pradesh,Srikakulam,2022-04-30,2022,04,0.0,IMD GRID MODEL
Andhra Pradesh,Srikakulam,2022-05-01,2022,05,0.0,IMD GRID MODEL
Andhra Pradesh,Srikakulam,2022-05-02,2022,05,8.221364241,IMD GRID MODEL
Andhra Pradesh,Srikakulam,2022-05-03,2022,05,6.983786008,IMD GRID MODEL
Andhra Pradesh,Srikakulam,2022-05-10,2022,05,1.79601621,IMD GRID MODEL
Andhra Pradesh,Srikakulam,2022-06-02,2022,06,0.276790575,IMD GRID MODEL
Andhra Pradesh,Srikakulam,2022-06-04,2022,06,1.235354002,IMD GRID MODEL
Andhra Pradesh,Srikakulam,2022-06-07,2022,06,7.86302e-05,IMD GRID MODEL
Andhra Pradesh,Srikakulam,2022-06-10,2022,06,0.158295591,IMD GRID MODEL
Andhra Pradesh,Srikakulam,2022-06-14,2022,06,0.0,IMD GRID MODEL
Andhra Pradesh,Srikakulam,2022-06-18,2022,06,1.623609536,IMD GRID MODEL
Andhra Pradesh,Srikakulam,2022-06-25,2022,06,8.643454581,IMD GRID MODEL
Andhra Pradesh,Srikakulam,2022-06-30,2022,06,2.803929937,IMD GRID MODEL
Andhra Pradesh,Srikakulam,2022-07-02,2022,07,15.53358837,IMD GRID MODEL
Andhra Pradesh,Srikakulam,2022-07-09,2022,07,19.89631383,IMD GRID MODEL
Andhra Pradesh,Srikakulam,2022-07-10,2022,07,7.078197961,IMD GRID MODEL
Andhra Pradesh,Srikakulam,2022-07-14,2022,07,0.268043818,IMD GRID MODEL
Andhra Pradesh,Srikakulam,2022-07-28,2022,07,0.115706699,IMD GRID MODEL
Andhra Pradesh,Srikakulam,2022-07-31,2022,07,0.805556267,IMD GRID MODEL
Andhra Pradesh,Srikakulam,2022-08-03,2022,08,1.046514317,IMD GRID MODEL
Andhra Pradesh,Srikakulam,2022-08-04,2022,08,0.266860055,IMD GRID MODEL
Andhra Pradesh,Srikakulam,2022-08-16,2022,08,0.032456931,IMD GRID MODEL
Andhra Pradesh,Srikakulam,2022-08-19,2022,08,7.856164783,IMD GRID MODEL
Andhra Pradesh,Srikakulam,2022-08-22,2022,08,2.168483601,IMD GRID MODEL
Andhra Pradesh,Srikakulam,2022-08-23,2022,08,5.184278514,IMD GRID MODEL
Andhra Pradesh,Srikakulam,2022-08-24,2022,08,4.099856045,IMD GRID MODEL
Andhra Pradesh,Srikakulam,2022-08-27,2022,08,1.978390889,IMD GRID MODEL
Andhra Pradesh,Srikakulam,2022-08-29,2022,08,1.542621995,IMD GRID MODEL
Andhra Pradesh,Srikakulam,2022-08-31,2022,08,0.0,IMD GRID MODEL
Andhra Pradesh,Srikakulam,2022-09-01,2022,09,0.326711857,IMD GRID MODEL
Andhra Pradesh,Srikakulam,2022-09-03,2022,09,0.041001747,IMD GRID MODEL
Andhra Pradesh,Srikakulam,2022-09-06,2022,09,2.264852007,IMD GRID MODEL
Andhra Pradesh,Srikakulam,2022-09-11,2022,09,33.50776505,IMD GRID MODEL
Andhra Pradesh,Srikakulam,2022-09-24,2022,09,15.19442376,IMD GRID MODEL
Andhra Pradesh,Srikakulam,2022-09-25,2022,09,7.131622387,IMD GRID MODEL
Andhra Pradesh,Srikakulam,2022-10-08,2022,10,9.044617751,IMD GRID MODEL
Andhra Pradesh,Srikakulam,2022-10-15,2022,10,2.791175015,IMD GRID MODEL
Andhra Pradesh,Srikakulam,2022-10-22,2022,10,0.2107103875,IMD GRID MODEL
Andhra Pradesh,Srikakulam,2022-10-27,2022,10,0.0,IMD GRID MODEL
Andhra Pradesh,Srikakulam,2022-10-28,2022,10,0.0,IMD GRID MODEL
Andhra Pradesh,Srikakulam,2022-10-29,2022,10,0.0,IMD GRID MODEL
Andhra Pradesh,Srikakulam,2022-11-01,2022,11,0.0,IMD GRID MODEL
Andhra Pradesh,Srikakulam,2022-11-03,2022,11,0.1314505714,IMD GRID MODEL
Andhra Pradesh,Srikakulam,2022-11-17,2022,11,0.0,IMD GRID MODEL
Andhra Pradesh,Srikakulam,2022-11-18,2022,11,0.0,IMD GRID MODEL
Andhra Pradesh,Srikakulam,2022-11-21,2022,11,0.0,IMD GRID MODEL
Andhra Pradesh,Srikakulam,2022-12-04,2022,12,0.0,IMD GRID MODEL
Andhra Pradesh,Srikakulam,2022-12-06,2022,12,0.0,IMD GRID MODEL
Andhra Pradesh,Srikakulam,2022-12-20,2022,12,0.0,IMD GRID MODEL
Andhra Pradesh,Visakhapatanam,2022-01-01,2022,01,0.0,IMD GRID MODEL
Andhra Pradesh,Visakhapatanam,2022-01-02,2022,01,0.0,IMD GRID MODEL
Andhra Pradesh,Visakhapatanam,2022-01-05,2022,01,0.0,IMD GRID MODEL
Andhra Pradesh,Visakhapatanam,2022-01-14,2022,01,13.26210283,IMD GRID MODEL
Andhra Pradesh,Visakhapatanam,2022-01-21,2022,01,0.0,IMD GRID MODEL
Andhra Pradesh,Visakhapatanam,2022-01-22,2022,01,0.0,IMD GRID MODEL
Andhra Pradesh,Visakhapatanam,2022-01-24,2022,01,0.0037062,IMD GRID MODEL
Andhra Pradesh,Visakhapatanam,2022-01-31,2022,01,0.205102982,IMD GRID MODEL
Andhra Pradesh,Visakhapatanam,2022-02-07,2022,02,0.0,IMD GRID MODEL
Andhra Pradesh,Visakhapatanam,2022-02-10,2022,02,0.0,IMD GRID MODEL
Andhra Pradesh,Visakhapatanam,2022-02-16,2022,02,0.0,IMD GRID MODEL
Andhra Pradesh,Visakhapatanam,2022-02-17,2022,02,0.0,IMD GRID MODEL
Andhra Pradesh,Visakhapatanam,2022-02-26,2022,02,0.0,IMD GRID MODEL
Andhra Pradesh,Visakhapatanam,2022-03-05,2022,03,0.0,IMD GRID MODEL
Andhra Pradesh,Visakhapatanam,2022-03-07,2022,03,0.0,IMD GRID MODEL
Andhra Pradesh,Visakhapatanam,2022-03-13,2022,03,0.0,IMD GRID MODEL
Andhra Pradesh,Visakhapatanam,2022-03-16,2022,03,0.0,IMD GRID MODEL
Andhra Pradesh,Visakhapatanam,2022-03-18,2022,03,0.0,IMD GRID MODEL
Andhra Pradesh,Visakhapatanam,2022-03-24,2022,03,0.146618879,IMD GRID MODEL
Andhra Pradesh,Visakhapatanam,2022-03-25,2022,03,0.156827619,IMD GRID MODEL
Andhra Pradesh,Visakhapatanam,2022-04-02,2022,04,0.0,IMD GRID MODEL
Andhra Pradesh,Visakhapatanam,2022-04-15,2022,04,0.0,IMD GRID MODEL
Andhra Pradesh,Visakhapatanam,2022-04-19,2022,04,2.627628306,IMD GRID MODEL
Andhra Pradesh,Visakhapatanam,2022-04-24,2022,04,0.89958173,IMD GRID MODEL
Andhra Pradesh,Visakhapatanam,2022-05-05,2022,05,1.10989159,IMD GRID MODEL
Andhra Pradesh,Visakhapatanam,2022-05-07,2022,05,2.782981661,IMD GRID MODEL
Andhra Pradesh,Visakhapatanam,2022-05-09,2022,05,6.779780168,IMD GRID MODEL
Andhra Pradesh,Visakhapatanam,2022-05-11,2022,05,40.08783314,IMD GRID MODEL
Andhra Pradesh,Visakhapatanam,2022-05-12,2022,05,26.87521482,IMD GRID MODEL
Andhra Pradesh,Visakhapatanam,2022-05-19,2022,05,0.536809967,IMD GRID MODEL
Andhra Pradesh,Visakhapatanam,2022-06-08,2022,06,0.0,IMD GRID MODEL
Andhra Pradesh,Visakhapatanam,2022-06-26,2022,06,13.60867935,IMD GRID MODEL
Andhra Pradesh,Visakhapatanam,2022-06-28,2022,06,5.499681694,IMD GRID MODEL
Andhra Pradesh,Visakhapatanam,2022-06-30,2022,06,2.880931441,IMD GRID MODEL
Andhra Pradesh,Visakhapatanam,2022-07-03,2022,07,0.431691556,IMD GRID MODEL
Andhra Pradesh,Visakhapatanam,2022-07-05,2022,07,0.600219288,IMD GRID MODEL
Andhra Pradesh,Visakhapatanam,2022-07-09,2022,07,38.99642313,IMD GRID MODEL
Andhra Pradesh,Visakhapatanam,2022-07-13,2022,07,0.824042984,IMD GRID MODEL
Andhra Pradesh,Visakhapatanam,2022-07-20,2022,07,0.537688518,IMD GRID MODEL
Andhra Pradesh,Visakhapatanam,2022-07-23,2022,07,7.128726308,IMD GRID MODEL
Andhra Pradesh,Visakhapatanam,2022-10-15,2022,10,31.7018352311,IMD GRID MODEL
Andhra Pradesh,Visakhapatanam,2022-11-06,2022,11,0.0,IMD GRID MODEL
Andhra Pradesh,Visakhapatanam,2022-11-12,2022,11,0.0,IMD GRID MODEL
Andhra Pradesh,Visakhapatanam,2022-11-16,2022,11,0.0,IMD GRID MODEL
Andhra Pradesh,Visakhapatanam,2022-11-18,2022,11,0.0,IMD GRID MODEL
Andhra Pradesh,Visakhapatanam,2022-11-29,2022,11,0.0,IMD GRID MODEL
Andhra Pradesh,Visakhapatanam,2022-11-30,2022,11,0.0,IMD GRID MODEL
Andhra Pradesh,Visakhapatanam,2022-12-09,2022,12,0.0,IMD GRID MODEL
Andhra Pradesh,Visakhapatanam,2022-12-11,2022,12,3.3572711305,IMD GRID MODEL
Andhra Pradesh,Visakhapatanam,2022-12-20,2022,12,0.0,IMD GRID MODEL
Andhra Pradesh,Visakhapatanam,2022-12-21,2022,12,0.0,IMD GRID MODEL
Andhra Pradesh,Visakhapatanam,2022-12-26,2022,12,0.0,IMD GRID MODEL
Andhra Pradesh,Vishakhapatnam,2022-08-02,2022,08,11.52898983,IMD GRID MODEL
Andhra Pradesh,Vishakhapatnam,2022-08-04,2022,08,1.487850813,IMD GRID MODEL
Andhra Pradesh,Vishakhapatnam,2022-08-06,2022,08,19.54788911,IMD GRID MODEL
Andhra Pradesh,Vishakhapatnam,2022-08-12,2022,08,0.308386595,IMD GRID MODEL
Andhra Pradesh,Vishakhapatnam,2022-08-13,2022,08,0.215877655,IMD GRID MODEL
Andhra Pradesh,Vishakhapatnam,2022-08-20,2022,08,16.11505227,IMD GRID MODEL
Andhra Pradesh,Vishakhapatnam,2022-08-23,2022,08,0.008981875,IMD GRID MODEL
Andhra Pradesh,Vishakhapatnam,2022-08-25,2022,08,5.230613555,IMD GRID MODEL
Andhra Pradesh,Vishakhapatnam,2022-08-31,2022,08,0.011341832,IMD GRID MODEL
Andhra Pradesh,Vishakhapatnam,2022-09-02,2022,09,1.098663919,IMD GRID MODEL
Andhra Pradesh,Vishakhapatnam,2022-09-04,2022,09,9.529270731,IMD GRID MODEL
Andhra Pradesh,Vishakhapatnam,2022-09-07,2022,09,13.05473119,IMD GRID MODEL
Andhra Pradesh,Vishakhapatnam,2022-09-09,2022,09,26.95851551,IMD GRID MODEL
Andhra Pradesh,Vishakhapatnam,2022-09-11,2022,09,27.88712883,IMD GRID MODEL
Andhra Pradesh,Vishakhapatnam,2022-09-22,2022,09,0.314371275,IMD GRID MODEL
Andhra Pradesh,Vishakhapatnam,2022-09-24,2022,09,7.251717633,IMD GRID MODEL
Andhra Pradesh,Vishakhapatnam,2022-10-02,2022,10,12.08655837,IMD GRID MODEL
Andhra Pradesh,Vishakhapatnam,2022-10-04,2022,10,1.726762758,IMD GRID MODEL
Andhra Pradesh,Vishakhapatnam,2022-10-09,2022,10,13.06163613,IMD GRID MODEL
Andhra Pradesh,Vizianagaram,2022-01-02,2022,01,0.0,IMD GRID MODEL
Andhra Pradesh,Vizianagaram,2022-01-03,2022,01,0.0,IMD GRID MODEL
Andhra Pradesh,Vizianagaram,2022-01-04,2022,01,0.0,IMD GRID MODEL
Andhra Pradesh,Vizianagaram,2022-01-23,2022,01,0.0,IMD GRID MODEL
Andhra Pradesh,Vizianagaram,2022-01-24,2022,01,0.001303918,IMD GRID MODEL
Andhra Pradesh,Vizianagaram,2022-01-29,2022,01,0.0,IMD GRID MODEL
Andhra Pradesh,Vizianagaram,2022-02-04,2022,02,0.0,IMD GRID MODEL
Andhra Pradesh,Vizianagaram,2022-02-13,2022,02,0.0,IMD GRID MODEL
Andhra Pradesh,Vizianagaram,2022-02-14,2022,02,0.0,IMD GRID MODEL
Andhra Pradesh,Vizianagaram,2022-03-05,2022,03,0.0,IMD GRID MODEL
Andhra Pradesh,Vizianagaram,2022-03-09,2022,03,0.0,IMD GRID MODEL
Andhra Pradesh,Vizianagaram,2022-03-10,2022,03,0.0,IMD GRID MODEL
Andhra Pradesh,Vizianagaram,2022-04-09,2022,04,0.0,IMD GRID MODEL
Andhra Pradesh,Vizianagaram,2022-04-11,2022,04,0.0,IMD GRID MODEL
Andhra Pradesh,Vizianagaram,2022-04-12,2022,04,0.0,IMD GRID MODEL
Andhra Pradesh,Vizianagaram,2022-04-14,2022,04,0.290867768,IMD GRID MODEL
Andhra Pradesh,Vizianagaram,2022-04-17,2022,04,0.759818135,IMD GRID MODEL
Andhra Pradesh,Vizianagaram,2022-04-15,2022,04,0.0,IMD GRID MODEL
Andhra Pradesh,Vizianagaram,2022-04-22,2022,04,0.016758324,IMD GRID MODEL
Andhra Pradesh,Vizianagaram,2022-04-24,2022,04,0.0,IMD GRID MODEL
Andhra Pradesh,Vizianagaram,2022-05-02,2022,05,1.428304646,IMD GRID MODEL
Andhra Pradesh,Vizianagaram,2022-05-04,2022,05,0.081818109,IMD GRID MODEL
Andhra Pradesh,Vizianagaram,2022-05-10,2022,05,2.437850494,IMD GRID MODEL
Andhra Pradesh,Vizianagaram,2022-05-12,2022,05,21.41816955,IMD GRID MODEL
Andhra Pradesh,Vizianagaram,2022-05-13,2022,05,2.051601901,IMD GRID MODEL
Andhra Pradesh,Vizianagaram,2022-05-24,2022,05,9.75092015,IMD GRID MODEL
Andhra Pradesh,Vizianagaram,2022-06-06,2022,06,11.32168118,IMD GRID MODEL
Andhra Pradesh,Vizianagaram,2022-06-14,2022,06,0.0,IMD GRID MODEL
Andhra Pradesh,Vizianagaram,2022-06-20,2022,06,0.306057857,IMD GRID MODEL
Andhra Pradesh,Vizianagaram,2022-06-21,2022,06,28.1817761,IMD GRID MODEL
Andhra Pradesh,Vizianagaram,2022-06-24,2022,06,9.504380174,IMD GRID MODEL
Andhra Pradesh,Vizianagaram,2022-06-26,2022,06,1.1339648,IMD GRID MODEL
Andhra Pradesh,Vizianagaram,2022-06-30,2022,06,1.886876821,IMD GRID MODEL
Andhra Pradesh,Vizianagaram,2022-07-16,2022,07,1.781522048,IMD GRID MODEL
Andhra Pradesh,Vizianagaram,2022-07-18,2022,07,4.898110498,IMD GRID MODEL
Andhra Pradesh,Vizianagaram,2022-07-19,2022,07,2.079010806,IMD GRID MODEL
Andhra Pradesh,Vizianagaram,2022-07-21,2022,07,16.66228099,IMD GRID MODEL
Andhra Pradesh,Vizianagaram,2022-07-23,2022,07,6.064997203,IMD GRID MODEL
Andhra Pradesh,Vizianagaram,2022-07-30,2022,07,5.890298583,IMD GRID MODEL
Andhra Pradesh,Vizianagaram,2022-08-12,2022,08,0.641027575,IMD GRID MODEL
Andhra Pradesh,Vizianagaram,2022-08-19,2022,08,9.536545793,IMD GRID MODEL
Andhra Pradesh,Vizianagaram,2022-08-24,2022,08,10.4421856,IMD GRID MODEL
Andhra Pradesh,Vizianagaram,2022-08-26,2022,08,1.019677388,IMD GRID MODEL
Andhra Pradesh,Vizianagaram,2022-08-31,2022,08,0.0,IMD GRID MODEL
Andhra Pradesh,Vizianagaram,2022-09-15,2022,09,1.28303787,IMD GRID MODEL
Andhra Pradesh,Vizianagaram,2022-09-21,2022,09,0.511206755,IMD GRID MODEL
Andhra Pradesh,Vizianagaram,2022-09-22,2022,09,0.663149333,IMD GRID MODEL
Andhra Pradesh,Vizianagaram,2022-09-24,2022,09,9.3191929,IMD GRID MODEL
Andhra Pradesh,Vizianagaram,2022-09-26,2022,09,5.001761418,IMD GRID MODEL
Andhra Pradesh,Vizianagaram,2022-10-05,2022,10,23.84746106,IMD GRID MODEL
Andhra Pradesh,Vizianagaram,2022-10-13,2022,10,3.61210405,IMD GRID MODEL
Andhra Pradesh,Vizianagaram,2022-10-16,2022,10,16.748622049,IMD GRID MODEL
Andhra Pradesh,Vizianagaram,2022-10-21,2022,10,0.0316611022,IMD GRID MODEL
Andhra Pradesh,Vizianagaram,2022-11-03,2022,11,0.804466874,IMD GRID MODEL
Andhra Pradesh,Vizianagaram,2022-11-11,2022,11,0.0,IMD GRID MODEL
Andhra Pradesh,Vizianagaram,2022-11-17,2022,11,0.0,IMD GRID MODEL
Andhra Pradesh,Vizianagaram,2022-11-19,2022,11,0.0,IMD GRID MODEL
Andhra Pradesh,Vizianagaram,2022-11-22,2022,11,0.0031233547,IMD GRID MODEL
Andhra Pradesh,Vizianagaram,2022-11-28,2022,11,0.0,IMD GRID MODEL
Andhra Pradesh,Vizianagaram,2022-12-03,2022,12,0.0,IMD GRID MODEL
Andhra Pradesh,Vizianagaram,2022-12-05,2022,12,0.0,IMD GRID MODEL
Andhra Pradesh,Vizianagaram,2022-12-16,2022,12,0.0,IMD GRID MODEL
Andhra Pradesh,Vizianagaram,2022-12-21,2022,12,0.0,IMD GRID MODEL
Andhra Pradesh,West Godavari,2022-01-01,2022,01,0.0,IMD GRID MODEL
Andhra Pradesh,West Godavari,2022-01-02,2022,01,0.0,IMD GRID MODEL
Andhra Pradesh,West Godavari,2022-01-11,2022,01,0.0,IMD GRID MODEL
Andhra Pradesh,West Godavari,2022-01-13,2022,01,5.569434535,IMD GRID MODEL
Andhra Pradesh,West Godavari,2022-01-15,2022,01,1.429646053,IMD GRID MODEL
Andhra Pradesh,West Godavari,2022-01-19,2022,01,0.0,IMD GRID MODEL
Andhra Pradesh,West Godavari,2022-01-28,2022,01,0.0,IMD GRID MODEL
Andhra Pradesh,West Godavari,2022-02-02,2022,02,0.0,IMD GRID MODEL
Andhra Pradesh,West Godavari,2022-02-05,2022,02,0.0,IMD GRID MODEL
Andhra Pradesh,West Godavari,2022-02-16,2022,02,0.0,IMD GRID MODEL
Andhra Pradesh,West Godavari,2022-02-21,2022,02,0.0,IMD GRID MODEL
Andhra Pradesh,West Godavari,2022-03-06,2022,03,0.0,IMD GRID MODEL
Andhra Pradesh,West Godavari,2022-03-10,2022,03,0.0,IMD GRID MODEL
Andhra Pradesh,West Godavari,2022-03-22,2022,03,2.847716089,IMD GRID MODEL
Andhra Pradesh,West Godavari,2022-03-24,2022,03,1.519166076,IMD GRID MODEL
Andhra Pradesh,West Godavari,2022-03-31,2022,03,0.0,IMD GRID MODEL
Andhra Pradesh,West Godavari,2022-04-05,2022,04,0.0,IMD GRID MODEL
Andhra Pradesh,West Godavari,2022-04-08,2022,04,0.0,IMD GRID MODEL
Andhra Pradesh,West Godavari,2022-04-12,2022,04,0.0,IMD GRID MODEL
Andhra Pradesh,West Godavari,2022-04-14,2022,04,0.0,IMD GRID MODEL
Andhra Pradesh,West Godavari,2022-04-18,2022,04,0.101605785,IMD GRID MODEL
Andhra Pradesh,West Godavari,2022-04-19,2022,04,0.467596364,IMD GRID MODEL
Andhra Pradesh,West Godavari,2022-05-02,2022,05,2.344494345,IMD GRID MODEL
Andhra Pradesh,West Godavari,2022-05-07,2022,05,1.573471612,IMD GRID MODEL
Andhra Pradesh,West Godavari,2022-05-17,2022,05,0.0,IMD GRID MODEL
Andhra Pradesh,West Godavari,2022-05-21,2022,05,0.0,IMD GRID MODEL
Andhra Pradesh,West Godavari,2022-05-27,2022,05,1.413998327,IMD GRID MODEL
Andhra Pradesh,West Godavari,2022-05-30,2022,05,0.735043412,IMD GRID MODEL
Andhra Pradesh,West Godavari,2022-06-15,2022,06,0.019996425,IMD GRID MODEL
Andhra Pradesh,West Godavari,2022-06-22,2022,06,35.88043573,IMD GRID MODEL
Andhra Pradesh,West Godavari,2022-06-28,2022,06,22.85565415,IMD GRID MODEL
Andhra Pradesh,West Godavari,2022-07-06,2022,07,29.76771296,IMD GRID MODEL
Andhra Pradesh,West Godavari,2022-07-10,2022,07,29.83851273,IMD GRID MODEL
Andhra Pradesh,West Godavari,2022-07-20,2022,07,2.153352644,IMD GRID MODEL
Andhra Pradesh,West Godavari,2022-07-22,2022,07,1.128793264,IMD GRID MODEL
Andhra Pradesh,West Godavari,2022-07-26,2022,07,5.021339463,IMD GRID MODEL
Andhra Pradesh,West Godavari,2022-08-03,2022,08,18.49178621,IMD GRID MODEL
Andhra Pradesh,West Godavari,2022-08-07,2022,08,31.96303427,IMD GRID MODEL
Andhra Pradesh,West Godavari,2022-08-09,2022,08,12.81156674,IMD GRID MODEL
Andhra Pradesh,West Godavari,2022-08-14,2022,08,16.09774143,IMD GRID MODEL
Andhra Pradesh,West Godavari,2022-08-18,2022,08,2.015021816,IMD GRID MODEL
Andhra Pradesh,West Godavari,2022-08-19,2022,08,0.058268275,IMD GRID MODEL
Andhra Pradesh,West Godavari,2022-08-22,2022,08,0.07583914,IMD GRID MODEL
Andhra Pradesh,West Godavari,2022-08-24,2022,08,0.862450479,IMD GRID MODEL
Andhra Pradesh,West Godavari,2022-08-27,2022,08,0.530920603,IMD GRID MODEL
Andhra Pradesh,West Godavari,2022-08-28,2022,08,0.221848406,IMD GRID MODEL
Andhra Pradesh,West Godavari,2022-08-30,2022,08,7.312004811,IMD GRID MODEL
Andhra Pradesh,West Godavari,2022-09-06,2022,09,4.117493056,IMD GRID MODEL
Andhra Pradesh,West Godavari,2022-09-07,2022,09,5.770605824,IMD GRID MODEL
Andhra Pradesh,West Godavari,2022-09-15,2022,09,1.913725395,IMD GRID MODEL
Andhra Pradesh,West Godavari,2022-09-26,2022,09,0.106152163,IMD GRID MODEL
Andhra Pradesh,West Godavari,2022-10-11,2022,10,9.57528937,IMD GRID MODEL
Andhra Pradesh,West Godavari,2022-10-14,2022,10,6.3470585276,IMD GRID MODEL
Andhra Pradesh,West Godavari,2022-10-21,2022,10,1.8789932069,IMD GRID MODEL
Andhra Pradesh,West Godavari,2022-10-22,2022,10,0.0072065884,IMD GRID MODEL
Andhra Pradesh,West Godavari,2022-10-29,2022,10,0.0,IMD GRID MODEL
Andhra Pradesh,West Godavari,2022-10-31,2022,10,0.0,IMD GRID MODEL
Andhra Pradesh,West Godavari,2022-11-02,2022,11,0.1278215606,IMD GRID MODEL
Andhra Pradesh,West Godavari,2022-11-03,2022,11,1.7994089351,IMD GRID MODEL
Andhra Pradesh,West Godavari,2022-11-06,2022,11,0.0,IMD GRID MODEL
Andhra Pradesh,West Godavari,2022-11-12,2022,11,0.0,IMD GRID MODEL
Andhra Pradesh,Krishna,2022-06-17,2022,06,7.144403305,IMD GRID MODEL
Andhra Pradesh,Krishna,2022-06-22,2022,06,5.320932534,IMD GRID MODEL
Andhra Pradesh,Krishna,2022-06-27,2022,06,13.50070077,IMD GRID MODEL
Andhra Pradesh,Krishna,2022-06-29,2022,06,5.370367182,IMD GRID MODEL
Andhra Pradesh,Krishna,2022-07-01,2022,07,5.900000511,IMD GRID MODEL
Andhra Pradesh,Krishna,2022-07-03,2022,07,18.92384239,IMD GRID MODEL
Andhra Pradesh,Krishna,2022-07-10,2022,07,25.52408904,IMD GRID MODEL
Andhra Pradesh,Krishna,2022-07-19,2022,07,1.442389468,IMD GRID MODEL
Andhra Pradesh,Krishna,2022-07-20,2022,07,2.202567746,IMD GRID MODEL
Andhra Pradesh,Krishna,2022-08-05,2022,08,9.892338521,IMD GRID MODEL
Andhra Pradesh,Krishna,2022-08-11,2022,08,0.0,IMD GRID MODEL
Andhra Pradesh,Krishna,2022-08-24,2022,08,0.799110001,IMD GRID MODEL
Andhra Pradesh,Krishna,2022-08-27,2022,08,0.005995462,IMD GRID MODEL
Andhra Pradesh,Krishna,2022-08-28,2022,08,0.448067162,IMD GRID MODEL
Andhra Pradesh,Krishna,2022-08-30,2022,08,2.846674814,IMD GRID MODEL
Andhra Pradesh,Krishna,2022-09-11,2022,09,48.99084233,IMD GRID MODEL
Andhra Pradesh,Krishna,2022-09-13,2022,09,3.558080356,IMD GRID MODEL
Andhra Pradesh,Krishna,2022-09-16,2022,09,0.0420666,IMD GRID MODEL
Andhra Pradesh,Krishna,2022-09-17,2022,09,0.057839775,IMD GRID MODEL
Andhra Pradesh,Krishna,2022-09-20,2022,09,13.95928352,IMD GRID MODEL
Andhra Pradesh,Krishna,2022-09-22,2022,09,1.801897877,IMD GRID MODEL
Andhra Pradesh,Krishna,2022-09-23,2022,09,1.451024866,IMD GRID MODEL
Andhra Pradesh,Krishna,2022-10-06,2022,10,43.9876499,IMD GRID MODEL
Andhra Pradesh,Krishna,2022-10-08,2022,10,11.50130228,IMD GRID MODEL
Andhra Pradesh,Krishna,2022-10-27,2022,10,0.0,IMD GRID MODEL
Andhra Pradesh,Krishna,2022-11-08,2022,11,0.0,IMD GRID MODEL
Andhra Pradesh,Krishna,2022-11-09,2022,11,0.0,IMD GRID MODEL
Andhra Pradesh,Krishna,2022-11-11,2022,11,0.0,IMD GRID MODEL
Andhra Pradesh,Krishna,2022-11-21,2022,11,0.7351705476,IMD GRID MODEL
Andhra Pradesh,Krishna,2022-11-23,2022,11,4.1160486146,IMD GRID MODEL
Andhra Pradesh,Krishna,2022-11-25,2022,11,0.1790460782,IMD GRID MODEL
Andhra Pradesh,Krishna,2022-11-26,2022,11,0.9373983299,IMD GRID MODEL
Andhra Pradesh,Krishna,2022-11-27,2022,11,0.0,IMD GRID MODEL
Andhra Pradesh,Krishna,2022-11-28,2022,11,0.0,IMD GRID MODEL
Andhra Pradesh,Krishna,2022-12-01,2022,12,0.0,IMD GRID MODEL
Andhra Pradesh,Krishna,2022-12-05,2022,12,0.0070234811,IMD GRID MODEL
Andhra Pradesh,Krishna,2022-12-15,2022,12,0.0006996962,IMD GRID MODEL
Andhra Pradesh,Krishna,2022-12-19,2022,12,0.0,IMD GRID MODEL
Andhra Pradesh,Kurnool,2022-01-05,2022,01,0.0,IMD GRID MODEL
Andhra Pradesh,Kurnool,2022-01-06,2022,01,0.0,IMD GRID MODEL
Andhra Pradesh,Kurnool,2022-01-10,2022,01,0.001745038,IMD GRID MODEL
Andhra Pradesh,Kurnool,2022-01-20,2022,01,0.0,IMD GRID MODEL
Andhra Pradesh,Kurnool,2022-01-28,2022,01,0.0,IMD GRID MODEL
Andhra Pradesh,Kurnool,2022-01-29,2022,01,0.0,IMD GRID MODEL
Andhra Pradesh,Kurnool,2022-02-05,2022,02,0.0,IMD GRID MODEL
Andhra Pradesh,Kurnool,2022-02-06,2022,02,0.0,IMD GRID MODEL
Andhra Pradesh,Kurnool,2022-02-16,2022,02,0.0,IMD GRID MODEL
Andhra Pradesh,Kurnool,2022-02-18,2022,02,0.0,IMD GRID MODEL
Andhra Pradesh,Kurnool,2022-02-27,2022,02,0.0,IMD GRID MODEL
Andhra Pradesh,Kurnool,2022-02-24,2022,02,0.0,IMD GRID MODEL
Andhra Pradesh,Kurnool,2022-03-13,2022,03,0.0,IMD GRID MODEL
Andhra Pradesh,Kurnool,2022-03-16,2022,03,0.0,IMD GRID MODEL
Andhra Pradesh,Kurnool,2022-03-17,2022,03,0.0,IMD GRID MODEL
Andhra Pradesh,Kurnool,2022-03-21,2022,03,0.439394979,IMD GRID MODEL
Andhra Pradesh,Kurnool,2022-03-22,2022,03,0.002878244,IMD GRID MODEL
Andhra Pradesh,Kurnool,2022-03-24,2022,03,0.061381048,IMD GRID MODEL
Andhra Pradesh,Kurnool,2022-03-29,2022,03,0.0,IMD GRID MODEL
Andhra Pradesh,Kurnool,2022-04-04,2022,04,0.059729192,IMD GRID MODEL
Andhra Pradesh,Kurnool,2022-04-05,2022,04,0.0,IMD GRID MODEL
Andhra Pradesh,Kurnool,2022-04-09,2022,04,0.0,IMD GRID MODEL
Andhra Pradesh,Kurnool,2022-04-12,2022,04,0.0,IMD GRID MODEL
Andhra Pradesh,Kurnool,2022-04-16,2022,04,1.646724253,IMD GRID MODEL
Andhra Pradesh,Kurnool,2022-04-15,2022,04,0.0,IMD GRID MODEL
Andhra Pradesh,Kurnool,2022-04-21,2022,04,0.0,IMD GRID MODEL
Andhra Pradesh,Kurnool,2022-04-25,2022,04,0.0,IMD GRID MODEL
Andhra Pradesh,Kurnool,2022-05-04,2022,05,0.704300208,IMD GRID MODEL
Andhra Pradesh,Kurnool,2022-05-10,2022,05,0.893920643,IMD GRID MODEL
Andhra Pradesh,Kurnool,2022-05-15,2022,05,0.075841799,IMD GRID MODEL
Andhra Pradesh,Kurnool,2022-05-16,2022,05,0.179928354,IMD GRID MODEL
Andhra Pradesh,Kurnool,2022-05-21,2022,05,0.015024801,IMD GRID MODEL
Andhra Pradesh,Kurnool,2022-05-28,2022,05,0.0,IMD GRID MODEL
Andhra Pradesh,Kurnool,2022-06-04,2022,06,0.0,IMD GRID MODEL
Andhra Pradesh,Kurnool,2022-06-16,2022,06,0.371036216,IMD GRID MODEL
Andhra Pradesh,Kurnool,2022-06-19,2022,06,5.925282243,IMD GRID MODEL
Andhra Pradesh,Kurnool,2022-06-20,2022,06,4.286641553,IMD GRID MODEL
Andhra Pradesh,Kurnool,2022-06-23,2022,06,0.111944165,IMD GRID MODEL
Andhra Pradesh,Kurnool,2022-06-26,2022,06,0.459398667,IMD GRID MODEL
Andhra Pradesh,Kurnool,2022-06-29,2022,06,1.683398162,IMD GRID MODEL
Andhra Pradesh,Kurnool,2022-07-06,2022,07,18.49953821,IMD GRID MODEL
Andhra Pradesh,Kurnool,2022-07-10,2022,07,12.44128019,IMD GRID MODEL
Andhra Pradesh,Kurnool,2022-07-12,2022,07,1.380491718,IMD GRID MODEL
Andhra Pradesh,Kurnool,2022-07-15,2022,07,0.288861789,IMD GRID MODEL
Andhra Pradesh,Kurnool,2022-07-19,2022,07,2.286267411,IMD GRID MODEL
Andhra Pradesh,Kurnool,2022-07-23,2022,07,3.829702647,IMD GRID MODEL
Andhra Pradesh,Kurnool,2022-07-29,2022,07,1.804207781,IMD GRID MODEL
Andhra Pradesh,Kurnool,2022-08-03,2022,08,10.94874184,IMD GRID MODEL
Andhra Pradesh,Kurnool,2022-08-04,2022,08,10.06290754,IMD GRID MODEL
Andhra Pradesh,Kurnool,2022-08-06,2022,08,1.957367655,IMD GRID MODEL
Andhra Pradesh,Kurnool,2022-08-19,2022,08,0.000248051,IMD GRID MODEL
Andhra Pradesh,Kurnool,2022-08-21,2022,08,0.525805147,IMD GRID MODEL
Andhra Pradesh,Kurnool,2022-08-26,2022,08,7.501289681,IMD GRID MODEL
Andhra Pradesh,Kurnool,2022-08-27,2022,08,7.728383045,IMD GRID MODEL
Andhra Pradesh,Kurnool,2022-09-01,2022,09,0.811908639,IMD GRID MODEL
Andhra Pradesh,Kurnool,2022-09-03,2022,09,0.493105411,IMD GRID MODEL
Andhra Pradesh,Kurnool,2022-09-08,2022,09,11.37775408,IMD GRID MODEL
Andhra Pradesh,Kurnool,2022-09-17,2022,09,0.003013659,IMD GRID MODEL
Andhra Pradesh,Kurnool,2022-10-02,2022,10,5.17640006,IMD GRID MODEL
Andhra Pradesh,Kurnool,2022-10-04,2022,10,0.476762944,IMD GRID MODEL
Andhra Pradesh,Kurnool,2022-10-08,2022,10,2.218999563,IMD GRID MODEL
Andhra Pradesh,Kurnool,2022-10-10,2022,10,8.059457866,IMD GRID MODEL
Andhra Pradesh,Kurnool,2022-10-22,2022,10,0.7289455041,IMD GRID MODEL
Andhra Pradesh,Kurnool,2022-10-23,2022,10,0.0,IMD GRID MODEL
Andhra Pradesh,Kurnool,2022-10-29,2022,10,0.0399855859,IMD GRID MODEL
Andhra Pradesh,Kurnool,2022-11-21,2022,11,0.0177802244,IMD GRID MODEL
Andhra Pradesh,Kurnool,2022-11-24,2022,11,1.2684592349,IMD GRID MODEL
Andhra Pradesh,Kurnool,2022-11-29,2022,11,0.0,IMD GRID MODEL
Andhra Pradesh,Kurnool,2022-12-05,2022,12,0.0,IMD GRID MODEL
Andhra Pradesh,Kurnool,2022-12-06,2022,12,0.0,IMD GRID MODEL
Andhra Pradesh,Kurnool,2022-12-07,2022,12,0.0,IMD GRID MODEL
Andhra Pradesh,Kurnool,2022-12-14,2022,12,0.5858619925,IMD GRID MODEL
Andhra Pradesh,Kurnool,2022-12-29,2022,12,0.0,IMD GRID MODEL
Andhra Pradesh,Kurnool,2022-12-31,2022,12,0.0,IMD GRID MODEL
Andhra Pradesh,Potti Sriramulu Nellore,2022-07-31,2022,07,0.090653291,IMD GRID MODEL
Andhra Pradesh,Potti Sriramulu Nellore,2022-08-03,2022,08,3.361073501,IMD GRID MODEL
Andhra Pradesh,Potti Sriramulu Nellore,2022-08-08,2022,08,7.379436648,IMD GRID MODEL
Andhra Pradesh,Potti Sriramulu Nellore,2022-08-13,2022,08,0.366717992,IMD GRID MODEL
Andhra Pradesh,Potti Sriramulu Nellore,2022-08-14,2022,08,0.0,IMD GRID MODEL
Andhra Pradesh,Potti Sriramulu Nellore,2022-08-17,2022,08,1.291013592,IMD GRID MODEL
Andhra Pradesh,Potti Sriramulu Nellore,2022-08-23,2022,08,2.681183272,IMD GRID MODEL
Andhra Pradesh,Potti Sriramulu Nellore,2022-09-02,2022,09,6.680900386,IMD GRID MODEL
Andhra Pradesh,Potti Sriramulu Nellore,2022-09-04,2022,09,0.0,IMD GRID MODEL
Andhra Pradesh,Potti Sriramulu Nellore,2022-09-06,2022,09,0.369693595,IMD GRID MODEL
Andhra Pradesh,Potti Sriramulu Nellore,2022-09-07,2022,09,10.14123286,IMD GRID MODEL
Andhra Pradesh,Potti Sriramulu Nellore,2022-09-12,2022,09,2.815427571,IMD GRID MODEL
Andhra Pradesh,Potti Sriramulu Nellore,2022-09-14,2022,09,0.0,IMD GRID MODEL
Andhra Pradesh,Potti Sriramulu Nellore,2022-09-24,2022,09,0.0,IMD GRID MODEL
Andhra Pradesh,Potti Sriramulu Nellore,2022-10-01,2022,10,7.538861367,IMD GRID MODEL
Andhra Pradesh,Potti Sriramulu Nellore,2022-10-06,2022,10,9.994122041,IMD GRID MODEL
Andhra Pradesh,Prakasam,2022-01-12,2022,01,0.016827684,IMD GRID MODEL
Andhra Pradesh,Prakasam,2022-01-13,2022,01,7.330487802,IMD GRID MODEL
Andhra Pradesh,Prakasam,2022-01-14,2022,01,9.358124165,IMD GRID MODEL
Andhra Pradesh,Prakasam,2022-01-15,2022,01,1.07088997,IMD GRID MODEL
Andhra Pradesh,Prakasam,2022-01-22,2022,01,0.0,IMD GRID MODEL
Andhra Pradesh,Prakasam,2022-01-25,2022,01,0.0,IMD GRID MODEL
Andhra Pradesh,Prakasam,2022-01-27,2022,01,0.232919195,IMD GRID MODEL
Andhra Pradesh,Prakasam,2022-01-28,2022,01,0.0,IMD GRID MODEL
Andhra Pradesh,Prakasam,2022-01-29,2022,01,0.0,IMD GRID MODEL
Andhra Pradesh,Prakasam,2022-02-04,2022,02,0.0,IMD GRID MODEL
Andhra Pradesh,Prakasam,2022-02-17,2022,02,0.0,IMD GRID MODEL
Andhra Pradesh,Prakasam,2022-02-19,2022,02,0.0,IMD GRID MODEL
Andhra Pradesh,Prakasam,2022-02-23,2022,02,0.0,IMD GRID MODEL
Andhra Pradesh,Prakasam,2022-03-04,2022,03,0.0,IMD GRID MODEL
Andhra Pradesh,Prakasam,2022-03-08,2022,03,0.0,IMD GRID MODEL
Andhra Pradesh,Prakasam,2022-03-19,2022,03,0.0,IMD GRID MODEL
Andhra Pradesh,Prakasam,2022-03-26,2022,03,0.0,IMD GRID MODEL
Andhra Pradesh,Prakasam,2022-03-27,2022,03,0.0,IMD GRID MODEL
Andhra Pradesh,Prakasam,2022-03-28,2022,03,0.0,IMD GRID MODEL
Andhra Pradesh,Prakasam,2022-04-11,2022,04,0.0,IMD GRID MODEL
Andhra Pradesh,Prakasam,2022-04-18,2022,04,0.0,IMD GRID MODEL
Andhra Pradesh,Prakasam,2022-04-20,2022,04,0.0,IMD GRID MODEL
Andhra Pradesh,Prakasam,2022-04-21,2022,04,0.0,IMD GRID MODEL
Andhra Pradesh,Prakasam,2022-04-25,2022,04,0.0,IMD GRID MODEL
Andhra Pradesh,Prakasam,2022-04-29,2022,04,0.0,IMD GRID MODEL
Andhra Pradesh,Prakasam,2022-05-03,2022,05,0.0,IMD GRID MODEL
Andhra Pradesh,Prakasam,2022-05-08,2022,05,0.0,IMD GRID MODEL
Andhra Pradesh,Prakasam,2022-05-09,2022,05,0.090961684,IMD GRID MODEL
Andhra Pradesh,Prakasam,2022-05-15,2022,05,0.0,IMD GRID MODEL
Andhra Pradesh,Prakasam,2022-05-19,2022,05,1.007262487,IMD GRID MODEL
Andhra Pradesh,Prakasam,2022-05-23,2022,05,0.0,IMD GRID MODEL
Andhra Pradesh,Prakasam,2022-05-25,2022,05,0.094483482,IMD GRID MODEL
Andhra Pradesh,Prakasam,2022-05-27,2022,05,0.436091226,IMD GRID MODEL
Andhra Pradesh,Prakasam,2022-05-28,2022,05,0.0,IMD GRID MODEL
Andhra Pradesh,Prakasam,2022-06-01,2022,06,0.0,IMD GRID MODEL
Andhra Pradesh,Prakasam,2022-06-08,2022,06,0.0,IMD GRID MODEL
Andhra Pradesh,Prakasam,2022-06-11,2022,06,0.255742533,IMD GRID MODEL
Andhra Pradesh,Prakasam,2022-06-12,2022,06,0.0,IMD GRID MODEL
Andhra Pradesh,Prakasam,2022-06-13,2022,06,0.025585078,IMD GRID MODEL
Andhra Pradesh,Prakasam,2022-06-25,2022,06,0.44617768,IMD GRID MODEL
Andhra Pradesh,Prakasam,2022-06-26,2022,06,0.056570966,IMD GRID MODEL
Andhra Pradesh,Prakasam,2022-07-04,2022,07,2.088006242,IMD GRID MODEL
Andhra Pradesh,Prakasam,2022-07-15,2022,07,1.044473485,IMD GRID MODEL
Andhra Pradesh,Prakasam,2022-07-20,2022,07,0.358100906,IMD GRID MODEL
Andhra Pradesh,Prakasam,2022-07-28,2022,07,0.178842771,IMD GRID MODEL
Andhra Pradesh,Prakasam,2022-07-29,2022,07,0.0,IMD GRID MODEL
Andhra Pradesh,Prakasam,2022-07-30,2022,07,0.468526849,IMD GRID MODEL
Andhra Pradesh,Prakasam,2022-08-08,2022,08,12.25581891,IMD GRID MODEL
Andhra Pradesh,Prakasam,2022-08-10,2022,08,0.535929723,IMD GRID MODEL
Andhra Pradesh,Prakasam,2022-08-15,2022,08,0.189066145,IMD GRID MODEL
Andhra Pradesh,Prakasam,2022-08-22,2022,08,0.0,IMD GRID MODEL
Andhra Pradesh,Prakasam,2022-08-27,2022,08,7.168951794,IMD GRID MODEL
Andhra Pradesh,Y.S.R.,2022-12-01,2022,12,0.0018296874,IMD GRID MODEL
Andhra Pradesh,Y.S.R.,2022-12-03,2022,12,0.0018296874,IMD GRID MODEL
Andhra Pradesh,Y.S.R.,2022-12-10,2022,12,48.1643477232,IMD GRID MODEL
Andhra Pradesh,Y.S.R.,2022-12-11,2022,12,37.0881452194,IMD GRID MODEL
Andhra Pradesh,Y.S.R.,2022-12-12,2022,12,11.0443575657,IMD GRID MODEL
Andhra Pradesh,Y.S.R.,2022-12-17,2022,12,0.0,IMD GRID MODEL
Andhra Pradesh,Y.S.R.,2022-12-18,2022,12,0.0018296874,IMD GRID MODEL
Andhra Pradesh,Y.S.R.,2022-12-20,2022,12,0.0,IMD GRID MODEL
Andhra Pradesh,Y.S.R.,2022-12-22,2022,12,0.0,IMD GRID MODEL
Andhra Pradesh,Anantapur,2022-01-23,2022,01,0.0,IMD GRID MODEL
Andhra Pradesh,Anantapur,2022-02-07,2022,02,0.0,IMD GRID MODEL
Andhra Pradesh,Anantapur,2022-02-27,2022,02,0.0,IMD GRID MODEL
Andhra Pradesh,Anantapur,2022-03-05,2022,03,0.0,IMD GRID MODEL
Andhra Pradesh,Anantapur,2022-04-03,2022,04,0.003257955,IMD GRID MODEL
Andhra Pradesh,Anantapur,2022-03-08,2022,03,0.0,IMD GRID MODEL
Andhra Pradesh,Anantapur,2022-03-13,2022,03,0.0,IMD GRID MODEL
Andhra Pradesh,Anantapur,2022-03-17,2022,03,0.0,IMD GRID MODEL
Andhra Pradesh,Anantapur,2022-03-23,2022,03,0.405980095,IMD GRID MODEL
Andhra Pradesh,Anantapur,2022-03-25,2022,03,0.02354878,IMD GRID MODEL
Andhra Pradesh,Anantapur,2022-03-29,2022,03,0.0,IMD GRID MODEL
Andhra Pradesh,Anantapur,2022-05-21,2022,05,0.069788201,IMD GRID MODEL
Andhra Pradesh,Anantapur,2022-05-23,2022,05,0.0,IMD GRID MODEL
Andhra Pradesh,Anantapur,2022-05-25,2022,05,0.0,IMD GRID MODEL
Andhra Pradesh,Anantapur,2022-03-30,2022,03,0.0,IMD GRID MODEL
Andhra Pradesh,Anantapur,2022-03-31,2022,03,0.0,IMD GRID MODEL
Andhra Pradesh,Anantapur,2022-06-18,2022,06,10.27478454,IMD GRID MODEL
Andhra Pradesh,Anantapur,2022-06-22,2022,06,0.343788396,IMD GRID MODEL
Andhra Pradesh,Anantapur,2022-07-08,2022,07,2.318802327,IMD GRID MODEL
Andhra Pradesh,Anantapur,2022-04-13,2022,04,0.0,IMD GRID MODEL
Andhra Pradesh,Anantapur,2022-04-20,2022,04,4.588527724,IMD GRID MODEL
Andhra Pradesh,Anantapur,2022-04-24,2022,04,0.0,IMD GRID MODEL
Andhra Pradesh,Anantapur,2022-04-28,2022,04,0.027905243,IMD GRID MODEL
Andhra Pradesh,Anantapur,2022-05-01,2022,05,1.968767211,IMD GRID MODEL
Andhra Pradesh,Anantapur,2022-07-11,2022,07,0.051284668,IMD GRID MODEL
Andhra Pradesh,Anantapur,2022-07-20,2022,07,0.020270087,IMD GRID MODEL
Andhra Pradesh,Anantapur,2022-07-22,2022,07,0.107430462,IMD GRID MODEL
Andhra Pradesh,Anantapur,2022-07-27,2022,07,3.32143675,IMD GRID MODEL
Andhra Pradesh,Anantapur,2022-07-29,2022,07,1.760669234,IMD GRID MODEL
Andhra Pradesh,Anantapur,2022-01-01,2022,01,0.379965295,IMD GRID MODEL
Andhra Pradesh,Anantapur,2022-01-07,2022,01,0.0,IMD GRID MODEL
Andhra Pradesh,Anantapur,2022-01-13,2022,01,0.3870735,IMD GRID MODEL
Andhra Pradesh,Anantapur,2022-01-17,2022,01,0.0,IMD GRID MODEL
Andhra Pradesh,Anantapur,2022-01-19,2022,01,0.0,IMD GRID MODEL
Andhra Pradesh,Anantapur,2022-02-15,2022,02,0.0,IMD GRID MODEL
Andhra Pradesh,Anantapur,2022-02-23,2022,02,0.0,IMD GRID MODEL
Andhra Pradesh,Anantapur,2022-02-25,2022,02,0.0,IMD GRID MODEL
Andhra Pradesh,Anantapur,2022-02-28,2022,02,0.0,IMD GRID MODEL
Andhra Pradesh,Anantapur,2022-10-21,2022,10,0.2018529533,IMD GRID MODEL
Andhra Pradesh,Anantapur,2022-10-25,2022,10,0.0,IMD GRID MODEL
Andhra Pradesh,Anantapur,2022-11-04,2022,11,4.7946201552,IMD GRID MODEL
Andhra Pradesh,Anantapur,2022-11-06,2022,11,0.0036242097,IMD GRID MODEL
Andhra Pradesh,Anantapur,2022-11-12,2022,11,1.8726215034,IMD GRID MODEL
Andhra Pradesh,Anantapur,2022-11-13,2022,11,2.265784383,IMD GRID MODEL
Andhra Pradesh,Anantapur,2022-11-14,2022,11,1.6548238275,IMD GRID MODEL
Andhra Pradesh,Anantapur,2022-11-15,2022,11,1.840910432,IMD GRID MODEL
Andhra Pradesh,Anantapur,2022-11-16,2022,11,0.0,IMD GRID MODEL
Andhra Pradesh,Anantapur,2022-11-18,2022,11,0.0,IMD GRID MODEL
Andhra Pradesh,Anantapur,2022-11-20,2022,11,0.0,IMD GRID MODEL
Andhra Pradesh,Anantapur,2022-11-25,2022,11,0.5619516198,IMD GRID MODEL
Andhra Pradesh,Anantapur,2022-11-28,2022,11,0.0,IMD GRID MODEL
Andhra Pradesh,Anantapur,2022-12-02,2022,12,0.0,IMD GRID MODEL
Andhra Pradesh,Anantapur,2022-12-23,2022,12,0.0,IMD GRID MODEL
Andhra Pradesh,Anantapur,2022-12-25,2022,12,0.0,IMD GRID MODEL
Andhra Pradesh,Anantapur,2022-12-29,2022,12,0.0,IMD GRID MODEL
Andhra Pradesh,Ananthapur,2022-08-09,2022,08,0.126576418,IMD GRID MODEL
Andhra Pradesh,Ananthapur,2022-08-12,2022,08,0.048571892,IMD GRID MODEL
Andhra Pradesh,Ananthapur,2022-08-16,2022,08,0.00017553,IMD GRID MODEL
Andhra Pradesh,Ananthapur,2022-08-19,2022,08,0.0,IMD GRID MODEL
Andhra Pradesh,Ananthapur,2022-08-24,2022,08,0.025268445,IMD GRID MODEL
Andhra Pradesh,Ananthapur,2022-08-30,2022,08,15.21298638,IMD GRID MODEL
Andhra Pradesh,Ananthapur,2022-09-02,2022,09,1.406641739,IMD GRID MODEL
Andhra Pradesh,Ananthapur,2022-09-06,2022,09,16.7866771,IMD GRID MODEL
Andhra Pradesh,Ananthapur,2022-09-08,2022,09,7.705992938,IMD GRID MODEL
Andhra Pradesh,Ananthapur,2022-09-11,2022,09,0.939574462,IMD GRID MODEL
Andhra Pradesh,Ananthapur,2022-09-12,2022,09,0.000210601,IMD GRID MODEL
Andhra Pradesh,Ananthapur,2022-09-20,2022,09,0.023048324,IMD GRID MODEL
Andhra Pradesh,Ananthapur,2022-09-28,2022,09,0.175287002,IMD GRID MODEL
Andhra Pradesh,Ananthapur,2022-10-07,2022,10,15.07325527,IMD GRID MODEL
Andhra Pradesh,Ananthapur,2022-10-11,2022,10,7.052832907,IMD GRID MODEL
Andhra Pradesh,Chittoor,2022-01-02,2022,01,0.857263465,IMD GRID MODEL
Andhra Pradesh,Chittoor,2022-01-05,2022,01,0.0,IMD GRID MODEL
Andhra Pradesh,Chittoor,2022-01-06,2022,01,0.0,IMD GRID MODEL
Andhra Pradesh,Chittoor,2022-01-11,2022,01,0.0,IMD GRID MODEL
Andhra Pradesh,Chittoor,2022-01-13,2022,01,0.327152923,IMD GRID MODEL
Andhra Pradesh,Chittoor,2022-01-17,2022,01,2.003398345,IMD GRID MODEL
Andhra Pradesh,Chittoor,2022-01-25,2022,01,0.925098007,IMD GRID MODEL
Andhra Pradesh,Chittoor,2022-02-02,2022,02,0.0,IMD GRID MODEL
Andhra Pradesh,Chittoor,2022-02-04,2022,02,0.0,IMD GRID MODEL
Andhra Pradesh,Chittoor,2022-02-05,2022,02,0.0,IMD GRID MODEL
Andhra Pradesh,Chittoor,2022-02-13,2022,02,0.0,IMD GRID MODEL
Andhra Pradesh,Chittoor,2022-02-19,2022,02,0.0,IMD GRID MODEL
Andhra Pradesh,Chittoor,2022-02-20,2022,02,0.0,IMD GRID MODEL
Andhra Pradesh,Chittoor,2022-02-25,2022,02,0.0,IMD GRID MODEL
Andhra Pradesh,Chittoor,2022-03-04,2022,03,0.0,IMD GRID MODEL
Andhra Pradesh,Chittoor,2022-03-14,2022,03,0.0,IMD GRID MODEL
Andhra Pradesh,Chittoor,2022-04-05,2022,04,0.0,IMD GRID MODEL
Andhra Pradesh,Chittoor,2022-04-10,2022,04,0.0,IMD GRID MODEL
Andhra Pradesh,Chittoor,2022-04-12,2022,04,0.0,IMD GRID MODEL
Andhra Pradesh,Chittoor,2022-04-17,2022,04,2.916562143,IMD GRID MODEL
Andhra Pradesh,Chittoor,2022-04-18,2022,04,1.951716671,IMD GRID MODEL
Andhra Pradesh,Chittoor,2022-04-19,2022,04,0.179306615,IMD GRID MODEL
Andhra Pradesh,Chittoor,2022-04-21,2022,04,0.0,IMD GRID MODEL
Andhra Pradesh,Chittoor,2022-04-26,2022,04,0.0,IMD GRID MODEL
Andhra Pradesh,Chittoor,2022-05-14,2022,05,0.626314452,IMD GRID MODEL
Andhra Pradesh,Chittoor,2022-05-15,2022,05,3.864217013,IMD GRID MODEL
Andhra Pradesh,Chittoor,2022-05-30,2022,05,0.008500139,IMD GRID MODEL
Andhra Pradesh,Chittoor,2022-06-07,2022,06,3.522144638,IMD GRID MODEL
Andhra Pradesh,Chittoor,2022-06-10,2022,06,0.0,IMD GRID MODEL
Andhra Pradesh,Chittoor,2022-06-15,2022,06,13.99489199,IMD GRID MODEL
Andhra Pradesh,Chittoor,2022-06-26,2022,06,0.528146114,IMD GRID MODEL
Andhra Pradesh,Chittoor,2022-06-28,2022,06,0.053093512,IMD GRID MODEL
Andhra Pradesh,Chittoor,2022-07-04,2022,07,0.040271018,IMD GRID MODEL
Andhra Pradesh,Chittoor,2022-07-05,2022,07,0.126656805,IMD GRID MODEL
Andhra Pradesh,Chittoor,2022-07-20,2022,07,2.947172205,IMD GRID MODEL
Andhra Pradesh,Chittoor,2022-08-03,2022,08,8.714585136,IMD GRID MODEL
Andhra Pradesh,Chittoor,2022-08-05,2022,08,9.84460184,IMD GRID MODEL
Andhra Pradesh,Chittoor,2022-08-15,2022,08,0.003366839,IMD GRID MODEL
Andhra Pradesh,Chittoor,2022-08-16,2022,08,17.67753211,IMD GRID MODEL
Andhra Pradesh,Chittoor,2022-08-21,2022,08,0.0,IMD GRID MODEL
Andhra Pradesh,Chittoor,2022-08-27,2022,08,26.56714738,IMD GRID MODEL
Andhra Pradesh,Chittoor,2022-08-30,2022,08,5.651901325,IMD GRID MODEL
Andhra Pradesh,Chittoor,2022-09-04,2022,09,0.008501339,IMD GRID MODEL
Andhra Pradesh,Chittoor,2022-09-06,2022,09,8.99276541,IMD GRID MODEL
Andhra Pradesh,Chittoor,2022-09-12,2022,09,0.002195514,IMD GRID MODEL
Andhra Pradesh,Chittoor,2022-09-24,2022,09,0.0,IMD GRID MODEL
Andhra Pradesh,Chittoor,2022-10-01,2022,10,3.673921625,IMD GRID MODEL
Andhra Pradesh,Chittoor,2022-10-03,2022,10,0.0,IMD GRID MODEL
Andhra Pradesh,Chittoor,2022-10-08,2022,10,1.85626048,IMD GRID MODEL
Andhra Pradesh,Chittoor,2022-10-10,2022,10,19.20308107,IMD GRID MODEL
Andhra Pradesh,Chittoor,2022-10-11,2022,10,4.247480017,IMD GRID MODEL
Andhra Pradesh,Chittoor,2022-10-12,2022,10,1.824159056,IMD GRID MODEL
Andhra Pradesh,Chittoor,2022-10-25,2022,10,0.0,IMD GRID MODEL
Andhra Pradesh,Chittoor,2022-10-31,2022,10,0.1028437458,IMD GRID MODEL
Andhra Pradesh,Chittoor,2022-11-01,2022,11,13.8143510647,IMD GRID MODEL
Andhra Pradesh,Chittoor,2022-11-02,2022,11,32.09161047,IMD GRID MODEL
Andhra Pradesh,Chittoor,2022-11-05,2022,11,1.8706968277,IMD GRID MODEL
Andhra Pradesh,Chittoor,2022-11-07,2022,11,0.0076397561,IMD GRID MODEL
Andhra Pradesh,Chittoor,2022-11-09,2022,11,0.0014874065,IMD GRID MODEL
Andhra Pradesh,Chittoor,2022-11-11,2022,11,5.3798783695,IMD GRID MODEL
Andhra Pradesh,Chittoor,2022-11-19,2022,11,0.0,IMD GRID MODEL
Andhra Pradesh,Chittoor,2022-11-25,2022,11,0.5229831316,IMD GRID MODEL
Andhra Pradesh,Chittoor,2022-11-26,2022,11,0.4017629971,IMD GRID MODEL
Andhra Pradesh,Chittoor,2022-11-28,2022,11,0.957133835,IMD GRID MODEL
Andhra Pradesh,Chittoor,2022-12-01,2022,12,0.5665529488,IMD GRID MODEL
Andhra Pradesh,Chittoor,2022-12-03,2022,12,0.0859944161,IMD GRID MODEL
Andhra Pradesh,Chittoor,2022-12-05,2022,12,0.0,IMD GRID MODEL
Andhra Pradesh,Chittoor,2022-12-07,2022,12,0.0238981325,IMD GRID MODEL
Andhra Pradesh,Chittoor,2022-12-08,2022,12,0.0,IMD GRID MODEL
Andhra Pradesh,Chittoor,2022-12-09,2022,12,3.4774403739,IMD GRID MODEL
Andhra Pradesh,Chittoor,2022-12-11,2022,12,30.0794706083,IMD GRID MODEL
Andhra Pradesh,Chittoor,2022-12-13,2022,12,26.1593640843,IMD GRID MODEL
Andhra Pradesh,Chittoor,2022-12-15,2022,12,0.3748608601,IMD GRID MODEL
Andhra Pradesh,Chittoor,2022-12-17,2022,12,0.0,IMD GRID MODEL
Andhra Pradesh,Chittoor,2022-12-18,2022,12,0.0552736571,IMD GRID MODEL
Andhra Pradesh,Chittoor,2022-12-27,2022,12,1.682283934,IMD GRID MODEL
Andhra Pradesh,Chittoor,2022-12-29,2022,12,0.0,IMD GRID MODEL
Andhra Pradesh,Chittoor,2022-12-30,2022,12,0.0,IMD GRID MODEL
Andhra Pradesh,East Godavari,2022-01-01,2022,01,0.0,IMD GRID MODEL
Andhra Pradesh,East Godavari,2022-01-03,2022,01,0.0,IMD GRID MODEL
Andhra Pradesh,East Godavari,2022-01-14,2022,01,8.925114305,IMD GRID MODEL
Andhra Pradesh,East Godavari,2022-01-20,2022,01,0.0,IMD GRID MODEL
Andhra Pradesh,East Godavari,2022-01-25,2022,01,1.610265296,IMD GRID MODEL
Andhra Pradesh,East Godavari,2022-01-30,2022,01,0.0,IMD GRID MODEL
Andhra Pradesh,East Godavari,2022-02-01,2022,02,0.0,IMD GRID MODEL
Andhra Pradesh,East Godavari,2022-02-04,2022,02,0.0,IMD GRID MODEL
Andhra Pradesh,East Godavari,2022-02-08,2022,02,0.0,IMD GRID MODEL
Andhra Pradesh,East Godavari,2022-02-09,2022,02,0.0,IMD GRID MODEL
Andhra Pradesh,East Godavari,2022-02-15,2022,02,0.0,IMD GRID MODEL
Andhra Pradesh,East Godavari,2022-02-16,2022,02,0.0,IMD GRID MODEL
Andhra Pradesh,East Godavari,2022-02-19,2022,02,0.0,IMD GRID MODEL
Andhra Pradesh,East Godavari,2022-03-02,2022,03,0.0,IMD GRID MODEL
Andhra Pradesh,East Godavari,2022-03-04,2022,03,0.0,IMD GRID MODEL
Andhra Pradesh,East Godavari,2022-03-05,2022,03,0.0,IMD GRID MODEL
Andhra Pradesh,East Godavari,2022-03-07,2022,03,0.0,IMD GRID MODEL
Andhra Pradesh,East Godavari,2022-03-13,2022,03,0.0,IMD GRID MODEL
Andhra Pradesh,East Godavari,2022-03-15,2022,03,0.0,IMD GRID MODEL
Andhra Pradesh,East Godavari,2022-03-26,2022,03,0.0,IMD GRID MODEL
Andhra Pradesh,East Godavari,2022-04-10,2022,04,0.099266165,IMD GRID MODEL
Andhra Pradesh,East Godavari,2022-04-21,2022,04,0.329127594,IMD GRID MODEL
Andhra Pradesh,East Godavari,2022-05-05,2022,05,0.0,IMD GRID MODEL
Andhra Pradesh,East Godavari,2022-05-11,2022,05,23.57364732,IMD GRID MODEL
Andhra Pradesh,East Godavari,2022-05-22,2022,05,0.0,IMD GRID MODEL
Andhra Pradesh,East Godavari,2022-05-27,2022,05,6.51557899,IMD GRID MODEL
Andhra Pradesh,East Godavari,2022-05-31,2022,05,0.315851221,IMD GRID MODEL
Andhra Pradesh,East Godavari,2022-06-01,2022,06,0.0,IMD GRID MODEL
Andhra Pradesh,East Godavari,2022-06-02,2022,06,0.0,IMD GRID MODEL
Andhra Pradesh,East Godavari,2022-06-09,2022,06,0.0,IMD GRID MODEL
Andhra Pradesh,East Godavari,2022-06-15,2022,06,0.04011349,IMD GRID MODEL
Andhra Pradesh,East Godavari,2022-06-22,2022,06,14.29278133,IMD GRID MODEL
Andhra Pradesh,East Godavari,2022-06-23,2022,06,0.870647641,IMD GRID MODEL
Andhra Pradesh,East Godavari,2022-06-27,2022,06,12.05619503,IMD GRID MODEL
Andhra Pradesh,East Godavari,2022-07-03,2022,07,8.798810705,IMD GRID MODEL
Andhra Pradesh,East Godavari,2022-07-05,2022,07,9.770977817,IMD GRID MODEL
Andhra Pradesh,East Godavari,2022-07-14,2022,07,6.804868045,IMD GRID MODEL
Andhra Pradesh,East Godavari,2022-07-18,2022,07,18.02513463,IMD GRID MODEL
Andhra Pradesh,East Godavari,2022-07-23,2022,07,8.431296302,IMD GRID MODEL
Andhra Pradesh,East Godavari,2022-07-25,2022,07,12.63973694,IMD GRID MODEL
Andhra Pradesh,East Godavari,2022-07-28,2022,07,1.057050551,IMD GRID MODEL
Andhra Pradesh,East Godavari,2022-08-03,2022,08,9.922726357,IMD GRID MODEL
Andhra Pradesh,East Godavari,2022-08-04,2022,08,3.270044365,IMD GRID MODEL
Andhra Pradesh,East Godavari,2022-08-05,2022,08,4.483068057,IMD GRID MODEL
Andhra Pradesh,East Godavari,2022-08-07,2022,08,19.7476793,IMD GRID MODEL
Andhra Pradesh,East Godavari,2022-08-19,2022,08,1.420465169,IMD GRID MODEL
Andhra Pradesh,East Godavari,2022-08-20,2022,08,11.96739691,IMD GRID MODEL
Andhra Pradesh,East Godavari,2022-08-25,2022,08,7.444220062,IMD GRID MODEL
Andhra Pradesh,East Godavari,2022-08-31,2022,08,0.815436222,IMD GRID MODEL
Andhra Pradesh,East Godavari,2022-09-10,2022,09,37.85191364,IMD GRID MODEL
Andhra Pradesh,East Godavari,2022-09-15,2022,09,3.557913409,IMD GRID MODEL
Andhra Pradesh,East Godavari,2022-09-21,2022,09,5.056893768,IMD GRID MODEL
Andhra Pradesh,East Godavari,2022-09-24,2022,09,8.406347313,IMD GRID MODEL
Andhra Pradesh,East Godavari,2022-09-26,2022,09,4.3303008,IMD GRID MODEL
Andhra Pradesh,East Godavari,2022-09-27,2022,09,8.377462088,IMD GRID MODEL
Andhra Pradesh,East Godavari,2022-09-30,2022,09,7.368218017,IMD GRID MODEL
Andhra Pradesh,East Godavari,2022-10-08,2022,10,16.92171868,IMD GRID MODEL
Andhra Pradesh,East Godavari,2022-10-22,2022,10,0.0,IMD GRID MODEL
Andhra Pradesh,East Godavari,2022-10-24,2022,10,0.0,IMD GRID MODEL
Andhra Pradesh,East Godavari,2022-10-30,2022,10,0.0,IMD GRID MODEL
Andhra Pradesh,East Godavari,2022-11-02,2022,11,0.0721035289,IMD GRID MODEL
Andhra Pradesh,East Godavari,2022-11-11,2022,11,0.0,IMD GRID MODEL
Andhra Pradesh,East Godavari,2022-11-20,2022,11,0.0,IMD GRID MODEL
Andhra Pradesh,East Godavari,2022-11-25,2022,11,1.9089254822,IMD GRID MODEL
Andhra Pradesh,East Godavari,2022-11-27,2022,11,0.0,IMD GRID MODEL
Andhra Pradesh,East Godavari,2022-11-30,2022,11,0.0,IMD GRID MODEL
Andhra Pradesh,East Godavari,2022-12-08,2022,12,0.0,IMD GRID MODEL
Andhra Pradesh,East Godavari,2022-12-09,2022,12,0.0303436192,IMD GRID MODEL
Andhra Pradesh,East Godavari,2022-12-26,2022,12,0.0,IMD GRID MODEL
Andhra Pradesh,East Godavari,2022-12-29,2022,12,0.0,IMD GRID MODEL
Andhra Pradesh,East Godavari,2022-12-30,2022,12,0.0259425869,IMD GRID MODEL
Andhra Pradesh,Guntur,2022-01-06,2022,01,0.0,IMD GRID MODEL
Andhra Pradesh,Guntur,2022-01-09,2022,01,0.0,IMD GRID MODEL
Andhra Pradesh,Guntur,2022-01-10,2022,01,0.0,IMD GRID MODEL
Andhra Pradesh,Guntur,2022-01-17,2022,01,0.544261656,IMD GRID MODEL
Andhra Pradesh,Guntur,2022-01-20,2022,01,0.0,IMD GRID MODEL
Andhra Pradesh,Guntur,2022-02-13,2022,02,0.0,IMD GRID MODEL
Andhra Pradesh,Guntur,2022-02-20,2022,02,0.0,IMD GRID MODEL
Andhra Pradesh,Guntur,2022-03-02,2022,03,0.0,IMD GRID MODEL
Andhra Pradesh,Guntur,2022-03-05,2022,03,0.0,IMD GRID MODEL
Andhra Pradesh,Guntur,2022-03-06,2022,03,0.0,IMD GRID MODEL
Andhra Pradesh,Guntur,2022-03-08,2022,03,0.0,IMD GRID MODEL
Andhra Pradesh,Guntur,2022-03-09,2022,03,0.0,IMD GRID MODEL
Andhra Pradesh,Guntur,2022-03-17,2022,03,0.0,IMD GRID MODEL
Andhra Pradesh,Guntur,2022-03-18,2022,03,0.0,IMD GRID MODEL
Andhra Pradesh,Guntur,2022-03-19,2022,03,0.0,IMD GRID MODEL
Andhra Pradesh,Guntur,2022-03-20,2022,03,0.0,IMD GRID MODEL
Andhra Pradesh,Guntur,2022-03-21,2022,03,0.052555308,IMD GRID MODEL
Andhra Pradesh,Guntur,2022-03-30,2022,03,0.0,IMD GRID MODEL
Andhra Pradesh,Guntur,2022-04-08,2022,04,0.0,IMD GRID MODEL
Andhra Pradesh,Guntur,2022-04-11,2022,04,0.0,IMD GRID MODEL
Andhra Pradesh,Guntur,2022-04-15,2022,04,0.0,IMD GRID MODEL
Andhra Pradesh,Guntur,2022-04-19,2022,04,0.0,IMD GRID MODEL
Andhra Pradesh,Guntur,2022-04-21,2022,04,0.0,IMD GRID MODEL
Andhra Pradesh,Guntur,2022-04-28,2022,04,0.0,IMD GRID MODEL
Andhra Pradesh,Guntur,2022-05-25,2022,05,2.473345701,IMD GRID MODEL
Andhra Pradesh,Guntur,2022-05-30,2022,05,0.002638293,IMD GRID MODEL
Andhra Pradesh,Guntur,2022-06-05,2022,06,0.0,IMD GRID MODEL
Andhra Pradesh,Guntur,2022-06-06,2022,06,4.335349171,IMD GRID MODEL
Andhra Pradesh,Guntur,2022-06-07,2022,06,0.006225876,IMD GRID MODEL
Andhra Pradesh,Guntur,2022-06-08,2022,06,0.0,IMD GRID MODEL
Andhra Pradesh,Guntur,2022-06-12,2022,06,0.0,IMD GRID MODEL
Andhra Pradesh,Guntur,2022-06-16,2022,06,1.067264066,IMD GRID MODEL
Andhra Pradesh,Guntur,2022-06-21,2022,06,1.591787755,IMD GRID MODEL
Andhra Pradesh,Guntur,2022-07-01,2022,07,3.030893184,IMD GRID MODEL
Andhra Pradesh,Guntur,2022-07-05,2022,07,1.144256027,IMD GRID MODEL
Andhra Pradesh,Guntur,2022-07-09,2022,07,15.51878003,IMD GRID MODEL
Andhra Pradesh,Guntur,2022-07-12,2022,07,13.99427116,IMD GRID MODEL
Andhra Pradesh,Guntur,2022-07-14,2022,07,0.36414026,IMD GRID MODEL
Andhra Pradesh,Guntur,2022-07-16,2022,07,0.097214669,IMD GRID MODEL
Andhra Pradesh,Guntur,2022-07-19,2022,07,1.65845406,IMD GRID MODEL
Andhra Pradesh,Guntur,2022-07-30,2022,07,1.8499411,IMD GRID MODEL
Andhra Pradesh,Guntur,2022-08-01,2022,08,0.103721418,IMD GRID MODEL
Andhra Pradesh,Guntur,2022-08-09,2022,08,3.303749804,IMD GRID MODEL
Andhra Pradesh,Guntur,2022-08-11,2022,08,0.0,IMD GRID MODEL
Andhra Pradesh,Guntur,2022-08-17,2022,08,1.601995042,IMD GRID MODEL
Andhra Pradesh,Guntur,2022-08-21,2022,08,0.274198295,IMD GRID MODEL
Andhra Pradesh,Guntur,2022-08-27,2022,08,0.54944204,IMD GRID MODEL
Andhra Pradesh,Guntur,2022-08-28,2022,08,0.939824781,IMD GRID MODEL
Andhra Pradesh,Guntur,2022-08-31,2022,08,2.021732172,IMD GRID MODEL
Andhra Pradesh,Guntur,2022-09-03,2022,09,6.132842983,IMD GRID MODEL
Andhra Pradesh,Guntur,2022-09-04,2022,09,0.677814306,IMD GRID MODEL
Andhra Pradesh,Guntur,2022-09-08,2022,09,4.898097527,IMD GRID MODEL
Andhra Pradesh,Guntur,2022-09-12,2022,09,0.465228539,IMD GRID MODEL
Andhra Pradesh,Guntur,2022-09-14,2022,09,0.004913238,IMD GRID MODEL
Andhra Pradesh,Guntur,2022-10-05,2022,10,0.068515944,IMD GRID MODEL
Andhra Pradesh,Guntur,2022-10-15,2022,10,21.7790124417,IMD GRID MODEL
Andhra Pradesh,Guntur,2022-10-29,2022,10,0.0,IMD GRID MODEL
Andhra Pradesh,Guntur,2022-11-03,2022,11,0.2385736295,IMD GRID MODEL
Andhra Pradesh,Guntur,2022-11-05,2022,11,6.4791354418,IMD GRID MODEL
Andhra Pradesh,Guntur,2022-11-06,2022,11,0.12307946,IMD GRID MODEL
Andhra Pradesh,Guntur,2022-11-17,2022,11,0.0,IMD GRID MODEL
Andhra Pradesh,Guntur,2022-11-23,2022,11,2.2651054464,IMD GRID MODEL
Andhra Pradesh,Guntur,2022-11-28,2022,11,0.0,IMD GRID MODEL
Andhra Pradesh,Guntur,2022-11-30,2022,11,0.0,IMD GRID MODEL
Andhra Pradesh,Guntur,2022-12-06,2022,12,0.0,IMD GRID MODEL
Andhra Pradesh,Guntur,2022-12-07,2022,12,0.0,IMD GRID MODEL
Andhra Pradesh,Guntur,2022-12-20,2022,12,0.0,IMD GRID MODEL
Andhra Pradesh,Guntur,2022-12-25,2022,12,0.0,IMD GRID MODEL
Andhra Pradesh,Guntur,2022-12-30,2022,12,0.0,IMD GRID MODEL
Andhra Pradesh,Krishna,2022-01-15,2022,01,1.270028662,IMD GRID MODEL
Andhra Pradesh,Krishna,2022-01-20,2022,01,0.0,IMD GRID MODEL
Andhra Pradesh,Krishna,2022-01-26,2022,01,0.0,IMD GRID MODEL
Andhra Pradesh,Krishna,2022-01-31,2022,01,0.0,IMD GRID MODEL
Andhra Pradesh,Krishna,2022-02-07,2022,02,0.0,IMD GRID MODEL
Andhra Pradesh,Krishna,2022-02-09,2022,02,0.0,IMD GRID MODEL
Andhra Pradesh,Krishna,2022-02-21,2022,02,0.0,IMD GRID MODEL
Andhra Pradesh,Krishna,2022-02-22,2022,02,0.0,IMD GRID MODEL
Andhra Pradesh,Krishna,2022-02-26,2022,02,0.0,IMD GRID MODEL
Andhra Pradesh,Krishna,2022-03-01,2022,03,0.0,IMD GRID MODEL
Andhra Pradesh,Krishna,2022-03-13,2022,03,0.0,IMD GRID MODEL
Andhra Pradesh,Krishna,2022-03-17,2022,03,0.0,IMD GRID MODEL
Andhra Pradesh,Krishna,2022-03-23,2022,03,0.0,IMD GRID MODEL
Andhra Pradesh,Krishna,2022-03-24,2022,03,0.359856929,IMD GRID MODEL
Andhra Pradesh,Krishna,2022-03-25,2022,03,0.000316499,IMD GRID MODEL
Andhra Pradesh,Krishna,2022-03-28,2022,03,0.0,IMD GRID MODEL
Andhra Pradesh,Krishna,2022-04-16,2022,04,0.0,IMD GRID MODEL
Andhra Pradesh,Krishna,2022-04-18,2022,04,0.0,IMD GRID MODEL
Andhra Pradesh,Krishna,2022-04-21,2022,04,0.0,IMD GRID MODEL
Andhra Pradesh,Krishna,2022-04-25,2022,04,0.0,IMD GRID MODEL
Andhra Pradesh,Krishna,2022-04-27,2022,04,0.0,IMD GRID MODEL
Andhra Pradesh,Krishna,2022-04-30,2022,04,0.0,IMD GRID MODEL
Andhra Pradesh,Krishna,2022-05-02,2022,05,0.534308896,IMD GRID MODEL
Andhra Pradesh,Krishna,2022-05-03,2022,05,0.00210333,IMD GRID MODEL
Andhra Pradesh,Krishna,2022-05-08,2022,05,0.0,IMD GRID MODEL
Andhra Pradesh,Krishna,2022-05-17,2022,05,0.03474613,IMD GRID MODEL
Andhra Pradesh,Krishna,2022-05-18,2022,05,0.0,IMD GRID MODEL
Andhra Pradesh,Krishna,2022-05-23,2022,05,0.0,IMD GRID MODEL
Andhra Pradesh,Krishna,2022-05-28,2022,05,0.0,IMD GRID MODEL
Andhra Pradesh,Krishna,2022-05-29,2022,05,0.053519615,IMD GRID MODEL
Andhra Pradesh,Krishna,2022-06-10,2022,06,0.0,IMD GRID MODEL
Andhra Pradesh,Krishna,2022-06-14,2022,06,1.626371386,IMD GRID MODEL
Andhra Pradesh,Krishna,2022-06-25,2022,06,3.998659086,IMD GRID MODEL
Andhra Pradesh,Krishna,2022-07-11,2022,07,10.63317689,IMD GRID MODEL
Andhra Pradesh,Krishna,2022-07-18,2022,07,32.63208138,IMD GRID MODEL
Andhra Pradesh,Krishna,2022-07-25,2022,07,4.436220149,IMD GRID MODEL
Andhra Pradesh,Krishna,2022-07-28,2022,07,0.197614539,IMD GRID MODEL
Andhra Pradesh,Krishna,2022-07-29,2022,07,0.0,IMD GRID MODEL
Andhra Pradesh,Krishna,2022-07-31,2022,07,7.944031318,IMD GRID MODEL
Andhra Pradesh,Krishna,2022-08-03,2022,08,33.12794223,IMD GRID MODEL
Andhra Pradesh,Krishna,2022-08-09,2022,08,7.260960865,IMD GRID MODEL
Andhra Pradesh,Krishna,2022-08-14,2022,08,7.358687185,IMD GRID MODEL
Andhra Pradesh,Krishna,2022-08-16,2022,08,4.655397198,IMD GRID MODEL
Andhra Pradesh,Krishna,2022-08-18,2022,08,2.160795296,IMD GRID MODEL
Andhra Pradesh,Krishna,2022-09-03,2022,09,4.051384345,IMD GRID MODEL
Andhra Pradesh,Krishna,2022-09-24,2022,09,0.817106475,IMD GRID MODEL
Andhra Pradesh,Krishna,2022-09-29,2022,09,3.791998305,IMD GRID MODEL
Andhra Pradesh,Krishna,2022-10-02,2022,10,4.057051474,IMD GRID MODEL
Andhra Pradesh,Krishna,2022-10-09,2022,10,2.277901331,IMD GRID MODEL
Andhra Pradesh,Krishna,2022-10-12,2022,10,7.559072073,IMD GRID MODEL
Andhra Pradesh,Krishna,2022-10-14,2022,10,11.1610380627,IMD GRID MODEL
Andhra Pradesh,Krishna,2022-10-18,2022,10,1.299156297,IMD GRID MODEL
Andhra Pradesh,Krishna,2022-10-19,2022,10,14.8018554101,IMD GRID MODEL
Andhra Pradesh,Krishna,2022-10-17,2022,10,2.8327091476,IMD GRID MODEL
Andhra Pradesh,Krishna,2022-10-29,2022,10,0.0,IMD GRID MODEL
Andhra Pradesh,Krishna,2022-10-30,2022,10,0.0,IMD GRID MODEL
Andhra Pradesh,Krishna,2022-11-05,2022,11,4.0114794681,IMD GRID MODEL
Andhra Pradesh,Krishna,2022-11-12,2022,11,0.167692951,IMD GRID MODEL
Andhra Pradesh,Krishna,2022-11-13,2022,11,0.0,IMD GRID MODEL
Andhra Pradesh,Krishna,2022-11-18,2022,11,0.0,IMD GRID MODEL
Andhra Pradesh,Krishna,2022-11-19,2022,11,0.0,IMD GRID MODEL
Andhra Pradesh,Krishna,2022-12-12,2022,12,0.6398020609,IMD GRID MODEL
Andhra Pradesh,Krishna,2022-12-14,2022,12,0.580245068,IMD GRID MODEL
Andhra Pradesh,Krishna,2022-12-16,2022,12,0.0006996962,IMD GRID MODEL
Andhra Pradesh,Krishna,2022-12-18,2022,12,0.0,IMD GRID MODEL
Andhra Pradesh,Krishna,2022-12-23,2022,12,0.0,IMD GRID MODEL
Andhra Pradesh,Krishna,2022-12-27,2022,12,0.0,IMD GRID MODEL
Andhra Pradesh,Krishna,2022-12-29,2022,12,0.0,IMD GRID MODEL
Andhra Pradesh,Kurnool,2022-01-01,2022,01,0.001406175,IMD GRID MODEL
Andhra Pradesh,Kurnool,2022-01-19,2022,01,0.0,IMD GRID MODEL
Andhra Pradesh,Kurnool,2022-01-21,2022,01,0.0,IMD GRID MODEL
Andhra Pradesh,Kurnool,2022-01-30,2022,01,0.0,IMD GRID MODEL
Andhra Pradesh,Kurnool,2022-01-31,2022,01,0.0,IMD GRID MODEL
Andhra Pradesh,Kurnool,2022-02-11,2022,02,0.0,IMD GRID MODEL
Andhra Pradesh,Kurnool,2022-02-12,2022,02,0.0,IMD GRID MODEL
Andhra Pradesh,Kurnool,2022-02-14,2022,02,0.0,IMD GRID MODEL
Andhra Pradesh,Kurnool,2022-02-15,2022,02,0.0,IMD GRID MODEL
Andhra Pradesh,Kurnool,2022-02-17,2022,02,0.0,IMD GRID MODEL
Andhra Pradesh,Kurnool,2022-02-20,2022,02,0.0,IMD GRID MODEL
Andhra Pradesh,Kurnool,2022-02-28,2022,02,0.0,IMD GRID MODEL
Andhra Pradesh,Kurnool,2022-03-03,2022,03,0.0,IMD GRID MODEL
Andhra Pradesh,Kurnool,2022-03-06,2022,03,0.0,IMD GRID MODEL
Andhra Pradesh,Kurnool,2022-03-07,2022,03,0.0,IMD GRID MODEL
Andhra Pradesh,Kurnool,2022-03-08,2022,03,0.0,IMD GRID MODEL
Andhra Pradesh,Kurnool,2022-03-10,2022,03,0.0,IMD GRID MODEL
Andhra Pradesh,Kurnool,2022-03-14,2022,03,0.0,IMD GRID MODEL
Andhra Pradesh,Kurnool,2022-03-18,2022,03,0.0,IMD GRID MODEL
Andhra Pradesh,Kurnool,2022-03-27,2022,03,0.0,IMD GRID MODEL
Andhra Pradesh,Kurnool,2022-03-31,2022,03,0.0,IMD GRID MODEL
Andhra Pradesh,Kurnool,2022-04-06,2022,04,0.0,IMD GRID MODEL
Andhra Pradesh,Kurnool,2022-04-07,2022,04,0.0,IMD GRID MODEL
Andhra Pradesh,Kurnool,2022-04-19,2022,04,1.189780413,IMD GRID MODEL
Andhra Pradesh,Kurnool,2022-04-20,2022,04,0.536344181,IMD GRID MODEL
Andhra Pradesh,Kurnool,2022-04-23,2022,04,0.003013659,IMD GRID MODEL
Andhra Pradesh,Kurnool,2022-04-27,2022,04,0.1881004,IMD GRID MODEL
Andhra Pradesh,Kurnool,2022-05-02,2022,05,0.186726797,IMD GRID MODEL
Andhra Pradesh,Kurnool,2022-05-06,2022,05,0.908585139,IMD GRID MODEL
Andhra Pradesh,Kurnool,2022-05-29,2022,05,0.0,IMD GRID MODEL
Andhra Pradesh,Kurnool,2022-06-02,2022,06,0.028606665,IMD GRID MODEL
Andhra Pradesh,Kurnool,2022-06-05,2022,06,0.002998479,IMD GRID MODEL
Andhra Pradesh,Kurnool,2022-06-21,2022,06,0.007446693,IMD GRID MODEL
Andhra Pradesh,Kurnool,2022-06-24,2022,06,0.834852442,IMD GRID MODEL
Andhra Pradesh,Kurnool,2022-06-25,2022,06,0.002646345,IMD GRID MODEL
Andhra Pradesh,Kurnool,2022-07-01,2022,07,1.648154813,IMD GRID MODEL
Andhra Pradesh,Kurnool,2022-07-02,2022,07,3.359516666,IMD GRID MODEL
Andhra Pradesh,Kurnool,2022-07-03,2022,07,0.293678212,IMD GRID MODEL
Andhra Pradesh,Kurnool,2022-07-07,2022,07,4.205011443,IMD GRID MODEL
Andhra Pradesh,Kurnool,2022-07-09,2022,07,3.233490526,IMD GRID MODEL
Andhra Pradesh,Kurnool,2022-07-13,2022,07,2.646041659,IMD GRID MODEL
Andhra Pradesh,Kurnool,2022-07-16,2022,07,0.102120629,IMD GRID MODEL
Andhra Pradesh,Kurnool,2022-07-17,2022,07,3.494928803,IMD GRID MODEL
Andhra Pradesh,Kurnool,2022-07-21,2022,07,0.394460406,IMD GRID MODEL
Andhra Pradesh,Kurnool,2022-07-22,2022,07,4.036356463,IMD GRID MODEL
Andhra Pradesh,Kurnool,2022-07-24,2022,07,4.223808461,IMD GRID MODEL
Andhra Pradesh,Kurnool,2022-07-25,2022,07,0.692866055,IMD GRID MODEL
Andhra Pradesh,Kurnool,2022-07-26,2022,07,13.08638871,IMD GRID MODEL
Andhra Pradesh,Kurnool,2022-07-28,2022,07,0.861890493,IMD GRID MODEL
Andhra Pradesh,Kurnool,2022-08-08,2022,08,4.395374033,IMD GRID MODEL
Andhra Pradesh,Kurnool,2022-08-09,2022,08,2.149778754,IMD GRID MODEL
Andhra Pradesh,Kurnool,2022-08-10,2022,08,0.374581614,IMD GRID MODEL
Andhra Pradesh,Kurnool,2022-08-18,2022,08,0.0,IMD GRID MODEL
Andhra Pradesh,Kurnool,2022-08-23,2022,08,1.388441055,IMD GRID MODEL
Andhra Pradesh,Kurnool,2022-08-28,2022,08,6.704130437,IMD GRID MODEL
Andhra Pradesh,Kurnool,2022-08-30,2022,08,2.170997277,IMD GRID MODEL
Andhra Pradesh,Kurnool,2022-09-05,2022,09,14.29201466,IMD GRID MODEL
Andhra Pradesh,Kurnool,2022-09-15,2022,09,0.005961904,IMD GRID MODEL
Andhra Pradesh,Kurnool,2022-09-23,2022,09,6.15e-05,IMD GRID MODEL
Andhra Pradesh,Kurnool,2022-09-24,2022,09,0.0,IMD GRID MODEL
Andhra Pradesh,Kurnool,2022-09-28,2022,09,3.031632902,IMD GRID MODEL
Andhra Pradesh,Kurnool,2022-09-29,2022,09,32.91945983,IMD GRID MODEL
Andhra Pradesh,Kurnool,2022-10-05,2022,10,0.004218525,IMD GRID MODEL
Andhra Pradesh,Kurnool,2022-10-12,2022,10,4.123717008,IMD GRID MODEL
Andhra Pradesh,Kurnool,2022-10-13,2022,10,44.59689167,IMD GRID MODEL
Andhra Pradesh,Kurnool,2022-10-15,2022,10,2.5488842623,IMD GRID MODEL
Andhra Pradesh,Kurnool,2022-10-16,2022,10,2.3209533192,IMD GRID MODEL
Andhra Pradesh,Kurnool,2022-10-27,2022,10,0.0,IMD GRID MODEL
Andhra Pradesh,Kurnool,2022-11-01,2022,11,0.0031769319,IMD GRID MODEL
Andhra Pradesh,Kurnool,2022-11-04,2022,11,1.3898932547,IMD GRID MODEL
Andhra Pradesh,Kurnool,2022-11-17,2022,11,0.0,IMD GRID MODEL
Andhra Pradesh,Kurnool,2022-11-18,2022,11,0.0,IMD GRID MODEL
Andhra Pradesh,Kurnool,2022-11-22,2022,11,0.4204117354,IMD GRID MODEL
Andhra Pradesh,Kurnool,2022-11-23,2022,11,1.1769912292,IMD GRID MODEL
Andhra Pradesh,Kurnool,2022-11-25,2022,11,0.2102448882,IMD GRID MODEL
Andhra Pradesh,Kurnool,2022-11-27,2022,11,0.0,IMD GRID MODEL
Andhra Pradesh,Kurnool,2022-12-04,2022,12,0.0,IMD GRID MODEL
Andhra Pradesh,Kurnool,2022-12-13,2022,12,8.1441652185,IMD GRID MODEL
Andhra Pradesh,Kurnool,2022-12-19,2022,12,0.0,IMD GRID MODEL
Andhra Pradesh,Kurnool,2022-12-21,2022,12,0.0,IMD GRID MODEL
Andhra Pradesh,Kurnool,2022-12-24,2022,12,0.0,IMD GRID MODEL
Andhra Pradesh,Kurnool,2022-12-25,2022,12,0.0,IMD GRID MODEL
Andhra Pradesh,Kurnool,2022-12-27,2022,12,0.2414992864,IMD GRID MODEL
Andhra Pradesh,Potti Sriramulu Nellore,2022-08-02,2022,08,1.989658107,IMD GRID MODEL
Andhra Pradesh,Potti Sriramulu Nellore,2022-08-06,2022,08,1.05783018,IMD GRID MODEL
Andhra Pradesh,Potti Sriramulu Nellore,2022-08-11,2022,08,0.061148431,IMD GRID MODEL
Andhra Pradesh,Potti Sriramulu Nellore,2022-08-20,2022,08,0.019287934,IMD GRID MODEL
Andhra Pradesh,Potti Sriramulu Nellore,2022-08-21,2022,08,0.009093743,IMD GRID MODEL
Andhra Pradesh,Potti Sriramulu Nellore,2022-08-29,2022,08,9.549100012,IMD GRID MODEL
Andhra Pradesh,Potti Sriramulu Nellore,2022-08-31,2022,08,6.191759925,IMD GRID MODEL
Andhra Pradesh,Potti Sriramulu Nellore,2022-09-03,2022,09,0.042411864,IMD GRID MODEL
Andhra Pradesh,Potti Sriramulu Nellore,2022-09-08,2022,09,7.71444958,IMD GRID MODEL
Andhra Pradesh,Potti Sriramulu Nellore,2022-09-10,2022,09,4.133032053,IMD GRID MODEL
Andhra Pradesh,Potti Sriramulu Nellore,2022-09-17,2022,09,0.324460699,IMD GRID MODEL
Andhra Pradesh,Potti Sriramulu Nellore,2022-09-19,2022,09,0.0,IMD GRID MODEL
Andhra Pradesh,Potti Sriramulu Nellore,2022-09-29,2022,09,11.71835884,IMD GRID MODEL
Andhra Pradesh,Potti Sriramulu Nellore,2022-10-03,2022,10,0.0,IMD GRID MODEL
Andhra Pradesh,Potti Sriramulu Nellore,2022-10-04,2022,10,0.0,IMD GRID MODEL
Andhra Pradesh,Potti Sriramulu Nellore,2022-10-09,2022,10,6.316901578,IMD GRID MODEL
Andhra Pradesh,Prakasam,2022-01-02,2022,01,0.135938278,IMD GRID MODEL
Andhra Pradesh,Prakasam,2022-01-10,2022,01,0.0,IMD GRID MODEL
Andhra Pradesh,Prakasam,2022-01-11,2022,01,0.0,IMD GRID MODEL
Andhra Pradesh,Prakasam,2022-01-17,2022,01,1.861441329,IMD GRID MODEL
Andhra Pradesh,Prakasam,2022-01-18,2022,01,3.328558681,IMD GRID MODEL
Andhra Pradesh,Prakasam,2022-01-20,2022,01,0.0,IMD GRID MODEL
Andhra Pradesh,Prakasam,2022-01-21,2022,01,0.0,IMD GRID MODEL
Andhra Pradesh,Prakasam,2022-01-23,2022,01,0.0,IMD GRID MODEL
Andhra Pradesh,Prakasam,2022-02-01,2022,02,0.0,IMD GRID MODEL
Andhra Pradesh,Prakasam,2022-02-02,2022,02,0.0,IMD GRID MODEL
Andhra Pradesh,Prakasam,2022-02-03,2022,02,0.0,IMD GRID MODEL
Andhra Pradesh,Prakasam,2022-02-07,2022,02,0.0,IMD GRID MODEL
Andhra Pradesh,Prakasam,2022-02-09,2022,02,0.0,IMD GRID MODEL
Andhra Pradesh,Prakasam,2022-02-11,2022,02,0.0,IMD GRID MODEL
Andhra Pradesh,Prakasam,2022-02-16,2022,02,0.0,IMD GRID MODEL
Andhra Pradesh,Prakasam,2022-02-21,2022,02,0.0,IMD GRID MODEL
Andhra Pradesh,Prakasam,2022-02-22,2022,02,0.0,IMD GRID MODEL
Andhra Pradesh,Prakasam,2022-03-14,2022,03,0.0,IMD GRID MODEL
Andhra Pradesh,Prakasam,2022-03-15,2022,03,0.0,IMD GRID MODEL
Andhra Pradesh,Prakasam,2022-03-16,2022,03,0.0,IMD GRID MODEL
Andhra Pradesh,Prakasam,2022-03-20,2022,03,0.577308563,IMD GRID MODEL
Andhra Pradesh,Prakasam,2022-03-30,2022,03,0.0,IMD GRID MODEL
Andhra Pradesh,Prakasam,2022-04-05,2022,04,0.0,IMD GRID MODEL
Andhra Pradesh,Prakasam,2022-04-07,2022,04,0.012349225,IMD GRID MODEL
Andhra Pradesh,Prakasam,2022-04-09,2022,04,0.0,IMD GRID MODEL
Andhra Pradesh,Prakasam,2022-04-10,2022,04,0.0,IMD GRID MODEL
Andhra Pradesh,Prakasam,2022-04-16,2022,04,0.001383318,IMD GRID MODEL
Andhra Pradesh,Prakasam,2022-04-17,2022,04,0.036756723,IMD GRID MODEL
Andhra Pradesh,Prakasam,2022-05-04,2022,05,0.622140231,IMD GRID MODEL
Andhra Pradesh,Prakasam,2022-05-07,2022,05,11.68535257,IMD GRID MODEL
Andhra Pradesh,Prakasam,2022-05-16,2022,05,0.0,IMD GRID MODEL
Andhra Pradesh,Prakasam,2022-05-17,2022,05,0.468761816,IMD GRID MODEL
Andhra Pradesh,Prakasam,2022-05-24,2022,05,0.0,IMD GRID MODEL
Andhra Pradesh,Prakasam,2022-06-02,2022,06,0.0,IMD GRID MODEL
Andhra Pradesh,Prakasam,2022-06-03,2022,06,0.290763834,IMD GRID MODEL
Andhra Pradesh,Prakasam,2022-06-10,2022,06,0.0,IMD GRID MODEL
Andhra Pradesh,Prakasam,2022-06-15,2022,06,6.929957382,IMD GRID MODEL
Andhra Pradesh,Prakasam,2022-07-01,2022,07,4.834698465,IMD GRID MODEL
Andhra Pradesh,Prakasam,2022-07-11,2022,07,1.041646082,IMD GRID MODEL
Andhra Pradesh,Prakasam,2022-07-14,2022,07,0.803401247,IMD GRID MODEL
Andhra Pradesh,Prakasam,2022-07-16,2022,07,0.038014327,IMD GRID MODEL
Andhra Pradesh,Prakasam,2022-07-19,2022,07,2.314849805,IMD GRID MODEL
Andhra Pradesh,Prakasam,2022-07-22,2022,07,24.48620518,IMD GRID MODEL
Andhra Pradesh,Prakasam,2022-07-24,2022,07,0.649819591,IMD GRID MODEL
Andhra Pradesh,Prakasam,2022-07-25,2022,07,0.039195048,IMD GRID MODEL
Andhra Pradesh,Prakasam,2022-07-26,2022,07,5.193486065,IMD GRID MODEL
Andhra Pradesh,Prakasam,2022-08-06,2022,08,2.317403553,IMD GRID MODEL
Andhra Pradesh,Prakasam,2022-08-13,2022,08,0.0,IMD GRID MODEL
Andhra Pradesh,Prakasam,2022-08-19,2022,08,1.687419116,IMD GRID MODEL
Andhra Pradesh,Prakasam,2022-08-25,2022,08,1.700642833,IMD GRID MODEL
Andhra Pradesh,Visakhapatanam,2022-01-30,2022,01,0.0,IMD GRID MODEL
Andhra Pradesh,Visakhapatanam,2022-02-18,2022,02,0.0,IMD GRID MODEL
Andhra Pradesh,Visakhapatanam,2022-02-22,2022,02,0.0,IMD GRID MODEL
Andhra Pradesh,Visakhapatanam,2022-03-08,2022,03,0.0,IMD GRID MODEL
Andhra Pradesh,Visakhapatanam,2022-03-12,2022,03,0.0,IMD GRID MODEL
Andhra Pradesh,Visakhapatanam,2022-03-14,2022,03,0.0,IMD GRID MODEL
Andhra Pradesh,Visakhapatanam,2022-03-17,2022,03,0.0,IMD GRID MODEL
Andhra Pradesh,Visakhapatanam,2022-03-19,2022,03,0.0,IMD GRID MODEL
Andhra Pradesh,Visakhapatanam,2022-03-27,2022,03,0.0,IMD GRID MODEL
Andhra Pradesh,Visakhapatanam,2022-03-28,2022,03,0.0,IMD GRID MODEL
Andhra Pradesh,Visakhapatanam,2022-03-30,2022,03,0.0,IMD GRID MODEL
Andhra Pradesh,Visakhapatanam,2022-04-04,2022,04,0.402848652,IMD GRID MODEL
Andhra Pradesh,Visakhapatanam,2022-04-05,2022,04,1.156665934,IMD GRID MODEL
Andhra Pradesh,Visakhapatanam,2022-04-09,2022,04,0.0,IMD GRID MODEL
Andhra Pradesh,Visakhapatanam,2022-04-13,2022,04,0.0,IMD GRID MODEL
Andhra Pradesh,Visakhapatanam,2022-04-18,2022,04,2.663716253,IMD GRID MODEL
Andhra Pradesh,Visakhapatanam,2022-04-21,2022,04,0.854730434,IMD GRID MODEL
Andhra Pradesh,Visakhapatanam,2022-04-26,2022,04,1.113776457,IMD GRID MODEL
Andhra Pradesh,Visakhapatanam,2022-04-27,2022,04,5.030695445,IMD GRID MODEL
Andhra Pradesh,Visakhapatanam,2022-04-29,2022,04,0.876901047,IMD GRID MODEL
Andhra Pradesh,Visakhapatanam,2022-05-01,2022,05,0.0,IMD GRID MODEL
Andhra Pradesh,Visakhapatanam,2022-05-04,2022,05,1.790931401,IMD GRID MODEL
Andhra Pradesh,Visakhapatanam,2022-05-20,2022,05,0.552483388,IMD GRID MODEL
Andhra Pradesh,Visakhapatanam,2022-05-18,2022,05,0.003812411,IMD GRID MODEL
Andhra Pradesh,Visakhapatanam,2022-05-25,2022,05,29.20637928,IMD GRID MODEL
Andhra Pradesh,Visakhapatanam,2022-05-30,2022,05,2.330864156,IMD GRID MODEL
Andhra Pradesh,Visakhapatanam,2022-06-06,2022,06,9.654446456,IMD GRID MODEL
Andhra Pradesh,Visakhapatanam,2022-06-09,2022,06,0.0,IMD GRID MODEL
Andhra Pradesh,Visakhapatanam,2022-06-11,2022,06,0.003587124,IMD GRID MODEL
Andhra Pradesh,Visakhapatanam,2022-06-14,2022,06,0.634283349,IMD GRID MODEL
Andhra Pradesh,Visakhapatanam,2022-06-15,2022,06,3.157525886,IMD GRID MODEL
Andhra Pradesh,Visakhapatanam,2022-06-16,2022,06,9.93680066,IMD GRID MODEL
Andhra Pradesh,Visakhapatanam,2022-06-19,2022,06,0.011581246,IMD GRID MODEL
Andhra Pradesh,Visakhapatanam,2022-06-20,2022,06,1.356627587,IMD GRID MODEL
Andhra Pradesh,Visakhapatanam,2022-06-21,2022,06,22.76499676,IMD GRID MODEL
Andhra Pradesh,Visakhapatanam,2022-06-29,2022,06,4.283374688,IMD GRID MODEL
Andhra Pradesh,Visakhapatanam,2022-07-04,2022,07,5.880886507,IMD GRID MODEL
Andhra Pradesh,Visakhapatanam,2022-07-06,2022,07,10.73446509,IMD GRID MODEL
Andhra Pradesh,Visakhapatanam,2022-07-08,2022,07,3.210675764,IMD GRID MODEL
Andhra Pradesh,Visakhapatanam,2022-07-18,2022,07,6.326618676,IMD GRID MODEL
Andhra Pradesh,Visakhapatanam,2022-07-19,2022,07,0.766685125,IMD GRID MODEL
Andhra Pradesh,Visakhapatanam,2022-10-20,2022,10,1.0148430442,IMD GRID MODEL
Andhra Pradesh,Visakhapatanam,2022-10-22,2022,10,0.0,IMD GRID MODEL
Andhra Pradesh,Visakhapatanam,2022-10-23,2022,10,0.0,IMD GRID MODEL
Andhra Pradesh,Visakhapatanam,2022-10-27,2022,10,0.0,IMD GRID MODEL
Andhra Pradesh,Visakhapatanam,2022-10-28,2022,10,0.0,IMD GRID MODEL
Andhra Pradesh,Visakhapatanam,2022-11-03,2022,11,0.0,IMD GRID MODEL
Andhra Pradesh,Visakhapatanam,2022-11-04,2022,11,1.2782602834,IMD GRID MODEL
Andhra Pradesh,Visakhapatanam,2022-11-10,2022,11,0.0,IMD GRID MODEL
Andhra Pradesh,Visakhapatanam,2022-11-11,2022,11,0.0,IMD GRID MODEL
Andhra Pradesh,Visakhapatanam,2022-11-24,2022,11,1.58595317,IMD GRID MODEL
Andhra Pradesh,Visakhapatanam,2022-12-05,2022,12,0.0,IMD GRID MODEL
Andhra Pradesh,Visakhapatanam,2022-12-12,2022,12,10.1515270645,IMD GRID MODEL
Andhra Pradesh,Visakhapatanam,2022-12-27,2022,12,0.0,IMD GRID MODEL
Andhra Pradesh,Vishakhapatnam,2022-08-14,2022,08,8.336440091,IMD GRID MODEL
Andhra Pradesh,Vishakhapatnam,2022-08-26,2022,08,4.373244677,IMD GRID MODEL
Andhra Pradesh,Vishakhapatnam,2022-08-29,2022,08,3.101632919,IMD GRID MODEL
Andhra Pradesh,Vishakhapatnam,2022-08-30,2022,08,6.37984969,IMD GRID MODEL
Andhra Pradesh,Vishakhapatnam,2022-09-15,2022,09,2.887632999,IMD GRID MODEL
Andhra Pradesh,Vishakhapatnam,2022-09-19,2022,09,13.62709391,IMD GRID MODEL
Andhra Pradesh,Vishakhapatnam,2022-09-28,2022,09,1.371695989,IMD GRID MODEL
Andhra Pradesh,Vishakhapatnam,2022-10-01,2022,10,2.08291756,IMD GRID MODEL
Andhra Pradesh,Vishakhapatnam,2022-10-06,2022,10,34.69734246,IMD GRID MODEL
Andhra Pradesh,Vishakhapatnam,2022-10-10,2022,10,24.55909304,IMD GRID MODEL
Andhra Pradesh,Vizianagaram,2022-01-05,2022,01,0.0,IMD GRID MODEL
Andhra Pradesh,Vizianagaram,2022-01-09,2022,01,0.0,IMD GRID MODEL
Andhra Pradesh,Vizianagaram,2022-02-02,2022,02,0.0,IMD GRID MODEL
Andhra Pradesh,Vizianagaram,2022-02-10,2022,02,0.0,IMD GRID MODEL
Andhra Pradesh,Vizianagaram,2022-02-15,2022,02,0.0,IMD GRID MODEL
Andhra Pradesh,Vizianagaram,2022-02-22,2022,02,0.0,IMD GRID MODEL
Andhra Pradesh,Vizianagaram,2022-02-26,2022,02,0.0,IMD GRID MODEL
Andhra Pradesh,Vizianagaram,2022-02-24,2022,02,0.0,IMD GRID MODEL
Andhra Pradesh,Vizianagaram,2022-03-02,2022,03,0.0,IMD GRID MODEL
Andhra Pradesh,Vizianagaram,2022-03-03,2022,03,0.0,IMD GRID MODEL
Andhra Pradesh,Vizianagaram,2022-03-12,2022,03,0.0,IMD GRID MODEL
Andhra Pradesh,Vizianagaram,2022-03-22,2022,03,3.659278285,IMD GRID MODEL
Andhra Pradesh,Vizianagaram,2022-03-26,2022,03,0.0,IMD GRID MODEL
Andhra Pradesh,Vizianagaram,2022-03-28,2022,03,0.0,IMD GRID MODEL
Andhra Pradesh,Vizianagaram,2022-03-29,2022,03,0.0,IMD GRID MODEL
Andhra Pradesh,Vizianagaram,2022-03-31,2022,03,0.0,IMD GRID MODEL
Andhra Pradesh,Vizianagaram,2022-04-01,2022,04,0.0,IMD GRID MODEL
Andhra Pradesh,Vizianagaram,2022-04-04,2022,04,0.0,IMD GRID MODEL
Andhra Pradesh,Vizianagaram,2022-04-05,2022,04,0.0,IMD GRID MODEL
Andhra Pradesh,Vizianagaram,2022-04-29,2022,04,0.0,IMD GRID MODEL
Andhra Pradesh,Vizianagaram,2022-04-30,2022,04,0.063985675,IMD GRID MODEL
Andhra Pradesh,Vizianagaram,2022-05-08,2022,05,0.773230217,IMD GRID MODEL
Andhra Pradesh,Vizianagaram,2022-05-09,2022,05,0.111504382,IMD GRID MODEL
Andhra Pradesh,Vizianagaram,2022-05-16,2022,05,0.033204793,IMD GRID MODEL
Andhra Pradesh,Vizianagaram,2022-05-20,2022,05,0.866217039,IMD GRID MODEL
Andhra Pradesh,Vizianagaram,2022-05-25,2022,05,25.18955283,IMD GRID MODEL
Andhra Pradesh,Vizianagaram,2022-05-26,2022,05,0.0,IMD GRID MODEL
Andhra Pradesh,Vizianagaram,2022-06-02,2022,06,0.014142249,IMD GRID MODEL
Andhra Pradesh,Vizianagaram,2022-06-03,2022,06,0.001319064,IMD GRID MODEL
Andhra Pradesh,Vizianagaram,2022-06-15,2022,06,1.083988925,IMD GRID MODEL
Andhra Pradesh,Vizianagaram,2022-06-17,2022,06,3.682340827,IMD GRID MODEL
Andhra Pradesh,Vizianagaram,2022-06-23,2022,06,0.175422784,IMD GRID MODEL
Andhra Pradesh,Vizianagaram,2022-06-28,2022,06,11.5047496,IMD GRID MODEL
Andhra Pradesh,Vizianagaram,2022-06-29,2022,06,6.857226427,IMD GRID MODEL
Andhra Pradesh,Vizianagaram,2022-07-02,2022,07,24.07781374,IMD GRID MODEL
Andhra Pradesh,Vizianagaram,2022-07-12,2022,07,17.45654718,IMD GRID MODEL
Andhra Pradesh,Vizianagaram,2022-07-13,2022,07,1.557458396,IMD GRID MODEL
Andhra Pradesh,Vizianagaram,2022-07-14,2022,07,1.858155266,IMD GRID MODEL
Andhra Pradesh,Vizianagaram,2022-07-17,2022,07,21.14467873,IMD GRID MODEL
Andhra Pradesh,Vizianagaram,2022-07-24,2022,07,6.818403149,IMD GRID MODEL
Andhra Pradesh,Vizianagaram,2022-07-31,2022,07,0.139891859,IMD GRID MODEL
Andhra Pradesh,Vizianagaram,2022-08-01,2022,08,3.128290563,IMD GRID MODEL
Andhra Pradesh,Vizianagaram,2022-08-03,2022,08,7.51983697,IMD GRID MODEL
Andhra Pradesh,Vizianagaram,2022-08-05,2022,08,4.259038528,IMD GRID MODEL
Andhra Pradesh,Vizianagaram,2022-08-06,2022,08,5.362775456,IMD GRID MODEL
Andhra Pradesh,Vizianagaram,2022-08-09,2022,08,18.8070203,IMD GRID MODEL
Andhra Pradesh,Vizianagaram,2022-08-15,2022,08,17.98168522,IMD GRID MODEL
Andhra Pradesh,Vizianagaram,2022-08-20,2022,08,7.154986939,IMD GRID MODEL
Andhra Pradesh,Vizianagaram,2022-08-27,2022,08,3.712633832,IMD GRID MODEL
Andhra Pradesh,Vizianagaram,2022-08-29,2022,08,2.844574817,IMD GRID MODEL
Andhra Pradesh,Vizianagaram,2022-09-03,2022,09,0.25452249,IMD GRID MODEL
Andhra Pradesh,Vizianagaram,2022-09-04,2022,09,8.761561739,IMD GRID MODEL
Andhra Pradesh,Vizianagaram,2022-09-08,2022,09,27.62581803,IMD GRID MODEL
Andhra Pradesh,Vizianagaram,2022-09-18,2022,09,2.675839146,IMD GRID MODEL
Andhra Pradesh,Vizianagaram,2022-09-28,2022,09,0.080542299,IMD GRID MODEL
Andhra Pradesh,Vizianagaram,2022-09-30,2022,09,14.15450582,IMD GRID MODEL
Andhra Pradesh,Vizianagaram,2022-10-22,2022,10,0.4241325787,IMD GRID MODEL
Andhra Pradesh,Vizianagaram,2022-10-23,2022,10,0.0,IMD GRID MODEL
Andhra Pradesh,Vizianagaram,2022-10-25,2022,10,0.0,IMD GRID MODEL
Andhra Pradesh,Vizianagaram,2022-10-28,2022,10,0.0,IMD GRID MODEL
Andhra Pradesh,Vizianagaram,2022-10-31,2022,10,0.0,IMD GRID MODEL
Andhra Pradesh,Vizianagaram,2022-11-04,2022,11,1.7144727045,IMD GRID MODEL
Andhra Pradesh,Vizianagaram,2022-11-18,2022,11,0.0,IMD GRID MODEL
Andhra Pradesh,Vizianagaram,2022-11-21,2022,11,0.0,IMD GRID MODEL
Andhra Pradesh,Vizianagaram,2022-11-24,2022,11,0.3003219842,IMD GRID MODEL
Andhra Pradesh,Vizianagaram,2022-12-01,2022,12,0.0,IMD GRID MODEL
Andhra Pradesh,Vizianagaram,2022-12-08,2022,12,0.0,IMD GRID MODEL
Andhra Pradesh,Vizianagaram,2022-12-10,2022,12,4.5469002481,IMD GRID MODEL
Andhra Pradesh,Vizianagaram,2022-12-11,2022,12,0.603150077,IMD GRID MODEL
Andhra Pradesh,Vizianagaram,2022-12-14,2022,12,0.009038027,IMD GRID MODEL
Andhra Pradesh,Vizianagaram,2022-12-26,2022,12,0.0,IMD GRID MODEL
Andhra Pradesh,West Godavari,2022-01-07,2022,01,0.0,IMD GRID MODEL
Andhra Pradesh,West Godavari,2022-01-10,2022,01,0.0,IMD GRID MODEL
Andhra Pradesh,West Godavari,2022-01-12,2022,01,0.0,IMD GRID MODEL
Andhra Pradesh,West Godavari,2022-01-14,2022,01,10.73474735,IMD GRID MODEL
Andhra Pradesh,West Godavari,2022-01-22,2022,01,0.0,IMD GRID MODEL
Andhra Pradesh,West Godavari,2022-01-25,2022,01,0.375043029,IMD GRID MODEL
Andhra Pradesh,West Godavari,2022-02-03,2022,02,0.0,IMD GRID MODEL
Andhra Pradesh,West Godavari,2022-02-08,2022,02,0.0,IMD GRID MODEL
Andhra Pradesh,West Godavari,2022-02-13,2022,02,0.0,IMD GRID MODEL
Andhra Pradesh,West Godavari,2022-02-14,2022,02,0.0,IMD GRID MODEL
Andhra Pradesh,West Godavari,2022-02-17,2022,02,0.0,IMD GRID MODEL
Andhra Pradesh,West Godavari,2022-02-18,2022,02,0.0,IMD GRID MODEL
Andhra Pradesh,West Godavari,2022-02-22,2022,02,0.0,IMD GRID MODEL
Andhra Pradesh,West Godavari,2022-03-02,2022,03,0.0,IMD GRID MODEL
Andhra Pradesh,West Godavari,2022-03-03,2022,03,0.0,IMD GRID MODEL
Andhra Pradesh,West Godavari,2022-03-04,2022,03,0.0,IMD GRID MODEL
Andhra Pradesh,West Godavari,2022-03-09,2022,03,0.0,IMD GRID MODEL
Andhra Pradesh,West Godavari,2022-03-16,2022,03,0.0,IMD GRID MODEL
Andhra Pradesh,West Godavari,2022-03-18,2022,03,0.0,IMD GRID MODEL
Andhra Pradesh,West Godavari,2022-03-20,2022,03,0.0,IMD GRID MODEL
Andhra Pradesh,West Godavari,2022-03-30,2022,03,0.0,IMD GRID MODEL
Andhra Pradesh,West Godavari,2022-04-01,2022,04,0.04801694,IMD GRID MODEL
Andhra Pradesh,West Godavari,2022-04-07,2022,04,0.0,IMD GRID MODEL
Andhra Pradesh,West Godavari,2022-04-09,2022,04,0.0,IMD GRID MODEL
Andhra Pradesh,West Godavari,2022-04-13,2022,04,0.0,IMD GRID MODEL
Andhra Pradesh,West Godavari,2022-04-16,2022,04,0.0,IMD GRID MODEL
Andhra Pradesh,West Godavari,2022-04-17,2022,04,0.084890067,IMD GRID MODEL
Andhra Pradesh,West Godavari,2022-05-05,2022,05,0.030999738,IMD GRID MODEL
Andhra Pradesh,West Godavari,2022-05-08,2022,05,0.03658752,IMD GRID MODEL
Andhra Pradesh,West Godavari,2022-05-22,2022,05,0.0,IMD GRID MODEL
Andhra Pradesh,West Godavari,2022-05-25,2022,05,41.18135607,IMD GRID MODEL
Andhra Pradesh,West Godavari,2022-05-29,2022,05,0.432372032,IMD GRID MODEL
Andhra Pradesh,West Godavari,2022-06-02,2022,06,0.0,IMD GRID MODEL
Andhra Pradesh,West Godavari,2022-06-04,2022,06,0.463977465,IMD GRID MODEL
Andhra Pradesh,West Godavari,2022-06-05,2022,06,0.0,IMD GRID MODEL
Andhra Pradesh,West Godavari,2022-06-09,2022,06,0.0,IMD GRID MODEL
Andhra Pradesh,West Godavari,2022-06-11,2022,06,1.165085541,IMD GRID MODEL
Andhra Pradesh,West Godavari,2022-06-13,2022,06,1.145688016,IMD GRID MODEL
Andhra Pradesh,West Godavari,2022-06-16,2022,06,24.36793078,IMD GRID MODEL
Andhra Pradesh,West Godavari,2022-06-26,2022,06,3.572246101,IMD GRID MODEL
Andhra Pradesh,West Godavari,2022-06-27,2022,06,6.116787074,IMD GRID MODEL
Andhra Pradesh,West Godavari,2022-07-13,2022,07,5.912491763,IMD GRID MODEL
Andhra Pradesh,West Godavari,2022-07-14,2022,07,2.283167,IMD GRID MODEL
Andhra Pradesh,West Godavari,2022-07-15,2022,07,2.211133991,IMD GRID MODEL
Andhra Pradesh,West Godavari,2022-07-16,2022,07,0.11801427,IMD GRID MODEL
Andhra Pradesh,West Godavari,2022-07-24,2022,07,2.823945788,IMD GRID MODEL
Andhra Pradesh,West Godavari,2022-07-29,2022,07,0.034742915,IMD GRID MODEL
Andhra Pradesh,West Godavari,2022-08-04,2022,08,9.520665906,IMD GRID MODEL
Andhra Pradesh,West Godavari,2022-08-06,2022,08,13.33390034,IMD GRID MODEL
Andhra Pradesh,West Godavari,2022-08-16,2022,08,5.275842092,IMD GRID MODEL
Andhra Pradesh,West Godavari,2022-08-17,2022,08,9.807509221,IMD GRID MODEL
Andhra Pradesh,West Godavari,2022-08-25,2022,08,4.709703843,IMD GRID MODEL
Andhra Pradesh,West Godavari,2022-09-05,2022,09,3.296461234,IMD GRID MODEL
Andhra Pradesh,West Godavari,2022-09-09,2022,09,19.93875373,IMD GRID MODEL
Andhra Pradesh,West Godavari,2022-09-18,2022,09,0.032529596,IMD GRID MODEL
Andhra Pradesh,West Godavari,2022-09-22,2022,09,1.995443598,IMD GRID MODEL
Andhra Pradesh,West Godavari,2022-09-23,2022,09,6.331697083,IMD GRID MODEL
Andhra Pradesh,West Godavari,2022-09-24,2022,09,3.081322897,IMD GRID MODEL
Andhra Pradesh,West Godavari,2022-10-02,2022,10,1.553271572,IMD GRID MODEL
Andhra Pradesh,West Godavari,2022-10-16,2022,10,8.5153447707,IMD GRID MODEL
Andhra Pradesh,Prakasam,2022-08-29,2022,08,2.36637296,IMD GRID MODEL
Andhra Pradesh,Prakasam,2022-09-03,2022,09,2.861155751,IMD GRID MODEL
Andhra Pradesh,Prakasam,2022-09-09,2022,09,6.52169729,IMD GRID MODEL
Andhra Pradesh,Prakasam,2022-09-11,2022,09,4.382818004,IMD GRID MODEL
Andhra Pradesh,Prakasam,2022-09-14,2022,09,0.0,IMD GRID MODEL
Andhra Pradesh,Prakasam,2022-09-15,2022,09,0.04993358,IMD GRID MODEL
Andhra Pradesh,Prakasam,2022-09-25,2022,09,0.0,IMD GRID MODEL
Andhra Pradesh,Prakasam,2022-09-29,2022,09,7.005119822,IMD GRID MODEL
Andhra Pradesh,Prakasam,2022-10-05,2022,10,0.001905076,IMD GRID MODEL
Andhra Pradesh,Prakasam,2022-10-07,2022,10,18.85895167,IMD GRID MODEL
Andhra Pradesh,Prakasam,2022-10-08,2022,10,2.735275247,IMD GRID MODEL
Andhra Pradesh,Prakasam,2022-10-11,2022,10,10.18866208,IMD GRID MODEL
Andhra Pradesh,Prakasam,2022-10-12,2022,10,2.029693424,IMD GRID MODEL
Andhra Pradesh,Prakasam,2022-10-31,2022,10,0.0,IMD GRID MODEL
Andhra Pradesh,Prakasam,2022-11-02,2022,11,10.3543281895,IMD GRID MODEL
Andhra Pradesh,Prakasam,2022-11-12,2022,11,4.1505632117,IMD GRID MODEL
Andhra Pradesh,Prakasam,2022-11-26,2022,11,0.8517882675,IMD GRID MODEL
Andhra Pradesh,Prakasam,2022-12-03,2022,12,0.0,IMD GRID MODEL
Andhra Pradesh,Prakasam,2022-12-05,2022,12,0.0,IMD GRID MODEL
Andhra Pradesh,Prakasam,2022-12-08,2022,12,0.0,IMD GRID MODEL
Andhra Pradesh,Prakasam,2022-12-14,2022,12,0.8457093338,IMD GRID MODEL
Andhra Pradesh,Prakasam,2022-12-21,2022,12,0.0,IMD GRID MODEL
Andhra Pradesh,SPSR Nellore,2022-01-03,2022,01,0.0,IMD GRID MODEL
Andhra Pradesh,SPSR Nellore,2022-01-18,2022,01,5.778656826,IMD GRID MODEL
Andhra Pradesh,SPSR Nellore,2022-01-21,2022,01,0.0,IMD GRID MODEL
Andhra Pradesh,SPSR Nellore,2022-01-27,2022,01,0.626880873,IMD GRID MODEL
Andhra Pradesh,SPSR Nellore,2022-01-28,2022,01,4.275242138,IMD GRID MODEL
Andhra Pradesh,SPSR Nellore,2022-02-01,2022,02,0.0,IMD GRID MODEL
Andhra Pradesh,SPSR Nellore,2022-02-09,2022,02,0.0,IMD GRID MODEL
Andhra Pradesh,SPSR Nellore,2022-02-10,2022,02,0.0,IMD GRID MODEL
Andhra Pradesh,SPSR Nellore,2022-02-21,2022,02,0.0,IMD GRID MODEL
Andhra Pradesh,SPSR Nellore,2022-02-23,2022,02,0.0,IMD GRID MODEL
Andhra Pradesh,SPSR Nellore,2022-03-04,2022,03,0.0,IMD GRID MODEL
Andhra Pradesh,SPSR Nellore,2022-03-07,2022,03,0.0,IMD GRID MODEL
Andhra Pradesh,SPSR Nellore,2022-03-08,2022,03,0.0,IMD GRID MODEL
Andhra Pradesh,SPSR Nellore,2022-03-09,2022,03,0.0,IMD GRID MODEL
Andhra Pradesh,SPSR Nellore,2022-03-10,2022,03,0.0,IMD GRID MODEL
Andhra Pradesh,SPSR Nellore,2022-03-20,2022,03,2.11125e-05,IMD GRID MODEL
Andhra Pradesh,SPSR Nellore,2022-03-27,2022,03,0.0,IMD GRID MODEL
Andhra Pradesh,SPSR Nellore,2022-04-01,2022,04,0.0,IMD GRID MODEL
Andhra Pradesh,SPSR Nellore,2022-04-26,2022,04,0.0,IMD GRID MODEL
Andhra Pradesh,SPSR Nellore,2022-05-13,2022,05,10.4780597,IMD GRID MODEL
Andhra Pradesh,SPSR Nellore,2022-05-19,2022,05,3.574092789,IMD GRID MODEL
Andhra Pradesh,SPSR Nellore,2022-05-20,2022,05,0.454142521,IMD GRID MODEL
Andhra Pradesh,SPSR Nellore,2022-05-18,2022,05,0.71887049,IMD GRID MODEL
Andhra Pradesh,SPSR Nellore,2022-05-23,2022,05,0.0,IMD GRID MODEL
Andhra Pradesh,SPSR Nellore,2022-05-31,2022,05,0.002379794,IMD GRID MODEL
Andhra Pradesh,SPSR Nellore,2022-06-03,2022,06,0.0,IMD GRID MODEL
Andhra Pradesh,SPSR Nellore,2022-06-15,2022,06,15.11007634,IMD GRID MODEL
Andhra Pradesh,SPSR Nellore,2022-06-20,2022,06,5.318744575,IMD GRID MODEL
Andhra Pradesh,SPSR Nellore,2022-06-25,2022,06,0.294224148,IMD GRID MODEL
Andhra Pradesh,SPSR Nellore,2022-07-04,2022,07,0.235202239,IMD GRID MODEL
Andhra Pradesh,SPSR Nellore,2022-07-09,2022,07,2.887342098,IMD GRID MODEL
Andhra Pradesh,SPSR Nellore,2022-07-12,2022,07,2.398095952,IMD GRID MODEL
Andhra Pradesh,SPSR Nellore,2022-07-17,2022,07,1.037745105,IMD GRID MODEL
Andhra Pradesh,SPSR Nellore,2022-07-18,2022,07,15.03418481,IMD GRID MODEL
Andhra Pradesh,SPSR Nellore,2022-07-20,2022,07,0.894399112,IMD GRID MODEL
Andhra Pradesh,SPSR Nellore,2022-07-28,2022,07,0.0,IMD GRID MODEL
Andhra Pradesh,SPSR Nellore,2022-01-12,2022,01,0.0,IMD GRID MODEL
Andhra Pradesh,SPSR Nellore,2022-04-15,2022,04,0.0,IMD GRID MODEL
Andhra Pradesh,SPSR Nellore,2022-02-27,2022,02,0.0,IMD GRID MODEL
Andhra Pradesh,SPSR Nellore,2022-10-20,2022,10,2.6910427736,IMD GRID MODEL
Andhra Pradesh,SPSR Nellore,2022-10-25,2022,10,0.0,IMD GRID MODEL
Andhra Pradesh,SPSR Nellore,2022-10-31,2022,10,0.0,IMD GRID MODEL
Andhra Pradesh,SPSR Nellore,2022-11-01,2022,11,43.4937060817,IMD GRID MODEL
Andhra Pradesh,SPSR Nellore,2022-11-15,2022,11,11.4848189821,IMD GRID MODEL
Andhra Pradesh,SPSR Nellore,2022-11-25,2022,11,0.6894254907,IMD GRID MODEL
Andhra Pradesh,SPSR Nellore,2022-11-28,2022,11,0.0,IMD GRID MODEL
Andhra Pradesh,SPSR Nellore,2022-12-04,2022,12,1.866349392,IMD GRID MODEL
Andhra Pradesh,SPSR Nellore,2022-12-10,2022,12,92.2429983352,IMD GRID MODEL
Andhra Pradesh,SPSR Nellore,2022-12-14,2022,12,0.7236443243,IMD GRID MODEL
Andhra Pradesh,SPSR Nellore,2022-12-18,2022,12,0.1469081161,IMD GRID MODEL
Andhra Pradesh,SPSR Nellore,2022-12-25,2022,12,0.6904145359,IMD GRID MODEL
Andhra Pradesh,SPSR Nellore,2022-12-31,2022,12,0.0,IMD GRID MODEL
Andhra Pradesh,Srikakulam,2022-01-10,2022,01,0.0,IMD GRID MODEL
Andhra Pradesh,Srikakulam,2022-01-12,2022,01,0.305722198,IMD GRID MODEL
Andhra Pradesh,Srikakulam,2022-01-28,2022,01,0.0,IMD GRID MODEL
Andhra Pradesh,Srikakulam,2022-02-02,2022,02,0.0,IMD GRID MODEL
Andhra Pradesh,Srikakulam,2022-02-18,2022,02,0.0,IMD GRID MODEL
Andhra Pradesh,Srikakulam,2022-02-27,2022,02,0.0,IMD GRID MODEL
Andhra Pradesh,Srikakulam,2022-03-03,2022,03,0.0,IMD GRID MODEL
Andhra Pradesh,Srikakulam,2022-03-06,2022,03,0.0,IMD GRID MODEL
Andhra Pradesh,Srikakulam,2022-03-08,2022,03,0.0,IMD GRID MODEL
Andhra Pradesh,Srikakulam,2022-03-11,2022,03,0.0,IMD GRID MODEL
Andhra Pradesh,Srikakulam,2022-03-27,2022,03,0.0,IMD GRID MODEL
Andhra Pradesh,Srikakulam,2022-04-03,2022,04,0.0,IMD GRID MODEL
Andhra Pradesh,Srikakulam,2022-04-11,2022,04,0.0,IMD GRID MODEL
Andhra Pradesh,Srikakulam,2022-04-12,2022,04,0.0,IMD GRID MODEL
Andhra Pradesh,Srikakulam,2022-04-13,2022,04,0.0,IMD GRID MODEL
Andhra Pradesh,Srikakulam,2022-04-19,2022,04,0.0,IMD GRID MODEL
Andhra Pradesh,Srikakulam,2022-04-22,2022,04,0.0,IMD GRID MODEL
Andhra Pradesh,Srikakulam,2022-04-25,2022,04,0.0,IMD GRID MODEL
Andhra Pradesh,Srikakulam,2022-04-29,2022,04,0.0,IMD GRID MODEL
Andhra Pradesh,Srikakulam,2022-05-05,2022,05,0.0,IMD GRID MODEL
Andhra Pradesh,Srikakulam,2022-05-06,2022,05,1.557900982,IMD GRID MODEL
Andhra Pradesh,Srikakulam,2022-05-12,2022,05,10.77619547,IMD GRID MODEL
Andhra Pradesh,Srikakulam,2022-05-16,2022,05,0.0,IMD GRID MODEL
Andhra Pradesh,Srikakulam,2022-05-18,2022,05,0.0,IMD GRID MODEL
Andhra Pradesh,Srikakulam,2022-05-19,2022,05,0.0,IMD GRID MODEL
Andhra Pradesh,Srikakulam,2022-05-26,2022,05,0.0,IMD GRID MODEL
Andhra Pradesh,Srikakulam,2022-05-27,2022,05,3.395019767,IMD GRID MODEL
Andhra Pradesh,Srikakulam,2022-06-08,2022,06,0.0,IMD GRID MODEL
Andhra Pradesh,Srikakulam,2022-06-15,2022,06,3.277480758,IMD GRID MODEL
Andhra Pradesh,Srikakulam,2022-06-19,2022,06,0.044852188,IMD GRID MODEL
Andhra Pradesh,Srikakulam,2022-06-20,2022,06,0.070721674,IMD GRID MODEL
Andhra Pradesh,Srikakulam,2022-06-23,2022,06,0.01323438,IMD GRID MODEL
Andhra Pradesh,Srikakulam,2022-06-26,2022,06,0.863762203,IMD GRID MODEL
Andhra Pradesh,Srikakulam,2022-07-06,2022,07,22.7235722,IMD GRID MODEL
Andhra Pradesh,Srikakulam,2022-07-07,2022,07,0.932611206,IMD GRID MODEL
Andhra Pradesh,Srikakulam,2022-07-16,2022,07,0.148164629,IMD GRID MODEL
Andhra Pradesh,Srikakulam,2022-07-19,2022,07,0.939751794,IMD GRID MODEL
Andhra Pradesh,Srikakulam,2022-07-21,2022,07,14.97208021,IMD GRID MODEL
Andhra Pradesh,Srikakulam,2022-07-24,2022,07,2.040371228,IMD GRID MODEL
Andhra Pradesh,Srikakulam,2022-08-06,2022,08,3.469133204,IMD GRID MODEL
Andhra Pradesh,Srikakulam,2022-08-10,2022,08,3.141704689,IMD GRID MODEL
Andhra Pradesh,Srikakulam,2022-08-13,2022,08,1.466712081,IMD GRID MODEL
Andhra Pradesh,Srikakulam,2022-08-17,2022,08,2.781016679,IMD GRID MODEL
Andhra Pradesh,Srikakulam,2022-09-04,2022,09,4.609148707,IMD GRID MODEL
Andhra Pradesh,Srikakulam,2022-09-12,2022,09,2.178309774,IMD GRID MODEL
Andhra Pradesh,Srikakulam,2022-09-14,2022,09,10.17652477,IMD GRID MODEL
Andhra Pradesh,Srikakulam,2022-09-15,2022,09,0.115930724,IMD GRID MODEL
Andhra Pradesh,Srikakulam,2022-09-16,2022,09,0.0,IMD GRID MODEL
Andhra Pradesh,Srikakulam,2022-09-17,2022,09,0.0,IMD GRID MODEL
Andhra Pradesh,Srikakulam,2022-09-19,2022,09,14.49635487,IMD GRID MODEL
Andhra Pradesh,Srikakulam,2022-09-23,2022,09,0.678066938,IMD GRID MODEL
Andhra Pradesh,Srikakulam,2022-09-27,2022,09,7.782897207,IMD GRID MODEL
Andhra Pradesh,Srikakulam,2022-10-01,2022,10,0.967221801,IMD GRID MODEL
Andhra Pradesh,Srikakulam,2022-10-04,2022,10,3.150113372,IMD GRID MODEL
Andhra Pradesh,Srikakulam,2022-10-06,2022,10,18.5470626,IMD GRID MODEL
Andhra Pradesh,Srikakulam,2022-10-25,2022,10,0.0,IMD GRID MODEL
Andhra Pradesh,Srikakulam,2022-11-02,2022,11,0.0,IMD GRID MODEL
Andhra Pradesh,Srikakulam,2022-11-05,2022,11,0.0,IMD GRID MODEL
Andhra Pradesh,Srikakulam,2022-11-09,2022,11,0.0,IMD GRID MODEL
Andhra Pradesh,Srikakulam,2022-11-12,2022,11,0.0,IMD GRID MODEL
Andhra Pradesh,Srikakulam,2022-11-16,2022,11,0.0,IMD GRID MODEL
Andhra Pradesh,Srikakulam,2022-11-25,2022,11,0.2176643684,IMD GRID MODEL
Andhra Pradesh,Srikakulam,2022-11-26,2022,11,0.0,IMD GRID MODEL
Andhra Pradesh,Srikakulam,2022-12-05,2022,12,0.0,IMD GRID MODEL
Andhra Pradesh,Srikakulam,2022-12-14,2022,12,0.0032456931,IMD GRID MODEL
Andhra Pradesh,Srikakulam,2022-12-16,2022,12,0.0,IMD GRID MODEL
Andhra Pradesh,Srikakulam,2022-12-17,2022,12,0.0,IMD GRID MODEL
Andhra Pradesh,Srikakulam,2022-12-18,2022,12,0.0,IMD GRID MODEL
Andhra Pradesh,Srikakulam,2022-12-22,2022,12,0.0,IMD GRID MODEL
Andhra Pradesh,Srikakulam,2022-12-24,2022,12,0.0,IMD GRID MODEL
Andhra Pradesh,Srikakulam,2022-12-26,2022,12,0.0,IMD GRID MODEL
Andhra Pradesh,Srikakulam,2022-12-27,2022,12,0.0,IMD GRID MODEL
Andhra Pradesh,Srikakulam,2022-12-30,2022,12,0.0,IMD GRID MODEL
Andhra Pradesh,Visakhapatanam,2022-01-03,2022,01,0.066866754,IMD GRID MODEL
Andhra Pradesh,Visakhapatanam,2022-01-06,2022,01,0.0,IMD GRID MODEL
Andhra Pradesh,Visakhapatanam,2022-01-07,2022,01,0.0,IMD GRID MODEL
Andhra Pradesh,Visakhapatanam,2022-01-19,2022,01,0.0,IMD GRID MODEL
Andhra Pradesh,Y.S.R.,2022-11-29,2022,11,0.0,IMD GRID MODEL
Andhra Pradesh,Y.S.R.,2022-12-14,2022,12,0.0676796581,IMD GRID MODEL
Andhra Pradesh,Y.S.R.,2022-12-21,2022,12,0.0,IMD GRID MODEL
Andhra Pradesh,Y.S.R.,2022-12-29,2022,12,0.0,IMD GRID MODEL
Andhra Pradesh,Y.S.R.,2022-12-31,2022,12,0.0,IMD GRID MODEL
Andhra Pradesh,West Godavari,2022-11-07,2022,11,0.0,IMD GRID MODEL
Andhra Pradesh,West Godavari,2022-11-09,2022,11,0.0,IMD GRID MODEL
Andhra Pradesh,West Godavari,2022-11-23,2022,11,5.7020187145,IMD GRID MODEL
Andhra Pradesh,West Godavari,2022-11-26,2022,11,0.5094449928,IMD GRID MODEL
Andhra Pradesh,West Godavari,2022-12-01,2022,12,0.0,IMD GRID MODEL
Andhra Pradesh,West Godavari,2022-12-02,2022,12,0.0,IMD GRID MODEL
Andhra Pradesh,West Godavari,2022-12-07,2022,12,0.0,IMD GRID MODEL
Andhra Pradesh,West Godavari,2022-12-13,2022,12,0.4911971231,IMD GRID MODEL
Andhra Pradesh,West Godavari,2022-12-18,2022,12,0.0,IMD GRID MODEL
Andhra Pradesh,West Godavari,2022-12-24,2022,12,0.0,IMD GRID MODEL
Andhra Pradesh,West Godavari,2022-12-26,2022,12,0.0,IMD GRID MODEL
Andhra Pradesh,West Godavari,2022-12-30,2022,12,0.0,IMD GRID MODEL
Andhra Pradesh,Y S R Kadapa,2022-08-05,2022,08,7.537224994,IMD GRID MODEL
Andhra Pradesh,Y S R Kadapa,2022-08-07,2022,08,6.624492659,IMD GRID MODEL
Andhra Pradesh,Y S R Kadapa,2022-08-10,2022,08,0.453677142,IMD GRID MODEL
Andhra Pradesh,Y S R Kadapa,2022-08-22,2022,08,0.0,IMD GRID MODEL
Andhra Pradesh,Y S R Kadapa,2022-08-23,2022,08,1.905310857,IMD GRID MODEL
Andhra Pradesh,Y S R Kadapa,2022-08-25,2022,08,7.115897016,IMD GRID MODEL
Andhra Pradesh,Y S R Kadapa,2022-08-28,2022,08,10.82747698,IMD GRID MODEL
Andhra Pradesh,Y S R Kadapa,2022-09-01,2022,09,0.70098651,IMD GRID MODEL
Andhra Pradesh,Y S R Kadapa,2022-09-06,2022,09,1.460490963,IMD GRID MODEL
Andhra Pradesh,Y S R Kadapa,2022-09-07,2022,09,5.481054224,IMD GRID MODEL
Andhra Pradesh,Y S R Kadapa,2022-09-12,2022,09,0.092332827,IMD GRID MODEL
Andhra Pradesh,Y S R Kadapa,2022-09-22,2022,09,0.0,IMD GRID MODEL
Andhra Pradesh,Y S R Kadapa,2022-09-23,2022,09,0.0,IMD GRID MODEL
Andhra Pradesh,Y S R Kadapa,2022-09-25,2022,09,0.0,IMD GRID MODEL
Andhra Pradesh,Y S R Kadapa,2022-09-27,2022,09,5.620930171,IMD GRID MODEL
Andhra Pradesh,Y S R Kadapa,2022-09-28,2022,09,3.085100317,IMD GRID MODEL
Andhra Pradesh,Y S R Kadapa,2022-09-30,2022,09,24.08523646,IMD GRID MODEL
Andhra Pradesh,Y S R Kadapa,2022-10-03,2022,10,0.076579781,IMD GRID MODEL
Andhra Pradesh,Y S R Kadapa,2022-10-07,2022,10,17.91334167,IMD GRID MODEL
Andhra Pradesh,Y.S.R.,2022-01-01,2022,01,4.788997909,IMD GRID MODEL
Andhra Pradesh,Y.S.R.,2022-01-02,2022,01,0.610020052,IMD GRID MODEL
Andhra Pradesh,Y.S.R.,2022-01-03,2022,01,0.0,IMD GRID MODEL
Andhra Pradesh,Y.S.R.,2022-01-06,2022,01,0.0,IMD GRID MODEL
Andhra Pradesh,Y.S.R.,2022-01-07,2022,01,0.0,IMD GRID MODEL
Andhra Pradesh,Y.S.R.,2022-01-08,2022,01,0.0,IMD GRID MODEL
Andhra Pradesh,Y.S.R.,2022-01-24,2022,01,0.0,IMD GRID MODEL
Andhra Pradesh,Y.S.R.,2022-01-28,2022,01,0.107910569,IMD GRID MODEL
Andhra Pradesh,Y.S.R.,2022-02-02,2022,02,0.0,IMD GRID MODEL
Andhra Pradesh,Y.S.R.,2022-02-06,2022,02,0.0,IMD GRID MODEL
Andhra Pradesh,Y.S.R.,2022-02-07,2022,02,0.0,IMD GRID MODEL
Andhra Pradesh,Y.S.R.,2022-02-14,2022,02,0.0,IMD GRID MODEL
Andhra Pradesh,Y.S.R.,2022-02-15,2022,02,0.0,IMD GRID MODEL
Andhra Pradesh,Y.S.R.,2022-02-18,2022,02,0.0,IMD GRID MODEL
Andhra Pradesh,Y.S.R.,2022-02-27,2022,02,0.0,IMD GRID MODEL
Andhra Pradesh,Y.S.R.,2022-03-02,2022,03,0.0,IMD GRID MODEL
Andhra Pradesh,Y.S.R.,2022-03-04,2022,03,0.0,IMD GRID MODEL
Andhra Pradesh,Y.S.R.,2022-03-23,2022,03,0.315138928,IMD GRID MODEL
Andhra Pradesh,Y.S.R.,2022-03-27,2022,03,0.0,IMD GRID MODEL
Andhra Pradesh,Y.S.R.,2022-03-30,2022,03,0.0,IMD GRID MODEL
Andhra Pradesh,Y.S.R.,2022-04-02,2022,04,0.0,IMD GRID MODEL
Andhra Pradesh,Y.S.R.,2022-04-06,2022,04,0.0,IMD GRID MODEL
Andhra Pradesh,Y.S.R.,2022-04-15,2022,04,0.0,IMD GRID MODEL
Andhra Pradesh,Y.S.R.,2022-04-20,2022,04,0.138135829,IMD GRID MODEL
Andhra Pradesh,Y.S.R.,2022-04-25,2022,04,0.0,IMD GRID MODEL
Andhra Pradesh,Y.S.R.,2022-05-01,2022,05,0.001793826,IMD GRID MODEL
Andhra Pradesh,Y.S.R.,2022-05-03,2022,05,0.0,IMD GRID MODEL
Andhra Pradesh,Y.S.R.,2022-05-04,2022,05,0.390028625,IMD GRID MODEL
Andhra Pradesh,Y.S.R.,2022-05-09,2022,05,0.334636286,IMD GRID MODEL
Andhra Pradesh,Y.S.R.,2022-05-14,2022,05,0.995490483,IMD GRID MODEL
Andhra Pradesh,Y.S.R.,2022-05-15,2022,05,0.024959185,IMD GRID MODEL
Andhra Pradesh,Y.S.R.,2022-05-27,2022,05,1.035885021,IMD GRID MODEL
Andhra Pradesh,Y.S.R.,2022-05-31,2022,05,5.093063329,IMD GRID MODEL
Andhra Pradesh,Y.S.R.,2022-06-12,2022,06,0.000208331,IMD GRID MODEL
Andhra Pradesh,Y.S.R.,2022-06-19,2022,06,8.464854341,IMD GRID MODEL
Andhra Pradesh,Y.S.R.,2022-06-22,2022,06,0.055616069,IMD GRID MODEL
Andhra Pradesh,Y.S.R.,2022-06-23,2022,06,9.970555217,IMD GRID MODEL
Andhra Pradesh,Y.S.R.,2022-06-28,2022,06,1.377863784,IMD GRID MODEL
Andhra Pradesh,Y.S.R.,2022-07-02,2022,07,2.006924022,IMD GRID MODEL
Andhra Pradesh,Y.S.R.,2022-07-05,2022,07,0.155013629,IMD GRID MODEL
Andhra Pradesh,Y.S.R.,2022-07-08,2022,07,2.674476451,IMD GRID MODEL
Andhra Pradesh,Y.S.R.,2022-07-09,2022,07,1.679414717,IMD GRID MODEL
Andhra Pradesh,Y.S.R.,2022-07-16,2022,07,0.043732653,IMD GRID MODEL
Andhra Pradesh,Y.S.R.,2022-07-18,2022,07,4.413633599,IMD GRID MODEL
Andhra Pradesh,Y.S.R.,2022-07-22,2022,07,10.28717203,IMD GRID MODEL
Andhra Pradesh,Y.S.R.,2022-07-24,2022,07,0.594526148,IMD GRID MODEL
Andhra Pradesh,Y.S.R.,2022-07-25,2022,07,3.526665296,IMD GRID MODEL
Andhra Pradesh,Y.S.R.,2022-10-14,2022,10,6.0306993601,IMD GRID MODEL
Andhra Pradesh,Y.S.R.,2022-10-16,2022,10,0.1109408039,IMD GRID MODEL
Andhra Pradesh,Y.S.R.,2022-10-19,2022,10,0.3915786322,IMD GRID MODEL
Andhra Pradesh,Y.S.R.,2022-10-20,2022,10,4.158984589,IMD GRID MODEL
Andhra Pradesh,Y.S.R.,2022-10-24,2022,10,0.0,IMD GRID MODEL
Andhra Pradesh,Y.S.R.,2022-10-29,2022,10,1.5330769739,IMD GRID MODEL
Andhra Pradesh,Y.S.R.,2022-11-02,2022,11,12.313685348,IMD GRID MODEL
Andhra Pradesh,Y.S.R.,2022-11-08,2022,11,0.0,IMD GRID MODEL
Andhra Pradesh,Y.S.R.,2022-11-11,2022,11,0.5279722879,IMD GRID MODEL
Andhra Pradesh,Y.S.R.,2022-11-19,2022,11,0.0,IMD GRID MODEL
Andhra Pradesh,Y.S.R.,2022-11-21,2022,11,0.3125819864,IMD GRID MODEL
Andhra Pradesh,Anantapur,2022-01-08,2022,01,0.0,IMD GRID MODEL
Andhra Pradesh,Anantapur,2022-02-05,2022,02,0.0,IMD GRID MODEL
Andhra Pradesh,Anantapur,2022-03-12,2022,03,0.0,IMD GRID MODEL
Andhra Pradesh,Anantapur,2022-03-20,2022,03,1.136786104,IMD GRID MODEL
Andhra Pradesh,Anantapur,2022-05-20,2022,05,7.462703134,IMD GRID MODEL
Andhra Pradesh,Anantapur,2022-05-28,2022,05,0.0,IMD GRID MODEL
Andhra Pradesh,Anantapur,2022-06-05,2022,06,0.096102287,IMD GRID MODEL
Andhra Pradesh,Anantapur,2022-06-09,2022,06,0.0,IMD GRID MODEL
Andhra Pradesh,Anantapur,2022-06-29,2022,06,0.015650342,IMD GRID MODEL
Andhra Pradesh,Anantapur,2022-07-10,2022,07,2.97837612,IMD GRID MODEL
Andhra Pradesh,Anantapur,2022-07-23,2022,07,0.844511167,IMD GRID MODEL
Andhra Pradesh,Anantapur,2022-07-26,2022,07,7.872962551,IMD GRID MODEL
Andhra Pradesh,Anantapur,2022-07-28,2022,07,7.946693796,IMD GRID MODEL
Andhra Pradesh,Anantapur,2022-05-12,2022,05,12.7071207,IMD GRID MODEL
Andhra Pradesh,Anantapur,2022-03-10,2022,03,0.0,IMD GRID MODEL
Andhra Pradesh,Anantapur,2022-03-15,2022,03,0.0,IMD GRID MODEL
Andhra Pradesh,Anantapur,2022-03-21,2022,03,0.0,IMD GRID MODEL
Andhra Pradesh,Anantapur,2022-03-22,2022,03,1.708014167,IMD GRID MODEL
Andhra Pradesh,Anantapur,2022-05-18,2022,05,23.88101082,IMD GRID MODEL
Andhra Pradesh,Anantapur,2022-05-19,2022,05,26.4531293,IMD GRID MODEL
Andhra Pradesh,Anantapur,2022-06-01,2022,06,4.550916966,IMD GRID MODEL
Andhra Pradesh,Anantapur,2022-04-08,2022,04,0.0,IMD GRID MODEL
Andhra Pradesh,Anantapur,2022-04-09,2022,04,0.0,IMD GRID MODEL
Andhra Pradesh,Anantapur,2022-06-03,2022,06,7.819032932,IMD GRID MODEL
Andhra Pradesh,Anantapur,2022-06-12,2022,06,0.028672077,IMD GRID MODEL
Andhra Pradesh,Anantapur,2022-06-13,2022,06,4.45202773,IMD GRID MODEL
Andhra Pradesh,Anantapur,2022-04-18,2022,04,0.0,IMD GRID MODEL
Andhra Pradesh,Anantapur,2022-04-19,2022,04,0.850444674,IMD GRID MODEL
Andhra Pradesh,Anantapur,2022-04-21,2022,04,0.0,IMD GRID MODEL
Andhra Pradesh,Anantapur,2022-05-02,2022,05,2.467868634,IMD GRID MODEL
Andhra Pradesh,Anantapur,2022-07-12,2022,07,0.814099375,IMD GRID MODEL
Andhra Pradesh,Anantapur,2022-07-17,2022,07,0.332935418,IMD GRID MODEL
Andhra Pradesh,Anantapur,2022-07-19,2022,07,0.523421959,IMD GRID MODEL
Andhra Pradesh,Anantapur,2022-01-03,2022,01,0.0,IMD GRID MODEL
Andhra Pradesh,Anantapur,2022-01-05,2022,01,0.0,IMD GRID MODEL
Andhra Pradesh,Anantapur,2022-01-10,2022,01,0.0,IMD GRID MODEL
Andhra Pradesh,Anantapur,2022-01-12,2022,01,0.003636822,IMD GRID MODEL
Andhra Pradesh,Anantapur,2022-01-28,2022,01,0.028993746,IMD GRID MODEL
Andhra Pradesh,Anantapur,2022-01-29,2022,01,0.0,IMD GRID MODEL
Andhra Pradesh,Anantapur,2022-02-04,2022,02,0.0,IMD GRID MODEL
Andhra Pradesh,Anantapur,2022-02-17,2022,02,0.0,IMD GRID MODEL
Andhra Pradesh,Anantapur,2022-02-26,2022,02,0.0,IMD GRID MODEL
Andhra Pradesh,Anantapur,2022-03-02,2022,03,0.0,IMD GRID MODEL
Andhra Pradesh,Anantapur,2022-03-07,2022,03,0.0,IMD GRID MODEL
Andhra Pradesh,Anantapur,2022-10-14,2022,10,15.8675745953,IMD GRID MODEL
Andhra Pradesh,Anantapur,2022-10-19,2022,10,2.4362500765,IMD GRID MODEL
Andhra Pradesh,Anantapur,2022-10-20,2022,10,2.5014798229,IMD GRID MODEL
Andhra Pradesh,Anantapur,2022-10-27,2022,10,0.0,IMD GRID MODEL
Andhra Pradesh,Anantapur,2022-10-29,2022,10,0.0502716259,IMD GRID MODEL
Andhra Pradesh,Anantapur,2022-10-30,2022,10,0.1982428508,IMD GRID MODEL
Andhra Pradesh,Anantapur,2022-10-31,2022,10,0.0,IMD GRID MODEL
Andhra Pradesh,Anantapur,2022-11-05,2022,11,0.1043533123,IMD GRID MODEL
Andhra Pradesh,Visakhapatanam,2022-10-26,2022,10,0.0,IMD GRID MODEL
Andhra Pradesh,Visakhapatanam,2022-11-01,2022,11,0.0,IMD GRID MODEL
Andhra Pradesh,Visakhapatanam,2022-11-02,2022,11,0.213609138,IMD GRID MODEL
Andhra Pradesh,Visakhapatanam,2022-11-13,2022,11,0.0,IMD GRID MODEL
Andhra Pradesh,Visakhapatanam,2022-11-14,2022,11,0.0,IMD GRID MODEL
Andhra Pradesh,Visakhapatanam,2022-11-23,2022,11,0.0,IMD GRID MODEL
Andhra Pradesh,Visakhapatanam,2022-11-25,2022,11,3.4845339371,IMD GRID MODEL
Andhra Pradesh,Visakhapatanam,2022-11-27,2022,11,0.0,IMD GRID MODEL
Andhra Pradesh,Visakhapatanam,2022-12-02,2022,12,0.130117254,IMD GRID MODEL
Andhra Pradesh,Visakhapatanam,2022-12-06,2022,12,0.0,IMD GRID MODEL
Andhra Pradesh,Visakhapatanam,2022-12-10,2022,12,6.9512655179,IMD GRID MODEL
Andhra Pradesh,Visakhapatanam,2022-12-15,2022,12,0.0834896226,IMD GRID MODEL
Andhra Pradesh,Visakhapatanam,2022-12-19,2022,12,0.0,IMD GRID MODEL
Andhra Pradesh,Visakhapatanam,2022-12-23,2022,12,0.0,IMD GRID MODEL
Andhra Pradesh,Visakhapatanam,2022-12-24,2022,12,0.0,IMD GRID MODEL
Andhra Pradesh,Visakhapatanam,2022-12-25,2022,12,0.0,IMD GRID MODEL
Andhra Pradesh,Visakhapatanam,2022-12-29,2022,12,0.0188545361,IMD GRID MODEL
Andhra Pradesh,Vishakhapatnam,2022-07-31,2022,07,0.745346972,IMD GRID MODEL
Andhra Pradesh,Vishakhapatnam,2022-08-05,2022,08,2.833023961,IMD GRID MODEL
Andhra Pradesh,Vishakhapatnam,2022-08-07,2022,08,10.38747025,IMD GRID MODEL
Andhra Pradesh,Vishakhapatnam,2022-08-09,2022,08,11.58037916,IMD GRID MODEL
Andhra Pradesh,Vishakhapatnam,2022-08-11,2022,08,0.852572788,IMD GRID MODEL
Andhra Pradesh,Vishakhapatnam,2022-08-15,2022,08,6.430191402,IMD GRID MODEL
Andhra Pradesh,Vishakhapatnam,2022-08-16,2022,08,0.218818267,IMD GRID MODEL
Andhra Pradesh,Vishakhapatnam,2022-08-19,2022,08,3.736665876,IMD GRID MODEL
Andhra Pradesh,Vishakhapatnam,2022-08-24,2022,08,7.502148163,IMD GRID MODEL
Andhra Pradesh,Vishakhapatnam,2022-09-03,2022,09,0.111212603,IMD GRID MODEL
Andhra Pradesh,Vishakhapatnam,2022-09-06,2022,09,7.550620397,IMD GRID MODEL
Andhra Pradesh,Vishakhapatnam,2022-09-25,2022,09,1.832243746,IMD GRID MODEL
Andhra Pradesh,Vishakhapatnam,2022-09-26,2022,09,8.208686507,IMD GRID MODEL
Andhra Pradesh,Vizianagaram,2022-01-01,2022,01,0.0,IMD GRID MODEL
Andhra Pradesh,Vizianagaram,2022-01-10,2022,01,0.0,IMD GRID MODEL
Andhra Pradesh,Vizianagaram,2022-01-11,2022,01,0.029008936,IMD GRID MODEL
Andhra Pradesh,Vizianagaram,2022-01-13,2022,01,10.03425352,IMD GRID MODEL
Andhra Pradesh,Vizianagaram,2022-01-17,2022,01,0.0,IMD GRID MODEL
Andhra Pradesh,Vizianagaram,2022-01-20,2022,01,0.0,IMD GRID MODEL
Andhra Pradesh,Vizianagaram,2022-01-28,2022,01,0.0,IMD GRID MODEL
Andhra Pradesh,Vizianagaram,2022-02-08,2022,02,0.0,IMD GRID MODEL
Andhra Pradesh,Vizianagaram,2022-02-17,2022,02,0.0,IMD GRID MODEL
Andhra Pradesh,Vizianagaram,2022-02-23,2022,02,0.0,IMD GRID MODEL
Andhra Pradesh,Vizianagaram,2022-02-25,2022,02,0.0,IMD GRID MODEL
Andhra Pradesh,Vizianagaram,2022-02-27,2022,02,0.0,IMD GRID MODEL
Andhra Pradesh,Vizianagaram,2022-03-08,2022,03,0.0,IMD GRID MODEL
Andhra Pradesh,Vizianagaram,2022-03-14,2022,03,0.0,IMD GRID MODEL
Andhra Pradesh,Vizianagaram,2022-03-15,2022,03,0.0,IMD GRID MODEL
Andhra Pradesh,Vizianagaram,2022-03-16,2022,03,0.0,IMD GRID MODEL
Andhra Pradesh,Vizianagaram,2022-03-20,2022,03,0.0,IMD GRID MODEL
Andhra Pradesh,Vizianagaram,2022-03-24,2022,03,0.0,IMD GRID MODEL
Andhra Pradesh,Vizianagaram,2022-03-27,2022,03,0.0,IMD GRID MODEL
Andhra Pradesh,Vizianagaram,2022-04-03,2022,04,0.0,IMD GRID MODEL
Andhra Pradesh,Vizianagaram,2022-04-08,2022,04,0.0,IMD GRID MODEL
Andhra Pradesh,Vizianagaram,2022-05-11,2022,05,32.41808678,IMD GRID MODEL
Andhra Pradesh,Vizianagaram,2022-05-14,2022,05,0.0,IMD GRID MODEL
Andhra Pradesh,Vizianagaram,2022-05-17,2022,05,0.0,IMD GRID MODEL
Andhra Pradesh,Vizianagaram,2022-05-18,2022,05,0.002396932,IMD GRID MODEL
Andhra Pradesh,Vizianagaram,2022-05-19,2022,05,0.054721521,IMD GRID MODEL
Andhra Pradesh,Vizianagaram,2022-05-22,2022,05,0.0,IMD GRID MODEL
Andhra Pradesh,Vizianagaram,2022-05-23,2022,05,3.806626195,IMD GRID MODEL
Andhra Pradesh,Vizianagaram,2022-06-05,2022,06,0.0,IMD GRID MODEL
Andhra Pradesh,Vizianagaram,2022-06-10,2022,06,1.576429743,IMD GRID MODEL
Andhra Pradesh,Vizianagaram,2022-06-16,2022,06,1.188138035,IMD GRID MODEL
Andhra Pradesh,Vizianagaram,2022-06-19,2022,06,0.271242908,IMD GRID MODEL
Andhra Pradesh,Vizianagaram,2022-06-22,2022,06,1.511578272,IMD GRID MODEL
Andhra Pradesh,Vizianagaram,2022-07-05,2022,07,0.035357015,IMD GRID MODEL
Andhra Pradesh,Vizianagaram,2022-07-09,2022,07,69.44409314,IMD GRID MODEL
Andhra Pradesh,Vizianagaram,2022-07-20,2022,07,0.720696372,IMD GRID MODEL
Andhra Pradesh,Vizianagaram,2022-08-04,2022,08,5.830133096,IMD GRID MODEL
Andhra Pradesh,Vizianagaram,2022-08-10,2022,08,4.070165418,IMD GRID MODEL
Andhra Pradesh,Vizianagaram,2022-08-18,2022,08,0.816830675,IMD GRID MODEL
Andhra Pradesh,Vizianagaram,2022-08-21,2022,08,2.211890454,IMD GRID MODEL
Andhra Pradesh,Vizianagaram,2022-08-22,2022,08,1.928804312,IMD GRID MODEL
Andhra Pradesh,Vizianagaram,2022-08-23,2022,08,1.237474187,IMD GRID MODEL
Andhra Pradesh,Vizianagaram,2022-09-02,2022,09,0.360168256,IMD GRID MODEL
Andhra Pradesh,Vizianagaram,2022-09-05,2022,09,5.355200129,IMD GRID MODEL
Andhra Pradesh,Vizianagaram,2022-09-06,2022,09,3.626932067,IMD GRID MODEL
Andhra Pradesh,Vizianagaram,2022-09-12,2022,09,5.654925713,IMD GRID MODEL
Andhra Pradesh,Vizianagaram,2022-09-13,2022,09,17.22252764,IMD GRID MODEL
Andhra Pradesh,Vizianagaram,2022-09-14,2022,09,1.955568963,IMD GRID MODEL
Andhra Pradesh,Vizianagaram,2022-09-16,2022,09,0.000659532,IMD GRID MODEL
Andhra Pradesh,Vizianagaram,2022-09-19,2022,09,21.98693171,IMD GRID MODEL
Andhra Pradesh,Vizianagaram,2022-09-20,2022,09,14.80213326,IMD GRID MODEL
Andhra Pradesh,Vizianagaram,2022-09-23,2022,09,7.607017509,IMD GRID MODEL
Andhra Pradesh,Vizianagaram,2022-09-27,2022,09,4.724459557,IMD GRID MODEL
Andhra Pradesh,Vizianagaram,2022-10-01,2022,10,4.546121542,IMD GRID MODEL
Andhra Pradesh,Vizianagaram,2022-10-08,2022,10,22.32886299,IMD GRID MODEL
Andhra Pradesh,Vizianagaram,2022-10-15,2022,10,16.0239215146,IMD GRID MODEL
Andhra Pradesh,Vizianagaram,2022-10-18,2022,10,0.0109486522,IMD GRID MODEL
Andhra Pradesh,Vizianagaram,2022-10-19,2022,10,3.0350004503,IMD GRID MODEL
Andhra Pradesh,Vizianagaram,2022-10-20,2022,10,0.0504073363,IMD GRID MODEL
Andhra Pradesh,Vizianagaram,2022-10-29,2022,10,0.0,IMD GRID MODEL
Andhra Pradesh,Vizianagaram,2022-10-30,2022,10,0.0,IMD GRID MODEL
Andhra Pradesh,Vizianagaram,2022-11-01,2022,11,0.0,IMD GRID MODEL
Andhra Pradesh,Vizianagaram,2022-11-09,2022,11,0.0,IMD GRID MODEL
Andhra Pradesh,Vizianagaram,2022-11-10,2022,11,0.0,IMD GRID MODEL
Andhra Pradesh,Vizianagaram,2022-11-14,2022,11,0.0,IMD GRID MODEL
Andhra Pradesh,Vizianagaram,2022-11-15,2022,11,0.0,IMD GRID MODEL
Andhra Pradesh,Vizianagaram,2022-11-23,2022,11,0.0,IMD GRID MODEL
Andhra Pradesh,Vizianagaram,2022-11-29,2022,11,0.0,IMD GRID MODEL
Andhra Pradesh,Vizianagaram,2022-12-12,2022,12,0.9001464811,IMD GRID MODEL
Andhra Pradesh,Vizianagaram,2022-12-13,2022,12,0.1323722849,IMD GRID MODEL
Andhra Pradesh,Vizianagaram,2022-12-22,2022,12,0.0,IMD GRID MODEL
Andhra Pradesh,Vizianagaram,2022-12-23,2022,12,0.0,IMD GRID MODEL
Andhra Pradesh,Vizianagaram,2022-12-24,2022,12,0.0,IMD GRID MODEL
Andhra Pradesh,West Godavari,2022-01-05,2022,01,0.0,IMD GRID MODEL
Andhra Pradesh,West Godavari,2022-01-06,2022,01,0.0,IMD GRID MODEL
Andhra Pradesh,West Godavari,2022-01-16,2022,01,0.022287623,IMD GRID MODEL
Andhra Pradesh,West Godavari,2022-01-18,2022,01,0.0,IMD GRID MODEL
Andhra Pradesh,West Godavari,2022-01-27,2022,01,0.0,IMD GRID MODEL
Andhra Pradesh,West Godavari,2022-01-29,2022,01,0.0,IMD GRID MODEL
Andhra Pradesh,West Godavari,2022-01-30,2022,01,0.0,IMD GRID MODEL
Andhra Pradesh,West Godavari,2022-02-04,2022,02,0.0,IMD GRID MODEL
Andhra Pradesh,West Godavari,2022-02-06,2022,02,0.0,IMD GRID MODEL
Andhra Pradesh,West Godavari,2022-02-07,2022,02,0.0,IMD GRID MODEL
Andhra Pradesh,West Godavari,2022-02-09,2022,02,0.0,IMD GRID MODEL
Andhra Pradesh,West Godavari,2022-02-23,2022,02,1.851199439,IMD GRID MODEL
Andhra Pradesh,West Godavari,2022-02-27,2022,02,0.0,IMD GRID MODEL
Andhra Pradesh,West Godavari,2022-03-05,2022,03,0.0,IMD GRID MODEL
Andhra Pradesh,West Godavari,2022-03-11,2022,03,0.0,IMD GRID MODEL
Andhra Pradesh,West Godavari,2022-03-17,2022,03,0.0,IMD GRID MODEL
Andhra Pradesh,West Godavari,2022-03-19,2022,03,0.0,IMD GRID MODEL
Andhra Pradesh,West Godavari,2022-03-28,2022,03,0.0,IMD GRID MODEL
Andhra Pradesh,West Godavari,2022-04-11,2022,04,0.0,IMD GRID MODEL
Andhra Pradesh,West Godavari,2022-04-25,2022,04,1.287131038,IMD GRID MODEL
Andhra Pradesh,West Godavari,2022-04-28,2022,04,0.101605785,IMD GRID MODEL
Andhra Pradesh,West Godavari,2022-05-10,2022,05,0.026368779,IMD GRID MODEL
Andhra Pradesh,West Godavari,2022-05-13,2022,05,0.109619534,IMD GRID MODEL
Andhra Pradesh,West Godavari,2022-05-16,2022,05,0.0,IMD GRID MODEL
Andhra Pradesh,West Godavari,2022-05-18,2022,05,0.0,IMD GRID MODEL
Andhra Pradesh,West Godavari,2022-06-07,2022,06,4.681351082,IMD GRID MODEL
Andhra Pradesh,West Godavari,2022-06-19,2022,06,0.857015039,IMD GRID MODEL
Andhra Pradesh,West Godavari,2022-06-21,2022,06,13.63646694,IMD GRID MODEL
Andhra Pradesh,West Godavari,2022-06-30,2022,06,12.49733552,IMD GRID MODEL
Andhra Pradesh,West Godavari,2022-07-04,2022,07,5.804909131,IMD GRID MODEL
Andhra Pradesh,West Godavari,2022-07-08,2022,07,18.63519321,IMD GRID MODEL
Andhra Pradesh,West Godavari,2022-07-27,2022,07,17.16346704,IMD GRID MODEL
Andhra Pradesh,West Godavari,2022-07-30,2022,07,8.023790673,IMD GRID MODEL
Andhra Pradesh,West Godavari,2022-08-01,2022,08,3.842476199,IMD GRID MODEL
Andhra Pradesh,West Godavari,2022-08-10,2022,08,3.283188338,IMD GRID MODEL
Andhra Pradesh,West Godavari,2022-08-11,2022,08,0.022134658,IMD GRID MODEL
Andhra Pradesh,West Godavari,2022-08-12,2022,08,2.999318763,IMD GRID MODEL
Andhra Pradesh,West Godavari,2022-08-21,2022,08,0.817191637,IMD GRID MODEL
Andhra Pradesh,West Godavari,2022-08-31,2022,08,0.764691764,IMD GRID MODEL
Andhra Pradesh,West Godavari,2022-09-04,2022,09,1.622445648,IMD GRID MODEL
Andhra Pradesh,West Godavari,2022-09-12,2022,09,3.898634973,IMD GRID MODEL
Andhra Pradesh,West Godavari,2022-09-20,2022,09,13.40496169,IMD GRID MODEL
Andhra Pradesh,West Godavari,2022-09-25,2022,09,0.552905168,IMD GRID MODEL
Andhra Pradesh,West Godavari,2022-09-28,2022,09,2.236432325,IMD GRID MODEL
Andhra Pradesh,West Godavari,2022-10-01,2022,10,8.359133807,IMD GRID MODEL
Andhra Pradesh,West Godavari,2022-10-03,2022,10,1.978928632,IMD GRID MODEL
Andhra Pradesh,West Godavari,2022-10-04,2022,10,2.565589886,IMD GRID MODEL
Andhra Pradesh,West Godavari,2022-10-07,2022,10,23.46529457,IMD GRID MODEL
Andhra Pradesh,West Godavari,2022-10-15,2022,10,48.1829049459,IMD GRID MODEL
Andhra Pradesh,West Godavari,2022-10-25,2022,10,0.0,IMD GRID MODEL
Andhra Pradesh,West Godavari,2022-10-28,2022,10,0.0,IMD GRID MODEL
Andhra Pradesh,West Godavari,2022-10-30,2022,10,0.0,IMD GRID MODEL
Andhra Pradesh,West Godavari,2022-11-05,2022,11,3.5193090015,IMD GRID MODEL
Andhra Pradesh,West Godavari,2022-11-17,2022,11,0.0,IMD GRID MODEL
Andhra Pradesh,West Godavari,2022-11-20,2022,11,0.0,IMD GRID MODEL
Andhra Pradesh,West Godavari,2022-11-27,2022,11,0.0,IMD GRID MODEL
Andhra Pradesh,West Godavari,2022-11-28,2022,11,0.0,IMD GRID MODEL
Andhra Pradesh,West Godavari,2022-12-04,2022,12,1.285382486,IMD GRID MODEL
Andhra Pradesh,West Godavari,2022-12-17,2022,12,0.0,IMD GRID MODEL
Andhra Pradesh,West Godavari,2022-12-19,2022,12,0.0,IMD GRID MODEL
Andhra Pradesh,West Godavari,2022-12-22,2022,12,0.0,IMD GRID MODEL
Andhra Pradesh,Y S R Kadapa,2022-07-30,2022,07,0.099732303,IMD GRID MODEL
Andhra Pradesh,Y S R Kadapa,2022-07-31,2022,07,7.430865192,IMD GRID MODEL
Andhra Pradesh,Y S R Kadapa,2022-08-01,2022,08,11.26712227,IMD GRID MODEL
Andhra Pradesh,Y S R Kadapa,2022-08-08,2022,08,1.673062756,IMD GRID MODEL
Andhra Pradesh,Y S R Kadapa,2022-08-18,2022,08,0.0,IMD GRID MODEL
Andhra Pradesh,Y S R Kadapa,2022-08-20,2022,08,0.663657517,IMD GRID MODEL
Andhra Pradesh,Y S R Kadapa,2022-08-21,2022,08,0.005667152,IMD GRID MODEL
Andhra Pradesh,Y S R Kadapa,2022-09-10,2022,09,7.556346286,IMD GRID MODEL
Andhra Pradesh,Y S R Kadapa,2022-09-15,2022,09,3.463595081,IMD GRID MODEL
Andhra Pradesh,Y S R Kadapa,2022-09-16,2022,09,0.062699065,IMD GRID MODEL
Andhra Pradesh,Y S R Kadapa,2022-09-18,2022,09,0.0,IMD GRID MODEL
Andhra Pradesh,Y S R Kadapa,2022-10-02,2022,10,2.395011619,IMD GRID MODEL
Andhra Pradesh,Y S R Kadapa,2022-10-06,2022,10,13.14702186,IMD GRID MODEL
Andhra Pradesh,Y S R Kadapa,2022-10-10,2022,10,6.137859504,IMD GRID MODEL
Andhra Pradesh,Y S R Kadapa,2022-10-11,2022,10,0.689565153,IMD GRID MODEL
Andhra Pradesh,Y.S.R.,2022-01-04,2022,01,0.0,IMD GRID MODEL
Andhra Pradesh,Y.S.R.,2022-01-05,2022,01,0.0,IMD GRID MODEL
Andhra Pradesh,Y.S.R.,2022-01-11,2022,01,0.020056083,IMD GRID MODEL
Andhra Pradesh,Y.S.R.,2022-01-14,2022,01,4.354244501,IMD GRID MODEL
Andhra Pradesh,Y.S.R.,2022-01-25,2022,01,0.0,IMD GRID MODEL
Andhra Pradesh,Y.S.R.,2022-01-26,2022,01,0.738672335,IMD GRID MODEL
Andhra Pradesh,Y.S.R.,2022-01-29,2022,01,0.0,IMD GRID MODEL
Andhra Pradesh,Y.S.R.,2022-01-30,2022,01,0.0,IMD GRID MODEL
Andhra Pradesh,Y.S.R.,2022-02-01,2022,02,0.0,IMD GRID MODEL
Andhra Pradesh,Y.S.R.,2022-02-04,2022,02,0.0,IMD GRID MODEL
Andhra Pradesh,Y.S.R.,2022-02-10,2022,02,0.0,IMD GRID MODEL
Andhra Pradesh,Y.S.R.,2022-02-16,2022,02,0.0,IMD GRID MODEL
Andhra Pradesh,Prakasam,2022-12-06,2022,12,0.0,IMD GRID MODEL
Andhra Pradesh,Prakasam,2022-12-10,2022,12,15.6814048908,IMD GRID MODEL
Andhra Pradesh,Prakasam,2022-12-17,2022,12,0.0,IMD GRID MODEL
Andhra Pradesh,Prakasam,2022-12-19,2022,12,0.0,IMD GRID MODEL
Andhra Pradesh,Prakasam,2022-12-22,2022,12,0.0,IMD GRID MODEL
Andhra Pradesh,Prakasam,2022-12-26,2022,12,0.6217865521,IMD GRID MODEL
Andhra Pradesh,Prakasam,2022-12-28,2022,12,0.000149153,IMD GRID MODEL
Andhra Pradesh,Prakasam,2022-12-30,2022,12,0.0,IMD GRID MODEL
Andhra Pradesh,SPSR Nellore,2022-01-02,2022,01,0.835987924,IMD GRID MODEL
Andhra Pradesh,SPSR Nellore,2022-01-05,2022,01,0.0,IMD GRID MODEL
Andhra Pradesh,SPSR Nellore,2022-01-06,2022,01,0.0,IMD GRID MODEL
Andhra Pradesh,SPSR Nellore,2022-01-13,2022,01,9.70018641,IMD GRID MODEL
Andhra Pradesh,SPSR Nellore,2022-01-23,2022,01,0.0,IMD GRID MODEL
Andhra Pradesh,SPSR Nellore,2022-01-24,2022,01,0.0,IMD GRID MODEL
Andhra Pradesh,SPSR Nellore,2022-01-31,2022,01,0.0,IMD GRID MODEL
Andhra Pradesh,SPSR Nellore,2022-02-13,2022,02,0.0,IMD GRID MODEL
Andhra Pradesh,SPSR Nellore,2022-02-16,2022,02,0.0,IMD GRID MODEL
Andhra Pradesh,SPSR Nellore,2022-02-18,2022,02,0.0,IMD GRID MODEL
Andhra Pradesh,SPSR Nellore,2022-02-19,2022,02,0.0,IMD GRID MODEL
Andhra Pradesh,SPSR Nellore,2022-02-22,2022,02,0.0,IMD GRID MODEL
Andhra Pradesh,SPSR Nellore,2022-03-05,2022,03,0.042193208,IMD GRID MODEL
Andhra Pradesh,SPSR Nellore,2022-03-06,2022,03,0.0,IMD GRID MODEL
Andhra Pradesh,SPSR Nellore,2022-03-19,2022,03,0.0,IMD GRID MODEL
Andhra Pradesh,SPSR Nellore,2022-03-24,2022,03,0.0,IMD GRID MODEL
Andhra Pradesh,SPSR Nellore,2022-04-02,2022,04,0.0,IMD GRID MODEL
Andhra Pradesh,SPSR Nellore,2022-04-04,2022,04,0.0,IMD GRID MODEL
Andhra Pradesh,SPSR Nellore,2022-04-10,2022,04,0.0,IMD GRID MODEL
Andhra Pradesh,SPSR Nellore,2022-04-17,2022,04,0.0,IMD GRID MODEL
Andhra Pradesh,SPSR Nellore,2022-04-22,2022,04,0.0,IMD GRID MODEL
Andhra Pradesh,SPSR Nellore,2022-04-30,2022,04,0.0,IMD GRID MODEL
Andhra Pradesh,SPSR Nellore,2022-05-02,2022,05,9.881538837,IMD GRID MODEL
Andhra Pradesh,SPSR Nellore,2022-05-03,2022,05,0.0,IMD GRID MODEL
Andhra Pradesh,SPSR Nellore,2022-05-05,2022,05,4.061971381,IMD GRID MODEL
Andhra Pradesh,SPSR Nellore,2022-05-09,2022,05,0.009519175,IMD GRID MODEL
Andhra Pradesh,SPSR Nellore,2022-05-11,2022,05,25.09159704,IMD GRID MODEL
Andhra Pradesh,SPSR Nellore,2022-05-12,2022,05,59.81838926,IMD GRID MODEL
Andhra Pradesh,SPSR Nellore,2022-05-17,2022,05,0.828127189,IMD GRID MODEL
Andhra Pradesh,SPSR Nellore,2022-05-22,2022,05,0.0,IMD GRID MODEL
Andhra Pradesh,SPSR Nellore,2022-05-25,2022,05,0.051946301,IMD GRID MODEL
Andhra Pradesh,SPSR Nellore,2022-05-28,2022,05,0.081480856,IMD GRID MODEL
Andhra Pradesh,SPSR Nellore,2022-05-30,2022,05,0.0,IMD GRID MODEL
Andhra Pradesh,SPSR Nellore,2022-06-04,2022,06,0.0,IMD GRID MODEL
Andhra Pradesh,SPSR Nellore,2022-06-06,2022,06,19.62250284,IMD GRID MODEL
Andhra Pradesh,SPSR Nellore,2022-06-08,2022,06,0.021292038,IMD GRID MODEL
Andhra Pradesh,SPSR Nellore,2022-06-12,2022,06,0.0,IMD GRID MODEL
Andhra Pradesh,SPSR Nellore,2022-06-13,2022,06,1.606518769,IMD GRID MODEL
Andhra Pradesh,SPSR Nellore,2022-06-22,2022,06,0.953273791,IMD GRID MODEL
Andhra Pradesh,SPSR Nellore,2022-06-26,2022,06,0.22966197,IMD GRID MODEL
Andhra Pradesh,SPSR Nellore,2022-06-28,2022,06,11.02625303,IMD GRID MODEL
Andhra Pradesh,SPSR Nellore,2022-06-29,2022,06,0.000105563,IMD GRID MODEL
Andhra Pradesh,SPSR Nellore,2022-07-26,2022,07,17.99991017,IMD GRID MODEL
Andhra Pradesh,SPSR Nellore,2022-01-22,2022,01,0.0,IMD GRID MODEL
Andhra Pradesh,SPSR Nellore,2022-10-18,2022,10,0.4096354681,IMD GRID MODEL
Andhra Pradesh,SPSR Nellore,2022-10-19,2022,10,2.1173967432,IMD GRID MODEL
Andhra Pradesh,SPSR Nellore,2022-10-17,2022,10,2.2272154376,IMD GRID MODEL
Andhra Pradesh,SPSR Nellore,2022-11-05,2022,11,0.957311595,IMD GRID MODEL
Andhra Pradesh,SPSR Nellore,2022-11-08,2022,11,0.0,IMD GRID MODEL
Andhra Pradesh,SPSR Nellore,2022-11-16,2022,11,0.0,IMD GRID MODEL
Andhra Pradesh,SPSR Nellore,2022-11-24,2022,11,23.3737841652,IMD GRID MODEL
Andhra Pradesh,SPSR Nellore,2022-11-29,2022,11,0.0,IMD GRID MODEL
Andhra Pradesh,SPSR Nellore,2022-11-30,2022,11,0.0,IMD GRID MODEL
Andhra Pradesh,SPSR Nellore,2022-12-01,2022,12,0.7302353812,IMD GRID MODEL
Andhra Pradesh,SPSR Nellore,2022-12-03,2022,12,0.0511702501,IMD GRID MODEL
Andhra Pradesh,SPSR Nellore,2022-12-07,2022,12,0.0,IMD GRID MODEL
Andhra Pradesh,SPSR Nellore,2022-12-19,2022,12,0.056750092,IMD GRID MODEL
Andhra Pradesh,SPSR Nellore,2022-12-21,2022,12,0.0,IMD GRID MODEL
Andhra Pradesh,SPSR Nellore,2022-12-29,2022,12,0.0,IMD GRID MODEL
Andhra Pradesh,SPSR Nellore,2022-12-30,2022,12,0.0,IMD GRID MODEL
Andhra Pradesh,Srikakulam,2022-01-01,2022,01,0.0,IMD GRID MODEL
Andhra Pradesh,Srikakulam,2022-01-03,2022,01,0.0,IMD GRID MODEL
Andhra Pradesh,Srikakulam,2022-01-13,2022,01,1.76684143,IMD GRID MODEL
Andhra Pradesh,Srikakulam,2022-01-16,2022,01,0.037618231,IMD GRID MODEL
Andhra Pradesh,Srikakulam,2022-01-18,2022,01,0.0,IMD GRID MODEL
Andhra Pradesh,Srikakulam,2022-01-19,2022,01,0.0,IMD GRID MODEL
Andhra Pradesh,Srikakulam,2022-01-24,2022,01,0.0,IMD GRID MODEL
Andhra Pradesh,Srikakulam,2022-01-25,2022,01,1.11781801,IMD GRID MODEL
Andhra Pradesh,Srikakulam,2022-01-29,2022,01,0.0,IMD GRID MODEL
Andhra Pradesh,Srikakulam,2022-02-21,2022,02,0.0,IMD GRID MODEL
Andhra Pradesh,Srikakulam,2022-02-24,2022,02,0.0,IMD GRID MODEL
Andhra Pradesh,Srikakulam,2022-03-14,2022,03,0.0,IMD GRID MODEL
Andhra Pradesh,Srikakulam,2022-03-19,2022,03,0.0,IMD GRID MODEL
Andhra Pradesh,Srikakulam,2022-03-21,2022,03,0.0,IMD GRID MODEL
Andhra Pradesh,Srikakulam,2022-03-22,2022,03,4.748849657,IMD GRID MODEL
Andhra Pradesh,Srikakulam,2022-03-25,2022,03,0.0,IMD GRID MODEL
Andhra Pradesh,Srikakulam,2022-03-26,2022,03,0.0,IMD GRID MODEL
Andhra Pradesh,Srikakulam,2022-03-31,2022,03,0.0,IMD GRID MODEL
Andhra Pradesh,Srikakulam,2022-04-16,2022,04,0.0,IMD GRID MODEL
Andhra Pradesh,Srikakulam,2022-04-18,2022,04,0.074773868,IMD GRID MODEL
Andhra Pradesh,Srikakulam,2022-04-20,2022,04,0.0,IMD GRID MODEL
Andhra Pradesh,Srikakulam,2022-04-21,2022,04,0.0,IMD GRID MODEL
Andhra Pradesh,Srikakulam,2022-04-27,2022,04,0.057862573,IMD GRID MODEL
Andhra Pradesh,Srikakulam,2022-05-07,2022,05,0.0,IMD GRID MODEL
Andhra Pradesh,Srikakulam,2022-05-09,2022,05,0.054114989,IMD GRID MODEL
Andhra Pradesh,Srikakulam,2022-05-14,2022,05,0.0,IMD GRID MODEL
Andhra Pradesh,Srikakulam,2022-05-30,2022,05,2.014919509,IMD GRID MODEL
Andhra Pradesh,Srikakulam,2022-06-06,2022,06,10.37998523,IMD GRID MODEL
Andhra Pradesh,Srikakulam,2022-06-11,2022,06,0.215905919,IMD GRID MODEL
Andhra Pradesh,Srikakulam,2022-06-13,2022,06,5.145175678,IMD GRID MODEL
Andhra Pradesh,Srikakulam,2022-06-22,2022,06,0.082516704,IMD GRID MODEL
Andhra Pradesh,Srikakulam,2022-06-24,2022,06,13.08150156,IMD GRID MODEL
Andhra Pradesh,Srikakulam,2022-06-27,2022,06,2.139151782,IMD GRID MODEL
Andhra Pradesh,Srikakulam,2022-07-08,2022,07,3.132004842,IMD GRID MODEL
Andhra Pradesh,Srikakulam,2022-07-15,2022,07,0.375804226,IMD GRID MODEL
Andhra Pradesh,Srikakulam,2022-07-18,2022,07,7.747538183,IMD GRID MODEL
Andhra Pradesh,Srikakulam,2022-07-30,2022,07,0.208066842,IMD GRID MODEL
Andhra Pradesh,Srikakulam,2022-08-02,2022,08,1.227197049,IMD GRID MODEL
Andhra Pradesh,Srikakulam,2022-08-08,2022,08,9.214927615,IMD GRID MODEL
Andhra Pradesh,Srikakulam,2022-08-11,2022,08,0.240752114,IMD GRID MODEL
Andhra Pradesh,Srikakulam,2022-08-12,2022,08,0.454242316,IMD GRID MODEL
Andhra Pradesh,Srikakulam,2022-08-25,2022,08,2.388006751,IMD GRID MODEL
Andhra Pradesh,Srikakulam,2022-09-02,2022,09,0.023349617,IMD GRID MODEL
Andhra Pradesh,Srikakulam,2022-09-07,2022,09,1.084822117,IMD GRID MODEL
Andhra Pradesh,Srikakulam,2022-09-13,2022,09,16.75920226,IMD GRID MODEL
Andhra Pradesh,Srikakulam,2022-09-18,2022,09,5.003554889,IMD GRID MODEL
Andhra Pradesh,Srikakulam,2022-09-22,2022,09,0.157402973,IMD GRID MODEL
Andhra Pradesh,Srikakulam,2022-10-03,2022,10,4.920390785,IMD GRID MODEL
Andhra Pradesh,Srikakulam,2022-10-21,2022,10,0.1628921756,IMD GRID MODEL
Andhra Pradesh,Srikakulam,2022-10-17,2022,10,0.5013846426,IMD GRID MODEL
Andhra Pradesh,Srikakulam,2022-11-07,2022,11,0.0,IMD GRID MODEL
Andhra Pradesh,Srikakulam,2022-11-10,2022,11,0.0,IMD GRID MODEL
Andhra Pradesh,Srikakulam,2022-11-15,2022,11,0.0,IMD GRID MODEL
Andhra Pradesh,Srikakulam,2022-11-22,2022,11,0.0691976437,IMD GRID MODEL
Andhra Pradesh,Srikakulam,2022-11-24,2022,11,0.0,IMD GRID MODEL
Andhra Pradesh,Srikakulam,2022-11-28,2022,11,0.0,IMD GRID MODEL
Andhra Pradesh,Srikakulam,2022-11-29,2022,11,0.0,IMD GRID MODEL
Andhra Pradesh,Srikakulam,2022-12-01,2022,12,0.0,IMD GRID MODEL
Andhra Pradesh,Srikakulam,2022-12-10,2022,12,5.6784389034,IMD GRID MODEL
Andhra Pradesh,Srikakulam,2022-12-23,2022,12,0.0,IMD GRID MODEL
Andhra Pradesh,Srikakulam,2022-12-25,2022,12,0.0,IMD GRID MODEL
Andhra Pradesh,Visakhapatanam,2022-01-04,2022,01,0.0,IMD GRID MODEL
Andhra Pradesh,Visakhapatanam,2022-01-09,2022,01,0.0,IMD GRID MODEL
Andhra Pradesh,Visakhapatanam,2022-01-18,2022,01,0.0,IMD GRID MODEL
Andhra Pradesh,Visakhapatanam,2022-01-25,2022,01,3.402797506,IMD GRID MODEL
Andhra Pradesh,Visakhapatanam,2022-01-27,2022,01,0.0,IMD GRID MODEL
Andhra Pradesh,Visakhapatanam,2022-02-02,2022,02,0.257012165,IMD GRID MODEL
Andhra Pradesh,Visakhapatanam,2022-02-03,2022,02,0.086154943,IMD GRID MODEL
Andhra Pradesh,Visakhapatanam,2022-02-04,2022,02,0.066866754,IMD GRID MODEL
Andhra Pradesh,Visakhapatanam,2022-02-08,2022,02,0.0,IMD GRID MODEL
Andhra Pradesh,Visakhapatanam,2022-02-09,2022,02,0.0,IMD GRID MODEL
Andhra Pradesh,Visakhapatanam,2022-02-12,2022,02,1.971059607,IMD GRID MODEL
Andhra Pradesh,Visakhapatanam,2022-02-13,2022,02,0.0,IMD GRID MODEL
Andhra Pradesh,Visakhapatanam,2022-02-14,2022,02,0.0,IMD GRID MODEL
Andhra Pradesh,Visakhapatanam,2022-02-21,2022,02,0.0,IMD GRID MODEL
Andhra Pradesh,Visakhapatanam,2022-03-03,2022,03,0.0,IMD GRID MODEL
Andhra Pradesh,Visakhapatanam,2022-03-06,2022,03,0.0,IMD GRID MODEL
Andhra Pradesh,Visakhapatanam,2022-03-09,2022,03,0.0,IMD GRID MODEL
Andhra Pradesh,Visakhapatanam,2022-03-15,2022,03,0.0,IMD GRID MODEL
Andhra Pradesh,Visakhapatanam,2022-03-20,2022,03,0.133897042,IMD GRID MODEL
Andhra Pradesh,Visakhapatanam,2022-03-22,2022,03,5.07284671,IMD GRID MODEL
Andhra Pradesh,Visakhapatanam,2022-04-01,2022,04,1.393015515,IMD GRID MODEL
Andhra Pradesh,Visakhapatanam,2022-04-03,2022,04,0.0,IMD GRID MODEL
Andhra Pradesh,Visakhapatanam,2022-04-11,2022,04,0.272276453,IMD GRID MODEL
Andhra Pradesh,Visakhapatanam,2022-04-12,2022,04,0.0,IMD GRID MODEL
Andhra Pradesh,Visakhapatanam,2022-04-14,2022,04,0.0,IMD GRID MODEL
Andhra Pradesh,Visakhapatanam,2022-05-03,2022,05,9.439706665,IMD GRID MODEL
Andhra Pradesh,Visakhapatanam,2022-05-08,2022,05,4.105543375,IMD GRID MODEL
Andhra Pradesh,Visakhapatanam,2022-05-14,2022,05,0.0,IMD GRID MODEL
Andhra Pradesh,Visakhapatanam,2022-05-15,2022,05,0.00220106,IMD GRID MODEL
Andhra Pradesh,Visakhapatanam,2022-05-17,2022,05,0.0,IMD GRID MODEL
Andhra Pradesh,Visakhapatanam,2022-05-28,2022,05,0.001611351,IMD GRID MODEL
Andhra Pradesh,Visakhapatanam,2022-06-02,2022,06,0.158440777,IMD GRID MODEL
Andhra Pradesh,Visakhapatanam,2022-06-05,2022,06,0.000102319,IMD GRID MODEL
Andhra Pradesh,Visakhapatanam,2022-06-07,2022,06,8.274520654,IMD GRID MODEL
Andhra Pradesh,Visakhapatanam,2022-06-23,2022,06,0.314357949,IMD GRID MODEL
Andhra Pradesh,Visakhapatanam,2022-06-25,2022,06,13.46641832,IMD GRID MODEL
Andhra Pradesh,Visakhapatanam,2022-06-27,2022,06,3.652167354,IMD GRID MODEL
Andhra Pradesh,Visakhapatanam,2022-07-07,2022,07,3.490278569,IMD GRID MODEL
Andhra Pradesh,Visakhapatanam,2022-07-14,2022,07,3.247872414,IMD GRID MODEL
Andhra Pradesh,Visakhapatanam,2022-07-15,2022,07,0.947424032,IMD GRID MODEL
Andhra Pradesh,Visakhapatanam,2022-07-21,2022,07,3.167097438,IMD GRID MODEL
Andhra Pradesh,Visakhapatanam,2022-07-25,2022,07,1.933802523,IMD GRID MODEL
Andhra Pradesh,Visakhapatanam,2022-03-01,2022,03,0.0,IMD GRID MODEL
Andhra Pradesh,Visakhapatanam,2022-10-18,2022,10,1.2433581976,IMD GRID MODEL
Andhra Pradesh,Visakhapatanam,2022-10-19,2022,10,2.3004133721,IMD GRID MODEL
Andhra Pradesh,Y.S.R.,2022-11-28,2022,11,0.0,IMD GRID MODEL
Andhra Pradesh,Y.S.R.,2022-12-06,2022,12,0.0,IMD GRID MODEL
Andhra Pradesh,Y.S.R.,2022-12-19,2022,12,0.003418415,IMD GRID MODEL
Andhra Pradesh,Y.S.R.,2022-12-24,2022,12,0.0,IMD GRID MODEL
Andhra Pradesh,Y.S.R.,2022-12-25,2022,12,0.1407124847,IMD GRID MODEL
Andhra Pradesh,Y.S.R.,2022-02-24,2022,02,0.0,IMD GRID MODEL
Andhra Pradesh,Y.S.R.,2022-03-01,2022,03,0.0,IMD GRID MODEL
Andhra Pradesh,Y.S.R.,2022-03-16,2022,03,0.0,IMD GRID MODEL
Andhra Pradesh,Y.S.R.,2022-03-24,2022,03,0.0,IMD GRID MODEL
Andhra Pradesh,Y.S.R.,2022-04-03,2022,04,0.0,IMD GRID MODEL
Andhra Pradesh,Y.S.R.,2022-04-10,2022,04,0.0,IMD GRID MODEL
Andhra Pradesh,Y.S.R.,2022-04-13,2022,04,0.0,IMD GRID MODEL
Andhra Pradesh,Y.S.R.,2022-04-14,2022,04,0.00256095,IMD GRID MODEL
Andhra Pradesh,Y.S.R.,2022-04-21,2022,04,0.0,IMD GRID MODEL
Andhra Pradesh,Y.S.R.,2022-04-22,2022,04,0.0,IMD GRID MODEL
Andhra Pradesh,Y.S.R.,2022-04-26,2022,04,0.000624994,IMD GRID MODEL
Andhra Pradesh,Y.S.R.,2022-04-30,2022,04,0.097998351,IMD GRID MODEL
Andhra Pradesh,Y.S.R.,2022-05-06,2022,05,0.332721347,IMD GRID MODEL
Andhra Pradesh,Y.S.R.,2022-05-08,2022,05,0.006966971,IMD GRID MODEL
Andhra Pradesh,Y.S.R.,2022-05-11,2022,05,27.18370013,IMD GRID MODEL
Andhra Pradesh,Y.S.R.,2022-05-17,2022,05,13.51281105,IMD GRID MODEL
Andhra Pradesh,Y.S.R.,2022-05-21,2022,05,0.0,IMD GRID MODEL
Andhra Pradesh,Y.S.R.,2022-05-22,2022,05,0.0,IMD GRID MODEL
Andhra Pradesh,Y.S.R.,2022-05-23,2022,05,0.0,IMD GRID MODEL
Andhra Pradesh,Y.S.R.,2022-06-07,2022,06,0.0,IMD GRID MODEL
Andhra Pradesh,Y.S.R.,2022-06-10,2022,06,0.0,IMD GRID MODEL
Andhra Pradesh,Y.S.R.,2022-06-18,2022,06,2.768647854,IMD GRID MODEL
Andhra Pradesh,Y.S.R.,2022-06-24,2022,06,0.063811149,IMD GRID MODEL
Andhra Pradesh,Y.S.R.,2022-06-26,2022,06,0.059928033,IMD GRID MODEL
Andhra Pradesh,Y.S.R.,2022-07-01,2022,07,4.112112155,IMD GRID MODEL
Andhra Pradesh,Y.S.R.,2022-07-03,2022,07,0.17941694,IMD GRID MODEL
Andhra Pradesh,Y.S.R.,2022-07-12,2022,07,0.541988689,IMD GRID MODEL
Andhra Pradesh,Y.S.R.,2022-07-13,2022,07,1.540149924,IMD GRID MODEL
Andhra Pradesh,Y.S.R.,2022-07-20,2022,07,0.793201706,IMD GRID MODEL
Andhra Pradesh,Y.S.R.,2022-07-26,2022,07,4.687171656,IMD GRID MODEL
Andhra Pradesh,Y.S.R.,2022-07-28,2022,07,0.0099984,IMD GRID MODEL
Andhra Pradesh,Y.S.R.,2022-10-21,2022,10,2.5878627942,IMD GRID MODEL
Andhra Pradesh,Y.S.R.,2022-10-27,2022,10,0.0,IMD GRID MODEL
Andhra Pradesh,Y.S.R.,2022-10-28,2022,10,0.0036376847,IMD GRID MODEL
Andhra Pradesh,Y.S.R.,2022-11-09,2022,11,0.0,IMD GRID MODEL
Andhra Pradesh,Y.S.R.,2022-11-14,2022,11,13.581121063,IMD GRID MODEL
Andhra Pradesh,Y.S.R.,2022-11-15,2022,11,9.4961370562,IMD GRID MODEL
Andhra Pradesh,Y.S.R.,2022-11-17,2022,11,0.0,IMD GRID MODEL
Andhra Pradesh,Y.S.R.,2022-11-18,2022,11,0.0,IMD GRID MODEL
Andhra Pradesh,Y.S.R.,2022-11-20,2022,11,0.0,IMD GRID MODEL
Andhra Pradesh,Anantapur,2022-11-07,2022,11,0.0858069771,IMD GRID MODEL
Andhra Pradesh,Anantapur,2022-11-23,2022,11,4.008955841,IMD GRID MODEL
Andhra Pradesh,Anantapur,2022-11-26,2022,11,0.2026924491,IMD GRID MODEL
Andhra Pradesh,Anantapur,2022-11-29,2022,11,0.0,IMD GRID MODEL
Andhra Pradesh,Anantapur,2022-12-13,2022,12,7.6436069189,IMD GRID MODEL
Andhra Pradesh,Anantapur,2022-12-16,2022,12,0.0,IMD GRID MODEL
Andhra Pradesh,Anantapur,2022-12-17,2022,12,0.0,IMD GRID MODEL
Andhra Pradesh,Anantapur,2022-12-21,2022,12,0.0,IMD GRID MODEL
Andhra Pradesh,Anantapur,2022-12-24,2022,12,0.0,IMD GRID MODEL
Andhra Pradesh,Anantapur,2022-12-30,2022,12,0.0,IMD GRID MODEL
Andhra Pradesh,Ananthapur,2022-08-03,2022,08,21.27229271,IMD GRID MODEL
Andhra Pradesh,Ananthapur,2022-08-07,2022,08,3.000295932,IMD GRID MODEL
Andhra Pradesh,Ananthapur,2022-08-14,2022,08,0.084127647,IMD GRID MODEL
Andhra Pradesh,Ananthapur,2022-08-20,2022,08,0.0,IMD GRID MODEL
Andhra Pradesh,Ananthapur,2022-08-27,2022,08,16.53289258,IMD GRID MODEL
Andhra Pradesh,Ananthapur,2022-08-29,2022,08,14.04226806,IMD GRID MODEL
Andhra Pradesh,Ananthapur,2022-09-03,2022,09,0.0,IMD GRID MODEL
Andhra Pradesh,Ananthapur,2022-09-07,2022,09,13.85163709,IMD GRID MODEL
Andhra Pradesh,Ananthapur,2022-09-09,2022,09,3.574839543,IMD GRID MODEL
Andhra Pradesh,Ananthapur,2022-09-16,2022,09,0.565644499,IMD GRID MODEL
Andhra Pradesh,Ananthapur,2022-09-17,2022,09,0.0,IMD GRID MODEL
Andhra Pradesh,Ananthapur,2022-09-18,2022,09,0.0,IMD GRID MODEL
Andhra Pradesh,Ananthapur,2022-09-24,2022,09,0.022746272,IMD GRID MODEL
Andhra Pradesh,Ananthapur,2022-09-29,2022,09,5.438712408,IMD GRID MODEL
Andhra Pradesh,Ananthapur,2022-10-10,2022,10,4.4037532,IMD GRID MODEL
Andhra Pradesh,Chittoor,2022-01-01,2022,01,14.14490609,IMD GRID MODEL
Andhra Pradesh,Chittoor,2022-01-04,2022,01,0.0,IMD GRID MODEL
Andhra Pradesh,Chittoor,2022-01-14,2022,01,2.129212556,IMD GRID MODEL
Andhra Pradesh,Chittoor,2022-01-23,2022,01,0.0,IMD GRID MODEL
Andhra Pradesh,Chittoor,2022-01-28,2022,01,0.737394444,IMD GRID MODEL
Andhra Pradesh,Chittoor,2022-01-29,2022,01,0.0,IMD GRID MODEL
Andhra Pradesh,Chittoor,2022-01-30,2022,01,0.0,IMD GRID MODEL
Andhra Pradesh,Chittoor,2022-02-07,2022,02,0.0,IMD GRID MODEL
Andhra Pradesh,Chittoor,2022-02-14,2022,02,0.0,IMD GRID MODEL
Andhra Pradesh,Chittoor,2022-02-15,2022,02,0.0,IMD GRID MODEL
Andhra Pradesh,Chittoor,2022-02-17,2022,02,0.0,IMD GRID MODEL
Andhra Pradesh,Chittoor,2022-02-23,2022,02,0.0,IMD GRID MODEL
Andhra Pradesh,Chittoor,2022-03-02,2022,03,0.0,IMD GRID MODEL
Andhra Pradesh,Chittoor,2022-03-03,2022,03,0.0,IMD GRID MODEL
Andhra Pradesh,Chittoor,2022-03-05,2022,03,0.02593734,IMD GRID MODEL
Andhra Pradesh,Chittoor,2022-03-08,2022,03,0.0,IMD GRID MODEL
Andhra Pradesh,Chittoor,2022-03-24,2022,03,0.021668416,IMD GRID MODEL
Andhra Pradesh,Chittoor,2022-04-04,2022,04,0.0,IMD GRID MODEL
Andhra Pradesh,Chittoor,2022-04-16,2022,04,0.0,IMD GRID MODEL
Andhra Pradesh,Chittoor,2022-04-24,2022,04,0.021668416,IMD GRID MODEL
Andhra Pradesh,Chittoor,2022-04-25,2022,04,0.0,IMD GRID MODEL
Andhra Pradesh,Chittoor,2022-04-29,2022,04,0.0,IMD GRID MODEL
Andhra Pradesh,Chittoor,2022-05-04,2022,05,1.99974619,IMD GRID MODEL
Andhra Pradesh,Chittoor,2022-05-06,2022,05,3.53216363,IMD GRID MODEL
Andhra Pradesh,Chittoor,2022-05-09,2022,05,0.0,IMD GRID MODEL
Andhra Pradesh,Chittoor,2022-05-11,2022,05,17.13081784,IMD GRID MODEL
Andhra Pradesh,Chittoor,2022-05-17,2022,05,15.73419885,IMD GRID MODEL
Andhra Pradesh,Chittoor,2022-05-18,2022,05,13.09799872,IMD GRID MODEL
Andhra Pradesh,Chittoor,2022-05-21,2022,05,0.02158935,IMD GRID MODEL
Andhra Pradesh,Chittoor,2022-05-22,2022,05,0.0,IMD GRID MODEL
Andhra Pradesh,Chittoor,2022-05-23,2022,05,0.0,IMD GRID MODEL
Andhra Pradesh,Chittoor,2022-05-31,2022,05,0.103799842,IMD GRID MODEL
Andhra Pradesh,Chittoor,2022-06-08,2022,06,0.107361207,IMD GRID MODEL
Andhra Pradesh,Chittoor,2022-06-17,2022,06,4.995524497,IMD GRID MODEL
Andhra Pradesh,Chittoor,2022-06-19,2022,06,6.911070526,IMD GRID MODEL
Andhra Pradesh,Chittoor,2022-06-21,2022,06,8.912027178,IMD GRID MODEL
Andhra Pradesh,Chittoor,2022-07-01,2022,07,5.035328274,IMD GRID MODEL
Andhra Pradesh,Chittoor,2022-07-03,2022,07,0.145283708,IMD GRID MODEL
Andhra Pradesh,Chittoor,2022-07-12,2022,07,1.577465699,IMD GRID MODEL
Andhra Pradesh,Chittoor,2022-07-17,2022,07,6.729372314,IMD GRID MODEL
Andhra Pradesh,Chittoor,2022-07-18,2022,07,2.297857173,IMD GRID MODEL
Andhra Pradesh,Chittoor,2022-07-22,2022,07,3.994432065,IMD GRID MODEL
Andhra Pradesh,Chittoor,2022-07-26,2022,07,9.177242425,IMD GRID MODEL
Andhra Pradesh,Chittoor,2022-08-02,2022,08,19.52455452,IMD GRID MODEL
Andhra Pradesh,Chittoor,2022-08-08,2022,08,0.140282867,IMD GRID MODEL
Andhra Pradesh,Chittoor,2022-08-09,2022,08,0.73578486,IMD GRID MODEL
Andhra Pradesh,Chittoor,2022-08-12,2022,08,0.0,IMD GRID MODEL
Andhra Pradesh,Chittoor,2022-08-13,2022,08,0.178646955,IMD GRID MODEL
Andhra Pradesh,Chittoor,2022-08-18,2022,08,5.468151739,IMD GRID MODEL
Andhra Pradesh,Chittoor,2022-08-19,2022,08,0.302215572,IMD GRID MODEL
Andhra Pradesh,Chittoor,2022-08-22,2022,08,1.721883746,IMD GRID MODEL
Andhra Pradesh,Chittoor,2022-09-01,2022,09,5.662538495,IMD GRID MODEL
Andhra Pradesh,Chittoor,2022-09-11,2022,09,1.262272836,IMD GRID MODEL
Andhra Pradesh,Chittoor,2022-09-17,2022,09,1.487898255,IMD GRID MODEL
Andhra Pradesh,Chittoor,2022-09-18,2022,09,0.845368812,IMD GRID MODEL
Andhra Pradesh,Chittoor,2022-09-20,2022,09,0.265906245,IMD GRID MODEL
Andhra Pradesh,Chittoor,2022-09-22,2022,09,0.0,IMD GRID MODEL
Andhra Pradesh,Chittoor,2022-10-07,2022,10,11.732278,IMD GRID MODEL
Andhra Pradesh,Chittoor,2022-10-19,2022,10,8.191604186,IMD GRID MODEL
Andhra Pradesh,Chittoor,2022-10-20,2022,10,1.6925275554,IMD GRID MODEL
Andhra Pradesh,Chittoor,2022-11-03,2022,11,9.1165422025,IMD GRID MODEL
Andhra Pradesh,Chittoor,2022-11-04,2022,11,5.6670986398,IMD GRID MODEL
Andhra Pradesh,Chittoor,2022-11-06,2022,11,0.6381702835,IMD GRID MODEL
Andhra Pradesh,Chittoor,2022-11-08,2022,11,0.0,IMD GRID MODEL
Andhra Pradesh,Chittoor,2022-11-10,2022,11,1.2983052608,IMD GRID MODEL
Andhra Pradesh,Chittoor,2022-11-14,2022,11,13.9364560628,IMD GRID MODEL
Andhra Pradesh,Chittoor,2022-11-17,2022,11,0.0,IMD GRID MODEL
Andhra Pradesh,Chittoor,2022-11-21,2022,11,1.2977574416,IMD GRID MODEL
Andhra Pradesh,Chittoor,2022-11-30,2022,11,0.0,IMD GRID MODEL
Andhra Pradesh,Chittoor,2022-12-06,2022,12,0.0,IMD GRID MODEL
Andhra Pradesh,Chittoor,2022-12-12,2022,12,14.2152155841,IMD GRID MODEL
Andhra Pradesh,Chittoor,2022-12-14,2022,12,2.5920889659,IMD GRID MODEL
Andhra Pradesh,Chittoor,2022-12-16,2022,12,0.0,IMD GRID MODEL
Andhra Pradesh,Chittoor,2022-12-21,2022,12,0.0,IMD GRID MODEL
Andhra Pradesh,East Godavari,2022-01-02,2022,01,0.0,IMD GRID MODEL
Andhra Pradesh,East Godavari,2022-01-04,2022,01,0.0,IMD GRID MODEL
Andhra Pradesh,East Godavari,2022-01-05,2022,01,0.0,IMD GRID MODEL
Andhra Pradesh,East Godavari,2022-01-09,2022,01,0.0,IMD GRID MODEL
Andhra Pradesh,East Godavari,2022-01-18,2022,01,0.0,IMD GRID MODEL
Andhra Pradesh,East Godavari,2022-01-22,2022,01,0.0,IMD GRID MODEL
Andhra Pradesh,East Godavari,2022-01-27,2022,01,0.0,IMD GRID MODEL
Andhra Pradesh,East Godavari,2022-02-06,2022,02,0.0,IMD GRID MODEL
Andhra Pradesh,East Godavari,2022-02-20,2022,02,0.0,IMD GRID MODEL
Andhra Pradesh,East Godavari,2022-02-21,2022,02,0.0,IMD GRID MODEL
Andhra Pradesh,East Godavari,2022-02-26,2022,02,0.0,IMD GRID MODEL
Andhra Pradesh,East Godavari,2022-02-28,2022,02,0.0,IMD GRID MODEL
Andhra Pradesh,East Godavari,2022-02-24,2022,02,0.0,IMD GRID MODEL
Andhra Pradesh,East Godavari,2022-03-01,2022,03,0.0,IMD GRID MODEL
Andhra Pradesh,East Godavari,2022-03-08,2022,03,0.0,IMD GRID MODEL
Andhra Pradesh,East Godavari,2022-03-11,2022,03,0.0,IMD GRID MODEL
Andhra Pradesh,East Godavari,2022-03-21,2022,03,0.0,IMD GRID MODEL
Andhra Pradesh,East Godavari,2022-04-07,2022,04,0.0,IMD GRID MODEL
Andhra Pradesh,East Godavari,2022-04-08,2022,04,0.0,IMD GRID MODEL
Andhra Pradesh,East Godavari,2022-04-12,2022,04,0.0,IMD GRID MODEL
Andhra Pradesh,East Godavari,2022-04-16,2022,04,0.062048815,IMD GRID MODEL
Andhra Pradesh,East Godavari,2022-04-19,2022,04,1.709077354,IMD GRID MODEL
Andhra Pradesh,East Godavari,2022-04-22,2022,04,0.161337124,IMD GRID MODEL
Andhra Pradesh,East Godavari,2022-04-25,2022,04,4.253108983,IMD GRID MODEL
Andhra Pradesh,East Godavari,2022-04-29,2022,04,0.123513561,IMD GRID MODEL
Andhra Pradesh,East Godavari,2022-04-30,2022,04,0.0,IMD GRID MODEL
Andhra Pradesh,East Godavari,2022-05-02,2022,05,3.77927668,IMD GRID MODEL
Andhra Pradesh,East Godavari,2022-05-04,2022,05,2.823265535,IMD GRID MODEL
Andhra Pradesh,East Godavari,2022-05-08,2022,05,0.416087114,IMD GRID MODEL
Andhra Pradesh,East Godavari,2022-05-23,2022,05,0.0,IMD GRID MODEL
Andhra Pradesh,East Godavari,2022-05-29,2022,05,0.157345878,IMD GRID MODEL
Andhra Pradesh,East Godavari,2022-06-03,2022,06,0.084485331,IMD GRID MODEL
Andhra Pradesh,East Godavari,2022-06-11,2022,06,0.503848253,IMD GRID MODEL
Andhra Pradesh,East Godavari,2022-06-14,2022,06,0.625698013,IMD GRID MODEL
Andhra Pradesh,East Godavari,2022-06-16,2022,06,9.217363453,IMD GRID MODEL
Andhra Pradesh,East Godavari,2022-06-21,2022,06,18.89770786,IMD GRID MODEL
Andhra Pradesh,East Godavari,2022-06-29,2022,06,1.361473324,IMD GRID MODEL
Andhra Pradesh,East Godavari,2022-07-08,2022,07,12.46832257,IMD GRID MODEL
Andhra Pradesh,East Godavari,2022-07-10,2022,07,10.97380498,IMD GRID MODEL
Andhra Pradesh,East Godavari,2022-07-12,2022,07,27.67941965,IMD GRID MODEL
Andhra Pradesh,East Godavari,2022-07-15,2022,07,3.341587074,IMD GRID MODEL
Andhra Pradesh,East Godavari,2022-07-16,2022,07,0.507446893,IMD GRID MODEL
Andhra Pradesh,East Godavari,2022-07-22,2022,07,3.508736595,IMD GRID MODEL
Andhra Pradesh,East Godavari,2022-07-30,2022,07,1.182644719,IMD GRID MODEL
Andhra Pradesh,East Godavari,2022-08-01,2022,08,6.962373006,IMD GRID MODEL
Andhra Pradesh,East Godavari,2022-08-08,2022,08,22.08810546,IMD GRID MODEL
Andhra Pradesh,East Godavari,2022-08-09,2022,08,10.01356128,IMD GRID MODEL
Andhra Pradesh,East Godavari,2022-08-12,2022,08,3.848298024,IMD GRID MODEL
Andhra Pradesh,East Godavari,2022-08-22,2022,08,0.990366627,IMD GRID MODEL
Andhra Pradesh,East Godavari,2022-08-23,2022,08,0.072873234,IMD GRID MODEL
Andhra Pradesh,East Godavari,2022-08-24,2022,08,3.700239954,IMD GRID MODEL
Andhra Pradesh,East Godavari,2022-08-26,2022,08,8.22973048,IMD GRID MODEL
Andhra Pradesh,East Godavari,2022-09-02,2022,09,0.73810621,IMD GRID MODEL
Andhra Pradesh,East Godavari,2022-09-09,2022,09,20.08478021,IMD GRID MODEL
Andhra Pradesh,East Godavari,2022-09-12,2022,09,11.26168008,IMD GRID MODEL
Andhra Pradesh,East Godavari,2022-09-14,2022,09,2.246272931,IMD GRID MODEL
Andhra Pradesh,East Godavari,2022-09-25,2022,09,2.22775392,IMD GRID MODEL
Andhra Pradesh,East Godavari,2022-09-28,2022,09,0.52286633,IMD GRID MODEL
Andhra Pradesh,East Godavari,2022-10-03,2022,10,10.88143105,IMD GRID MODEL
Andhra Pradesh,East Godavari,2022-10-20,2022,10,3.0012721652,IMD GRID MODEL
Andhra Pradesh,East Godavari,2022-10-23,2022,10,0.0,IMD GRID MODEL
Andhra Pradesh,East Godavari,2022-10-25,2022,10,0.0,IMD GRID MODEL
Andhra Pradesh,East Godavari,2022-10-29,2022,10,0.0,IMD GRID MODEL
Andhra Pradesh,East Godavari,2022-11-15,2022,11,0.0,IMD GRID MODEL
Andhra Pradesh,East Godavari,2022-11-17,2022,11,0.0,IMD GRID MODEL
Andhra Pradesh,East Godavari,2022-11-23,2022,11,1.728500885,IMD GRID MODEL
Andhra Pradesh,East Godavari,2022-11-26,2022,11,0.1990667089,IMD GRID MODEL
Andhra Pradesh,East Godavari,2022-12-07,2022,12,0.0,IMD GRID MODEL
Andhra Pradesh,East Godavari,2022-12-11,2022,12,9.0855497429,IMD GRID MODEL
Andhra Pradesh,East Godavari,2022-12-12,2022,12,5.9525020659,IMD GRID MODEL
Andhra Pradesh,East Godavari,2022-12-15,2022,12,0.235950884,IMD GRID MODEL
Andhra Pradesh,East Godavari,2022-12-22,2022,12,0.0,IMD GRID MODEL
Andhra Pradesh,East Godavari,2022-12-31,2022,12,0.0,IMD GRID MODEL
Andhra Pradesh,Guntur,2022-01-02,2022,01,0.0,IMD GRID MODEL
Andhra Pradesh,Guntur,2022-01-24,2022,01,0.477694901,IMD GRID MODEL
Andhra Pradesh,Guntur,2022-01-25,2022,01,0.052140517,IMD GRID MODEL
Andhra Pradesh,Guntur,2022-02-01,2022,02,0.0,IMD GRID MODEL
Andhra Pradesh,Guntur,2022-02-05,2022,02,0.0,IMD GRID MODEL
Andhra Pradesh,Guntur,2022-02-11,2022,02,0.0,IMD GRID MODEL
Andhra Pradesh,Guntur,2022-02-15,2022,02,0.0,IMD GRID MODEL
Andhra Pradesh,Guntur,2022-02-16,2022,02,0.0,IMD GRID MODEL
Andhra Pradesh,Guntur,2022-03-04,2022,03,0.0,IMD GRID MODEL
Andhra Pradesh,Guntur,2022-03-11,2022,03,0.0,IMD GRID MODEL
Andhra Pradesh,Guntur,2022-03-23,2022,03,0.0,IMD GRID MODEL
Andhra Pradesh,Guntur,2022-03-29,2022,03,0.0,IMD GRID MODEL
Andhra Pradesh,Guntur,2022-04-03,2022,04,0.0,IMD GRID MODEL
Andhra Pradesh,Guntur,2022-04-04,2022,04,0.0,IMD GRID MODEL
Andhra Pradesh,Guntur,2022-04-17,2022,04,0.0,IMD GRID MODEL
Andhra Pradesh,Guntur,2022-04-23,2022,04,0.0,IMD GRID MODEL
Andhra Pradesh,Guntur,2022-04-26,2022,04,0.0,IMD GRID MODEL
Andhra Pradesh,Guntur,2022-05-07,2022,05,12.19251964,IMD GRID MODEL
Andhra Pradesh,Guntur,2022-05-11,2022,05,12.97684365,IMD GRID MODEL
Andhra Pradesh,Guntur,2022-05-16,2022,05,0.0,IMD GRID MODEL
Andhra Pradesh,Guntur,2022-05-20,2022,05,1.194690246,IMD GRID MODEL
Andhra Pradesh,Guntur,2022-05-21,2022,05,0.0,IMD GRID MODEL
Andhra Pradesh,Guntur,2022-05-26,2022,05,0.140228061,IMD GRID MODEL
Andhra Pradesh,Guntur,2022-05-28,2022,05,0.0,IMD GRID MODEL
Andhra Pradesh,Guntur,2022-05-31,2022,05,5.435237123,IMD GRID MODEL
Andhra Pradesh,Guntur,2022-06-01,2022,06,0.0,IMD GRID MODEL
Andhra Pradesh,Guntur,2022-06-03,2022,06,0.047284733,IMD GRID MODEL
Andhra Pradesh,Guntur,2022-06-14,2022,06,0.397212525,IMD GRID MODEL
Andhra Pradesh,Guntur,2022-06-15,2022,06,9.250711501,IMD GRID MODEL
Andhra Pradesh,Guntur,2022-06-17,2022,06,4.821753412,IMD GRID MODEL
Andhra Pradesh,Guntur,2022-06-23,2022,06,0.013287357,IMD GRID MODEL
Andhra Pradesh,Guntur,2022-07-25,2022,07,1.622778179,IMD GRID MODEL
Andhra Pradesh,Guntur,2022-07-28,2022,07,0.000677779,IMD GRID MODEL
Andhra Pradesh,Guntur,2022-08-07,2022,08,1.629383217,IMD GRID MODEL
Andhra Pradesh,Guntur,2022-08-12,2022,08,0.192575295,IMD GRID MODEL
Andhra Pradesh,Guntur,2022-08-13,2022,08,0.0,IMD GRID MODEL
Andhra Pradesh,Guntur,2022-08-23,2022,08,0.004636604,IMD GRID MODEL
Andhra Pradesh,Guntur,2022-09-05,2022,09,3.396212947,IMD GRID MODEL
Andhra Pradesh,Guntur,2022-09-06,2022,09,6.910340212,IMD GRID MODEL
Andhra Pradesh,Guntur,2022-09-07,2022,09,3.292970886,IMD GRID MODEL
Andhra Pradesh,Guntur,2022-09-11,2022,09,24.61082112,IMD GRID MODEL
Andhra Pradesh,Guntur,2022-09-15,2022,09,2.616288945,IMD GRID MODEL
Andhra Pradesh,Guntur,2022-09-25,2022,09,0.015147476,IMD GRID MODEL
Andhra Pradesh,Guntur,2022-09-28,2022,09,8.436408213,IMD GRID MODEL
Andhra Pradesh,Guntur,2022-10-01,2022,10,32.2201432,IMD GRID MODEL
Andhra Pradesh,Guntur,2022-10-03,2022,10,0.0,IMD GRID MODEL
Andhra Pradesh,Guntur,2022-10-04,2022,10,0.227211754,IMD GRID MODEL
Andhra Pradesh,Guntur,2022-10-14,2022,10,23.1853920278,IMD GRID MODEL
Andhra Pradesh,Guntur,2022-10-20,2022,10,1.035735627,IMD GRID MODEL
Andhra Pradesh,Guntur,2022-10-17,2022,10,13.327178416,IMD GRID MODEL
Andhra Pradesh,Guntur,2022-10-25,2022,10,0.0,IMD GRID MODEL
Andhra Pradesh,Guntur,2022-10-26,2022,10,0.0,IMD GRID MODEL
Andhra Pradesh,Guntur,2022-10-27,2022,10,0.0,IMD GRID MODEL
Andhra Pradesh,Guntur,2022-10-30,2022,10,0.0,IMD GRID MODEL
Andhra Pradesh,Guntur,2022-10-31,2022,10,0.0,IMD GRID MODEL
Andhra Pradesh,Guntur,2022-11-01,2022,11,4.3561708508,IMD GRID MODEL
Andhra Pradesh,Guntur,2022-11-02,2022,11,3.8900592617,IMD GRID MODEL
Andhra Pradesh,Guntur,2022-11-10,2022,11,0.0,IMD GRID MODEL
Andhra Pradesh,Guntur,2022-11-11,2022,11,0.0,IMD GRID MODEL
Andhra Pradesh,Guntur,2022-11-12,2022,11,0.418384523,IMD GRID MODEL
Andhra Pradesh,Guntur,2022-11-14,2022,11,0.0,IMD GRID MODEL
Andhra Pradesh,Guntur,2022-11-16,2022,11,0.0,IMD GRID MODEL
Andhra Pradesh,Guntur,2022-11-24,2022,11,0.1011520685,IMD GRID MODEL
Andhra Pradesh,Guntur,2022-12-05,2022,12,0.0,IMD GRID MODEL
Andhra Pradesh,Guntur,2022-12-13,2022,12,2.7327011544,IMD GRID MODEL
Andhra Pradesh,Guntur,2022-12-21,2022,12,0.0,IMD GRID MODEL
Andhra Pradesh,Guntur,2022-12-23,2022,12,0.0,IMD GRID MODEL
Andhra Pradesh,Guntur,2022-12-28,2022,12,0.0547169082,IMD GRID MODEL
Andhra Pradesh,Krishna,2022-01-03,2022,01,0.0,IMD GRID MODEL
Andhra Pradesh,Krishna,2022-01-07,2022,01,0.0,IMD GRID MODEL
Andhra Pradesh,Krishna,2022-01-17,2022,01,0.0,IMD GRID MODEL
Andhra Pradesh,Krishna,2022-01-23,2022,01,0.0,IMD GRID MODEL
Andhra Pradesh,Krishna,2022-01-25,2022,01,0.317985312,IMD GRID MODEL
Andhra Pradesh,Krishna,2022-01-30,2022,01,0.0,IMD GRID MODEL
Andhra Pradesh,Krishna,2022-02-08,2022,02,0.0,IMD GRID MODEL
Andhra Pradesh,Krishna,2022-02-10,2022,02,0.0,IMD GRID MODEL
Andhra Pradesh,Krishna,2022-02-18,2022,02,0.0,IMD GRID MODEL
Andhra Pradesh,Krishna,2022-02-23,2022,02,0.005833153,IMD GRID MODEL
Andhra Pradesh,Krishna,2022-02-25,2022,02,0.0,IMD GRID MODEL
Andhra Pradesh,Krishna,2022-02-27,2022,02,0.0,IMD GRID MODEL
Andhra Pradesh,Krishna,2022-02-24,2022,02,0.0,IMD GRID MODEL
Andhra Pradesh,Krishna,2022-03-04,2022,03,0.0,IMD GRID MODEL
Andhra Pradesh,Krishna,2022-03-05,2022,03,0.0,IMD GRID MODEL
Andhra Pradesh,Krishna,2022-03-10,2022,03,0.0,IMD GRID MODEL
Andhra Pradesh,Krishna,2022-03-14,2022,03,0.0,IMD GRID MODEL
Andhra Pradesh,Krishna,2022-03-15,2022,03,0.0,IMD GRID MODEL
Andhra Pradesh,Krishna,2022-03-18,2022,03,0.0,IMD GRID MODEL
Andhra Pradesh,Krishna,2022-03-20,2022,03,0.0,IMD GRID MODEL
Andhra Pradesh,Krishna,2022-03-21,2022,03,0.0,IMD GRID MODEL
Andhra Pradesh,Krishna,2022-03-22,2022,03,1.054060547,IMD GRID MODEL
Andhra Pradesh,Krishna,2022-03-30,2022,03,0.0,IMD GRID MODEL
Andhra Pradesh,Krishna,2022-04-01,2022,04,0.0,IMD GRID MODEL
Andhra Pradesh,Krishna,2022-04-02,2022,04,0.0,IMD GRID MODEL
Andhra Pradesh,Krishna,2022-04-07,2022,04,0.0,IMD GRID MODEL
Andhra Pradesh,Krishna,2022-04-29,2022,04,0.0,IMD GRID MODEL
Andhra Pradesh,Krishna,2022-05-05,2022,05,0.510032317,IMD GRID MODEL
Andhra Pradesh,Krishna,2022-05-06,2022,05,0.135075978,IMD GRID MODEL
Andhra Pradesh,Krishna,2022-05-21,2022,05,0.0,IMD GRID MODEL
Andhra Pradesh,Krishna,2022-05-30,2022,05,0.59791367,IMD GRID MODEL
Andhra Pradesh,Krishna,2022-06-01,2022,06,0.000588114,IMD GRID MODEL
Andhra Pradesh,Krishna,2022-06-02,2022,06,0.0,IMD GRID MODEL
Andhra Pradesh,Krishna,2022-06-11,2022,06,0.679112879,IMD GRID MODEL
Andhra Pradesh,Krishna,2022-06-16,2022,06,21.89403559,IMD GRID MODEL
Andhra Pradesh,Krishna,2022-06-18,2022,06,1.395865165,IMD GRID MODEL
Andhra Pradesh,Krishna,2022-06-19,2022,06,0.370618321,IMD GRID MODEL
Andhra Pradesh,Krishna,2022-06-23,2022,06,0.092789481,IMD GRID MODEL
Andhra Pradesh,Krishna,2022-06-28,2022,06,17.68560458,IMD GRID MODEL
Andhra Pradesh,Krishna,2022-06-30,2022,06,2.809275027,IMD GRID MODEL
Andhra Pradesh,Krishna,2022-07-06,2022,07,21.88550166,IMD GRID MODEL
Andhra Pradesh,Krishna,2022-07-07,2022,07,1.555611347,IMD GRID MODEL
Andhra Pradesh,Krishna,2022-07-09,2022,07,18.40522423,IMD GRID MODEL
Andhra Pradesh,Krishna,2022-07-16,2022,07,0.046480521,IMD GRID MODEL
Andhra Pradesh,Krishna,2022-07-21,2022,07,2.395080982,IMD GRID MODEL
Andhra Pradesh,Krishna,2022-08-01,2022,08,0.057366447,IMD GRID MODEL
Andhra Pradesh,Krishna,2022-08-04,2022,08,2.014077443,IMD GRID MODEL
Andhra Pradesh,Krishna,2022-08-17,2022,08,10.48651841,IMD GRID MODEL
Andhra Pradesh,Krishna,2022-08-29,2022,08,7.018702085,IMD GRID MODEL
Andhra Pradesh,Krishna,2022-09-02,2022,09,2.147579824,IMD GRID MODEL
Andhra Pradesh,Krishna,2022-09-09,2022,09,11.33085219,IMD GRID MODEL
Andhra Pradesh,Krishna,2022-09-10,2022,09,31.34291109,IMD GRID MODEL
Andhra Pradesh,Krishna,2022-09-21,2022,09,0.616554094,IMD GRID MODEL
Andhra Pradesh,Krishna,2022-09-25,2022,09,0.0,IMD GRID MODEL
Andhra Pradesh,Krishna,2022-09-27,2022,09,20.96979981,IMD GRID MODEL
Andhra Pradesh,Krishna,2022-09-28,2022,09,20.95339482,IMD GRID MODEL
Andhra Pradesh,Krishna,2022-09-30,2022,09,0.597638206,IMD GRID MODEL
Andhra Pradesh,Krishna,2022-10-07,2022,10,27.64584218,IMD GRID MODEL
Andhra Pradesh,Krishna,2022-10-11,2022,10,5.627654068,IMD GRID MODEL
Andhra Pradesh,Krishna,2022-10-20,2022,10,3.4957690478,IMD GRID MODEL
Andhra Pradesh,Krishna,2022-10-24,2022,10,0.0,IMD GRID MODEL
Andhra Pradesh,Krishna,2022-10-25,2022,10,0.0,IMD GRID MODEL
Andhra Pradesh,Krishna,2022-11-02,2022,11,0.2209581937,IMD GRID MODEL
Andhra Pradesh,Krishna,2022-11-03,2022,11,0.7505081202,IMD GRID MODEL
Andhra Pradesh,Krishna,2022-11-17,2022,11,0.0,IMD GRID MODEL
Andhra Pradesh,Krishna,2022-11-22,2022,11,0.2488180155,IMD GRID MODEL
Andhra Pradesh,Krishna,2022-11-29,2022,11,0.0,IMD GRID MODEL
Andhra Pradesh,Krishna,2022-12-07,2022,12,0.0,IMD GRID MODEL
Andhra Pradesh,Krishna,2022-12-08,2022,12,0.0,IMD GRID MODEL
Andhra Pradesh,Krishna,2022-12-11,2022,12,12.9524511396,IMD GRID MODEL
Andhra Pradesh,Krishna,2022-12-26,2022,12,0.0,IMD GRID MODEL
Andhra Pradesh,Krishna,2022-12-30,2022,12,0.0,IMD GRID MODEL
Andhra Pradesh,Kurnool,2022-01-03,2022,01,0.0,IMD GRID MODEL
Andhra Pradesh,Kurnool,2022-01-04,2022,01,0.0,IMD GRID MODEL
Andhra Pradesh,Kurnool,2022-01-08,2022,01,0.0,IMD GRID MODEL
Andhra Pradesh,Kurnool,2022-01-11,2022,01,0.061670838,IMD GRID MODEL
Andhra Pradesh,Kurnool,2022-01-12,2022,01,0.000307715,IMD GRID MODEL
Andhra Pradesh,Kurnool,2022-01-13,2022,01,4.923029336,IMD GRID MODEL
Andhra Pradesh,Kurnool,2022-01-15,2022,01,0.296008202,IMD GRID MODEL
Andhra Pradesh,Kurnool,2022-01-17,2022,01,0.0,IMD GRID MODEL
Andhra Pradesh,Kurnool,2022-01-18,2022,01,0.0,IMD GRID MODEL
Andhra Pradesh,Kurnool,2022-01-24,2022,01,0.0,IMD GRID MODEL
Andhra Pradesh,Kurnool,2022-01-26,2022,01,0.0,IMD GRID MODEL
Andhra Pradesh,Kurnool,2022-02-21,2022,02,0.0,IMD GRID MODEL
Andhra Pradesh,Kurnool,2022-02-25,2022,02,0.0,IMD GRID MODEL
Andhra Pradesh,Kurnool,2022-03-09,2022,03,0.0,IMD GRID MODEL
Andhra Pradesh,Kurnool,2022-03-11,2022,03,0.0,IMD GRID MODEL
Andhra Pradesh,Kurnool,2022-03-12,2022,03,0.000369257,IMD GRID MODEL
Andhra Pradesh,Kurnool,2022-03-15,2022,03,0.0,IMD GRID MODEL
Andhra Pradesh,Kurnool,2022-04-01,2022,04,0.0,IMD GRID MODEL
Andhra Pradesh,Kurnool,2022-04-03,2022,04,0.044469079,IMD GRID MODEL
Andhra Pradesh,Kurnool,2022-04-10,2022,04,0.302272037,IMD GRID MODEL
Andhra Pradesh,Kurnool,2022-04-14,2022,04,0.0,IMD GRID MODEL
Andhra Pradesh,Kurnool,2022-04-18,2022,04,0.518158934,IMD GRID MODEL
Andhra Pradesh,Kurnool,2022-04-22,2022,04,0.081523028,IMD GRID MODEL
Andhra Pradesh,Kurnool,2022-04-24,2022,04,0.0,IMD GRID MODEL
Andhra Pradesh,Kurnool,2022-04-28,2022,04,0.440988937,IMD GRID MODEL
Andhra Pradesh,Kurnool,2022-05-01,2022,05,0.240877387,IMD GRID MODEL
Andhra Pradesh,Kurnool,2022-05-05,2022,05,0.00354963,IMD GRID MODEL
Andhra Pradesh,Kurnool,2022-05-07,2022,05,1.030385264,IMD GRID MODEL
Andhra Pradesh,Kurnool,2022-05-08,2022,05,0.037742249,IMD GRID MODEL
Andhra Pradesh,Kurnool,2022-05-12,2022,05,19.27430082,IMD GRID MODEL
Andhra Pradesh,Kurnool,2022-05-14,2022,05,5.254379661,IMD GRID MODEL
Andhra Pradesh,Kurnool,2022-05-18,2022,05,7.552006377,IMD GRID MODEL
Andhra Pradesh,Kurnool,2022-05-22,2022,05,0.072261779,IMD GRID MODEL
Andhra Pradesh,Kurnool,2022-05-23,2022,05,0.0,IMD GRID MODEL
Andhra Pradesh,Kurnool,2022-05-24,2022,05,0.0,IMD GRID MODEL
Andhra Pradesh,Kurnool,2022-05-25,2022,05,0.0,IMD GRID MODEL
Andhra Pradesh,Kurnool,2022-05-26,2022,05,0.091347224,IMD GRID MODEL
Andhra Pradesh,Kurnool,2022-06-06,2022,06,11.1227663,IMD GRID MODEL
Andhra Pradesh,Kurnool,2022-06-07,2022,06,0.034579893,IMD GRID MODEL
Andhra Pradesh,Kurnool,2022-06-08,2022,06,0.0,IMD GRID MODEL
Andhra Pradesh,Kurnool,2022-06-11,2022,06,0.0,IMD GRID MODEL
Andhra Pradesh,Kurnool,2022-06-13,2022,06,0.371588321,IMD GRID MODEL
Andhra Pradesh,Kurnool,2022-06-17,2022,06,14.45256288,IMD GRID MODEL
Andhra Pradesh,Kurnool,2022-08-01,2022,08,7.945170981,IMD GRID MODEL
Andhra Pradesh,Kurnool,2022-08-07,2022,08,1.899482149,IMD GRID MODEL
Andhra Pradesh,Kurnool,2022-08-12,2022,08,0.000184629,IMD GRID MODEL
Andhra Pradesh,Kurnool,2022-08-14,2022,08,0.010657022,IMD GRID MODEL
Andhra Pradesh,Kurnool,2022-08-31,2022,08,0.340378262,IMD GRID MODEL
Andhra Pradesh,Kurnool,2022-09-02,2022,09,9.052580535,IMD GRID MODEL
Andhra Pradesh,Kurnool,2022-09-04,2022,09,0.098356241,IMD GRID MODEL
Andhra Pradesh,Kurnool,2022-09-07,2022,09,3.980610022,IMD GRID MODEL
Andhra Pradesh,Kurnool,2022-09-12,2022,09,0.199198649,IMD GRID MODEL
Andhra Pradesh,Kurnool,2022-09-21,2022,09,6.15e-05,IMD GRID MODEL
Andhra Pradesh,Kurnool,2022-09-26,2022,09,3.913169764,IMD GRID MODEL
Andhra Pradesh,Kurnool,2022-09-27,2022,09,4.872911152,IMD GRID MODEL
Andhra Pradesh,Kurnool,2022-10-01,2022,10,15.03605784,IMD GRID MODEL
Andhra Pradesh,Kurnool,2022-10-07,2022,10,17.01847218,IMD GRID MODEL
Andhra Pradesh,Kurnool,2022-10-11,2022,10,3.647915753,IMD GRID MODEL
Andhra Pradesh,Kurnool,2022-10-17,2022,10,1.5163446101,IMD GRID MODEL
Andhra Pradesh,Kurnool,2022-10-31,2022,10,0.0,IMD GRID MODEL
Andhra Pradesh,Kurnool,2022-11-02,2022,11,1.7993634872,IMD GRID MODEL
Andhra Pradesh,Kurnool,2022-11-06,2022,11,0.0152198032,IMD GRID MODEL
Andhra Pradesh,Kurnool,2022-11-12,2022,11,0.0518986334,IMD GRID MODEL
Andhra Pradesh,Kurnool,2022-11-13,2022,11,0.8027597096,IMD GRID MODEL
Andhra Pradesh,Kurnool,2022-11-15,2022,11,0.1789187343,IMD GRID MODEL
Andhra Pradesh,Kurnool,2022-11-16,2022,11,0.0,IMD GRID MODEL
Andhra Pradesh,Kurnool,2022-12-03,2022,12,0.0,IMD GRID MODEL
Andhra Pradesh,Kurnool,2022-12-08,2022,12,0.0,IMD GRID MODEL
Andhra Pradesh,Kurnool,2022-12-09,2022,12,0.0,IMD GRID MODEL
Andhra Pradesh,Kurnool,2022-12-15,2022,12,0.0131874913,IMD GRID MODEL
Andhra Pradesh,Kurnool,2022-12-16,2022,12,0.0,IMD GRID MODEL
Andhra Pradesh,Kurnool,2022-12-18,2022,12,0.0,IMD GRID MODEL
Andhra Pradesh,Potti Sriramulu Nellore,2022-08-10,2022,08,0.168318682,IMD GRID MODEL
Andhra Pradesh,Potti Sriramulu Nellore,2022-08-16,2022,08,1.7412479,IMD GRID MODEL
Andhra Pradesh,Potti Sriramulu Nellore,2022-08-19,2022,08,0.359393545,IMD GRID MODEL
Andhra Pradesh,Potti Sriramulu Nellore,2022-09-05,2022,09,0.653900796,IMD GRID MODEL
Andhra Pradesh,Potti Sriramulu Nellore,2022-09-11,2022,09,1.3169267,IMD GRID MODEL
Andhra Pradesh,Potti Sriramulu Nellore,2022-09-18,2022,09,0.0,IMD GRID MODEL
Andhra Pradesh,Potti Sriramulu Nellore,2022-09-21,2022,09,0.0,IMD GRID MODEL
Andhra Pradesh,Potti Sriramulu Nellore,2022-09-23,2022,09,0.0,IMD GRID MODEL
Andhra Pradesh,Potti Sriramulu Nellore,2022-10-05,2022,10,0.049754233,IMD GRID MODEL
Andhra Pradesh,Potti Sriramulu Nellore,2022-10-08,2022,10,0.485659238,IMD GRID MODEL
Andhra Pradesh,Potti Sriramulu Nellore,2022-10-10,2022,10,17.94878234,IMD GRID MODEL
Andhra Pradesh,Potti Sriramulu Nellore,2022-10-11,2022,10,3.646146047,IMD GRID MODEL
Andhra Pradesh,Prakasam,2022-01-03,2022,01,0.0,IMD GRID MODEL
Andhra Pradesh,Prakasam,2022-01-04,2022,01,0.0,IMD GRID MODEL
Andhra Pradesh,Prakasam,2022-01-09,2022,01,0.0,IMD GRID MODEL
Andhra Pradesh,Prakasam,2022-01-19,2022,01,0.0,IMD GRID MODEL
Andhra Pradesh,Prakasam,2022-02-08,2022,02,0.0,IMD GRID MODEL
Andhra Pradesh,Prakasam,2022-02-26,2022,02,0.0,IMD GRID MODEL
Andhra Pradesh,Prakasam,2022-03-01,2022,03,0.0,IMD GRID MODEL
Andhra Pradesh,Prakasam,2022-03-02,2022,03,0.0,IMD GRID MODEL
Andhra Pradesh,Prakasam,2022-03-03,2022,03,0.0,IMD GRID MODEL
Andhra Pradesh,Prakasam,2022-03-06,2022,03,0.0,IMD GRID MODEL
Andhra Pradesh,Prakasam,2022-03-10,2022,03,0.0,IMD GRID MODEL
Andhra Pradesh,Prakasam,2022-03-12,2022,03,0.0,IMD GRID MODEL
Andhra Pradesh,Prakasam,2022-03-13,2022,03,0.0,IMD GRID MODEL
Andhra Pradesh,Prakasam,2022-03-17,2022,03,0.0,IMD GRID MODEL
Andhra Pradesh,Prakasam,2022-03-21,2022,03,0.497088801,IMD GRID MODEL
Andhra Pradesh,Prakasam,2022-03-23,2022,03,1.686336082,IMD GRID MODEL
Andhra Pradesh,Prakasam,2022-03-24,2022,03,0.269170988,IMD GRID MODEL
Andhra Pradesh,Prakasam,2022-04-08,2022,04,0.0,IMD GRID MODEL
Andhra Pradesh,Prakasam,2022-05-05,2022,05,5.101795667,IMD GRID MODEL
Andhra Pradesh,Prakasam,2022-05-06,2022,05,0.002970859,IMD GRID MODEL
Andhra Pradesh,Prakasam,2022-05-10,2022,05,0.051045244,IMD GRID MODEL
Andhra Pradesh,Prakasam,2022-05-12,2022,05,62.09738925,IMD GRID MODEL
Andhra Pradesh,Prakasam,2022-05-18,2022,05,0.017973697,IMD GRID MODEL
Andhra Pradesh,Prakasam,2022-05-26,2022,05,2.589594449,IMD GRID MODEL
Andhra Pradesh,Prakasam,2022-05-29,2022,05,0.41104224,IMD GRID MODEL
Andhra Pradesh,Prakasam,2022-05-30,2022,05,0.0,IMD GRID MODEL
Andhra Pradesh,Prakasam,2022-05-31,2022,05,3.155552143,IMD GRID MODEL
Andhra Pradesh,Prakasam,2022-06-05,2022,06,0.0,IMD GRID MODEL
Andhra Pradesh,Prakasam,2022-06-06,2022,06,12.37335684,IMD GRID MODEL
Andhra Pradesh,Prakasam,2022-06-14,2022,06,0.013523508,IMD GRID MODEL
Andhra Pradesh,Prakasam,2022-06-16,2022,06,1.818548553,IMD GRID MODEL
Andhra Pradesh,Prakasam,2022-06-17,2022,06,1.638248962,IMD GRID MODEL
Andhra Pradesh,Prakasam,2022-06-18,2022,06,3.491505036,IMD GRID MODEL
Andhra Pradesh,Prakasam,2022-06-22,2022,06,1.664977117,IMD GRID MODEL
Andhra Pradesh,Prakasam,2022-06-23,2022,06,3.422325683,IMD GRID MODEL
Andhra Pradesh,Prakasam,2022-06-30,2022,06,10.81475051,IMD GRID MODEL
Andhra Pradesh,Prakasam,2022-07-03,2022,07,0.717930739,IMD GRID MODEL
Andhra Pradesh,Prakasam,2022-07-06,2022,07,10.61944451,IMD GRID MODEL
Andhra Pradesh,Prakasam,2022-07-12,2022,07,5.97835632,IMD GRID MODEL
Andhra Pradesh,Prakasam,2022-07-13,2022,07,2.108334005,IMD GRID MODEL
Andhra Pradesh,Prakasam,2022-07-17,2022,07,1.735172,IMD GRID MODEL
Andhra Pradesh,Prakasam,2022-07-21,2022,07,2.13726359,IMD GRID MODEL
Andhra Pradesh,Prakasam,2022-07-27,2022,07,4.740530185,IMD GRID MODEL
Andhra Pradesh,Prakasam,2022-08-01,2022,08,0.759148719,IMD GRID MODEL
Andhra Pradesh,Prakasam,2022-08-04,2022,08,2.631132262,IMD GRID MODEL
Andhra Pradesh,Prakasam,2022-08-12,2022,08,0.0,IMD GRID MODEL
Andhra Pradesh,Prakasam,2022-08-14,2022,08,0.822031349,IMD GRID MODEL
Andhra Pradesh,Prakasam,2022-08-16,2022,08,2.035491386,IMD GRID MODEL
Andhra Pradesh,Prakasam,2022-08-21,2022,08,2.017101851,IMD GRID MODEL
Andhra Pradesh,Prakasam,2022-08-23,2022,08,0.168518155,IMD GRID MODEL
Andhra Pradesh,Prakasam,2022-08-31,2022,08,2.020172956,IMD GRID MODEL
Andhra Pradesh,Prakasam,2022-09-05,2022,09,1.081549189,IMD GRID MODEL
Andhra Pradesh,Prakasam,2022-09-10,2022,09,14.74427087,IMD GRID MODEL
Andhra Pradesh,Prakasam,2022-09-12,2022,09,0.269816552,IMD GRID MODEL
Andhra Pradesh,Prakasam,2022-09-22,2022,09,0.682402006,IMD GRID MODEL
Andhra Pradesh,Prakasam,2022-09-24,2022,09,0.404470768,IMD GRID MODEL
Andhra Pradesh,Prakasam,2022-10-09,2022,10,11.62986572,IMD GRID MODEL
Andhra Pradesh,Prakasam,2022-10-20,2022,10,2.5970051364,IMD GRID MODEL
Andhra Pradesh,Prakasam,2022-10-23,2022,10,0.0,IMD GRID MODEL
Andhra Pradesh,Prakasam,2022-10-25,2022,10,0.0,IMD GRID MODEL
Andhra Pradesh,Prakasam,2022-10-29,2022,10,0.3211085615,IMD GRID MODEL
Andhra Pradesh,Prakasam,2022-11-01,2022,11,15.3335281669,IMD GRID MODEL
Andhra Pradesh,Prakasam,2022-11-06,2022,11,0.3365881876,IMD GRID MODEL
Andhra Pradesh,Prakasam,2022-11-11,2022,11,0.2054670446,IMD GRID MODEL
Andhra Pradesh,Prakasam,2022-11-16,2022,11,0.0,IMD GRID MODEL
Andhra Pradesh,Prakasam,2022-11-23,2022,11,0.8730115321,IMD GRID MODEL
Andhra Pradesh,Prakasam,2022-11-24,2022,11,3.1612842279,IMD GRID MODEL
Andhra Pradesh,Prakasam,2022-12-02,2022,12,0.0,IMD GRID MODEL
Andhra Pradesh,Krishna,2022-09-04,2022,09,0.06153153,IMD GRID MODEL
Andhra Pradesh,Krishna,2022-09-05,2022,09,2.966355117,IMD GRID MODEL
Andhra Pradesh,Krishna,2022-09-08,2022,09,15.83145836,IMD GRID MODEL
Andhra Pradesh,Krishna,2022-09-14,2022,09,0.069930941,IMD GRID MODEL
Andhra Pradesh,Krishna,2022-09-18,2022,09,0.0,IMD GRID MODEL
Andhra Pradesh,Krishna,2022-09-19,2022,09,15.00232832,IMD GRID MODEL
Andhra Pradesh,Krishna,2022-10-03,2022,10,0.00060955,IMD GRID MODEL
Andhra Pradesh,Krishna,2022-10-04,2022,10,0.185008605,IMD GRID MODEL
Andhra Pradesh,Krishna,2022-10-05,2022,10,0.175708032,IMD GRID MODEL
Andhra Pradesh,Krishna,2022-10-16,2022,10,11.6678582232,IMD GRID MODEL
Andhra Pradesh,Krishna,2022-10-21,2022,10,1.0750122685,IMD GRID MODEL
Andhra Pradesh,Krishna,2022-10-26,2022,10,0.0,IMD GRID MODEL
Andhra Pradesh,Krishna,2022-10-28,2022,10,0.0,IMD GRID MODEL
Andhra Pradesh,Krishna,2022-11-01,2022,11,1.3698420405,IMD GRID MODEL
Andhra Pradesh,Krishna,2022-11-06,2022,11,0.0087970287,IMD GRID MODEL
Andhra Pradesh,Krishna,2022-11-07,2022,11,0.0,IMD GRID MODEL
Andhra Pradesh,Krishna,2022-11-10,2022,11,0.0,IMD GRID MODEL
Andhra Pradesh,Krishna,2022-11-15,2022,11,0.0,IMD GRID MODEL
Andhra Pradesh,Krishna,2022-11-24,2022,11,0.0396294234,IMD GRID MODEL
Andhra Pradesh,Krishna,2022-11-30,2022,11,0.0,IMD GRID MODEL
Andhra Pradesh,Krishna,2022-12-02,2022,12,0.0,IMD GRID MODEL
Andhra Pradesh,Krishna,2022-12-06,2022,12,0.0,IMD GRID MODEL
Andhra Pradesh,Krishna,2022-12-13,2022,12,0.16461797,IMD GRID MODEL
Andhra Pradesh,Krishna,2022-12-17,2022,12,0.0,IMD GRID MODEL
Andhra Pradesh,Krishna,2022-12-21,2022,12,0.0,IMD GRID MODEL
Andhra Pradesh,Krishna,2022-12-24,2022,12,0.0,IMD GRID MODEL
Andhra Pradesh,Krishna,2022-12-25,2022,12,0.0,IMD GRID MODEL
Andhra Pradesh,Kurnool,2022-01-07,2022,01,0.0,IMD GRID MODEL
Andhra Pradesh,Kurnool,2022-01-25,2022,01,0.0,IMD GRID MODEL
Andhra Pradesh,Kurnool,2022-01-27,2022,01,0.002853133,IMD GRID MODEL
Andhra Pradesh,Kurnool,2022-02-01,2022,02,0.0,IMD GRID MODEL
Andhra Pradesh,Kurnool,2022-02-03,2022,02,0.0,IMD GRID MODEL
Andhra Pradesh,Kurnool,2022-02-04,2022,02,0.0,IMD GRID MODEL
Andhra Pradesh,Kurnool,2022-02-08,2022,02,0.0,IMD GRID MODEL
Andhra Pradesh,Kurnool,2022-02-09,2022,02,0.0,IMD GRID MODEL
Andhra Pradesh,Kurnool,2022-02-13,2022,02,0.0,IMD GRID MODEL
Andhra Pradesh,Kurnool,2022-02-22,2022,02,0.0,IMD GRID MODEL
Andhra Pradesh,Kurnool,2022-03-02,2022,03,0.0,IMD GRID MODEL
Andhra Pradesh,Kurnool,2022-03-04,2022,03,0.0,IMD GRID MODEL
Andhra Pradesh,Kurnool,2022-03-23,2022,03,0.871948347,IMD GRID MODEL
Andhra Pradesh,Kurnool,2022-03-25,2022,03,0.006474855,IMD GRID MODEL
Andhra Pradesh,Kurnool,2022-03-26,2022,03,0.05929515,IMD GRID MODEL
Andhra Pradesh,Kurnool,2022-03-28,2022,03,0.0,IMD GRID MODEL
Andhra Pradesh,Kurnool,2022-03-30,2022,03,0.0,IMD GRID MODEL
Andhra Pradesh,Kurnool,2022-04-02,2022,04,0.0,IMD GRID MODEL
Andhra Pradesh,Kurnool,2022-04-08,2022,04,0.0,IMD GRID MODEL
Andhra Pradesh,Kurnool,2022-04-11,2022,04,0.0,IMD GRID MODEL
Andhra Pradesh,Kurnool,2022-04-13,2022,04,0.0,IMD GRID MODEL
Andhra Pradesh,Kurnool,2022-04-17,2022,04,0.955177991,IMD GRID MODEL
Andhra Pradesh,Kurnool,2022-04-26,2022,04,1.155425137,IMD GRID MODEL
Andhra Pradesh,Kurnool,2022-05-03,2022,05,0.0,IMD GRID MODEL
Andhra Pradesh,Kurnool,2022-05-17,2022,05,2.686548773,IMD GRID MODEL
Andhra Pradesh,Kurnool,2022-05-30,2022,05,0.0,IMD GRID MODEL
Andhra Pradesh,Kurnool,2022-05-31,2022,05,1.735856564,IMD GRID MODEL
Andhra Pradesh,Kurnool,2022-06-01,2022,06,1.552179475,IMD GRID MODEL
Andhra Pradesh,Kurnool,2022-06-03,2022,06,7.119543344,IMD GRID MODEL
Andhra Pradesh,Kurnool,2022-06-18,2022,06,7.332687966,IMD GRID MODEL
Andhra Pradesh,Kurnool,2022-06-22,2022,06,0.3448697,IMD GRID MODEL
Andhra Pradesh,Kurnool,2022-06-27,2022,06,0.137077258,IMD GRID MODEL
Andhra Pradesh,Kurnool,2022-06-30,2022,06,1.578092868,IMD GRID MODEL
Andhra Pradesh,Kurnool,2022-07-05,2022,07,0.061457649,IMD GRID MODEL
Andhra Pradesh,Kurnool,2022-07-08,2022,07,5.852371354,IMD GRID MODEL
Andhra Pradesh,Kurnool,2022-07-11,2022,07,0.054317861,IMD GRID MODEL
Andhra Pradesh,Kurnool,2022-07-18,2022,07,4.41316887,IMD GRID MODEL
Andhra Pradesh,Kurnool,2022-07-27,2022,07,4.926779099,IMD GRID MODEL
Andhra Pradesh,Kurnool,2022-07-31,2022,07,10.38354269,IMD GRID MODEL
Andhra Pradesh,Kurnool,2022-08-02,2022,08,34.4702468,IMD GRID MODEL
Andhra Pradesh,Kurnool,2022-08-05,2022,08,10.77983005,IMD GRID MODEL
Andhra Pradesh,Kurnool,2022-08-11,2022,08,0.082445223,IMD GRID MODEL
Andhra Pradesh,Kurnool,2022-08-16,2022,08,0.468278129,IMD GRID MODEL
Andhra Pradesh,Kurnool,2022-08-20,2022,08,0.011595745,IMD GRID MODEL
Andhra Pradesh,Kurnool,2022-08-29,2022,08,10.4325159,IMD GRID MODEL
Andhra Pradesh,Kurnool,2022-09-09,2022,09,3.219128411,IMD GRID MODEL
Andhra Pradesh,Kurnool,2022-09-10,2022,09,1.76077921,IMD GRID MODEL
Andhra Pradesh,Kurnool,2022-09-11,2022,09,4.467454203,IMD GRID MODEL
Andhra Pradesh,Kurnool,2022-09-13,2022,09,0.000553886,IMD GRID MODEL
Andhra Pradesh,Kurnool,2022-09-14,2022,09,0.038497741,IMD GRID MODEL
Andhra Pradesh,Kurnool,2022-09-18,2022,09,0.009530807,IMD GRID MODEL
Andhra Pradesh,Kurnool,2022-09-30,2022,09,22.66332731,IMD GRID MODEL
Andhra Pradesh,Kurnool,2022-10-03,2022,10,0.132809239,IMD GRID MODEL
Andhra Pradesh,Kurnool,2022-10-20,2022,10,4.3981518231,IMD GRID MODEL
Andhra Pradesh,Kurnool,2022-10-21,2022,10,0.9524268382,IMD GRID MODEL
Andhra Pradesh,Kurnool,2022-10-24,2022,10,0.0,IMD GRID MODEL
Andhra Pradesh,Kurnool,2022-10-25,2022,10,0.0,IMD GRID MODEL
Andhra Pradesh,Kurnool,2022-10-26,2022,10,0.0,IMD GRID MODEL
Andhra Pradesh,Kurnool,2022-11-07,2022,11,0.0217430253,IMD GRID MODEL
Andhra Pradesh,Kurnool,2022-11-14,2022,11,0.3259385886,IMD GRID MODEL
Andhra Pradesh,Kurnool,2022-11-19,2022,11,0.0,IMD GRID MODEL
Andhra Pradesh,Kurnool,2022-11-26,2022,11,0.0439557491,IMD GRID MODEL
Andhra Pradesh,Kurnool,2022-11-28,2022,11,0.0,IMD GRID MODEL
Andhra Pradesh,Kurnool,2022-12-02,2022,12,0.0,IMD GRID MODEL
Andhra Pradesh,Kurnool,2022-12-12,2022,12,5.258668412,IMD GRID MODEL
Andhra Pradesh,Kurnool,2022-12-23,2022,12,0.0,IMD GRID MODEL
Andhra Pradesh,Kurnool,2022-12-26,2022,12,0.4391340878,IMD GRID MODEL
Andhra Pradesh,Kurnool,2022-12-28,2022,12,0.0,IMD GRID MODEL
Andhra Pradesh,Potti Sriramulu Nellore,2022-08-01,2022,08,0.098720321,IMD GRID MODEL
Andhra Pradesh,Potti Sriramulu Nellore,2022-08-04,2022,08,16.89957504,IMD GRID MODEL
Andhra Pradesh,Potti Sriramulu Nellore,2022-08-05,2022,08,3.828999639,IMD GRID MODEL
Andhra Pradesh,Potti Sriramulu Nellore,2022-08-07,2022,08,2.895064878,IMD GRID MODEL
Andhra Pradesh,Potti Sriramulu Nellore,2022-08-12,2022,08,0.0,IMD GRID MODEL
Andhra Pradesh,Potti Sriramulu Nellore,2022-08-15,2022,08,0.080811064,IMD GRID MODEL
Andhra Pradesh,Potti Sriramulu Nellore,2022-08-22,2022,08,0.017500274,IMD GRID MODEL
Andhra Pradesh,Potti Sriramulu Nellore,2022-08-24,2022,08,7.893602361,IMD GRID MODEL
Andhra Pradesh,Potti Sriramulu Nellore,2022-08-26,2022,08,15.37511924,IMD GRID MODEL
Andhra Pradesh,Potti Sriramulu Nellore,2022-08-27,2022,08,16.40983484,IMD GRID MODEL
Andhra Pradesh,Potti Sriramulu Nellore,2022-08-28,2022,08,6.558840864,IMD GRID MODEL
Andhra Pradesh,Potti Sriramulu Nellore,2022-08-30,2022,08,1.175505212,IMD GRID MODEL
Andhra Pradesh,Potti Sriramulu Nellore,2022-09-01,2022,09,2.904139628,IMD GRID MODEL
Andhra Pradesh,Potti Sriramulu Nellore,2022-09-13,2022,09,0.0,IMD GRID MODEL
Andhra Pradesh,Potti Sriramulu Nellore,2022-09-15,2022,09,9.512746659,IMD GRID MODEL
Andhra Pradesh,Potti Sriramulu Nellore,2022-09-16,2022,09,0.03372759,IMD GRID MODEL
Andhra Pradesh,Potti Sriramulu Nellore,2022-09-20,2022,09,0.119939581,IMD GRID MODEL
Andhra Pradesh,Potti Sriramulu Nellore,2022-09-22,2022,09,0.0,IMD GRID MODEL
Andhra Pradesh,Potti Sriramulu Nellore,2022-09-26,2022,09,3.96542266,IMD GRID MODEL
Andhra Pradesh,Potti Sriramulu Nellore,2022-09-27,2022,09,0.214552204,IMD GRID MODEL
Andhra Pradesh,Potti Sriramulu Nellore,2022-09-28,2022,09,5.14297501,IMD GRID MODEL
Andhra Pradesh,Potti Sriramulu Nellore,2022-10-02,2022,10,9.015985969,IMD GRID MODEL
Andhra Pradesh,Potti Sriramulu Nellore,2022-10-07,2022,10,8.030747658,IMD GRID MODEL
Andhra Pradesh,Potti Sriramulu Nellore,2022-10-12,2022,10,0.159296411,IMD GRID MODEL
Andhra Pradesh,Potti Sriramulu Nellore,2022-10-13,2022,10,0.187516486,IMD GRID MODEL
Andhra Pradesh,Prakasam,2022-01-01,2022,01,0.05480484,IMD GRID MODEL
Andhra Pradesh,Prakasam,2022-01-05,2022,01,0.0,IMD GRID MODEL
Andhra Pradesh,Prakasam,2022-01-06,2022,01,0.0,IMD GRID MODEL
Andhra Pradesh,Prakasam,2022-01-26,2022,01,0.0,IMD GRID MODEL
Andhra Pradesh,Prakasam,2022-02-10,2022,02,0.0,IMD GRID MODEL
Andhra Pradesh,Prakasam,2022-02-13,2022,02,0.0,IMD GRID MODEL
Andhra Pradesh,Prakasam,2022-02-14,2022,02,0.0,IMD GRID MODEL
Andhra Pradesh,Prakasam,2022-02-15,2022,02,0.0,IMD GRID MODEL
Andhra Pradesh,Prakasam,2022-02-20,2022,02,0.0,IMD GRID MODEL
Andhra Pradesh,Prakasam,2022-02-27,2022,02,0.0,IMD GRID MODEL
Andhra Pradesh,Prakasam,2022-02-28,2022,02,0.0,IMD GRID MODEL
Andhra Pradesh,Prakasam,2022-03-07,2022,03,0.0,IMD GRID MODEL
Andhra Pradesh,Prakasam,2022-03-09,2022,03,0.0,IMD GRID MODEL
Andhra Pradesh,Prakasam,2022-03-25,2022,03,0.0,IMD GRID MODEL
Andhra Pradesh,Prakasam,2022-03-31,2022,03,0.0,IMD GRID MODEL
Andhra Pradesh,Prakasam,2022-04-01,2022,04,0.0,IMD GRID MODEL
Andhra Pradesh,Prakasam,2022-04-06,2022,04,0.0,IMD GRID MODEL
Andhra Pradesh,Prakasam,2022-04-15,2022,04,0.0,IMD GRID MODEL
Andhra Pradesh,Prakasam,2022-04-26,2022,04,0.0,IMD GRID MODEL
Andhra Pradesh,Prakasam,2022-04-27,2022,04,0.0,IMD GRID MODEL
Andhra Pradesh,Prakasam,2022-04-30,2022,04,0.0,IMD GRID MODEL
Andhra Pradesh,Prakasam,2022-05-01,2022,05,0.089960084,IMD GRID MODEL
Andhra Pradesh,Prakasam,2022-05-02,2022,05,2.104304965,IMD GRID MODEL
Andhra Pradesh,Prakasam,2022-05-14,2022,05,0.003119402,IMD GRID MODEL
Andhra Pradesh,Prakasam,2022-05-22,2022,05,0.0,IMD GRID MODEL
Andhra Pradesh,Prakasam,2022-06-04,2022,06,0.0,IMD GRID MODEL
Andhra Pradesh,Prakasam,2022-06-09,2022,06,0.0,IMD GRID MODEL
Andhra Pradesh,Prakasam,2022-06-19,2022,06,2.01118803,IMD GRID MODEL
Andhra Pradesh,Prakasam,2022-06-20,2022,06,1.894921297,IMD GRID MODEL
Andhra Pradesh,Prakasam,2022-06-21,2022,06,0.826125674,IMD GRID MODEL
Andhra Pradesh,Prakasam,2022-06-27,2022,06,6.71972698,IMD GRID MODEL
Andhra Pradesh,Prakasam,2022-06-29,2022,06,0.133439549,IMD GRID MODEL
Andhra Pradesh,Prakasam,2022-07-02,2022,07,3.775020193,IMD GRID MODEL
Andhra Pradesh,Prakasam,2022-07-05,2022,07,0.529984505,IMD GRID MODEL
Andhra Pradesh,Prakasam,2022-07-08,2022,07,4.947296225,IMD GRID MODEL
Andhra Pradesh,Prakasam,2022-07-18,2022,07,11.84697127,IMD GRID MODEL
Andhra Pradesh,Prakasam,2022-07-23,2022,07,17.44402137,IMD GRID MODEL
Andhra Pradesh,Prakasam,2022-07-31,2022,07,2.242325817,IMD GRID MODEL
Andhra Pradesh,Prakasam,2022-08-05,2022,08,4.684646489,IMD GRID MODEL
Andhra Pradesh,Prakasam,2022-08-07,2022,08,1.886698109,IMD GRID MODEL
Andhra Pradesh,Prakasam,2022-08-17,2022,08,0.0,IMD GRID MODEL
Andhra Pradesh,Prakasam,2022-08-18,2022,08,1.21246416,IMD GRID MODEL
Andhra Pradesh,Prakasam,2022-08-20,2022,08,0.439259223,IMD GRID MODEL
Andhra Pradesh,Prakasam,2022-08-24,2022,08,0.985706877,IMD GRID MODEL
Andhra Pradesh,Prakasam,2022-08-26,2022,08,20.2146414,IMD GRID MODEL
Andhra Pradesh,Y S R Kadapa,2022-08-26,2022,08,7.239791389,IMD GRID MODEL
Andhra Pradesh,Y S R Kadapa,2022-08-29,2022,08,4.948245794,IMD GRID MODEL
Andhra Pradesh,Y S R Kadapa,2022-09-05,2022,09,9.329663768,IMD GRID MODEL
Andhra Pradesh,Y S R Kadapa,2022-09-08,2022,09,7.462495306,IMD GRID MODEL
Andhra Pradesh,Y S R Kadapa,2022-09-19,2022,09,0.0,IMD GRID MODEL
Andhra Pradesh,Y S R Kadapa,2022-09-29,2022,09,25.10949593,IMD GRID MODEL
Andhra Pradesh,Y S R Kadapa,2022-10-01,2022,10,11.80831899,IMD GRID MODEL
Andhra Pradesh,Y.S.R.,2022-01-09,2022,01,0.0,IMD GRID MODEL
Andhra Pradesh,Y.S.R.,2022-01-21,2022,01,0.0,IMD GRID MODEL
Andhra Pradesh,Y.S.R.,2022-01-27,2022,01,0.253919195,IMD GRID MODEL
Andhra Pradesh,Y.S.R.,2022-02-03,2022,02,0.0,IMD GRID MODEL
Andhra Pradesh,Y.S.R.,2022-02-05,2022,02,0.0,IMD GRID MODEL
Andhra Pradesh,Y.S.R.,2022-02-17,2022,02,0.0,IMD GRID MODEL
Andhra Pradesh,Y.S.R.,2022-02-23,2022,02,0.0,IMD GRID MODEL
Andhra Pradesh,Y.S.R.,2022-02-26,2022,02,0.0,IMD GRID MODEL
Andhra Pradesh,Y.S.R.,2022-02-28,2022,02,0.0,IMD GRID MODEL
Andhra Pradesh,Y.S.R.,2022-03-05,2022,03,0.0,IMD GRID MODEL
Andhra Pradesh,Y.S.R.,2022-03-06,2022,03,0.0,IMD GRID MODEL
Andhra Pradesh,Y.S.R.,2022-03-07,2022,03,0.009318424,IMD GRID MODEL
Andhra Pradesh,Y.S.R.,2022-03-12,2022,03,0.0,IMD GRID MODEL
Andhra Pradesh,Y.S.R.,2022-03-14,2022,03,0.0,IMD GRID MODEL
Andhra Pradesh,Y.S.R.,2022-03-18,2022,03,0.0,IMD GRID MODEL
Andhra Pradesh,Y.S.R.,2022-03-25,2022,03,0.0,IMD GRID MODEL
Andhra Pradesh,Y.S.R.,2022-03-26,2022,03,0.0,IMD GRID MODEL
Andhra Pradesh,Y.S.R.,2022-04-04,2022,04,0.0,IMD GRID MODEL
Andhra Pradesh,Y.S.R.,2022-04-05,2022,04,0.0,IMD GRID MODEL
Andhra Pradesh,Y.S.R.,2022-04-07,2022,04,0.0,IMD GRID MODEL
Andhra Pradesh,Y.S.R.,2022-04-09,2022,04,0.0,IMD GRID MODEL
Andhra Pradesh,Y.S.R.,2022-04-17,2022,04,1.305651793,IMD GRID MODEL
Andhra Pradesh,Y.S.R.,2022-04-18,2022,04,0.004504189,IMD GRID MODEL
Andhra Pradesh,Y.S.R.,2022-04-19,2022,04,0.0,IMD GRID MODEL
Andhra Pradesh,Y.S.R.,2022-04-24,2022,04,0.0,IMD GRID MODEL
Andhra Pradesh,Y.S.R.,2022-05-12,2022,05,36.06760333,IMD GRID MODEL
Andhra Pradesh,Y.S.R.,2022-05-16,2022,05,0.146687357,IMD GRID MODEL
Andhra Pradesh,Y.S.R.,2022-05-20,2022,05,3.661304412,IMD GRID MODEL
Andhra Pradesh,Y.S.R.,2022-05-26,2022,05,0.12468766,IMD GRID MODEL
Andhra Pradesh,Y.S.R.,2022-05-28,2022,05,0.0,IMD GRID MODEL
Andhra Pradesh,Y.S.R.,2022-06-03,2022,06,0.051083451,IMD GRID MODEL
Andhra Pradesh,Y.S.R.,2022-06-05,2022,06,0.0,IMD GRID MODEL
Andhra Pradesh,Y.S.R.,2022-06-15,2022,06,33.54774983,IMD GRID MODEL
Andhra Pradesh,Y.S.R.,2022-06-17,2022,06,14.05228529,IMD GRID MODEL
Andhra Pradesh,Y.S.R.,2022-07-10,2022,07,4.051400826,IMD GRID MODEL
Andhra Pradesh,Y.S.R.,2022-07-11,2022,07,0.286638657,IMD GRID MODEL
Andhra Pradesh,Y.S.R.,2022-07-15,2022,07,0.645008149,IMD GRID MODEL
Andhra Pradesh,Y.S.R.,2022-07-17,2022,07,0.284381013,IMD GRID MODEL
Andhra Pradesh,Y.S.R.,2022-10-18,2022,10,0.9774864221,IMD GRID MODEL
Andhra Pradesh,Y.S.R.,2022-10-17,2022,10,1.2817481008,IMD GRID MODEL
Andhra Pradesh,Y.S.R.,2022-11-03,2022,11,13.3737169616,IMD GRID MODEL
Andhra Pradesh,Y.S.R.,2022-11-12,2022,11,14.6048697634,IMD GRID MODEL
Andhra Pradesh,Visakhapatanam,2022-05-10,2022,05,1.023518098,IMD GRID MODEL
Andhra Pradesh,Visakhapatanam,2022-05-16,2022,05,0.004504439,IMD GRID MODEL
Andhra Pradesh,Visakhapatanam,2022-05-21,2022,05,0.0,IMD GRID MODEL
Andhra Pradesh,Visakhapatanam,2022-05-22,2022,05,0.156827619,IMD GRID MODEL
Andhra Pradesh,Visakhapatanam,2022-05-24,2022,05,0.828867719,IMD GRID MODEL
Andhra Pradesh,Visakhapatanam,2022-05-27,2022,05,7.388134356,IMD GRID MODEL
Andhra Pradesh,Visakhapatanam,2022-05-29,2022,05,0.0,IMD GRID MODEL
Andhra Pradesh,Visakhapatanam,2022-06-03,2022,06,0.05232744,IMD GRID MODEL
Andhra Pradesh,Visakhapatanam,2022-06-04,2022,06,7.942384503,IMD GRID MODEL
Andhra Pradesh,Visakhapatanam,2022-06-10,2022,06,0.01033588,IMD GRID MODEL
Andhra Pradesh,Visakhapatanam,2022-06-12,2022,06,8.564028381,IMD GRID MODEL
Andhra Pradesh,Visakhapatanam,2022-06-17,2022,06,8.397399248,IMD GRID MODEL
Andhra Pradesh,Visakhapatanam,2022-07-11,2022,07,1.659685661,IMD GRID MODEL
Andhra Pradesh,Visakhapatanam,2022-07-12,2022,07,16.9890421,IMD GRID MODEL
Andhra Pradesh,Visakhapatanam,2022-07-24,2022,07,1.465640907,IMD GRID MODEL
Andhra Pradesh,Visakhapatanam,2022-07-26,2022,07,6.567839567,IMD GRID MODEL
Andhra Pradesh,Visakhapatanam,2022-07-27,2022,07,6.416030506,IMD GRID MODEL
Andhra Pradesh,Visakhapatanam,2022-07-28,2022,07,0.48194353,IMD GRID MODEL
Andhra Pradesh,Visakhapatanam,2022-07-29,2022,07,1.159384024,IMD GRID MODEL
Andhra Pradesh,Visakhapatanam,2022-02-27,2022,02,0.0,IMD GRID MODEL
Andhra Pradesh,Visakhapatanam,2022-10-29,2022,10,0.0,IMD GRID MODEL
Andhra Pradesh,Visakhapatanam,2022-10-30,2022,10,0.0,IMD GRID MODEL
Andhra Pradesh,Visakhapatanam,2022-10-31,2022,10,0.0,IMD GRID MODEL
Andhra Pradesh,Visakhapatanam,2022-11-05,2022,11,1.5189908512,IMD GRID MODEL
Andhra Pradesh,Visakhapatanam,2022-11-08,2022,11,0.0,IMD GRID MODEL
Andhra Pradesh,Visakhapatanam,2022-11-09,2022,11,0.0,IMD GRID MODEL
Andhra Pradesh,Visakhapatanam,2022-11-15,2022,11,0.0,IMD GRID MODEL
Andhra Pradesh,Visakhapatanam,2022-11-17,2022,11,0.0,IMD GRID MODEL
Andhra Pradesh,Visakhapatanam,2022-11-20,2022,11,0.0,IMD GRID MODEL
Andhra Pradesh,Visakhapatanam,2022-11-21,2022,11,0.0,IMD GRID MODEL
Andhra Pradesh,Visakhapatanam,2022-12-01,2022,12,0.0,IMD GRID MODEL
Andhra Pradesh,Visakhapatanam,2022-12-03,2022,12,0.0,IMD GRID MODEL
Andhra Pradesh,Visakhapatanam,2022-12-04,2022,12,0.0,IMD GRID MODEL
Andhra Pradesh,Visakhapatanam,2022-12-14,2022,12,0.0,IMD GRID MODEL
Andhra Pradesh,Visakhapatanam,2022-12-16,2022,12,0.0,IMD GRID MODEL
Andhra Pradesh,Visakhapatanam,2022-12-17,2022,12,0.0,IMD GRID MODEL
Andhra Pradesh,Visakhapatanam,2022-12-22,2022,12,0.0,IMD GRID MODEL
Andhra Pradesh,Visakhapatanam,2022-12-28,2022,12,0.0,IMD GRID MODEL
Andhra Pradesh,Visakhapatanam,2022-12-30,2022,12,0.0300609106,IMD GRID MODEL
Andhra Pradesh,Visakhapatanam,2022-12-31,2022,12,0.0,IMD GRID MODEL
Andhra Pradesh,Vishakhapatnam,2022-07-30,2022,07,3.040471574,IMD GRID MODEL
Andhra Pradesh,Vishakhapatnam,2022-08-03,2022,08,2.510100888,IMD GRID MODEL
Andhra Pradesh,Vishakhapatnam,2022-08-22,2022,08,0.282064183,IMD GRID MODEL
Andhra Pradesh,Vishakhapatnam,2022-08-27,2022,08,10.59672919,IMD GRID MODEL
Andhra Pradesh,Vishakhapatnam,2022-08-28,2022,08,10.73978207,IMD GRID MODEL
Andhra Pradesh,Vishakhapatnam,2022-09-08,2022,09,11.34999713,IMD GRID MODEL
Andhra Pradesh,Vishakhapatnam,2022-09-10,2022,09,28.07753838,IMD GRID MODEL
Andhra Pradesh,Vishakhapatnam,2022-09-13,2022,09,19.91814372,IMD GRID MODEL
Andhra Pradesh,Vishakhapatnam,2022-09-20,2022,09,11.75685129,IMD GRID MODEL
Andhra Pradesh,Vishakhapatnam,2022-09-21,2022,09,1.007373745,IMD GRID MODEL
Andhra Pradesh,Vishakhapatnam,2022-09-23,2022,09,4.888800319,IMD GRID MODEL
Andhra Pradesh,Vishakhapatnam,2022-09-29,2022,09,8.309774793,IMD GRID MODEL
Andhra Pradesh,Vishakhapatnam,2022-09-30,2022,09,9.573802608,IMD GRID MODEL
Andhra Pradesh,Vishakhapatnam,2022-10-07,2022,10,26.69433479,IMD GRID MODEL
Andhra Pradesh,Vishakhapatnam,2022-10-11,2022,10,4.842657935,IMD GRID MODEL
Andhra Pradesh,Vishakhapatnam,2022-10-12,2022,10,0.179469151,IMD GRID MODEL
Andhra Pradesh,Vizianagaram,2022-01-07,2022,01,0.0,IMD GRID MODEL
Andhra Pradesh,Vizianagaram,2022-01-08,2022,01,0.0,IMD GRID MODEL
Andhra Pradesh,Vizianagaram,2022-01-12,2022,01,2.357708733,IMD GRID MODEL
Andhra Pradesh,Vizianagaram,2022-01-16,2022,01,1.062276457,IMD GRID MODEL
Andhra Pradesh,Vizianagaram,2022-01-19,2022,01,0.0,IMD GRID MODEL
Andhra Pradesh,Vizianagaram,2022-01-22,2022,01,0.174760889,IMD GRID MODEL
Andhra Pradesh,Vizianagaram,2022-01-25,2022,01,6.396035433,IMD GRID MODEL
Andhra Pradesh,Vizianagaram,2022-01-27,2022,01,0.0,IMD GRID MODEL
Andhra Pradesh,Vizianagaram,2022-01-31,2022,01,0.0,IMD GRID MODEL
Andhra Pradesh,Vizianagaram,2022-02-01,2022,02,0.0,IMD GRID MODEL
Andhra Pradesh,Vizianagaram,2022-02-03,2022,02,0.0,IMD GRID MODEL
Andhra Pradesh,Vizianagaram,2022-02-11,2022,02,0.0,IMD GRID MODEL
Andhra Pradesh,Vizianagaram,2022-02-12,2022,02,0.463049214,IMD GRID MODEL
Andhra Pradesh,Vizianagaram,2022-02-18,2022,02,0.0,IMD GRID MODEL
Andhra Pradesh,Vizianagaram,2022-02-20,2022,02,0.0,IMD GRID MODEL
Andhra Pradesh,Vizianagaram,2022-02-21,2022,02,0.0,IMD GRID MODEL
Andhra Pradesh,Vizianagaram,2022-03-01,2022,03,0.0,IMD GRID MODEL
Andhra Pradesh,Vizianagaram,2022-03-04,2022,03,0.0,IMD GRID MODEL
Andhra Pradesh,Vizianagaram,2022-03-19,2022,03,0.0,IMD GRID MODEL
Andhra Pradesh,Vizianagaram,2022-03-23,2022,03,0.0,IMD GRID MODEL
Andhra Pradesh,Vizianagaram,2022-04-02,2022,04,0.0,IMD GRID MODEL
Andhra Pradesh,Vizianagaram,2022-04-06,2022,04,0.0,IMD GRID MODEL
Andhra Pradesh,Vizianagaram,2022-04-10,2022,04,0.0,IMD GRID MODEL
Andhra Pradesh,Vizianagaram,2022-04-20,2022,04,0.025382819,IMD GRID MODEL
Andhra Pradesh,Vizianagaram,2022-04-26,2022,04,0.085138273,IMD GRID MODEL
Andhra Pradesh,Vizianagaram,2022-04-27,2022,04,0.503132687,IMD GRID MODEL
Andhra Pradesh,Vizianagaram,2022-05-01,2022,05,0.0,IMD GRID MODEL
Andhra Pradesh,Vizianagaram,2022-05-21,2022,05,0.0,IMD GRID MODEL
Andhra Pradesh,Vizianagaram,2022-05-28,2022,05,0.0,IMD GRID MODEL
Andhra Pradesh,Vizianagaram,2022-05-30,2022,05,6.890235662,IMD GRID MODEL
Andhra Pradesh,Vizianagaram,2022-06-08,2022,06,0.0,IMD GRID MODEL
Andhra Pradesh,Vizianagaram,2022-06-09,2022,06,0.0,IMD GRID MODEL
Andhra Pradesh,Vizianagaram,2022-06-25,2022,06,22.65464033,IMD GRID MODEL
Andhra Pradesh,Vizianagaram,2022-06-27,2022,06,1.346891711,IMD GRID MODEL
Andhra Pradesh,Vizianagaram,2022-07-01,2022,07,4.23899444,IMD GRID MODEL
Andhra Pradesh,Vizianagaram,2022-07-04,2022,07,18.98700394,IMD GRID MODEL
Andhra Pradesh,Vizianagaram,2022-07-06,2022,07,3.770591725,IMD GRID MODEL
Andhra Pradesh,Vizianagaram,2022-07-07,2022,07,8.906709576,IMD GRID MODEL
Andhra Pradesh,Vizianagaram,2022-07-11,2022,07,4.486893172,IMD GRID MODEL
Andhra Pradesh,Vizianagaram,2022-07-15,2022,07,0.793255771,IMD GRID MODEL
Andhra Pradesh,Vizianagaram,2022-07-22,2022,07,10.43405938,IMD GRID MODEL
Andhra Pradesh,Vizianagaram,2022-07-25,2022,07,4.489384973,IMD GRID MODEL
Andhra Pradesh,Vizianagaram,2022-07-29,2022,07,1.777785729,IMD GRID MODEL
Andhra Pradesh,Vizianagaram,2022-08-02,2022,08,2.090230468,IMD GRID MODEL
Andhra Pradesh,Vizianagaram,2022-08-07,2022,08,16.24903746,IMD GRID MODEL
Andhra Pradesh,Vizianagaram,2022-08-08,2022,08,7.505063291,IMD GRID MODEL
Andhra Pradesh,Vizianagaram,2022-08-13,2022,08,1.345433023,IMD GRID MODEL
Andhra Pradesh,Vizianagaram,2022-08-14,2022,08,17.29553497,IMD GRID MODEL
Andhra Pradesh,Vizianagaram,2022-08-16,2022,08,0.692876588,IMD GRID MODEL
Andhra Pradesh,Vizianagaram,2022-08-25,2022,08,5.387996555,IMD GRID MODEL
Andhra Pradesh,Vizianagaram,2022-08-30,2022,08,8.845758354,IMD GRID MODEL
Andhra Pradesh,Vizianagaram,2022-09-07,2022,09,8.005890238,IMD GRID MODEL
Andhra Pradesh,Vizianagaram,2022-09-11,2022,09,42.5941219,IMD GRID MODEL
Andhra Pradesh,Vizianagaram,2022-10-02,2022,10,7.580564986,IMD GRID MODEL
Andhra Pradesh,Vizianagaram,2022-10-04,2022,10,1.612562824,IMD GRID MODEL
Andhra Pradesh,Vizianagaram,2022-10-07,2022,10,25.02407479,IMD GRID MODEL
Andhra Pradesh,Vizianagaram,2022-10-12,2022,10,1.874780827,IMD GRID MODEL
Andhra Pradesh,Vizianagaram,2022-10-17,2022,10,2.3259021092,IMD GRID MODEL
Andhra Pradesh,Vizianagaram,2022-10-24,2022,10,0.0,IMD GRID MODEL
Andhra Pradesh,Vizianagaram,2022-10-26,2022,10,0.0,IMD GRID MODEL
Andhra Pradesh,Vizianagaram,2022-11-02,2022,11,0.0,IMD GRID MODEL
Andhra Pradesh,Vizianagaram,2022-11-05,2022,11,0.0,IMD GRID MODEL
Andhra Pradesh,Vizianagaram,2022-11-06,2022,11,0.0,IMD GRID MODEL
Andhra Pradesh,Vizianagaram,2022-11-07,2022,11,0.0,IMD GRID MODEL
Andhra Pradesh,Vizianagaram,2022-11-08,2022,11,0.0,IMD GRID MODEL
Andhra Pradesh,Vizianagaram,2022-11-20,2022,11,0.0,IMD GRID MODEL
Andhra Pradesh,Vizianagaram,2022-11-27,2022,11,0.0,IMD GRID MODEL
Andhra Pradesh,Vizianagaram,2022-11-30,2022,11,0.0,IMD GRID MODEL
Andhra Pradesh,Vizianagaram,2022-12-06,2022,12,0.0,IMD GRID MODEL
Andhra Pradesh,Vizianagaram,2022-12-07,2022,12,0.0,IMD GRID MODEL
Andhra Pradesh,Vizianagaram,2022-12-15,2022,12,0.0,IMD GRID MODEL
Andhra Pradesh,Vizianagaram,2022-12-18,2022,12,0.0,IMD GRID MODEL
Andhra Pradesh,Vizianagaram,2022-12-19,2022,12,0.0,IMD GRID MODEL
Andhra Pradesh,Vizianagaram,2022-12-20,2022,12,0.0,IMD GRID MODEL
Andhra Pradesh,Vizianagaram,2022-12-25,2022,12,0.0,IMD GRID MODEL
Andhra Pradesh,Vizianagaram,2022-12-29,2022,12,0.0473157978,IMD GRID MODEL
Andhra Pradesh,Vizianagaram,2022-12-31,2022,12,0.0,IMD GRID MODEL
Andhra Pradesh,West Godavari,2022-01-03,2022,01,0.0,IMD GRID MODEL
Andhra Pradesh,West Godavari,2022-01-04,2022,01,0.0,IMD GRID MODEL
Andhra Pradesh,West Godavari,2022-01-20,2022,01,0.0,IMD GRID MODEL
Andhra Pradesh,West Godavari,2022-01-23,2022,01,0.0,IMD GRID MODEL
Andhra Pradesh,West Godavari,2022-01-26,2022,01,0.0,IMD GRID MODEL
Andhra Pradesh,West Godavari,2022-01-31,2022,01,0.0,IMD GRID MODEL
Andhra Pradesh,West Godavari,2022-02-11,2022,02,0.0,IMD GRID MODEL
Andhra Pradesh,West Godavari,2022-02-15,2022,02,0.0,IMD GRID MODEL
Andhra Pradesh,West Godavari,2022-02-19,2022,02,0.0,IMD GRID MODEL
Andhra Pradesh,West Godavari,2022-02-20,2022,02,0.0,IMD GRID MODEL
Andhra Pradesh,West Godavari,2022-02-25,2022,02,0.0,IMD GRID MODEL
Andhra Pradesh,West Godavari,2022-02-26,2022,02,0.0,IMD GRID MODEL
Andhra Pradesh,West Godavari,2022-02-28,2022,02,0.0,IMD GRID MODEL
Andhra Pradesh,West Godavari,2022-03-08,2022,03,0.0,IMD GRID MODEL
Andhra Pradesh,West Godavari,2022-03-14,2022,03,0.0,IMD GRID MODEL
Andhra Pradesh,West Godavari,2022-03-26,2022,03,0.0,IMD GRID MODEL
Andhra Pradesh,West Godavari,2022-03-29,2022,03,0.0,IMD GRID MODEL
Andhra Pradesh,West Godavari,2022-04-06,2022,04,0.0,IMD GRID MODEL
Andhra Pradesh,West Godavari,2022-04-10,2022,04,0.025729316,IMD GRID MODEL
Andhra Pradesh,West Godavari,2022-04-20,2022,04,3.090649095,IMD GRID MODEL
Andhra Pradesh,West Godavari,2022-04-21,2022,04,0.084890067,IMD GRID MODEL
Andhra Pradesh,West Godavari,2022-04-29,2022,04,0.011143812,IMD GRID MODEL
Andhra Pradesh,West Godavari,2022-05-01,2022,05,0.0,IMD GRID MODEL
Andhra Pradesh,West Godavari,2022-05-03,2022,05,0.084206041,IMD GRID MODEL
Andhra Pradesh,West Godavari,2022-05-04,2022,05,1.799063322,IMD GRID MODEL
Andhra Pradesh,West Godavari,2022-05-06,2022,05,3.842526332,IMD GRID MODEL
Andhra Pradesh,West Godavari,2022-05-09,2022,05,4.367131527,IMD GRID MODEL
Andhra Pradesh,West Godavari,2022-05-11,2022,05,7.717918836,IMD GRID MODEL
Andhra Pradesh,West Godavari,2022-05-14,2022,05,0.0,IMD GRID MODEL
Andhra Pradesh,West Godavari,2022-05-19,2022,05,0.541911735,IMD GRID MODEL
Andhra Pradesh,West Godavari,2022-05-23,2022,05,0.0,IMD GRID MODEL
Andhra Pradesh,West Godavari,2022-05-26,2022,05,0.204591068,IMD GRID MODEL
Andhra Pradesh,West Godavari,2022-05-28,2022,05,0.107177691,IMD GRID MODEL
Andhra Pradesh,West Godavari,2022-05-31,2022,05,0.084890067,IMD GRID MODEL
Andhra Pradesh,West Godavari,2022-06-06,2022,06,10.26099042,IMD GRID MODEL
Andhra Pradesh,West Godavari,2022-06-14,2022,06,0.263024842,IMD GRID MODEL
Andhra Pradesh,West Godavari,2022-06-17,2022,06,6.239238987,IMD GRID MODEL
Andhra Pradesh,West Godavari,2022-06-18,2022,06,3.743280541,IMD GRID MODEL
Andhra Pradesh,West Godavari,2022-06-20,2022,06,14.70811409,IMD GRID MODEL
Andhra Pradesh,West Godavari,2022-06-23,2022,06,1.348598832,IMD GRID MODEL
Andhra Pradesh,West Godavari,2022-07-02,2022,07,0.930927734,IMD GRID MODEL
Andhra Pradesh,West Godavari,2022-07-03,2022,07,19.70647083,IMD GRID MODEL
Andhra Pradesh,West Godavari,2022-07-09,2022,07,17.66806999,IMD GRID MODEL
Andhra Pradesh,West Godavari,2022-07-11,2022,07,13.75015947,IMD GRID MODEL
Andhra Pradesh,West Godavari,2022-07-12,2022,07,25.03349243,IMD GRID MODEL
Andhra Pradesh,West Godavari,2022-07-19,2022,07,7.375304092,IMD GRID MODEL
Andhra Pradesh,West Godavari,2022-08-02,2022,08,8.054338979,IMD GRID MODEL
Andhra Pradesh,West Godavari,2022-08-05,2022,08,16.28448025,IMD GRID MODEL
Andhra Pradesh,West Godavari,2022-08-13,2022,08,0.0,IMD GRID MODEL
Andhra Pradesh,West Godavari,2022-08-15,2022,08,1.055856391,IMD GRID MODEL
Andhra Pradesh,West Godavari,2022-08-20,2022,08,3.717367056,IMD GRID MODEL
Andhra Pradesh,West Godavari,2022-08-23,2022,08,0.893955234,IMD GRID MODEL
Andhra Pradesh,West Godavari,2022-09-01,2022,09,2.011708651,IMD GRID MODEL
Andhra Pradesh,West Godavari,2022-09-02,2022,09,0.818667936,IMD GRID MODEL
Andhra Pradesh,West Godavari,2022-09-03,2022,09,2.036502134,IMD GRID MODEL
Andhra Pradesh,West Godavari,2022-09-10,2022,09,39.97539165,IMD GRID MODEL
Andhra Pradesh,West Godavari,2022-09-14,2022,09,3.99805697,IMD GRID MODEL
Andhra Pradesh,West Godavari,2022-09-16,2022,09,1.518540762,IMD GRID MODEL
Andhra Pradesh,West Godavari,2022-09-19,2022,09,17.54249449,IMD GRID MODEL
Andhra Pradesh,West Godavari,2022-09-21,2022,09,2.659815877,IMD GRID MODEL
Andhra Pradesh,West Godavari,2022-09-29,2022,09,12.78729605,IMD GRID MODEL
Andhra Pradesh,West Godavari,2022-10-05,2022,10,0.83575376,IMD GRID MODEL
Andhra Pradesh,West Godavari,2022-10-08,2022,10,20.63334269,IMD GRID MODEL
Andhra Pradesh,West Godavari,2022-10-18,2022,10,2.7723471695,IMD GRID MODEL
Andhra Pradesh,West Godavari,2022-10-19,2022,10,7.3848578862,IMD GRID MODEL
Andhra Pradesh,West Godavari,2022-11-01,2022,11,0.0372059462,IMD GRID MODEL
Andhra Pradesh,West Godavari,2022-11-04,2022,11,0.0974387013,IMD GRID MODEL
Andhra Pradesh,West Godavari,2022-11-10,2022,11,0.0,IMD GRID MODEL
Andhra Pradesh,West Godavari,2022-11-11,2022,11,0.0,IMD GRID MODEL
Andhra Pradesh,West Godavari,2022-11-13,2022,11,0.0,IMD GRID MODEL
Andhra Pradesh,West Godavari,2022-11-14,2022,11,0.0,IMD GRID MODEL
Andhra Pradesh,West Godavari,2022-11-16,2022,11,0.0,IMD GRID MODEL
Andhra Pradesh,West Godavari,2022-11-18,2022,11,0.0,IMD GRID MODEL
Andhra Pradesh,West Godavari,2022-11-19,2022,11,0.0,IMD GRID MODEL
Andhra Pradesh,West Godavari,2022-11-22,2022,11,0.0272488479,IMD GRID MODEL
Andhra Pradesh,West Godavari,2022-12-05,2022,12,0.0722647507,IMD GRID MODEL
Andhra Pradesh,West Godavari,2022-12-06,2022,12,0.0,IMD GRID MODEL
Andhra Pradesh,West Godavari,2022-12-08,2022,12,0.0,IMD GRID MODEL
Andhra Pradesh,West Godavari,2022-12-09,2022,12,0.294602472,IMD GRID MODEL
Andhra Pradesh,West Godavari,2022-12-10,2022,12,5.8512322821,IMD GRID MODEL
Andhra Pradesh,West Godavari,2022-12-11,2022,12,18.6074834432,IMD GRID MODEL
Andhra Pradesh,West Godavari,2022-12-14,2022,12,0.0,IMD GRID MODEL
Andhra Pradesh,West Godavari,2022-12-23,2022,12,0.0,IMD GRID MODEL
Andhra Pradesh,West Godavari,2022-12-27,2022,12,0.0,IMD GRID MODEL
Andhra Pradesh,Y S R Kadapa,2022-08-09,2022,08,0.268115492,IMD GRID MODEL
Andhra Pradesh,Y S R Kadapa,2022-08-12,2022,08,0.0,IMD GRID MODEL
Andhra Pradesh,Y S R Kadapa,2022-08-13,2022,08,0.0,IMD GRID MODEL
Andhra Pradesh,Y S R Kadapa,2022-08-17,2022,08,1.525285737,IMD GRID MODEL
Andhra Pradesh,Y S R Kadapa,2022-08-19,2022,08,0.0,IMD GRID MODEL
Andhra Pradesh,Prakasam,2022-08-28,2022,08,8.555509054,IMD GRID MODEL
Andhra Pradesh,Prakasam,2022-08-30,2022,08,5.375986972,IMD GRID MODEL
Andhra Pradesh,Prakasam,2022-09-04,2022,09,0.126309051,IMD GRID MODEL
Andhra Pradesh,Prakasam,2022-09-06,2022,09,12.82702134,IMD GRID MODEL
Andhra Pradesh,Prakasam,2022-09-17,2022,09,0.0,IMD GRID MODEL
Andhra Pradesh,Prakasam,2022-09-18,2022,09,0.0,IMD GRID MODEL
Andhra Pradesh,Prakasam,2022-09-20,2022,09,1.070885477,IMD GRID MODEL
Andhra Pradesh,Prakasam,2022-09-23,2022,09,0.411192825,IMD GRID MODEL
Andhra Pradesh,Prakasam,2022-09-28,2022,09,2.363293577,IMD GRID MODEL
Andhra Pradesh,Prakasam,2022-10-02,2022,10,23.52372019,IMD GRID MODEL
Andhra Pradesh,Prakasam,2022-10-03,2022,10,0.081122425,IMD GRID MODEL
Andhra Pradesh,Prakasam,2022-10-06,2022,10,39.08692635,IMD GRID MODEL
Andhra Pradesh,Prakasam,2022-10-17,2022,10,6.8932138772,IMD GRID MODEL
Andhra Pradesh,Prakasam,2022-10-22,2022,10,0.5793950096,IMD GRID MODEL
Andhra Pradesh,Prakasam,2022-10-24,2022,10,0.0,IMD GRID MODEL
Andhra Pradesh,Prakasam,2022-10-26,2022,10,0.0,IMD GRID MODEL
Andhra Pradesh,Prakasam,2022-10-28,2022,10,0.0289793891,IMD GRID MODEL
Andhra Pradesh,Prakasam,2022-11-03,2022,11,2.9864997091,IMD GRID MODEL
Andhra Pradesh,Prakasam,2022-11-05,2022,11,1.3947727147,IMD GRID MODEL
Andhra Pradesh,Prakasam,2022-11-20,2022,11,0.0,IMD GRID MODEL
Andhra Pradesh,Prakasam,2022-11-27,2022,11,0.0,IMD GRID MODEL
Andhra Pradesh,Prakasam,2022-11-28,2022,11,0.0,IMD GRID MODEL
Andhra Pradesh,Prakasam,2022-11-29,2022,11,0.0,IMD GRID MODEL
Andhra Pradesh,Prakasam,2022-11-30,2022,11,0.0,IMD GRID MODEL
Andhra Pradesh,Prakasam,2022-12-01,2022,12,0.0,IMD GRID MODEL
Andhra Pradesh,Prakasam,2022-12-07,2022,12,0.0,IMD GRID MODEL
Andhra Pradesh,Prakasam,2022-12-11,2022,12,53.3227383003,IMD GRID MODEL
Andhra Pradesh,Prakasam,2022-12-15,2022,12,0.0037534241,IMD GRID MODEL
Andhra Pradesh,Prakasam,2022-12-16,2022,12,0.000191316,IMD GRID MODEL
Andhra Pradesh,Prakasam,2022-12-20,2022,12,0.0,IMD GRID MODEL
Andhra Pradesh,Prakasam,2022-12-25,2022,12,0.0,IMD GRID MODEL
Andhra Pradesh,Prakasam,2022-12-27,2022,12,0.2939462097,IMD GRID MODEL
Andhra Pradesh,Prakasam,2022-12-31,2022,12,0.0,IMD GRID MODEL
Andhra Pradesh,SPSR Nellore,2022-01-01,2022,01,6.579243121,IMD GRID MODEL
Andhra Pradesh,SPSR Nellore,2022-01-11,2022,01,0.0,IMD GRID MODEL
Andhra Pradesh,SPSR Nellore,2022-01-14,2022,01,10.05626268,IMD GRID MODEL
Andhra Pradesh,SPSR Nellore,2022-02-03,2022,02,0.0,IMD GRID MODEL
Andhra Pradesh,SPSR Nellore,2022-02-14,2022,02,0.0,IMD GRID MODEL
Andhra Pradesh,SPSR Nellore,2022-02-17,2022,02,0.0,IMD GRID MODEL
Andhra Pradesh,SPSR Nellore,2022-02-24,2022,02,0.0,IMD GRID MODEL
Andhra Pradesh,SPSR Nellore,2022-02-25,2022,02,0.0,IMD GRID MODEL
Andhra Pradesh,SPSR Nellore,2022-02-28,2022,02,0.0,IMD GRID MODEL
Andhra Pradesh,SPSR Nellore,2022-03-03,2022,03,0.0,IMD GRID MODEL
Andhra Pradesh,SPSR Nellore,2022-03-12,2022,03,0.0,IMD GRID MODEL
Andhra Pradesh,SPSR Nellore,2022-03-13,2022,03,0.0,IMD GRID MODEL
Andhra Pradesh,SPSR Nellore,2022-03-15,2022,03,0.0,IMD GRID MODEL
Andhra Pradesh,SPSR Nellore,2022-03-17,2022,03,0.0,IMD GRID MODEL
Andhra Pradesh,SPSR Nellore,2022-03-22,2022,03,1.599612113,IMD GRID MODEL
Andhra Pradesh,SPSR Nellore,2022-03-28,2022,03,0.0,IMD GRID MODEL
Andhra Pradesh,SPSR Nellore,2022-03-29,2022,03,0.0,IMD GRID MODEL
Andhra Pradesh,SPSR Nellore,2022-04-06,2022,04,0.0,IMD GRID MODEL
Andhra Pradesh,SPSR Nellore,2022-04-16,2022,04,0.0,IMD GRID MODEL
Andhra Pradesh,SPSR Nellore,2022-04-21,2022,04,0.0,IMD GRID MODEL
Andhra Pradesh,SPSR Nellore,2022-04-24,2022,04,0.0,IMD GRID MODEL
Andhra Pradesh,SPSR Nellore,2022-04-27,2022,04,0.0,IMD GRID MODEL
Andhra Pradesh,SPSR Nellore,2022-04-28,2022,04,0.0,IMD GRID MODEL
Andhra Pradesh,SPSR Nellore,2022-05-01,2022,05,0.0,IMD GRID MODEL
Andhra Pradesh,SPSR Nellore,2022-05-04,2022,05,0.0,IMD GRID MODEL
Andhra Pradesh,SPSR Nellore,2022-05-08,2022,05,0.0,IMD GRID MODEL
Andhra Pradesh,SPSR Nellore,2022-05-15,2022,05,0.0,IMD GRID MODEL
Andhra Pradesh,SPSR Nellore,2022-05-16,2022,05,2.535682243,IMD GRID MODEL
Andhra Pradesh,SPSR Nellore,2022-05-24,2022,05,0.0,IMD GRID MODEL
Andhra Pradesh,SPSR Nellore,2022-05-26,2022,05,0.069430536,IMD GRID MODEL
Andhra Pradesh,SPSR Nellore,2022-05-29,2022,05,0.0,IMD GRID MODEL
Andhra Pradesh,SPSR Nellore,2022-06-02,2022,06,0.0,IMD GRID MODEL
Andhra Pradesh,SPSR Nellore,2022-06-09,2022,06,0.0,IMD GRID MODEL
Andhra Pradesh,SPSR Nellore,2022-06-11,2022,06,0.0,IMD GRID MODEL
Andhra Pradesh,SPSR Nellore,2022-07-01,2022,07,15.11445304,IMD GRID MODEL
Andhra Pradesh,SPSR Nellore,2022-07-02,2022,07,4.429859932,IMD GRID MODEL
Andhra Pradesh,SPSR Nellore,2022-07-05,2022,07,0.099893128,IMD GRID MODEL
Andhra Pradesh,SPSR Nellore,2022-07-06,2022,07,9.659665718,IMD GRID MODEL
Andhra Pradesh,SPSR Nellore,2022-07-10,2022,07,6.516513511,IMD GRID MODEL
Andhra Pradesh,SPSR Nellore,2022-07-16,2022,07,0.0,IMD GRID MODEL
Andhra Pradesh,SPSR Nellore,2022-07-21,2022,07,0.843094618,IMD GRID MODEL
Andhra Pradesh,SPSR Nellore,2022-07-23,2022,07,0.713209795,IMD GRID MODEL
Andhra Pradesh,SPSR Nellore,2022-07-24,2022,07,0.07055465,IMD GRID MODEL
Andhra Pradesh,SPSR Nellore,2022-07-25,2022,07,4.485545168,IMD GRID MODEL
Andhra Pradesh,SPSR Nellore,2022-10-21,2022,10,2.7458145513,IMD GRID MODEL
Andhra Pradesh,SPSR Nellore,2022-10-24,2022,10,0.0,IMD GRID MODEL
Andhra Pradesh,SPSR Nellore,2022-10-28,2022,10,0.8924077244,IMD GRID MODEL
Andhra Pradesh,SPSR Nellore,2022-10-29,2022,10,5.266959391,IMD GRID MODEL
Andhra Pradesh,SPSR Nellore,2022-10-30,2022,10,5.1337412099,IMD GRID MODEL
Andhra Pradesh,SPSR Nellore,2022-11-04,2022,11,7.8947503163,IMD GRID MODEL
Andhra Pradesh,SPSR Nellore,2022-11-07,2022,11,0.0,IMD GRID MODEL
Andhra Pradesh,SPSR Nellore,2022-11-12,2022,11,29.4005057553,IMD GRID MODEL
Andhra Pradesh,SPSR Nellore,2022-11-13,2022,11,43.4640164992,IMD GRID MODEL
Andhra Pradesh,SPSR Nellore,2022-11-23,2022,11,16.888961113,IMD GRID MODEL
Andhra Pradesh,SPSR Nellore,2022-11-27,2022,11,4.5553394162,IMD GRID MODEL
Andhra Pradesh,SPSR Nellore,2022-12-08,2022,12,0.0,IMD GRID MODEL
Andhra Pradesh,SPSR Nellore,2022-12-11,2022,12,52.32443973,IMD GRID MODEL
Andhra Pradesh,SPSR Nellore,2022-12-15,2022,12,0.0,IMD GRID MODEL
Andhra Pradesh,SPSR Nellore,2022-12-16,2022,12,0.0,IMD GRID MODEL
Andhra Pradesh,SPSR Nellore,2022-12-20,2022,12,0.0,IMD GRID MODEL
Andhra Pradesh,SPSR Nellore,2022-12-23,2022,12,0.0,IMD GRID MODEL
Andhra Pradesh,SPSR Nellore,2022-12-24,2022,12,0.0,IMD GRID MODEL
Andhra Pradesh,Srikakulam,2022-01-08,2022,01,0.0,IMD GRID MODEL
Andhra Pradesh,Srikakulam,2022-01-09,2022,01,0.0,IMD GRID MODEL
Andhra Pradesh,Srikakulam,2022-01-15,2022,01,1.013999354,IMD GRID MODEL
Andhra Pradesh,Srikakulam,2022-01-17,2022,01,0.0,IMD GRID MODEL
Andhra Pradesh,Srikakulam,2022-01-23,2022,01,0.0,IMD GRID MODEL
Andhra Pradesh,Srikakulam,2022-01-27,2022,01,0.0,IMD GRID MODEL
Andhra Pradesh,Srikakulam,2022-01-30,2022,01,0.0,IMD GRID MODEL
Andhra Pradesh,Srikakulam,2022-02-01,2022,02,0.0,IMD GRID MODEL
Andhra Pradesh,Srikakulam,2022-02-04,2022,02,0.0,IMD GRID MODEL
Andhra Pradesh,Srikakulam,2022-02-12,2022,02,0.0,IMD GRID MODEL
Andhra Pradesh,Srikakulam,2022-02-13,2022,02,0.0,IMD GRID MODEL
Andhra Pradesh,Srikakulam,2022-02-19,2022,02,4.093871023,IMD GRID MODEL
Andhra Pradesh,Srikakulam,2022-02-20,2022,02,0.254979692,IMD GRID MODEL
Andhra Pradesh,Srikakulam,2022-02-23,2022,02,0.0,IMD GRID MODEL
Andhra Pradesh,Srikakulam,2022-03-01,2022,03,0.0,IMD GRID MODEL
Andhra Pradesh,Srikakulam,2022-03-02,2022,03,0.0,IMD GRID MODEL
Andhra Pradesh,Srikakulam,2022-03-04,2022,03,0.0,IMD GRID MODEL
Andhra Pradesh,Srikakulam,2022-03-05,2022,03,0.0,IMD GRID MODEL
Andhra Pradesh,Srikakulam,2022-03-09,2022,03,0.0,IMD GRID MODEL
Andhra Pradesh,Srikakulam,2022-03-10,2022,03,0.0,IMD GRID MODEL
Andhra Pradesh,Srikakulam,2022-03-12,2022,03,0.0,IMD GRID MODEL
Andhra Pradesh,Srikakulam,2022-03-13,2022,03,0.0,IMD GRID MODEL
Andhra Pradesh,Srikakulam,2022-03-15,2022,03,0.0,IMD GRID MODEL
Andhra Pradesh,Srikakulam,2022-03-24,2022,03,0.0,IMD GRID MODEL
Andhra Pradesh,Srikakulam,2022-03-28,2022,03,0.0,IMD GRID MODEL
Andhra Pradesh,Srikakulam,2022-03-29,2022,03,0.0,IMD GRID MODEL
Andhra Pradesh,Srikakulam,2022-03-30,2022,03,0.0,IMD GRID MODEL
Andhra Pradesh,Srikakulam,2022-04-01,2022,04,0.0,IMD GRID MODEL
Andhra Pradesh,Srikakulam,2022-04-02,2022,04,0.0,IMD GRID MODEL
Andhra Pradesh,Srikakulam,2022-04-05,2022,04,0.0,IMD GRID MODEL
Andhra Pradesh,Srikakulam,2022-04-09,2022,04,0.0,IMD GRID MODEL
Andhra Pradesh,Srikakulam,2022-04-15,2022,04,0.0,IMD GRID MODEL
Andhra Pradesh,Srikakulam,2022-05-04,2022,05,0.00033797,IMD GRID MODEL
Andhra Pradesh,Srikakulam,2022-05-08,2022,05,0.761510635,IMD GRID MODEL
Andhra Pradesh,Srikakulam,2022-05-11,2022,05,22.14660349,IMD GRID MODEL
Andhra Pradesh,Srikakulam,2022-05-13,2022,05,0.154549598,IMD GRID MODEL
Andhra Pradesh,Srikakulam,2022-05-15,2022,05,0.0,IMD GRID MODEL
Andhra Pradesh,Srikakulam,2022-05-20,2022,05,0.18022772,IMD GRID MODEL
Andhra Pradesh,Srikakulam,2022-05-24,2022,05,15.42596969,IMD GRID MODEL
Andhra Pradesh,Srikakulam,2022-05-25,2022,05,8.981580031,IMD GRID MODEL
Andhra Pradesh,Srikakulam,2022-05-28,2022,05,0.0,IMD GRID MODEL
Andhra Pradesh,Srikakulam,2022-05-29,2022,05,2.116261977,IMD GRID MODEL
Andhra Pradesh,Srikakulam,2022-06-17,2022,06,0.87150436,IMD GRID MODEL
Andhra Pradesh,Srikakulam,2022-06-21,2022,06,33.80220468,IMD GRID MODEL
Andhra Pradesh,Srikakulam,2022-06-28,2022,06,4.172848361,IMD GRID MODEL
Andhra Pradesh,Srikakulam,2022-07-04,2022,07,4.12218488,IMD GRID MODEL
Andhra Pradesh,Srikakulam,2022-07-05,2022,07,1.144300434,IMD GRID MODEL
Andhra Pradesh,Srikakulam,2022-07-12,2022,07,15.54918884,IMD GRID MODEL
Andhra Pradesh,Srikakulam,2022-07-17,2022,07,26.78724305,IMD GRID MODEL
Andhra Pradesh,Srikakulam,2022-07-20,2022,07,0.118970365,IMD GRID MODEL
Andhra Pradesh,Srikakulam,2022-07-26,2022,07,1.024082618,IMD GRID MODEL
Andhra Pradesh,Srikakulam,2022-08-01,2022,08,0.566260638,IMD GRID MODEL
Andhra Pradesh,Srikakulam,2022-08-05,2022,08,6.250734923,IMD GRID MODEL
Andhra Pradesh,Srikakulam,2022-08-20,2022,08,2.951111638,IMD GRID MODEL
Andhra Pradesh,Srikakulam,2022-08-26,2022,08,0.700953466,IMD GRID MODEL
Andhra Pradesh,Srikakulam,2022-08-28,2022,08,3.603683392,IMD GRID MODEL
Andhra Pradesh,Srikakulam,2022-08-30,2022,08,4.158291111,IMD GRID MODEL
Andhra Pradesh,Srikakulam,2022-09-05,2022,09,5.903204137,IMD GRID MODEL
Andhra Pradesh,Srikakulam,2022-09-20,2022,09,14.71206325,IMD GRID MODEL
Andhra Pradesh,Srikakulam,2022-09-21,2022,09,0.288525974,IMD GRID MODEL
Andhra Pradesh,Srikakulam,2022-09-28,2022,09,0.567737475,IMD GRID MODEL
Andhra Pradesh,Srikakulam,2022-09-29,2022,09,0.516026676,IMD GRID MODEL
Andhra Pradesh,Srikakulam,2022-10-07,2022,10,16.88894226,IMD GRID MODEL
Andhra Pradesh,Srikakulam,2022-10-09,2022,10,24.65560409,IMD GRID MODEL
Andhra Pradesh,Srikakulam,2022-10-11,2022,10,2.56578698,IMD GRID MODEL
Andhra Pradesh,Srikakulam,2022-10-12,2022,10,0.188154901,IMD GRID MODEL
Andhra Pradesh,Srikakulam,2022-10-16,2022,10,8.3531462964,IMD GRID MODEL
Andhra Pradesh,Srikakulam,2022-10-19,2022,10,0.1418965046,IMD GRID MODEL
Andhra Pradesh,Srikakulam,2022-10-23,2022,10,0.0,IMD GRID MODEL
Andhra Pradesh,Srikakulam,2022-10-30,2022,10,0.0,IMD GRID MODEL
Andhra Pradesh,Srikakulam,2022-10-31,2022,10,0.0,IMD GRID MODEL
Andhra Pradesh,Srikakulam,2022-11-11,2022,11,0.0,IMD GRID MODEL
Andhra Pradesh,Srikakulam,2022-11-13,2022,11,0.0,IMD GRID MODEL
Andhra Pradesh,Srikakulam,2022-11-14,2022,11,0.0,IMD GRID MODEL
Andhra Pradesh,Srikakulam,2022-11-19,2022,11,0.0,IMD GRID MODEL
Andhra Pradesh,Srikakulam,2022-11-20,2022,11,0.0,IMD GRID MODEL
Andhra Pradesh,Srikakulam,2022-11-27,2022,11,0.0,IMD GRID MODEL
Andhra Pradesh,Srikakulam,2022-12-02,2022,12,0.0,IMD GRID MODEL
Andhra Pradesh,Srikakulam,2022-12-03,2022,12,0.0,IMD GRID MODEL
Andhra Pradesh,Srikakulam,2022-12-07,2022,12,0.0,IMD GRID MODEL
Andhra Pradesh,Srikakulam,2022-12-09,2022,12,0.0,IMD GRID MODEL
Andhra Pradesh,Srikakulam,2022-12-11,2022,12,0.0404954305,IMD GRID MODEL
Andhra Pradesh,Srikakulam,2022-12-12,2022,12,0.0412161925,IMD GRID MODEL
Andhra Pradesh,Srikakulam,2022-12-15,2022,12,0.0,IMD GRID MODEL
Andhra Pradesh,Srikakulam,2022-12-19,2022,12,0.0,IMD GRID MODEL
Andhra Pradesh,Srikakulam,2022-12-21,2022,12,0.0,IMD GRID MODEL
Andhra Pradesh,Srikakulam,2022-12-28,2022,12,0.0,IMD GRID MODEL
Andhra Pradesh,Srikakulam,2022-12-29,2022,12,0.0,IMD GRID MODEL
Andhra Pradesh,Visakhapatanam,2022-01-11,2022,01,0.0,IMD GRID MODEL
Andhra Pradesh,Visakhapatanam,2022-01-12,2022,01,0.027394031,IMD GRID MODEL
Andhra Pradesh,Visakhapatanam,2022-01-13,2022,01,6.473722362,IMD GRID MODEL
Andhra Pradesh,Visakhapatanam,2022-01-16,2022,01,2.372821982,IMD GRID MODEL
Andhra Pradesh,Visakhapatanam,2022-01-17,2022,01,0.0,IMD GRID MODEL
Andhra Pradesh,Visakhapatanam,2022-01-26,2022,01,0.0,IMD GRID MODEL
Andhra Pradesh,Visakhapatanam,2022-02-01,2022,02,0.0,IMD GRID MODEL
Andhra Pradesh,Visakhapatanam,2022-02-05,2022,02,0.001682581,IMD GRID MODEL
Andhra Pradesh,Visakhapatanam,2022-02-06,2022,02,0.0,IMD GRID MODEL
Andhra Pradesh,Visakhapatanam,2022-02-19,2022,02,0.0,IMD GRID MODEL
Andhra Pradesh,Visakhapatanam,2022-02-20,2022,02,0.0,IMD GRID MODEL
Andhra Pradesh,Visakhapatanam,2022-02-28,2022,02,0.0,IMD GRID MODEL
Andhra Pradesh,Visakhapatanam,2022-03-10,2022,03,0.0,IMD GRID MODEL
Andhra Pradesh,Visakhapatanam,2022-03-11,2022,03,0.0,IMD GRID MODEL
Andhra Pradesh,Visakhapatanam,2022-03-21,2022,03,0.0,IMD GRID MODEL
Andhra Pradesh,Visakhapatanam,2022-03-26,2022,03,0.0,IMD GRID MODEL
Andhra Pradesh,Visakhapatanam,2022-03-31,2022,03,0.0,IMD GRID MODEL
Andhra Pradesh,Visakhapatanam,2022-04-06,2022,04,0.052303886,IMD GRID MODEL
Andhra Pradesh,Visakhapatanam,2022-04-08,2022,04,0.006660023,IMD GRID MODEL
Andhra Pradesh,Visakhapatanam,2022-04-10,2022,04,0.915273567,IMD GRID MODEL
Andhra Pradesh,Visakhapatanam,2022-04-17,2022,04,0.0,IMD GRID MODEL
Andhra Pradesh,Visakhapatanam,2022-04-23,2022,04,0.0,IMD GRID MODEL
Andhra Pradesh,Visakhapatanam,2022-04-28,2022,04,0.679112604,IMD GRID MODEL
Andhra Pradesh,Visakhapatanam,2022-05-02,2022,05,4.893729431,IMD GRID MODEL
Andhra Pradesh,East Godavari,2022-03-17,2022,03,0.0,IMD GRID MODEL
Andhra Pradesh,East Godavari,2022-03-18,2022,03,0.0,IMD GRID MODEL
Andhra Pradesh,East Godavari,2022-03-19,2022,03,0.0,IMD GRID MODEL
Andhra Pradesh,East Godavari,2022-03-22,2022,03,5.110472229,IMD GRID MODEL
Andhra Pradesh,East Godavari,2022-03-25,2022,03,0.337963045,IMD GRID MODEL
Andhra Pradesh,East Godavari,2022-03-27,2022,03,0.0,IMD GRID MODEL
Andhra Pradesh,East Godavari,2022-04-05,2022,04,0.112620743,IMD GRID MODEL
Andhra Pradesh,East Godavari,2022-04-09,2022,04,0.0,IMD GRID MODEL
Andhra Pradesh,East Godavari,2022-04-11,2022,04,0.005916011,IMD GRID MODEL
Andhra Pradesh,East Godavari,2022-04-17,2022,04,0.315851221,IMD GRID MODEL
Andhra Pradesh,East Godavari,2022-04-20,2022,04,1.82440827,IMD GRID MODEL
Andhra Pradesh,East Godavari,2022-04-24,2022,04,2.126067143,IMD GRID MODEL
Andhra Pradesh,East Godavari,2022-04-26,2022,04,2.466564493,IMD GRID MODEL
Andhra Pradesh,East Godavari,2022-04-28,2022,04,0.372546109,IMD GRID MODEL
Andhra Pradesh,East Godavari,2022-05-01,2022,05,0.0,IMD GRID MODEL
Andhra Pradesh,East Godavari,2022-05-03,2022,05,0.816743283,IMD GRID MODEL
Andhra Pradesh,East Godavari,2022-05-09,2022,05,4.976599201,IMD GRID MODEL
Andhra Pradesh,East Godavari,2022-05-10,2022,05,0.07849765,IMD GRID MODEL
Andhra Pradesh,East Godavari,2022-05-14,2022,05,0.0,IMD GRID MODEL
Andhra Pradesh,East Godavari,2022-05-24,2022,05,0.0,IMD GRID MODEL
Andhra Pradesh,East Godavari,2022-05-26,2022,05,0.157345878,IMD GRID MODEL
Andhra Pradesh,East Godavari,2022-05-28,2022,05,0.427902643,IMD GRID MODEL
Andhra Pradesh,East Godavari,2022-06-05,2022,06,0.0,IMD GRID MODEL
Andhra Pradesh,East Godavari,2022-06-06,2022,06,2.688844785,IMD GRID MODEL
Andhra Pradesh,East Godavari,2022-06-12,2022,06,2.2276887,IMD GRID MODEL
Andhra Pradesh,East Godavari,2022-06-17,2022,06,7.227592623,IMD GRID MODEL
Andhra Pradesh,East Godavari,2022-06-25,2022,06,11.53070304,IMD GRID MODEL
Andhra Pradesh,East Godavari,2022-06-28,2022,06,5.870172841,IMD GRID MODEL
Andhra Pradesh,East Godavari,2022-06-30,2022,06,5.195605832,IMD GRID MODEL
Andhra Pradesh,East Godavari,2022-07-01,2022,07,8.688542719,IMD GRID MODEL
Andhra Pradesh,East Godavari,2022-07-04,2022,07,3.207564808,IMD GRID MODEL
Andhra Pradesh,East Godavari,2022-07-07,2022,07,5.285721367,IMD GRID MODEL
Andhra Pradesh,East Godavari,2022-07-09,2022,07,19.74500369,IMD GRID MODEL
Andhra Pradesh,East Godavari,2022-07-11,2022,07,13.51872381,IMD GRID MODEL
Andhra Pradesh,East Godavari,2022-07-13,2022,07,4.778261988,IMD GRID MODEL
Andhra Pradesh,East Godavari,2022-07-19,2022,07,3.071426503,IMD GRID MODEL
Andhra Pradesh,East Godavari,2022-07-21,2022,07,3.777995229,IMD GRID MODEL
Andhra Pradesh,East Godavari,2022-07-29,2022,07,0.15071146,IMD GRID MODEL
Andhra Pradesh,East Godavari,2022-08-02,2022,08,4.522974324,IMD GRID MODEL
Andhra Pradesh,East Godavari,2022-08-11,2022,08,0.398852116,IMD GRID MODEL
Andhra Pradesh,East Godavari,2022-08-13,2022,08,0.0,IMD GRID MODEL
Andhra Pradesh,East Godavari,2022-08-16,2022,08,0.634807049,IMD GRID MODEL
Andhra Pradesh,East Godavari,2022-08-21,2022,08,3.088552259,IMD GRID MODEL
Andhra Pradesh,East Godavari,2022-08-27,2022,08,9.562729337,IMD GRID MODEL
Andhra Pradesh,East Godavari,2022-09-06,2022,09,7.183538228,IMD GRID MODEL
Andhra Pradesh,East Godavari,2022-09-11,2022,09,36.84963695,IMD GRID MODEL
Andhra Pradesh,East Godavari,2022-09-13,2022,09,13.76894722,IMD GRID MODEL
Andhra Pradesh,East Godavari,2022-09-16,2022,09,3.474352672,IMD GRID MODEL
Andhra Pradesh,East Godavari,2022-09-18,2022,09,0.23635538,IMD GRID MODEL
Andhra Pradesh,East Godavari,2022-09-22,2022,09,2.12895364,IMD GRID MODEL
Andhra Pradesh,East Godavari,2022-09-23,2022,09,3.333685788,IMD GRID MODEL
Andhra Pradesh,East Godavari,2022-10-02,2022,10,3.379369729,IMD GRID MODEL
Andhra Pradesh,East Godavari,2022-10-04,2022,10,2.722261416,IMD GRID MODEL
Andhra Pradesh,East Godavari,2022-10-05,2022,10,5.615599242,IMD GRID MODEL
Andhra Pradesh,East Godavari,2022-10-06,2022,10,23.02951554,IMD GRID MODEL
Andhra Pradesh,East Godavari,2022-10-09,2022,10,5.979446695,IMD GRID MODEL
Andhra Pradesh,East Godavari,2022-10-10,2022,10,21.89176084,IMD GRID MODEL
Andhra Pradesh,East Godavari,2022-10-19,2022,10,3.1050448261,IMD GRID MODEL
Andhra Pradesh,East Godavari,2022-10-28,2022,10,0.0,IMD GRID MODEL
Andhra Pradesh,East Godavari,2022-11-12,2022,11,0.0,IMD GRID MODEL
Andhra Pradesh,East Godavari,2022-11-16,2022,11,0.0,IMD GRID MODEL
Andhra Pradesh,East Godavari,2022-11-29,2022,11,0.0,IMD GRID MODEL
Andhra Pradesh,East Godavari,2022-12-04,2022,12,0.5632917114,IMD GRID MODEL
Andhra Pradesh,East Godavari,2022-12-14,2022,12,0.0,IMD GRID MODEL
Andhra Pradesh,East Godavari,2022-12-16,2022,12,0.0,IMD GRID MODEL
Andhra Pradesh,East Godavari,2022-12-17,2022,12,0.0,IMD GRID MODEL
Andhra Pradesh,East Godavari,2022-12-18,2022,12,0.0,IMD GRID MODEL
Andhra Pradesh,East Godavari,2022-12-23,2022,12,0.0,IMD GRID MODEL
Andhra Pradesh,Guntur,2022-01-03,2022,01,0.0,IMD GRID MODEL
Andhra Pradesh,Guntur,2022-01-13,2022,01,5.406666748,IMD GRID MODEL
Andhra Pradesh,Guntur,2022-01-18,2022,01,0.280542172,IMD GRID MODEL
Andhra Pradesh,Guntur,2022-01-19,2022,01,0.0,IMD GRID MODEL
Andhra Pradesh,Guntur,2022-01-23,2022,01,0.0,IMD GRID MODEL
Andhra Pradesh,Guntur,2022-01-27,2022,01,0.172913176,IMD GRID MODEL
Andhra Pradesh,Guntur,2022-01-28,2022,01,0.0,IMD GRID MODEL
Andhra Pradesh,Guntur,2022-01-29,2022,01,0.0,IMD GRID MODEL
Andhra Pradesh,Guntur,2022-01-31,2022,01,0.0,IMD GRID MODEL
Andhra Pradesh,Guntur,2022-02-02,2022,02,0.0,IMD GRID MODEL
Andhra Pradesh,Guntur,2022-02-06,2022,02,0.0,IMD GRID MODEL
Andhra Pradesh,Guntur,2022-02-07,2022,02,0.0,IMD GRID MODEL
Andhra Pradesh,Guntur,2022-02-09,2022,02,0.0,IMD GRID MODEL
Andhra Pradesh,Guntur,2022-02-21,2022,02,0.0,IMD GRID MODEL
Andhra Pradesh,Guntur,2022-02-28,2022,02,0.0,IMD GRID MODEL
Andhra Pradesh,Guntur,2022-03-03,2022,03,0.0,IMD GRID MODEL
Andhra Pradesh,Guntur,2022-03-14,2022,03,0.0,IMD GRID MODEL
Andhra Pradesh,Guntur,2022-03-15,2022,03,0.0,IMD GRID MODEL
Andhra Pradesh,Guntur,2022-03-22,2022,03,0.004018956,IMD GRID MODEL
Andhra Pradesh,Guntur,2022-03-27,2022,03,0.0,IMD GRID MODEL
Andhra Pradesh,Guntur,2022-03-31,2022,03,0.0,IMD GRID MODEL
Andhra Pradesh,Guntur,2022-04-06,2022,04,0.0,IMD GRID MODEL
Andhra Pradesh,Guntur,2022-04-07,2022,04,0.000417933,IMD GRID MODEL
Andhra Pradesh,Guntur,2022-04-09,2022,04,0.0,IMD GRID MODEL
Andhra Pradesh,Guntur,2022-04-20,2022,04,0.002711117,IMD GRID MODEL
Andhra Pradesh,Guntur,2022-04-30,2022,04,0.0,IMD GRID MODEL
Andhra Pradesh,Guntur,2022-05-03,2022,05,0.0,IMD GRID MODEL
Andhra Pradesh,Guntur,2022-05-04,2022,05,4.533673618,IMD GRID MODEL
Andhra Pradesh,Guntur,2022-05-06,2022,05,0.0,IMD GRID MODEL
Andhra Pradesh,Guntur,2022-05-10,2022,05,0.008480768,IMD GRID MODEL
Andhra Pradesh,Guntur,2022-05-14,2022,05,0.0,IMD GRID MODEL
Andhra Pradesh,Guntur,2022-05-18,2022,05,0.0,IMD GRID MODEL
Andhra Pradesh,Guntur,2022-05-24,2022,05,0.0,IMD GRID MODEL
Andhra Pradesh,Guntur,2022-06-13,2022,06,2.634296048,IMD GRID MODEL
Andhra Pradesh,Guntur,2022-06-18,2022,06,3.619890575,IMD GRID MODEL
Andhra Pradesh,Guntur,2022-06-19,2022,06,0.170755224,IMD GRID MODEL
Andhra Pradesh,Guntur,2022-06-24,2022,06,0.808232454,IMD GRID MODEL
Andhra Pradesh,Guntur,2022-06-26,2022,06,0.081651079,IMD GRID MODEL
Andhra Pradesh,Guntur,2022-07-18,2022,07,26.06826096,IMD GRID MODEL
Andhra Pradesh,Guntur,2022-07-20,2022,07,0.734533714,IMD GRID MODEL
Andhra Pradesh,Guntur,2022-07-23,2022,07,43.69418228,IMD GRID MODEL
Andhra Pradesh,Guntur,2022-07-27,2022,07,3.625777661,IMD GRID MODEL
Andhra Pradesh,Guntur,2022-08-02,2022,08,10.13961832,IMD GRID MODEL
Andhra Pradesh,Guntur,2022-08-06,2022,08,13.14843832,IMD GRID MODEL
Andhra Pradesh,Guntur,2022-08-15,2022,08,0.267336757,IMD GRID MODEL
Andhra Pradesh,Guntur,2022-08-16,2022,08,5.308294271,IMD GRID MODEL
Andhra Pradesh,Guntur,2022-08-30,2022,08,3.762130306,IMD GRID MODEL
Andhra Pradesh,Guntur,2022-09-02,2022,09,9.204786661,IMD GRID MODEL
Andhra Pradesh,Guntur,2022-09-17,2022,09,0.0,IMD GRID MODEL
Andhra Pradesh,Guntur,2022-09-18,2022,09,0.0,IMD GRID MODEL
Andhra Pradesh,Guntur,2022-09-26,2022,09,0.164453938,IMD GRID MODEL
Andhra Pradesh,Guntur,2022-09-30,2022,09,2.232439698,IMD GRID MODEL
Andhra Pradesh,Guntur,2022-10-09,2022,10,8.656713938,IMD GRID MODEL
Andhra Pradesh,Guntur,2022-10-16,2022,10,16.4289431457,IMD GRID MODEL
Andhra Pradesh,Guntur,2022-10-19,2022,10,4.1641125434,IMD GRID MODEL
Andhra Pradesh,Guntur,2022-10-21,2022,10,1.3797384338,IMD GRID MODEL
Andhra Pradesh,Guntur,2022-10-22,2022,10,0.3318978452,IMD GRID MODEL
Andhra Pradesh,Guntur,2022-10-24,2022,10,0.0,IMD GRID MODEL
Andhra Pradesh,Guntur,2022-11-08,2022,11,0.0,IMD GRID MODEL
Andhra Pradesh,Guntur,2022-11-09,2022,11,0.0,IMD GRID MODEL
Andhra Pradesh,Guntur,2022-11-18,2022,11,0.0,IMD GRID MODEL
Andhra Pradesh,Guntur,2022-11-19,2022,11,0.0,IMD GRID MODEL
Andhra Pradesh,Guntur,2022-11-22,2022,11,1.0243619771,IMD GRID MODEL
Andhra Pradesh,Guntur,2022-12-02,2022,12,0.0,IMD GRID MODEL
Andhra Pradesh,Guntur,2022-12-08,2022,12,0.0,IMD GRID MODEL
Andhra Pradesh,Guntur,2022-12-14,2022,12,3.1458767886,IMD GRID MODEL
Andhra Pradesh,Guntur,2022-12-16,2022,12,0.0315396163,IMD GRID MODEL
Andhra Pradesh,Guntur,2022-12-24,2022,12,0.0,IMD GRID MODEL
Andhra Pradesh,Guntur,2022-12-29,2022,12,0.0,IMD GRID MODEL
Andhra Pradesh,Guntur,2022-12-31,2022,12,0.0,IMD GRID MODEL
Andhra Pradesh,Krishna,2022-01-02,2022,01,0.0,IMD GRID MODEL
Andhra Pradesh,Krishna,2022-01-05,2022,01,0.0,IMD GRID MODEL
Andhra Pradesh,Krishna,2022-01-11,2022,01,0.0,IMD GRID MODEL
Andhra Pradesh,Krishna,2022-01-12,2022,01,0.0,IMD GRID MODEL
Andhra Pradesh,Krishna,2022-01-13,2022,01,3.309678112,IMD GRID MODEL
Andhra Pradesh,Krishna,2022-01-14,2022,01,14.5068002,IMD GRID MODEL
Andhra Pradesh,Krishna,2022-01-16,2022,01,0.216269986,IMD GRID MODEL
Andhra Pradesh,Krishna,2022-02-01,2022,02,0.0,IMD GRID MODEL
Andhra Pradesh,Krishna,2022-02-04,2022,02,0.0,IMD GRID MODEL
Andhra Pradesh,Krishna,2022-02-05,2022,02,0.0,IMD GRID MODEL
Andhra Pradesh,Krishna,2022-02-12,2022,02,0.0,IMD GRID MODEL
Andhra Pradesh,Krishna,2022-02-14,2022,02,0.0,IMD GRID MODEL
Andhra Pradesh,Krishna,2022-02-17,2022,02,0.0,IMD GRID MODEL
Andhra Pradesh,Krishna,2022-02-19,2022,02,0.0,IMD GRID MODEL
Andhra Pradesh,Krishna,2022-02-20,2022,02,0.0,IMD GRID MODEL
Andhra Pradesh,Krishna,2022-02-28,2022,02,0.0,IMD GRID MODEL
Andhra Pradesh,Krishna,2022-03-03,2022,03,0.0,IMD GRID MODEL
Andhra Pradesh,Krishna,2022-03-07,2022,03,0.0,IMD GRID MODEL
Andhra Pradesh,Krishna,2022-03-08,2022,03,0.0,IMD GRID MODEL
Andhra Pradesh,Krishna,2022-03-09,2022,03,0.0,IMD GRID MODEL
Andhra Pradesh,Krishna,2022-03-16,2022,03,0.0,IMD GRID MODEL
Andhra Pradesh,Krishna,2022-03-26,2022,03,0.0,IMD GRID MODEL
Andhra Pradesh,Krishna,2022-03-29,2022,03,0.0,IMD GRID MODEL
Andhra Pradesh,Krishna,2022-04-03,2022,04,0.0,IMD GRID MODEL
Andhra Pradesh,Krishna,2022-04-05,2022,04,0.0,IMD GRID MODEL
Andhra Pradesh,Krishna,2022-04-08,2022,04,0.0,IMD GRID MODEL
Andhra Pradesh,Krishna,2022-04-09,2022,04,0.0,IMD GRID MODEL
Andhra Pradesh,Krishna,2022-04-12,2022,04,0.0,IMD GRID MODEL
Andhra Pradesh,Krishna,2022-04-17,2022,04,0.0,IMD GRID MODEL
Andhra Pradesh,Krishna,2022-04-15,2022,04,0.0,IMD GRID MODEL
Andhra Pradesh,Krishna,2022-04-23,2022,04,0.0,IMD GRID MODEL
Andhra Pradesh,Krishna,2022-04-28,2022,04,0.0,IMD GRID MODEL
Andhra Pradesh,Krishna,2022-05-01,2022,05,0.0,IMD GRID MODEL
Andhra Pradesh,Krishna,2022-05-04,2022,05,0.001219101,IMD GRID MODEL
Andhra Pradesh,Krishna,2022-05-07,2022,05,4.037642166,IMD GRID MODEL
Andhra Pradesh,Krishna,2022-05-09,2022,05,4.858164307,IMD GRID MODEL
Andhra Pradesh,Krishna,2022-05-12,2022,05,7.051084379,IMD GRID MODEL
Andhra Pradesh,Krishna,2022-05-13,2022,05,0.232576914,IMD GRID MODEL
Andhra Pradesh,Krishna,2022-05-19,2022,05,0.880548855,IMD GRID MODEL
Andhra Pradesh,Krishna,2022-05-20,2022,05,0.672868932,IMD GRID MODEL
Andhra Pradesh,Krishna,2022-06-03,2022,06,0.000999244,IMD GRID MODEL
Andhra Pradesh,Krishna,2022-06-07,2022,06,0.547579402,IMD GRID MODEL
Andhra Pradesh,Krishna,2022-06-12,2022,06,0.122058265,IMD GRID MODEL
Andhra Pradesh,Krishna,2022-06-13,2022,06,3.079412791,IMD GRID MODEL
Andhra Pradesh,Krishna,2022-06-20,2022,06,9.144048247,IMD GRID MODEL
Andhra Pradesh,Krishna,2022-06-21,2022,06,5.231559334,IMD GRID MODEL
Andhra Pradesh,Krishna,2022-07-02,2022,07,1.951718478,IMD GRID MODEL
Andhra Pradesh,Krishna,2022-07-05,2022,07,9.266608951,IMD GRID MODEL
Andhra Pradesh,Krishna,2022-07-12,2022,07,25.54729458,IMD GRID MODEL
Andhra Pradesh,Krishna,2022-07-14,2022,07,1.03686452,IMD GRID MODEL
Andhra Pradesh,Krishna,2022-07-22,2022,07,7.329277543,IMD GRID MODEL
Andhra Pradesh,Krishna,2022-07-23,2022,07,24.96741645,IMD GRID MODEL
Andhra Pradesh,Krishna,2022-08-07,2022,08,8.897330453,IMD GRID MODEL
Andhra Pradesh,Krishna,2022-08-10,2022,08,2.116760135,IMD GRID MODEL
Andhra Pradesh,Krishna,2022-08-12,2022,08,0.657895379,IMD GRID MODEL
Andhra Pradesh,Krishna,2022-08-13,2022,08,0.0,IMD GRID MODEL
Andhra Pradesh,Krishna,2022-08-19,2022,08,2.379423969,IMD GRID MODEL
Andhra Pradesh,Krishna,2022-08-31,2022,08,0.188523375,IMD GRID MODEL
Andhra Pradesh,Anantapur,2022-01-27,2022,01,0.671001975,IMD GRID MODEL
Andhra Pradesh,Anantapur,2022-02-03,2022,02,0.0,IMD GRID MODEL
Andhra Pradesh,Anantapur,2022-02-11,2022,02,0.0,IMD GRID MODEL
Andhra Pradesh,Anantapur,2022-02-20,2022,02,0.0,IMD GRID MODEL
Andhra Pradesh,Anantapur,2022-02-21,2022,02,0.0,IMD GRID MODEL
Andhra Pradesh,Anantapur,2022-04-04,2022,04,0.0,IMD GRID MODEL
Andhra Pradesh,Anantapur,2022-04-12,2022,04,0.0,IMD GRID MODEL
Andhra Pradesh,Anantapur,2022-05-15,2022,05,0.257039303,IMD GRID MODEL
Andhra Pradesh,Anantapur,2022-05-17,2022,05,4.845010178,IMD GRID MODEL
Andhra Pradesh,Anantapur,2022-05-26,2022,05,0.000163241,IMD GRID MODEL
Andhra Pradesh,Anantapur,2022-06-06,2022,06,15.27498495,IMD GRID MODEL
Andhra Pradesh,Anantapur,2022-06-30,2022,06,1.373075905,IMD GRID MODEL
Andhra Pradesh,Anantapur,2022-07-02,2022,07,1.06108854,IMD GRID MODEL
Andhra Pradesh,Anantapur,2022-07-15,2022,07,0.281121307,IMD GRID MODEL
Andhra Pradesh,Anantapur,2022-05-09,2022,05,1.215654012,IMD GRID MODEL
Andhra Pradesh,Anantapur,2022-05-13,2022,05,7.026650153,IMD GRID MODEL
Andhra Pradesh,Anantapur,2022-03-09,2022,03,0.0,IMD GRID MODEL
Andhra Pradesh,Anantapur,2022-03-24,2022,03,0.022445234,IMD GRID MODEL
Andhra Pradesh,Anantapur,2022-03-26,2022,03,0.0,IMD GRID MODEL
Andhra Pradesh,Anantapur,2022-05-29,2022,05,0.0,IMD GRID MODEL
Andhra Pradesh,Anantapur,2022-06-02,2022,06,0.65351971,IMD GRID MODEL
Andhra Pradesh,Anantapur,2022-04-01,2022,04,0.0,IMD GRID MODEL
Andhra Pradesh,Anantapur,2022-04-07,2022,04,0.0,IMD GRID MODEL
Andhra Pradesh,Anantapur,2022-06-10,2022,06,0.0,IMD GRID MODEL
Andhra Pradesh,Anantapur,2022-06-19,2022,06,16.14775268,IMD GRID MODEL
Andhra Pradesh,Anantapur,2022-06-28,2022,06,0.122204457,IMD GRID MODEL
Andhra Pradesh,Anantapur,2022-07-04,2022,07,0.136372728,IMD GRID MODEL
Andhra Pradesh,Anantapur,2022-07-05,2022,07,0.055330597,IMD GRID MODEL
Andhra Pradesh,Anantapur,2022-07-07,2022,07,3.159614231,IMD GRID MODEL
Andhra Pradesh,Anantapur,2022-07-09,2022,07,1.634649463,IMD GRID MODEL
Andhra Pradesh,Anantapur,2022-04-17,2022,04,2.558692037,IMD GRID MODEL
Andhra Pradesh,Anantapur,2022-04-23,2022,04,0.370355171,IMD GRID MODEL
Andhra Pradesh,Anantapur,2022-01-06,2022,01,0.0,IMD GRID MODEL
Andhra Pradesh,Anantapur,2022-01-14,2022,01,0.070735006,IMD GRID MODEL
Andhra Pradesh,Anantapur,2022-01-25,2022,01,0.0,IMD GRID MODEL
Andhra Pradesh,Anantapur,2022-01-30,2022,01,0.0,IMD GRID MODEL
Andhra Pradesh,Anantapur,2022-01-31,2022,01,0.0,IMD GRID MODEL
Andhra Pradesh,Anantapur,2022-02-02,2022,02,0.0,IMD GRID MODEL
Andhra Pradesh,Anantapur,2022-02-06,2022,02,0.0,IMD GRID MODEL
Andhra Pradesh,Anantapur,2022-02-24,2022,02,0.0,IMD GRID MODEL
Andhra Pradesh,Anantapur,2022-03-04,2022,03,0.0,IMD GRID MODEL
Andhra Pradesh,Anantapur,2022-10-16,2022,10,3.7476377168,IMD GRID MODEL
Andhra Pradesh,Anantapur,2022-10-26,2022,10,0.0,IMD GRID MODEL
Andhra Pradesh,Anantapur,2022-10-28,2022,10,0.0,IMD GRID MODEL
Andhra Pradesh,Anantapur,2022-11-01,2022,11,0.0,IMD GRID MODEL
Andhra Pradesh,Anantapur,2022-11-02,2022,11,6.5850467912,IMD GRID MODEL
Andhra Pradesh,Anantapur,2022-11-08,2022,11,0.0,IMD GRID MODEL
Andhra Pradesh,Anantapur,2022-11-10,2022,11,0.0,IMD GRID MODEL
Andhra Pradesh,Anantapur,2022-11-21,2022,11,0.0146216086,IMD GRID MODEL
Andhra Pradesh,Anantapur,2022-11-27,2022,11,0.0,IMD GRID MODEL
Andhra Pradesh,Anantapur,2022-11-30,2022,11,0.0,IMD GRID MODEL
Andhra Pradesh,Anantapur,2022-12-01,2022,12,0.0,IMD GRID MODEL
Andhra Pradesh,Anantapur,2022-12-03,2022,12,0.0,IMD GRID MODEL
Andhra Pradesh,Anantapur,2022-12-08,2022,12,0.0,IMD GRID MODEL
Andhra Pradesh,Anantapur,2022-12-10,2022,12,5.4296848429,IMD GRID MODEL
Andhra Pradesh,Anantapur,2022-12-11,2022,12,32.7903173721,IMD GRID MODEL
Andhra Pradesh,Anantapur,2022-12-14,2022,12,3.758819607,IMD GRID MODEL
Andhra Pradesh,Anantapur,2022-12-22,2022,12,0.0,IMD GRID MODEL
Andhra Pradesh,Anantapur,2022-12-27,2022,12,0.0306383957,IMD GRID MODEL
Andhra Pradesh,Ananthapur,2022-07-30,2022,07,3.984120499,IMD GRID MODEL
Andhra Pradesh,Ananthapur,2022-08-01,2022,08,25.0970244,IMD GRID MODEL
Andhra Pradesh,Ananthapur,2022-08-04,2022,08,16.62701643,IMD GRID MODEL
Andhra Pradesh,Ananthapur,2022-08-08,2022,08,0.110502462,IMD GRID MODEL
Andhra Pradesh,Ananthapur,2022-08-13,2022,08,0.004243657,IMD GRID MODEL
Andhra Pradesh,Ananthapur,2022-08-15,2022,08,0.222504566,IMD GRID MODEL
Andhra Pradesh,Ananthapur,2022-08-18,2022,08,0.0,IMD GRID MODEL
Andhra Pradesh,Ananthapur,2022-08-21,2022,08,0.000421203,IMD GRID MODEL
Andhra Pradesh,Ananthapur,2022-08-23,2022,08,0.762961909,IMD GRID MODEL
Andhra Pradesh,Ananthapur,2022-09-01,2022,09,0.310736486,IMD GRID MODEL
Andhra Pradesh,Ananthapur,2022-09-10,2022,09,2.326762959,IMD GRID MODEL
Andhra Pradesh,Ananthapur,2022-09-25,2022,09,0.017068347,IMD GRID MODEL
Andhra Pradesh,Ananthapur,2022-10-01,2022,10,9.579005004,IMD GRID MODEL
Andhra Pradesh,Ananthapur,2022-10-02,2022,10,11.1195936,IMD GRID MODEL
Andhra Pradesh,Ananthapur,2022-10-08,2022,10,0.346693991,IMD GRID MODEL
Andhra Pradesh,Ananthapur,2022-10-09,2022,10,0.005416809,IMD GRID MODEL
Andhra Pradesh,Ananthapur,2022-10-13,2022,10,33.30109665,IMD GRID MODEL
Andhra Pradesh,Chittoor,2022-01-07,2022,01,0.0,IMD GRID MODEL
Andhra Pradesh,Chittoor,2022-01-08,2022,01,0.0,IMD GRID MODEL
Andhra Pradesh,Chittoor,2022-01-15,2022,01,1.965233225,IMD GRID MODEL
Andhra Pradesh,Chittoor,2022-01-21,2022,01,0.0,IMD GRID MODEL
Andhra Pradesh,Chittoor,2022-01-22,2022,01,0.0,IMD GRID MODEL
Andhra Pradesh,Chittoor,2022-02-06,2022,02,0.0,IMD GRID MODEL
Andhra Pradesh,Chittoor,2022-02-08,2022,02,0.0,IMD GRID MODEL
Andhra Pradesh,Chittoor,2022-02-09,2022,02,0.0,IMD GRID MODEL
Andhra Pradesh,Chittoor,2022-02-12,2022,02,0.0,IMD GRID MODEL
Andhra Pradesh,Chittoor,2022-02-16,2022,02,0.0,IMD GRID MODEL
Andhra Pradesh,Chittoor,2022-02-21,2022,02,0.0,IMD GRID MODEL
Andhra Pradesh,Chittoor,2022-03-07,2022,03,0.045323046,IMD GRID MODEL
Andhra Pradesh,Chittoor,2022-03-11,2022,03,0.0,IMD GRID MODEL
Andhra Pradesh,Chittoor,2022-03-15,2022,03,0.0,IMD GRID MODEL
Andhra Pradesh,Chittoor,2022-03-16,2022,03,0.0,IMD GRID MODEL
Andhra Pradesh,Chittoor,2022-03-20,2022,03,0.020026169,IMD GRID MODEL
Andhra Pradesh,Chittoor,2022-03-21,2022,03,0.011160584,IMD GRID MODEL
Andhra Pradesh,Chittoor,2022-03-23,2022,03,0.0,IMD GRID MODEL
Andhra Pradesh,Chittoor,2022-03-25,2022,03,0.0,IMD GRID MODEL
Andhra Pradesh,Chittoor,2022-03-26,2022,03,0.0,IMD GRID MODEL
Andhra Pradesh,Chittoor,2022-03-29,2022,03,0.0,IMD GRID MODEL
Andhra Pradesh,Chittoor,2022-03-31,2022,03,0.0,IMD GRID MODEL
Andhra Pradesh,Chittoor,2022-04-01,2022,04,0.0,IMD GRID MODEL
Andhra Pradesh,Chittoor,2022-04-06,2022,04,0.0,IMD GRID MODEL
Andhra Pradesh,Chittoor,2022-04-07,2022,04,6.4e-07,IMD GRID MODEL
Andhra Pradesh,Chittoor,2022-04-14,2022,04,0.348332489,IMD GRID MODEL
Andhra Pradesh,Chittoor,2022-04-22,2022,04,0.0,IMD GRID MODEL
Andhra Pradesh,Chittoor,2022-04-28,2022,04,0.0,IMD GRID MODEL
Andhra Pradesh,Chittoor,2022-05-01,2022,05,0.0963723,IMD GRID MODEL
Andhra Pradesh,Chittoor,2022-05-05,2022,05,10.20431897,IMD GRID MODEL
Andhra Pradesh,Chittoor,2022-05-07,2022,05,6.473564812,IMD GRID MODEL
Andhra Pradesh,Chittoor,2022-05-12,2022,05,4.35178735,IMD GRID MODEL
Andhra Pradesh,Chittoor,2022-05-13,2022,05,2.193538133,IMD GRID MODEL
Andhra Pradesh,Chittoor,2022-06-03,2022,06,0.014421653,IMD GRID MODEL
Andhra Pradesh,Chittoor,2022-06-06,2022,06,9.255267098,IMD GRID MODEL
Andhra Pradesh,Chittoor,2022-06-14,2022,06,1.6e-07,IMD GRID MODEL
Andhra Pradesh,Chittoor,2022-06-16,2022,06,4.095971543,IMD GRID MODEL
Andhra Pradesh,Chittoor,2022-06-27,2022,06,0.000165508,IMD GRID MODEL
Andhra Pradesh,Chittoor,2022-07-07,2022,07,0.985264128,IMD GRID MODEL
Andhra Pradesh,Chittoor,2022-07-11,2022,07,0.604603167,IMD GRID MODEL
Andhra Pradesh,Chittoor,2022-07-19,2022,07,2.128155631,IMD GRID MODEL
Andhra Pradesh,Chittoor,2022-07-23,2022,07,0.204930949,IMD GRID MODEL
Andhra Pradesh,Chittoor,2022-07-24,2022,07,0.094114274,IMD GRID MODEL
Andhra Pradesh,Chittoor,2022-07-31,2022,07,2.514349035,IMD GRID MODEL
Andhra Pradesh,Chittoor,2022-08-06,2022,08,4.628722879,IMD GRID MODEL
Andhra Pradesh,Chittoor,2022-08-10,2022,08,0.001319764,IMD GRID MODEL
Andhra Pradesh,Chittoor,2022-08-14,2022,08,0.00112228,IMD GRID MODEL
Andhra Pradesh,Chittoor,2022-08-17,2022,08,11.94369375,IMD GRID MODEL
Andhra Pradesh,Chittoor,2022-08-20,2022,08,0.0,IMD GRID MODEL
Andhra Pradesh,Chittoor,2022-08-23,2022,08,2.885369466,IMD GRID MODEL
Andhra Pradesh,Chittoor,2022-08-24,2022,08,5.223236458,IMD GRID MODEL
Andhra Pradesh,Chittoor,2022-08-25,2022,08,4.760203838,IMD GRID MODEL
Andhra Pradesh,Chittoor,2022-08-29,2022,08,10.80690908,IMD GRID MODEL
Andhra Pradesh,Chittoor,2022-09-02,2022,09,6.684648231,IMD GRID MODEL
Andhra Pradesh,Chittoor,2022-09-10,2022,09,5.714440654,IMD GRID MODEL
Andhra Pradesh,Chittoor,2022-09-19,2022,09,0.112015493,IMD GRID MODEL
Andhra Pradesh,Chittoor,2022-09-25,2022,09,0.0,IMD GRID MODEL
Andhra Pradesh,Chittoor,2022-09-27,2022,09,3.771694243,IMD GRID MODEL
Andhra Pradesh,Chittoor,2022-09-28,2022,09,3.628676061,IMD GRID MODEL
Andhra Pradesh,Chittoor,2022-09-29,2022,09,1.562005771,IMD GRID MODEL
Andhra Pradesh,Chittoor,2022-10-04,2022,10,0.0,IMD GRID MODEL
Andhra Pradesh,Chittoor,2022-10-09,2022,10,6.389877317,IMD GRID MODEL
Andhra Pradesh,Chittoor,2022-10-14,2022,10,3.9009008502,IMD GRID MODEL
Andhra Pradesh,Chittoor,2022-10-17,2022,10,5.8923152456,IMD GRID MODEL
Andhra Pradesh,Chittoor,2022-10-24,2022,10,0.0,IMD GRID MODEL
Andhra Pradesh,Chittoor,2022-10-26,2022,10,0.0,IMD GRID MODEL
Andhra Pradesh,Chittoor,2022-10-28,2022,10,0.7375040513,IMD GRID MODEL
Andhra Pradesh,Chittoor,2022-11-12,2022,11,22.6808294425,IMD GRID MODEL
Andhra Pradesh,Chittoor,2022-11-13,2022,11,17.8589837325,IMD GRID MODEL
Andhra Pradesh,Chittoor,2022-11-18,2022,11,0.0,IMD GRID MODEL
Andhra Pradesh,Chittoor,2022-11-23,2022,11,17.3730735816,IMD GRID MODEL
Andhra Pradesh,Chittoor,2022-12-19,2022,12,0.021100315,IMD GRID MODEL
Andhra Pradesh,Chittoor,2022-12-26,2022,12,14.3214156961,IMD GRID MODEL
Andhra Pradesh,Chittoor,2022-12-31,2022,12,0.0,IMD GRID MODEL
Andhra Pradesh,East Godavari,2022-01-08,2022,01,0.0,IMD GRID MODEL
Andhra Pradesh,East Godavari,2022-01-10,2022,01,0.0,IMD GRID MODEL
Andhra Pradesh,East Godavari,2022-01-15,2022,01,3.794586426,IMD GRID MODEL
Andhra Pradesh,East Godavari,2022-01-19,2022,01,0.0,IMD GRID MODEL
Andhra Pradesh,East Godavari,2022-01-26,2022,01,0.0,IMD GRID MODEL
Andhra Pradesh,East Godavari,2022-01-28,2022,01,0.0,IMD GRID MODEL
Andhra Pradesh,East Godavari,2022-01-29,2022,01,0.0,IMD GRID MODEL
Andhra Pradesh,East Godavari,2022-02-05,2022,02,0.0,IMD GRID MODEL
Andhra Pradesh,East Godavari,2022-02-18,2022,02,0.0,IMD GRID MODEL
Andhra Pradesh,East Godavari,2022-02-22,2022,02,0.0,IMD GRID MODEL
Andhra Pradesh,Y.S.R.,2022-11-22,2022,11,0.5158042978,IMD GRID MODEL
Andhra Pradesh,Y.S.R.,2022-11-23,2022,11,10.0213798113,IMD GRID MODEL
Andhra Pradesh,Y.S.R.,2022-11-24,2022,11,19.7177977169,IMD GRID MODEL
Andhra Pradesh,Y.S.R.,2022-11-30,2022,11,0.0,IMD GRID MODEL
Andhra Pradesh,Y.S.R.,2022-12-04,2022,12,0.013034461,IMD GRID MODEL
Andhra Pradesh,Y.S.R.,2022-12-07,2022,12,0.0,IMD GRID MODEL
Andhra Pradesh,Y.S.R.,2022-12-09,2022,12,0.1612413904,IMD GRID MODEL
Andhra Pradesh,Y.S.R.,2022-12-15,2022,12,0.1488593077,IMD GRID MODEL
Andhra Pradesh,Y.S.R.,2022-12-16,2022,12,0.0,IMD GRID MODEL
Andhra Pradesh,Y.S.R.,2022-12-28,2022,12,0.0024251231,IMD GRID MODEL
Andhra Pradesh,Y.S.R.,2022-12-30,2022,12,0.0,IMD GRID MODEL
